Force_Target_N,Force_Actual_N,Stress_N_per_cm2,Aspect_Ratio_b_a,muscle_b_cm,muscle_a_cm,Volume_cm3,Am,Rho,Initial_Length_cm,Prestretch_Final_Length_cm,Prestretch_Elongation_cm,Prestretch_Strain,Max_Length_cm,Min_Length_cm,ROM_cm,Contraction_Strain,Completed_Date
3,3.874861,.24929604,6.8800,27.124317,3.942488,421.6,450,10.534,27.12431700000001,27.7691245194197,.64480751941969,.023772,27.769124570141706,25.077824093046015,2.691300477095691,.099220,Fr 27. Feb 20:43:10 CET 2026
3,3.874861,.24929604,6.8800,27.124317,3.942488,421.6,450,10.493,27.12431700000001,27.7691245194197,.64480751941969,.023772,27.769124569699716,25.07810990575849,2.691014663941226,.099210,Fr 27. Feb 20:43:11 CET 2026
6,7.749723,.49859215,6.8800,27.124317,3.942488,421.6,450,10.534,27.12431700000001,28.477809634409414,1.353492634409404,.049899,28.477809703404194,25.538081780989067,2.939727922415127,.108379,Fr 27. Feb 20:43:13 CET 2026
0,0,0,6.8800,27.124317,3.942488,421.6,450,10.493,27.12431700000001,27.12431700000001,0,0,27.124317035879702,24.64689153386298,2.477425502016722,.091335,Fr 27. Feb 20:43:13 CET 2026
6,7.749723,.49859215,6.8800,27.124317,3.942488,421.6,450,10.493,27.12431700000001,28.477809634409414,1.353492634409404,.049899,28.477809702521682,25.53827862046377,2.939531082057912,.108372,Fr 27. Feb 20:43:13 CET 2026
12,15.499447,.99718436,6.8800,27.124317,3.942488,421.6,450,10.493,27.12431700000001,30.133618472116936,3.009301472116926,.110944,30.133618606685364,26.556778950134735,3.576839656550629,.131868,Fr 27. Feb 20:43:16 CET 2026
24,30.998894,1.99436873,6.8800,27.124317,3.942488,421.6,450,10.534,27.12431700000001,34.86779203476468,7.74347503476467,.285480,34.867792611302946,29.12007376529367,5.747718846009276,.211902,Fr 27. Feb 20:43:16 CET 2026
12,15.499447,.99718436,6.8800,27.124317,3.942488,421.6,450,10.534,27.12431700000001,30.133618472116936,3.009301472116926,.110944,30.133618607748357,26.557001324008507,3.576617283739850,.131860,Fr 27. Feb 20:43:16 CET 2026
15,19.374308,1.24648040,6.8800,27.124317,3.942488,421.6,450,10.493,27.12431700000001,31.11069336675871,3.98637636675870,.146966,31.110693559115546,27.123058209535223,3.987635349580323,.147013,Fr 27. Feb 20:43:18 CET 2026
9,11.624585,.74788825,6.8800,27.124317,3.942488,421.6,450,10.534,27.12431700000001,29.261456984201196,2.137139984201186,.078790,29.261457078369027,26.029766585850133,3.231690492518894,.119143,Fr 27. Feb 20:43:18 CET 2026
9,11.624585,.74788825,6.8800,27.124317,3.942488,421.6,450,10.493,27.12431700000001,29.261456984201196,2.137139984201186,.078790,29.261457077772935,26.02977052947816,3.231686548294775,.119143,Fr 27. Feb 20:43:18 CET 2026
0,0,0,6.8800,27.124317,3.942488,421.6,450,10.534,27.12431700000001,27.12431700000001,0,0,27.124317036489536,24.646508686862134,2.477808349627402,.091350,Fr 27. Feb 20:43:20 CET 2026
18,23.249170,1.49577651,6.8800,27.124317,3.942488,421.6,450,10.493,27.12431700000001,32.21190834837036,5.08759134837035,.187565,32.21190862473333,27.73755082300193,4.47435780173140,.164957,Fr 27. Feb 20:43:24 CET 2026
15,19.374308,1.24648040,6.8800,27.124317,3.942488,421.6,450,10.534,27.12431700000001,31.11069336675871,3.98637636675870,.146966,31.110693560784956,27.123646608170414,3.987046952614542,.146991,Fr 27. Feb 20:43:26 CET 2026
18,23.249170,1.49577651,6.8800,27.124317,3.942488,421.6,450,10.534,27.12431700000001,32.21190834837036,5.08759134837035,.187565,32.21190862710959,27.738592238668133,4.473316388441457,.164919,Fr 27. Feb 20:43:27 CET 2026
24,30.998894,1.99436873,6.8800,27.124317,3.942488,421.6,450,10.493,27.12431700000001,34.86779203476468,7.74347503476467,.285480,34.86779260764547,29.11730208210275,5.75049052554272,.212004,Fr 27. Feb 20:43:28 CET 2026
30,38.748617,2.49296088,6.8800,27.124317,3.942488,421.6,450,10.534,27.12431700000001,38.17273471728862,11.04841771728861,.407325,38.17273587950983,30.743312059453707,7.429423820056123,.273902,Fr 27. Feb 20:43:30 CET 2026
33,42.623479,2.74225698,6.8800,27.124317,3.942488,421.6,450,10.493,27.12431700000001,39.97815964686727,12.85384264686726,.473886,39.97816124251835,31.60472347445237,8.37343776806598,.308705,Fr 27. Feb 20:43:33 CET 2026
21,27.124032,1.74507262,6.8800,27.124317,3.942488,421.6,450,10.534,27.12431700000001,33.45813721660514,6.33382021660513,.233510,33.45813761869074,28.40472191938149,5.05341569930925,.186305,Fr 27. Feb 20:43:49 CET 2026
30,38.748617,2.49296088,6.8800,27.124317,3.942488,421.6,450,10.493,27.12431700000001,38.17273471728862,11.04841771728861,.407325,38.172735872703285,30.737539542360288,7.435196330342997,.274115,Fr 27. Feb 20:43:50 CET 2026
21,27.124032,1.74507262,6.8800,27.124317,3.942488,421.6,450,10.493,27.12431700000001,33.45813721660514,6.33382021660513,.233510,33.45813761561509,28.40332338003229,5.05481423558280,.186357,Fr 27. Feb 20:43:50 CET 2026
27,34.873755,2.24366477,6.8800,27.124317,3.942488,421.6,450,10.534,27.12431700000001,36.44699341047463,9.32267641047462,.343701,36.44699423713303,29.913337833682412,6.533656403450618,.240878,Fr 27. Feb 20:43:50 CET 2026
42,54.248064,3.49014524,6.8800,27.124317,3.942488,421.6,450,10.493,27.12431700000001,44.94976099462377,17.82544399462376,.657175,44.94976471035959,34.10987897371731,10.83988573664228,.399637,Fr 27. Feb 20:44:25 CET 2026
27,34.873755,2.24366477,6.8800,27.124317,3.942488,421.6,450,10.493,27.12431700000001,36.44699341047463,9.32267641047462,.343701,36.44699423015279,29.90934645662508,6.53764777352771,.241025,Fr 27. Feb 20:44:27 CET 2026
39,50.373202,3.24084913,6.8800,27.124317,3.942488,421.6,450,10.493,27.12431700000001,43.43696237761926,16.31264537761925,.601402,43.43696522983309,33.312527575595475,10.124437654237615,.373260,Fr 27. Feb 20:44:37 CET 2026
36,46.498341,2.99155309,6.8800,27.124317,3.942488,421.6,450,10.493,27.12431700000001,41.76337586629948,14.63905886629947,.539702,41.763378018003884,32.47709335932362,9.286284658680264,.342360,Fr 27. Feb 20:44:41 CET 2026
45,58.122926,3.73944135,6.8800,27.124317,3.942488,421.6,450,10.493,27.12431700000001,46.29378780852746,19.16947080852745,.706726,46.29379251183666,35.49285481454168,10.80093769729498,.398201,Fr 27. Feb 20:45:13 CET 2026
33,42.623479,2.74225698,6.8800,27.124317,3.942488,421.6,450,10.534,27.12431700000001,39.97815964686727,12.85384264686726,.473886,39.97816125226857,31.612479458003946,8.365681794264624,.308419,Fr 27. Feb 20:45:36 CET 2026
0,0,0,6.8800,27.124317,3.942488,421.6,450,10.575,27.12431700000001,27.12431700000001,0,0,27.124317037083642,24.64611664908962,2.478200387994022,.091364,Fr 27. Feb 21:38:42 CET 2026
6,7.749723,.49859215,6.8800,27.124317,3.942488,421.6,450,10.575,27.12431700000001,28.477809634409414,1.353492634409404,.049899,28.477809704269895,25.537922906258128,2.939886798011767,.108385,Fr 27. Feb 21:38:42 CET 2026
12,15.499447,.99718436,6.8800,27.124317,3.942488,421.6,450,10.575,27.12431700000001,30.133618472116936,3.009301472116926,.110944,30.133618608780356,26.557238511837873,3.576380096942483,.131851,Fr 27. Feb 21:38:47 CET 2026
15,19.374308,1.24648040,6.8800,27.124317,3.942488,421.6,450,10.575,27.12431700000001,31.11069336675871,3.98637636675870,.146966,31.11069356242732,27.124224970625793,3.986468591801527,.146970,Fr 27. Feb 21:38:47 CET 2026
9,11.624585,.74788825,6.8800,27.124317,3.942488,421.6,450,10.575,27.12431700000001,29.261456984201196,2.137139984201186,.078790,29.261457078944208,26.029920570679025,3.231536508265183,.119137,Fr 27. Feb 21:38:50 CET 2026
18,23.249170,1.49577651,6.8800,27.124317,3.942488,421.6,450,10.575,27.12431700000001,32.21190834837036,5.08759134837035,.187565,32.2119086294388,27.739645290643548,4.472263338795252,.164880,Fr 27. Feb 21:38:53 CET 2026
3,3.874861,.24929604,6.8800,27.124317,3.942488,421.6,450,10.575,27.12431700000001,27.7691245194197,.64480751941969,.023772,27.76912457056819,25.077506268579754,2.691618301988436,.099232,Fr 27. Feb 21:38:54 CET 2026
0,0,0,6.8800,27.124317,3.942488,421.6,450,10.616,27.12431700000001,27.12431700000001,0,0,27.124317037669734,24.645728560207917,2.478588477461817,.091378,Fr 27. Feb 21:38:57 CET 2026
3,3.874861,.24929604,6.8800,27.124317,3.942488,421.6,450,10.616,27.12431700000001,27.7691245194197,.64480751941969,.023772,27.769124570990652,25.07722568280445,2.691898888186202,.099243,Fr 27. Feb 21:39:00 CET 2026
21,27.124032,1.74507262,6.8800,27.124317,3.942488,421.6,450,10.575,27.12431700000001,33.45813721660514,6.33382021660513,.233510,33.458137621702164,28.406407541491294,5.051730080210870,.186243,Fr 27. Feb 21:39:02 CET 2026
24,30.998894,1.99436873,6.8800,27.124317,3.942488,421.6,450,10.575,27.12431700000001,34.86779203476468,7.74347503476467,.285480,34.86779261484598,29.122861454075927,5.744931160770053,.211800,Fr 27. Feb 21:39:04 CET 2026
42,54.248064,3.49014524,6.8800,27.124317,3.942488,421.6,450,10.534,27.12431700000001,44.94976099462377,17.82544399462376,.657175,44.949764731640045,34.12514290000197,10.824621831638075,.399074,Fr 27. Feb 21:39:04 CET 2026
36,46.498341,2.99155309,6.8800,27.124317,3.942488,421.6,450,10.534,27.12431700000001,41.76337586629948,14.63905886629947,.539702,41.763378030500505,32.487046276141015,9.276331754359490,.341993,Fr 27. Feb 21:39:07 CET 2026
45,58.122926,3.73944135,6.8800,27.124317,3.942488,421.6,450,10.575,27.12431700000001,46.29378780852746,19.16947080852745,.706726,46.29379257889425,35.59288884526702,10.70090373362723,.394513,Fr 27. Feb 21:39:08 CET 2026
27,34.873755,2.24366477,6.8800,27.124317,3.942488,421.6,450,10.575,27.12431700000001,36.44699341047463,9.32267641047462,.343701,36.44699424397362,29.917401743528966,6.529592500444654,.240728,Fr 27. Feb 21:39:10 CET 2026
39,50.373202,3.24084913,6.8800,27.124317,3.942488,421.6,450,10.575,27.12431700000001,43.43696237761926,16.31264537761925,.601402,43.43696526476149,33.33680158083305,10.10016368392844,.372365,Fr 27. Feb 21:39:10 CET 2026
30,38.748617,2.49296088,6.8800,27.124317,3.942488,421.6,450,10.575,27.12431700000001,38.17273471728862,11.04841771728861,.407325,38.17273588622985,30.74894956482161,7.42378632140824,.273694,Fr 27. Feb 21:39:10 CET 2026
15,19.374308,1.24648040,6.8800,27.124317,3.942488,421.6,450,10.616,27.12431700000001,31.11069336675871,3.98637636675870,.146966,31.11069356402128,27.12481317925397,3.98588038476731,.146948,Fr 27. Feb 21:39:17 CET 2026
9,11.624585,.74788825,6.8800,27.124317,3.942488,421.6,450,10.616,27.12431700000001,29.261456984201196,2.137139984201186,.078790,29.26145707950762,26.030128134428736,3.231328945078884,.119130,Fr 27. Feb 21:39:18 CET 2026
42,54.248064,3.49014524,6.8800,27.124317,3.942488,421.6,450,10.575,27.12431700000001,44.94976099462377,17.82544399462376,.657175,44.949764752272706,34.1394943184307,10.810270433842006,.398545,Fr 27. Feb 21:39:22 CET 2026
39,50.373202,3.24084913,6.8800,27.124317,3.942488,421.6,450,10.534,27.12431700000001,43.43696237761926,16.31264537761925,.601402,43.436965245454104,33.32472989224798,10.112235353206124,.372810,Fr 27. Feb 21:39:25 CET 2026
45,58.122926,3.73944135,6.8800,27.124317,3.942488,421.6,450,10.534,27.12431700000001,46.29378780852746,19.16947080852745,.706726,46.29379254605308,35.54278935425523,10.75100319179785,.396360,Fr 27. Feb 21:39:28 CET 2026
33,42.623479,2.74225698,6.8800,27.124317,3.942488,421.6,450,10.575,27.12431700000001,39.97815964686727,12.85384264686726,.473886,39.97816126184127,31.619984346524216,8.358176915317054,.308143,Fr 27. Feb 21:39:32 CET 2026
12,15.499447,.99718436,6.8800,27.124317,3.942488,421.6,450,10.616,27.12431700000001,30.133618472116936,3.009301472116926,.110944,30.133618609793054,26.557483075027772,3.576135534765282,.131842,Fr 27. Feb 21:39:36 CET 2026
36,46.498341,2.99155309,6.8800,27.124317,3.942488,421.6,450,10.575,27.12431700000001,41.76337586629948,14.63905886629947,.539702,41.76337804266086,32.49702034859406,9.26635769406680,.341625,Fr 27. Feb 21:39:47 CET 2026
6,7.749723,.49859215,6.8800,27.124317,3.942488,421.6,450,10.616,27.12431700000001,28.477809634409414,1.353492634409404,.049899,28.47780970511938,25.53776971017086,2.94003999494852,.108391,Fr 27. Feb 21:40:25 CET 2026
18,23.249170,1.49577651,6.8800,27.124317,3.942488,421.6,450,10.616,27.12431700000001,32.21190834837036,5.08759134837035,.187565,32.21190863170808,27.74077316825729,4.47113546345079,.164838,Fr 27. Feb 21:42:01 CET 2026
21,27.124032,1.74507262,6.8800,27.124317,3.942488,421.6,450,10.616,27.12431700000001,33.45813721660514,6.33382021660513,.233510,33.458137624638375,28.408169943533334,5.049967681105041,.186178,Fr 27. Feb 21:43:30 CET 2026
0,0,0,6.8800,27.124317,3.942488,421.6,500,10.493,27.12431700000001,27.12431700000001,0,0,27.12431703585229,24.66928351775997,2.45503351809232,.090510,Fr 27. Feb 22:34:17 CET 2026
3,3.874861,.24929604,6.8800,27.124317,3.942488,421.6,500,10.493,27.12431700000001,27.7691245194197,.64480751941969,.023772,27.769124569690067,25.102789071010157,2.666335498679910,.098300,Fr 27. Feb 22:34:21 CET 2026
15,19.374308,1.24648040,6.8800,27.124317,3.942488,421.6,500,10.493,27.12431700000001,31.11069336675871,3.98637636675870,.146966,31.11069355892242,27.155086713734512,3.955606845187908,.145832,Fr 27. Feb 22:34:26 CET 2026
12,15.499447,.99718436,6.8800,27.124317,3.942488,421.6,500,10.493,27.12431700000001,30.133618472116936,3.009301472116926,.110944,30.13361860660582,26.587434813393447,3.546183793212373,.130738,Fr 27. Feb 22:34:28 CET 2026
24,30.998894,1.99436873,6.8800,27.124317,3.942488,421.6,450,10.616,27.12431700000001,34.86779203476468,7.74347503476467,.285480,34.86779261834049,29.125547077684534,5.742245540655956,.211701,Fr 27. Feb 22:34:31 CET 2026
9,11.624585,.74788825,6.8800,27.124317,3.942488,421.6,500,10.493,27.12431700000001,29.261456984201196,2.137139984201186,.078790,29.26145707775062,26.059260535507857,3.202196542242763,.118056,Fr 27. Feb 22:34:31 CET 2026
27,34.873755,2.24366477,6.8800,27.124317,3.942488,421.6,450,10.616,27.12431700000001,36.44699341047463,9.32267641047462,.343701,36.44699425069936,29.921451587502297,6.525542663197063,.240579,Fr 27. Feb 22:34:34 CET 2026
21,27.124032,1.74507262,6.8800,27.124317,3.942488,421.6,500,10.493,27.12431700000001,33.45813721660514,6.33382021660513,.233510,33.458137615076545,28.443531768813028,5.014605846263517,.184874,Fr 27. Feb 22:34:38 CET 2026
0,0,0,6.8800,27.124317,3.942488,421.6,500,10.534,27.12431700000001,27.12431700000001,0,0,27.124317036462188,24.668794545568506,2.455522490893682,.090528,Fr 27. Feb 22:34:40 CET 2026
6,7.749723,.49859215,6.8800,27.124317,3.942488,421.6,500,10.493,27.12431700000001,28.477809634409414,1.353492634409404,.049899,28.47780970246242,25.56477608217629,2.91303362028613,.107395,Fr 27. Feb 22:34:42 CET 2026
18,23.249170,1.49577651,6.8800,27.124317,3.942488,421.6,500,10.493,27.12431700000001,32.21190834837036,5.08759134837035,.187565,32.21190862438369,27.77173309280379,4.44017553157990,.163697,Fr 27. Feb 22:34:42 CET 2026
24,30.998894,1.99436873,6.8800,27.124317,3.942488,421.6,500,10.493,27.12431700000001,34.86779203476468,7.74347503476467,.285480,34.867792606943674,29.161088395410534,5.706704211533140,.210390,Fr 27. Feb 22:34:44 CET 2026
30,38.748617,2.49296088,6.8800,27.124317,3.942488,421.6,450,10.616,27.12431700000001,38.17273471728862,11.04841771728861,.407325,38.17273589278873,30.754623211156048,7.418112681632682,.273485,Fr 27. Feb 22:34:45 CET 2026
33,42.623479,2.74225698,6.8800,27.124317,3.942488,421.6,450,10.616,27.12431700000001,39.97815964686727,12.85384264686726,.473886,39.978161271252276,31.627946407069523,8.350214864182753,.307849,Fr 27. Feb 22:34:45 CET 2026
45,58.122926,3.73944135,6.8800,27.124317,3.942488,421.6,450,10.616,27.12431700000001,46.29378780852746,19.16947080852745,.706726,46.29379261065432,35.64402173362215,10.64977087703217,.392628,Fr 27. Feb 22:34:49 CET 2026
3,3.874861,.24929604,6.8800,27.124317,3.942488,421.6,500,10.534,27.12431700000001,27.7691245194197,.64480751941969,.023772,27.76912457013209,25.102388451471676,2.666736118660414,.098315,Fr 27. Feb 22:34:56 CET 2026
42,54.248064,3.49014524,6.8800,27.124317,3.942488,421.6,500,10.493,27.12431700000001,44.94976099462377,17.82544399462376,.657175,44.949764684779495,34.17029005630222,10.779474628477275,.397409,Fr 27. Feb 22:34:58 CET 2026
42,54.248064,3.49014524,6.8800,27.124317,3.942488,421.6,450,10.616,27.12431700000001,44.94976099462377,17.82544399462376,.657175,44.94976477606517,34.15389792940739,10.79586684665778,.398014,Fr 27. Feb 22:35:00 CET 2026
36,46.498341,2.99155309,6.8800,27.124317,3.942488,421.6,450,10.616,27.12431700000001,41.76337586629948,14.63905886629947,.539702,41.76337805460289,32.50681230778511,9.25656574681778,.341264,Fr 27. Feb 22:35:02 CET 2026
39,50.373202,3.24084913,6.8800,27.124317,3.942488,421.6,450,10.616,27.12431700000001,43.43696237761926,16.31264537761925,.601402,43.43696528832731,33.34906141418044,10.08790387414687,.371913,Fr 27. Feb 22:35:05 CET 2026
39,50.373202,3.24084913,6.8800,27.124317,3.942488,421.6,500,10.493,27.12431700000001,43.43696237761926,16.31264537761925,.601402,43.43696521500504,33.37484398298213,10.06212123202291,.370963,Fr 27. Feb 22:35:12 CET 2026
30,38.748617,2.49296088,6.8800,27.124317,3.942488,421.6,500,10.493,27.12431700000001,38.17273471728862,11.04841771728861,.407325,38.17273587060088,30.79330568007404,7.37943019052684,.272059,Fr 27. Feb 22:35:33 CET 2026
33,42.623479,2.74225698,6.8800,27.124317,3.942488,421.6,500,10.493,27.12431700000001,39.97815964686727,12.85384264686726,.473886,39.97816123803961,31.663206863399004,8.314954374640606,.306549,Fr 27. Feb 22:35:35 CET 2026
27,34.873755,2.24366477,6.8800,27.124317,3.942488,421.6,500,10.493,27.12431700000001,36.44699341047463,9.32267641047462,.343701,36.44699422799826,29.96116665615772,6.48582757184054,.239114,Fr 27. Feb 22:35:42 CET 2026
45,58.122926,3.73944135,6.8800,27.124317,3.942488,421.6,500,10.493,27.12431700000001,46.29378780852746,19.16947080852745,.706726,46.293792468703174,35.61995825604217,10.673834212661004,.393515,Fr 27. Feb 22:35:48 CET 2026
36,46.498341,2.99155309,6.8800,27.124317,3.942488,421.6,500,10.493,27.12431700000001,41.76337586629948,14.63905886629947,.539702,41.76337800962593,32.536380148428854,9.226997861197076,.340174,Fr 27. Feb 22:36:08 CET 2026
6,7.749723,.49859215,6.8800,27.124317,3.942488,421.6,500,10.534,27.12431700000001,28.477809634409414,1.353492634409404,.049899,28.477809703346576,25.564489729204762,2.913319974141814,.107406,Fr 27. Feb 22:38:13 CET 2026
9,11.624585,.74788825,6.8800,27.124317,3.942488,421.6,500,10.534,27.12431700000001,29.261456984201196,2.137139984201186,.078790,29.26145707834676,26.059168069114577,3.202289009232183,.118059,Fr 27. Feb 22:39:27 CET 2026
0,0,0,6.8800,27.124317,3.942488,421.6,500,10.575,27.12431700000001,27.12431700000001,0,0,27.124317037057068,24.668334708151555,2.455982328905513,.090545,Fr 27. Feb 23:29:54 CET 2026
12,15.499447,.99718436,6.8800,27.124317,3.942488,421.6,500,10.534,27.12431700000001,30.133618472116936,3.009301472116926,.110944,30.133618607666882,26.587554645114935,3.546063962551947,.130733,Fr 27. Feb 23:29:54 CET 2026
3,3.874861,.24929604,6.8800,27.124317,3.942488,421.6,500,10.575,27.12431700000001,27.7691245194197,.64480751941969,.023772,27.76912457055859,25.102011824262178,2.667112746296412,.098329,Fr 27. Feb 23:30:00 CET 2026
9,11.624585,.74788825,6.8800,27.124317,3.942488,421.6,500,10.575,27.12431700000001,29.261456984201196,2.137139984201186,.078790,29.26145707892202,26.059062244128953,3.202394834793067,.118063,Fr 27. Feb 23:30:00 CET 2026
15,19.374308,1.24648040,6.8800,27.124317,3.942488,421.6,500,10.534,27.12431700000001,31.11069336675871,3.98637636675870,.146966,31.110693560593344,27.155567002242815,3.955126558350529,.145814,Fr 27. Feb 23:30:00 CET 2026
18,23.249170,1.49577651,6.8800,27.124317,3.942488,421.6,500,10.534,27.12431700000001,32.21190834837036,5.08759134837035,.187565,32.211908626763844,27.772670758974336,4.439237867789508,.163662,Fr 27. Feb 23:30:02 CET 2026
24,30.998894,1.99436873,6.8800,27.124317,3.942488,421.6,500,10.534,27.12431700000001,34.86779203476468,7.74347503476467,.285480,34.867792610610266,29.163585451781888,5.704207158828378,.210298,Fr 27. Feb 23:30:05 CET 2026
12,15.499447,.99718436,6.8800,27.124317,3.942488,421.6,500,10.575,27.12431700000001,30.133618472116936,3.009301472116926,.110944,30.133618608699962,26.587690376849636,3.545928231850326,.130728,Fr 27. Feb 23:30:06 CET 2026
21,27.124032,1.74507262,6.8800,27.124317,3.942488,421.6,500,10.534,27.12431700000001,33.45813721660514,6.33382021660513,.233510,33.458137618152186,28.445075158142494,5.013062460009692,.184818,Fr 27. Feb 23:30:06 CET 2026
15,19.374308,1.24648040,6.8800,27.124317,3.942488,421.6,500,10.575,27.12431700000001,31.11069336675871,3.98637636675870,.146966,31.110693562233454,27.156038091862783,3.954655470370671,.145797,Fr 27. Feb 23:30:10 CET 2026
6,7.749723,.49859215,6.8800,27.124317,3.942488,421.6,500,10.575,27.12431700000001,28.477809634409414,1.353492634409404,.049899,28.477809704210824,25.56458791550558,2.913221788705244,.107402,Fr 27. Feb 23:30:10 CET 2026
27,34.873755,2.24366477,6.8800,27.124317,3.942488,421.6,500,10.534,27.12431700000001,36.44699341047463,9.32267641047462,.343701,36.44699423499262,29.965334669954128,6.481659565038492,.238961,Fr 27. Feb 23:30:12 CET 2026
30,38.748617,2.49296088,6.8800,27.124317,3.942488,421.6,500,10.534,27.12431700000001,38.17273471728862,11.04841771728861,.407325,38.172735877411164,30.79875157995259,7.373984297458574,.271858,Fr 27. Feb 23:30:20 CET 2026
39,50.373202,3.24084913,6.8800,27.124317,3.942488,421.6,500,10.534,27.12431700000001,43.43696237761926,16.31264537761925,.601402,43.436965230682524,33.38664608954681,10.050319141135714,.370528,Fr 27. Feb 23:30:22 CET 2026
36,46.498341,2.99155309,6.8800,27.124317,3.942488,421.6,500,10.534,27.12431700000001,41.76337586629948,14.63905886629947,.539702,41.76337802206814,32.545644329530234,9.217733692537906,.339832,Fr 27. Feb 23:30:28 CET 2026
42,54.248064,3.49014524,6.8800,27.124317,3.942488,421.6,500,10.534,27.12431700000001,44.94976099462377,17.82544399462376,.657175,44.94976470611875,34.18425731545677,10.76550739066198,.396895,Fr 27. Feb 23:30:29 CET 2026
45,58.122926,3.73944135,6.8800,27.124317,3.942488,421.6,500,10.534,27.12431700000001,46.29378780852746,19.16947080852745,.706726,46.29379250307044,35.63081084240666,10.66298166066378,.393115,Fr 27. Feb 23:30:30 CET 2026
24,30.998894,1.99436873,6.8800,27.124317,3.942488,421.6,500,10.575,27.12431700000001,34.86779203476468,7.74347503476467,.285480,34.86779261415669,29.16609885605833,5.70169375809836,.210205,Fr 27. Feb 23:30:39 CET 2026
21,27.124032,1.74507262,6.8800,27.124317,3.942488,421.6,500,10.575,27.12431700000001,33.45813721660514,6.33382021660513,.233510,33.45813762117035,28.446698277674955,5.011439343495395,.184758,Fr 27. Feb 23:30:45 CET 2026
33,42.623479,2.74225698,6.8800,27.124317,3.942488,421.6,500,10.534,27.12431700000001,39.97815964686727,12.85384264686726,.473886,39.978161247842095,31.670691934179867,8.307469313662228,.306273,Fr 27. Feb 23:31:08 CET 2026
18,23.249170,1.49577651,6.8800,27.124317,3.942488,421.6,500,10.575,27.12431700000001,32.21190834837036,5.08759134837035,.187565,32.21190862909066,27.77365638903785,4.43825224005281,.163626,Fr 27. Feb 23:31:12 CET 2026
36,46.498341,2.99155309,6.8800,27.124317,3.942488,421.6,500,10.575,27.12431700000001,41.76337586629948,14.63905886629947,.539702,41.763378034346445,32.55520311878692,9.208174915559525,.339480,Fr 27. Feb 23:31:58 CET 2026
27,34.873755,2.24366477,6.8800,27.124317,3.942488,421.6,500,10.575,27.12431700000001,36.44699341047463,9.32267641047462,.343701,36.44699424183805,29.968665688892553,6.478328552945497,.238838,Fr 27. Feb 23:32:06 CET 2026
30,38.748617,2.49296088,6.8800,27.124317,3.942488,421.6,500,10.575,27.12431700000001,38.17273471728862,11.04841771728861,.407325,38.17273588415163,30.804195511582503,7.368540372569127,.271658,Fr 27. Feb 23:32:40 CET 2026
33,42.623479,2.74225698,6.8800,27.124317,3.942488,421.6,500,10.575,27.12431700000001,39.97815964686727,12.85384264686726,.473886,39.97816125741631,31.677973556334397,8.300187701081913,.306005,Fr 27. Feb 23:33:45 CET 2026
39,50.373202,3.24084913,6.8800,27.124317,3.942488,421.6,500,10.575,27.12431700000001,43.43696237761926,16.31264537761925,.601402,43.43696524591252,33.39857310799584,10.03839213791668,.370088,Fr 27. Feb 23:33:54 CET 2026
42,54.248064,3.49014524,6.8800,27.124317,3.942488,421.6,500,10.575,27.12431700000001,44.94976099462377,17.82544399462376,.657175,44.94976472688262,34.19812628150698,10.75163844537564,.396383,Fr 27. Feb 23:36:16 CET 2026
45,58.122926,3.73944135,6.8800,27.124317,3.942488,421.6,500,10.575,27.12431700000001,46.29378780852746,19.16947080852745,.706726,46.29379253604968,35.64199820215705,10.65179433389263,.392702,Fr 27. Feb 23:37:55 CET 2026
0,0,0,6.8800,27.124317,3.942488,421.6,500,10.616,27.12431700000001,27.12431700000001,0,0,27.124317037642882,24.667881294781367,2.456435742861515,.090562,Sa 28. Feb 00:24:54 CET 2026
3,3.874861,.24929604,6.8800,27.124317,3.942488,421.6,500,10.616,27.12431700000001,27.7691245194197,.64480751941969,.023772,27.76912457098108,25.101660543730233,2.667464027250847,.098342,Sa 28. Feb 00:24:54 CET 2026
15,19.374308,1.24648040,6.8800,27.124317,3.942488,421.6,500,10.616,27.12431700000001,31.11069336675871,3.98637636675870,.146966,31.110693563829805,27.15650919725777,3.954184366572035,.145780,Sa 28. Feb 00:25:00 CET 2026
18,23.249170,1.49577651,6.8800,27.124317,3.942488,421.6,500,10.616,27.12431700000001,32.21190834837036,5.08759134837035,.187565,32.2119086313599,27.774575158256745,4.437333473103155,.163592,Sa 28. Feb 00:25:06 CET 2026
12,15.499447,.99718436,6.8800,27.124317,3.942488,421.6,500,10.616,27.12431700000001,30.133618472116936,3.009301472116926,.110944,30.133618609712038,26.587845832299475,3.545772777412563,.130723,Sa 28. Feb 00:25:06 CET 2026
9,11.624585,.74788825,6.8800,27.124317,3.942488,421.6,500,10.616,27.12431700000001,29.261456984201196,2.137139984201186,.078790,29.261457079485517,26.058974677975293,3.202482401510224,.118066,Sa 28. Feb 00:25:08 CET 2026
0,0,0,6.8800,27.124317,3.942488,421.6,550,10.493,27.12431700000001,27.12431700000001,0,0,27.124317035851423,24.692416155691987,2.431900880159436,.089657,Sa 28. Feb 00:25:12 CET 2026
6,7.749723,.49859215,6.8800,27.124317,3.942488,421.6,500,10.616,27.12431700000001,28.477809634409414,1.353492634409404,.049899,28.477809705060974,25.56435115568884,2.913458549372134,.107411,Sa 28. Feb 00:25:12 CET 2026
3,3.874861,.24929604,6.8800,27.124317,3.942488,421.6,550,10.493,27.12431700000001,27.7691245194197,.64480751941969,.023772,27.769124569690067,25.127700865236438,2.641423704453629,.097382,Sa 28. Feb 00:25:18 CET 2026
27,34.873755,2.24366477,6.8800,27.124317,3.942488,421.6,500,10.616,27.12431700000001,36.44699341047463,9.32267641047462,.343701,36.446994248583,29.972371105136236,6.474623143446764,.238701,Sa 28. Feb 00:25:22 CET 2026
21,27.124032,1.74507262,6.8800,27.124317,3.942488,421.6,500,10.616,27.12431700000001,33.45813721660514,6.33382021660513,.233510,33.458137624104964,28.44829784306687,5.009839781038094,.184699,Sa 28. Feb 00:25:24 CET 2026
24,30.998894,1.99436873,6.8800,27.124317,3.942488,421.6,500,10.616,27.12431700000001,34.86779203476468,7.74347503476467,.285480,34.86779261765103,29.168657156326027,5.699135461325003,.210111,Sa 28. Feb 00:25:28 CET 2026
12,15.499447,.99718436,6.8800,27.124317,3.942488,421.6,550,10.493,27.12431700000001,30.133618472116936,3.009301472116926,.110944,30.13361860659863,26.619283507746605,3.514335098852025,.129564,Sa 28. Feb 00:25:36 CET 2026
9,11.624585,.74788825,6.8800,27.124317,3.942488,421.6,550,10.493,27.12431700000001,29.261456984201196,2.137139984201186,.078790,29.261457077750475,26.088978920356944,3.172478157393531,.116960,Sa 28. Feb 00:25:42 CET 2026
30,38.748617,2.49296088,6.8800,27.124317,3.942488,421.6,500,10.616,27.12431700000001,38.17273471728862,11.04841771728861,.407325,38.17273589071138,30.809512337070352,7.363223553641028,.271462,Sa 28. Feb 00:25:43 CET 2026
6,7.749723,.49859215,6.8800,27.124317,3.942488,421.6,550,10.493,27.12431700000001,28.477809634409414,1.353492634409404,.049899,28.47780970245735,25.592669552347083,2.885140150110267,.106367,Sa 28. Feb 00:25:50 CET 2026
39,50.373202,3.24084913,6.8800,27.124317,3.942488,421.6,500,10.616,27.12431700000001,43.43696237761926,16.31264537761925,.601402,43.43696526238233,33.41046882521642,10.02649643716591,.369649,Sa 28. Feb 00:25:57 CET 2026
33,42.623479,2.74225698,6.8800,27.124317,3.942488,421.6,500,10.616,27.12431700000001,39.97815964686727,12.85384264686726,.473886,39.978161266832515,31.685231549771373,8.292929717061142,.305737,Sa 28. Feb 00:26:09 CET 2026
45,58.122926,3.73944135,6.8800,27.124317,3.942488,421.6,500,10.616,27.12431700000001,46.29378780852746,19.16947080852745,.706726,46.29379256804751,35.65307521775396,10.64071735029355,.392294,Sa 28. Feb 00:26:11 CET 2026
36,46.498341,2.99155309,6.8800,27.124317,3.942488,421.6,500,10.616,27.12431700000001,41.76337586629948,14.63905886629947,.539702,41.763378046278085,32.564603278126874,9.198774768151211,.339133,Sa 28. Feb 00:26:12 CET 2026
42,54.248064,3.49014524,6.8800,27.124317,3.942488,421.6,500,10.616,27.12431700000001,44.94976099462377,17.82544399462376,.657175,44.94976474686667,34.21153472411897,10.73823002274770,.395889,Sa 28. Feb 00:26:53 CET 2026
15,19.374308,1.24648040,6.8800,27.124317,3.942488,421.6,550,10.493,27.12431700000001,31.11069336675871,3.98637636675870,.146966,31.110693558893914,27.18916137093169,3.921532187962224,.144576,Sa 28. Feb 00:27:22 CET 2026
18,23.249170,1.49577651,6.8800,27.124317,3.942488,421.6,550,10.493,27.12431700000001,32.21190834837036,5.08759134837035,.187565,32.21190862431228,27.811153013510175,4.400755610802105,.162243,Sa 28. Feb 00:28:05 CET 2026
21,27.124032,1.74507262,6.8800,27.124317,3.942488,421.6,550,10.493,27.12431700000001,33.45813721660514,6.33382021660513,.233510,33.458137614957366,28.488667104067282,4.969470510890084,.183210,Sa 28. Feb 00:29:03 CET 2026
24,30.998894,1.99436873,6.8800,27.124317,3.942488,421.6,550,10.493,27.12431700000001,34.86779203476468,7.74347503476467,.285480,34.867792606795554,29.210067172878357,5.657725433917197,.208584,Sa 28. Feb 00:30:44 CET 2026
27,34.873755,2.24366477,6.8800,27.124317,3.942488,421.6,550,10.493,27.12431700000001,36.44699341047463,9.32267641047462,.343701,36.446994227386185,30.016532335841116,6.430461891545069,.237073,Sa 28. Feb 00:31:33 CET 2026
30,38.748617,2.49296088,6.8800,27.124317,3.942488,421.6,550,10.493,27.12431700000001,38.17273471728862,11.04841771728861,.407325,38.1727358700861,30.852363610104444,7.320372259981656,.269882,Sa 28. Feb 00:34:35 CET 2026
33,42.623479,2.74225698,6.8800,27.124317,3.942488,421.6,550,10.493,27.12431700000001,39.97815964686727,12.85384264686726,.473886,39.97816123683714,31.726777571105316,8.251383665731824,.304206,Sa 28. Feb 00:35:18 CET 2026
39,50.373202,3.24084913,6.8800,27.124317,3.942488,421.6,550,10.493,27.12431700000001,43.43696237761926,16.31264537761925,.601402,43.43696521062771,33.443691228904896,9.993273981722814,.368424,Sa 28. Feb 01:20:14 CET 2026
9,11.624585,.74788825,6.8800,27.124317,3.942488,421.6,550,10.534,27.12431700000001,29.261456984201196,2.137139984201186,.078790,29.261457078346655,26.088809323840852,3.172647754505803,.116966,Sa 28. Feb 01:20:15 CET 2026
0,0,0,6.8800,27.124317,3.942488,421.6,550,10.534,27.12431700000001,27.12431700000001,0,0,27.124317036461335,24.69186094860639,2.432456087854945,.089678,Sa 28. Feb 01:20:18 CET 2026
3,3.874861,.24929604,6.8800,27.124317,3.942488,421.6,550,10.534,27.12431700000001,27.7691245194197,.64480751941969,.023772,27.76912457013209,25.127248173658327,2.641876396473763,.097398,Sa 28. Feb 01:20:20 CET 2026
12,15.499447,.99718436,6.8800,27.124317,3.942488,421.6,550,10.534,27.12431700000001,30.133618472116936,3.009301472116926,.110944,30.13361860765974,26.619268353825888,3.514350253833852,.129564,Sa 28. Feb 01:20:22 CET 2026
18,23.249170,1.49577651,6.8800,27.124317,3.942488,421.6,550,10.534,27.12431700000001,32.21190834837036,5.08759134837035,.187565,32.21190862669368,27.811881970408205,4.400026656285475,.162217,Sa 28. Feb 01:20:27 CET 2026
36,46.498341,2.99155309,6.8800,27.124317,3.942488,421.6,550,10.493,27.12431700000001,41.76337586629948,14.63905886629947,.539702,41.76337800722111,32.60192584506818,9.16145216215293,.337757,Sa 28. Feb 01:20:29 CET 2026
6,7.749723,.49859215,6.8800,27.124317,3.942488,421.6,550,10.534,27.12431700000001,28.477809634409414,1.353492634409404,.049899,28.477809703341514,25.592327294811785,2.885482408529729,.106379,Sa 28. Feb 01:20:29 CET 2026
15,19.374308,1.24648040,6.8800,27.124317,3.942488,421.6,550,10.534,27.12431700000001,31.11069336675871,3.98637636675870,.146966,31.110693560561902,27.189490293901123,3.921203266660779,.144564,Sa 28. Feb 01:20:31 CET 2026
45,58.122926,3.73944135,6.8800,27.124317,3.942488,421.6,550,10.493,27.12431700000001,46.29378780852746,19.16947080852745,.706726,46.293792454645235,35.566405688346904,10.727386766298331,.395489,Sa 28. Feb 01:20:34 CET 2026
42,54.248064,3.49014524,6.8800,27.124317,3.942488,421.6,550,10.493,27.12431700000001,44.94976099462377,17.82544399462376,.657175,44.949764676878274,34.23919978979224,10.710564887086034,.394869,Sa 28. Feb 01:20:34 CET 2026
21,27.124032,1.74507262,6.8800,27.124317,3.942488,421.6,550,10.534,27.12431700000001,33.45813721660514,6.33382021660513,.233510,33.458137618037355,28.49012255164176,4.968015066395595,.183157,Sa 28. Feb 01:20:44 CET 2026
27,34.873755,2.24366477,6.8800,27.124317,3.942488,421.6,550,10.534,27.12431700000001,36.44699341047463,9.32267641047462,.343701,36.4469942343867,30.019993587325903,6.427000647060797,.236946,Sa 28. Feb 01:21:08 CET 2026
24,30.998894,1.99436873,6.8800,27.124317,3.942488,421.6,550,10.534,27.12431700000001,34.86779203476468,7.74347503476467,.285480,34.86779261046694,29.212387697916643,5.655404912550297,.208499,Sa 28. Feb 01:21:10 CET 2026
0,0,0,6.8800,27.124317,3.942488,421.6,550,10.575,27.12431700000001,27.12431700000001,0,0,27.124317037056215,24.691329423782104,2.432987613274111,.089697,Sa 28. Feb 01:21:24 CET 2026
33,42.623479,2.74225698,6.8800,27.124317,3.942488,421.6,550,10.534,27.12431700000001,39.97815964686727,12.85384264686726,.473886,39.978161246613766,31.73373885923801,8.244422387375756,.303949,Sa 28. Feb 01:21:31 CET 2026
45,58.122926,3.73944135,6.8800,27.124317,3.942488,421.6,550,10.534,27.12431700000001,46.29378780852746,19.16947080852745,.706726,46.293792489057395,35.577586809782936,10.716205679274459,.395077,Sa 28. Feb 01:21:47 CET 2026
39,50.373202,3.24084913,6.8800,27.124317,3.942488,421.6,550,10.534,27.12431700000001,43.43696237761926,16.31264537761925,.601402,43.43696522633259,33.45588742847199,9.98107779786060,.367975,Sa 28. Feb 01:21:48 CET 2026
30,38.748617,2.49296088,6.8800,27.124317,3.942488,421.6,550,10.534,27.12431700000001,38.17273471728862,11.04841771728861,.407325,38.17273587690536,30.857508746159397,7.315227130745963,.269692,Sa 28. Feb 01:21:48 CET 2026
36,46.498341,2.99155309,6.8800,27.124317,3.942488,421.6,550,10.534,27.12431700000001,41.76337586629948,14.63905886629947,.539702,41.763378019748025,32.61127568794909,9.152102331798935,.337413,Sa 28. Feb 01:21:53 CET 2026
3,3.874861,.24929604,6.8800,27.124317,3.942488,421.6,550,10.575,27.12431700000001,27.7691245194197,.64480751941969,.023772,27.76912457055859,25.12680985374026,2.64231471681833,.097414,Sa 28. Feb 01:21:59 CET 2026
42,54.248064,3.49014524,6.8800,27.124317,3.942488,421.6,550,10.534,27.12431700000001,44.94976099462377,17.82544399462376,.657175,44.94976469825184,34.25403852823462,10.69572617001722,.394322,Sa 28. Feb 01:22:29 CET 2026
6,7.749723,.49859215,6.8800,27.124317,3.942488,421.6,550,10.575,27.12431700000001,28.477809634409414,1.353492634409404,.049899,28.477809704205807,25.5918592623603,2.885950441845507,.106397,Sa 28. Feb 01:23:00 CET 2026
9,11.624585,.74788825,6.8800,27.124317,3.942488,421.6,550,10.575,27.12431700000001,29.261456984201196,2.137139984201186,.078790,29.26145707892191,26.088549727232717,3.172907351689193,.116976,Sa 28. Feb 01:24:39 CET 2026
12,15.499447,.99718436,6.8800,27.124317,3.942488,421.6,550,10.575,27.12431700000001,30.133618472116936,3.009301472116926,.110944,30.133618608692863,26.61933607772008,3.514282530972783,.129562,Sa 28. Feb 01:26:10 CET 2026
15,19.374308,1.24648040,6.8800,27.124317,3.942488,421.6,550,10.575,27.12431700000001,31.11069336675871,3.98637636675870,.146966,31.11069356220698,27.189814366919567,3.920879195287413,.144552,Sa 28. Feb 01:27:48 CET 2026
18,23.249170,1.49577651,6.8800,27.124317,3.942488,421.6,550,10.575,27.12431700000001,32.21190834837036,5.08759134837035,.187565,32.21190862901974,27.812701928480536,4.399206700539204,.162186,Sa 28. Feb 01:30:57 CET 2026
21,27.124032,1.74507262,6.8800,27.124317,3.942488,421.6,550,10.575,27.12431700000001,33.45813721660514,6.33382021660513,.233510,33.45813762105453,28.49176039293348,4.96637722812105,.183096,Sa 28. Feb 01:32:03 CET 2026
3,3.874861,.24929604,6.8800,27.124317,3.942488,421.6,550,10.616,27.12431700000001,27.7691245194197,.64480751941969,.023772,27.76912457098108,25.126389464836933,2.642735106144147,.097430,Sa 28. Feb 02:15:33 CET 2026
0,0,0,6.8800,27.124317,3.942488,421.6,550,10.616,27.12431700000001,27.12431700000001,0,0,27.124317037642005,24.69075382948001,2.433563208161995,.089718,Sa 28. Feb 02:15:39 CET 2026
6,7.749723,.49859215,6.8800,27.124317,3.942488,421.6,550,10.616,27.12431700000001,28.477809634409414,1.353492634409404,.049899,28.477809705055964,25.591538885876293,2.886270819179671,.106408,Sa 28. Feb 02:15:45 CET 2026
9,11.624585,.74788825,6.8800,27.124317,3.942488,421.6,550,10.616,27.12431700000001,29.261456984201196,2.137139984201186,.078790,29.261457079485403,26.088373875322542,3.173083204162861,.116982,Sa 28. Feb 02:15:56 CET 2026
30,38.748617,2.49296088,6.8800,27.124317,3.942488,421.6,550,10.575,27.12431700000001,38.17273471728862,11.04841771728861,.407325,38.17273588364889,30.862410424994945,7.310325458653945,.269511,Sa 28. Feb 02:15:56 CET 2026
36,46.498341,2.99155309,6.8800,27.124317,3.942488,421.6,550,10.575,27.12431700000001,41.76337586629948,14.63905886629947,.539702,41.76337803196943,32.62051915588564,9.14285887608379,.337072,Sa 28. Feb 02:15:59 CET 2026
15,19.374308,1.24648040,6.8800,27.124317,3.942488,421.6,550,10.616,27.12431700000001,31.11069336675871,3.98637636675870,.146966,31.110693563797767,27.190172869304938,3.920520694492829,.144538,Sa 28. Feb 02:16:01 CET 2026
39,50.373202,3.24084913,6.8800,27.124317,3.942488,421.6,550,10.575,27.12431700000001,43.43696237761926,16.31264537761925,.601402,43.436965241551626,33.467423207893056,9.969542033658570,.367549,Sa 28. Feb 02:16:05 CET 2026
42,54.248064,3.49014524,6.8800,27.124317,3.942488,421.6,550,10.575,27.12431700000001,44.94976099462377,17.82544399462376,.657175,44.949764719044424,34.27078558465282,10.678979134391604,.393704,Sa 28. Feb 02:16:05 CET 2026
24,30.998894,1.99436873,6.8800,27.124317,3.942488,421.6,550,10.575,27.12431700000001,34.86779203476468,7.74347503476467,.285480,34.86779261401102,29.214221042746985,5.653571571264035,.208431,Sa 28. Feb 02:16:06 CET 2026
33,42.623479,2.74225698,6.8800,27.124317,3.942488,421.6,550,10.575,27.12431700000001,39.97815964686727,12.85384264686726,.473886,39.97816125619951,31.740707093165053,8.237454163034457,.303692,Sa 28. Feb 02:16:10 CET 2026
27,34.873755,2.24366477,6.8800,27.124317,3.942488,421.6,550,10.575,27.12431700000001,36.44699341047463,9.32267641047462,.343701,36.44699424122672,30.02332359518773,6.42367064603899,.236823,Sa 28. Feb 02:16:12 CET 2026
45,58.122926,3.73944135,6.8800,27.124317,3.942488,421.6,550,10.575,27.12431700000001,46.29378780852746,19.16947080852745,.706726,46.29379252212427,35.5885168732266,10.70527564889767,.394674,Sa 28. Feb 02:16:17 CET 2026
21,27.124032,1.74507262,6.8800,27.124317,3.942488,421.6,550,10.616,27.12431700000001,33.45813721660514,6.33382021660513,.233510,33.45813762398871,28.493168239503998,4.964969384484712,.183044,Sa 28. Feb 02:16:32 CET 2026
12,15.499447,.99718436,6.8800,27.124317,3.942488,421.6,550,10.616,27.12431700000001,30.133618472116936,3.009301472116926,.110944,30.13361860970494,26.6193930211718,3.51422558853314,.129559,Sa 28. Feb 02:16:32 CET 2026
18,23.249170,1.49577651,6.8800,27.124317,3.942488,421.6,550,10.616,27.12431700000001,32.21190834837036,5.08759134837035,.187565,32.21190863128956,27.81351431505703,4.39839431623253,.162156,Sa 28. Feb 02:16:57 CET 2026
24,30.998894,1.99436873,6.8800,27.124317,3.942488,421.6,550,10.616,27.12431700000001,34.86779203476468,7.74347503476467,.285480,34.867792617506176,29.216525037326264,5.651267580179912,.208346,Sa 28. Feb 02:17:01 CET 2026
27,34.873755,2.24366477,6.8800,27.124317,3.942488,421.6,550,10.616,27.12431700000001,36.44699341047463,9.32267641047462,.343701,36.44699424796811,30.02681878794983,6.42017546001828,.236694,Sa 28. Feb 02:17:11 CET 2026
36,46.498341,2.99155309,6.8800,27.124317,3.942488,421.6,550,10.616,27.12431700000001,41.76337586629948,14.63905886629947,.539702,41.76337804397726,32.62972752244261,9.13365052153465,.336732,Sa 28. Feb 02:17:38 CET 2026
30,38.748617,2.49296088,6.8800,27.124317,3.942488,421.6,550,10.616,27.12431700000001,38.17273471728862,11.04841771728861,.407325,38.172735890219734,30.86755355134281,7.305182338876924,.269322,Sa 28. Feb 02:17:46 CET 2026
33,42.623479,2.74225698,6.8800,27.124317,3.942488,421.6,550,10.616,27.12431700000001,39.97815964686727,12.85384264686726,.473886,39.97816126565414,31.747722257172324,8.230439008481816,.303433,Sa 28. Feb 02:18:06 CET 2026
39,50.373202,3.24084913,6.8800,27.124317,3.942488,421.6,550,10.616,27.12431700000001,43.43696237761926,16.31264537761925,.601402,43.43696525640739,33.47887365865018,9.95809159775721,.367127,Sa 28. Feb 02:19:14 CET 2026
42,54.248064,3.49014524,6.8800,27.124317,3.942488,421.6,550,10.616,27.12431700000001,44.94976099462377,17.82544399462376,.657175,44.94976473906613,34.28864986698335,10.66111487208278,.393046,Sa 28. Feb 02:19:33 CET 2026
0,0,0,7.9533,29.876635,3.756508,421.6,450,10.493,29.876634999999997,29.876634999999997,0,0,29.876635091911794,27.529558857238893,2.347076234672901,.078558,Sa 28. Feb 02:20:24 CET 2026
45,58.122926,3.73944135,6.8800,27.124317,3.942488,421.6,550,10.616,27.12431700000001,46.29378780852746,19.16947080852745,.706726,46.29379255414246,35.59950450007319,10.69428805406927,.394269,Sa 28. Feb 02:20:52 CET 2026
3,3.517904,.24929602,7.9533,29.876635,3.756508,421.6,450,10.493,29.876634999999997,30.58687141743791,.710236417437913,.023772,30.586871545285668,28.038078573749885,2.548792971535783,.085310,Sa 28. Feb 02:21:18 CET 2026
6,7.035809,.49859212,7.9533,29.876635,3.756508,421.6,450,10.493,29.876634999999997,31.36746725519741,1.490832255197413,.049899,31.36746743147463,28.587230589996874,2.780236841477756,.093057,Sa 28. Feb 02:27:05 CET 2026
9,10.553714,.74788822,7.9533,29.876635,3.756508,421.6,450,10.493,29.876634999999997,32.23063170992237,2.353996709922373,.078790,32.230631952536946,29.181997713082463,3.048634239454483,.102040,Sa 28. Feb 02:27:28 CET 2026
12,14.071619,.99718432,7.9533,29.876635,3.756508,421.6,450,10.493,29.876634999999997,33.191292838342044,3.314657838342047,.110944,33.19129317462531,29.82769778059998,3.36359539402533,.112582,Sa 28. Feb 03:10:24 CET 2026
15,17.589524,1.24648042,7.9533,29.876635,3.756508,421.6,450,10.493,29.876634999999997,34.267511091501305,4.390876091501308,.146966,34.267511561303635,30.537002789815276,3.730508771488359,.124863,Sa 28. Feb 03:10:32 CET 2026
24,28.143239,1.99436871,7.9533,29.876635,3.756508,421.6,450,10.493,29.876634999999997,38.40584424242504,8.529209242425043,.285480,38.4058455816791,33.18825243664208,5.21759314503702,.174637,Sa 28. Feb 03:10:33 CET 2026
18,21.107429,1.49577652,7.9533,29.876635,3.756508,421.6,450,10.493,29.876634999999997,35.48046688664909,5.603831886649093,.187565,35.48046754406445,31.331332600908624,4.149134943155826,.138875,Sa 28. Feb 03:10:34 CET 2026
0,0,0,7.9533,29.876635,3.756508,421.6,450,10.534,29.876634999999997,29.876634999999997,0,0,29.87663509334894,27.52993359654205,2.34670149680689,.078546,Sa 28. Feb 03:10:41 CET 2026
36,42.214858,2.99155304,7.9533,29.876635,3.756508,421.6,450,10.493,29.876634999999997,46.0011264042203,16.124491404220303,.539702,46.00113228868986,38.58028306863272,7.42084922005714,.248383,Sa 28. Feb 03:10:42 CET 2026
21,24.625334,1.74507261,7.9533,29.876635,3.756508,421.6,450,10.493,29.876634999999997,36.85315079533891,6.976515795338913,.233510,36.85315173325341,32.21002294726298,4.64312878599043,.155410,Sa 28. Feb 03:10:48 CET 2026
3,3.517904,.24929602,7.9533,29.876635,3.756508,421.6,450,10.534,29.876634999999997,30.58687141743791,.710236417437913,.023772,30.586871546246854,28.038633922341855,2.548237623904999,.085291,Sa 28. Feb 03:10:52 CET 2026
6,7.035809,.49859212,7.9533,29.876635,3.756508,421.6,450,10.534,29.876634999999997,31.36746725519741,1.490832255197413,.049899,31.36746743305258,28.588088392220403,2.779379040832177,.093028,Sa 28. Feb 03:11:03 CET 2026
27,31.661144,2.24366481,7.9533,29.876635,3.756508,421.6,450,10.493,29.876634999999997,40.145287713086326,10.268652713086329,.343701,40.14528966981932,34.3225522191925,5.82273745062682,.194892,Sa 28. Feb 03:11:21 CET 2026
9,10.553714,.74788822,7.9533,29.876635,3.756508,421.6,450,10.534,29.876634999999997,32.23063170992237,2.353996709922373,.078790,32.230631954878554,29.183270206619724,3.047361748258830,.101998,Sa 28. Feb 03:11:23 CET 2026
30,35.179049,2.49296091,7.9533,29.876635,3.756508,421.6,450,10.493,29.876634999999997,42.046143053203885,12.169508053203888,.407325,42.04614594588234,35.56147546827507,6.48467047760727,.217048,Sa 28. Feb 03:11:31 CET 2026
12,14.071619,.99718432,7.9533,29.876635,3.756508,421.6,450,10.534,29.876634999999997,33.191292838342044,3.314657838342047,.110944,33.19129317778149,29.829345353562886,3.361947824218604,.112527,Sa 28. Feb 03:11:36 CET 2026
39,45.732763,3.24084914,7.9533,29.876635,3.756508,421.6,450,10.493,29.876634999999997,47.84452010770481,17.967885107704813,.601402,47.84452791549221,39.74885114386457,8.09567677162764,.270970,Sa 28. Feb 03:11:42 CET 2026
42,49.250668,3.49014523,7.9533,29.876635,3.756508,421.6,450,10.493,29.876634999999997,49.51084453465585,19.634209534655853,.657176,49.51085439896746,40.77563089899611,8.73522349997135,.292376,Sa 28. Feb 03:11:42 CET 2026
45,52.768573,3.73944133,7.9533,29.876635,3.756508,421.6,450,10.493,29.876634999999997,50.99124217792406,21.114607177924063,.706726,50.99125420484986,41.690962373183744,9.300291831666116,.311289,Sa 28. Feb 03:11:54 CET 2026
33,38.696953,2.74225694,7.9533,29.876635,3.756508,421.6,450,10.493,29.876634999999997,44.03476167218304,14.158126672183043,.473886,44.034765880592104,36.93401380025834,7.100752080333764,.237669,Sa 28. Feb 03:11:55 CET 2026
15,17.589524,1.24648042,7.9533,29.876635,3.756508,421.6,450,10.534,29.876634999999997,34.267511091501305,4.390876091501308,.146966,34.26751156522014,30.539196768231555,3.728314796988585,.124790,Sa 28. Feb 03:12:03 CET 2026
18,21.107429,1.49577652,7.9533,29.876635,3.756508,421.6,450,10.534,29.876634999999997,35.48046688664909,5.603831886649093,.187565,35.480467548465356,31.33441458572778,4.146052962737576,.138772,Sa 28. Feb 03:12:31 CET 2026
21,24.625334,1.74507261,7.9533,29.876635,3.756508,421.6,450,10.534,29.876634999999997,36.85315079533891,6.976515795338913,.233510,36.85315174171158,32.21422037703017,4.63893136468141,.155269,Sa 28. Feb 03:12:51 CET 2026
24,28.143239,1.99436871,7.9533,29.876635,3.756508,421.6,450,10.534,29.876634999999997,38.40584424242504,8.529209242425043,.285480,38.40584559547537,33.19361985441583,5.21222574105954,.174458,Sa 28. Feb 03:13:46 CET 2026
27,31.661144,2.24366481,7.9533,29.876635,3.756508,421.6,450,10.534,29.876634999999997,40.145287713086326,10.268652713086329,.343701,40.145289689724784,34.32996191926623,5.815327770458554,.194644,Sa 28. Feb 03:14:26 CET 2026
30,35.179049,2.49296091,7.9533,29.876635,3.756508,421.6,450,10.534,29.876634999999997,42.046143053203885,12.169508053203888,.407325,42.046145972525075,35.57068336375439,6.475462608770685,.216740,Sa 28. Feb 03:14:44 CET 2026
36,42.214858,2.99155304,7.9533,29.876635,3.756508,421.6,450,10.534,29.876634999999997,46.0011264042203,16.124491404220303,.539702,46.001132335689505,38.607116416302354,7.394015919387151,.247484,Sa 28. Feb 03:16:15 CET 2026
33,38.696953,2.74225694,7.9533,29.876635,3.756508,421.6,450,10.534,29.876634999999997,44.03476167218304,14.158126672183043,.473886,44.03476591525231,36.94605509325252,7.08871082199979,.237266,Sa 28. Feb 03:16:34 CET 2026
39,45.732763,3.24084914,7.9533,29.876635,3.756508,421.6,450,10.534,29.876634999999997,47.84452010770481,17.967885107704813,.601402,47.84452798390804,39.7587669434712,8.08576104043684,.270638,Sa 28. Feb 03:16:59 CET 2026
42,49.250668,3.49014523,7.9533,29.876635,3.756508,421.6,450,10.534,29.876634999999997,49.51084453465585,19.634209534655853,.657176,49.51085445884641,40.788073549874206,8.722780908972204,.291959,Sa 28. Feb 03:24:10 CET 2026
45,52.768573,3.73944133,7.9533,29.876635,3.756508,421.6,450,10.534,29.876634999999997,50.99124217792406,21.114607177924063,.706726,50.99125430986592,41.70584973521677,9.28540457464915,.310791,Sa 28. Feb 03:24:41 CET 2026
3,3.517904,.24929602,7.9533,29.876635,3.756508,421.6,450,10.575,29.876634999999997,30.58687141743791,.710236417437913,.023772,30.58687154719249,28.039237681539042,2.547633865653448,.085271,Sa 28. Feb 04:04:50 CET 2026
0,0,0,7.9533,29.876635,3.756508,421.6,450,10.575,29.876634999999997,29.876634999999997,0,0,29.87663509475078,27.530334106213814,2.346300988536966,.078532,Sa 28. Feb 04:04:51 CET 2026
6,7.035809,.49859212,7.9533,29.876635,3.756508,421.6,450,10.575,29.876634999999997,31.36746725519741,1.490832255197413,.049899,31.36746743460311,28.588958822097343,2.778508612505767,.092999,Sa 28. Feb 04:05:10 CET 2026
9,10.553714,.74788822,7.9533,29.876635,3.756508,421.6,450,10.575,29.876634999999997,32.23063170992237,2.353996709922373,.078790,32.23063195715483,29.18451578334756,3.04611617380727,.101956,Sa 28. Feb 04:05:10 CET 2026
15,17.589524,1.24648042,7.9533,29.876635,3.756508,421.6,450,10.575,29.876634999999997,34.267511091501305,4.390876091501308,.146966,34.26751156903432,30.54138360325078,3.72612796578354,.124717,Sa 28. Feb 04:05:26 CET 2026
18,21.107429,1.49577652,7.9533,29.876635,3.756508,421.6,450,10.575,29.876634999999997,35.48046688664909,5.603831886649093,.187565,35.48046755272327,31.33750355306955,4.14296399965372,.138669,Sa 28. Feb 04:05:43 CET 2026
21,24.625334,1.74507261,7.9533,29.876635,3.756508,421.6,450,10.575,29.876634999999997,36.85315079533891,6.976515795338913,.233510,36.853151749994566,32.21846619577353,4.634685554221036,.155127,Sa 28. Feb 04:05:44 CET 2026
12,14.071619,.99718432,7.9533,29.876635,3.756508,421.6,450,10.575,29.876634999999997,33.191292838342044,3.314657838342047,.110944,33.19129318085734,29.831027512771275,3.360265668086065,.112471,Sa 28. Feb 04:05:50 CET 2026
3,3.517904,.24929602,7.9533,29.876635,3.756508,421.6,450,10.616,29.876634999999997,30.58687141743791,.710236417437913,.023772,30.586871548096806,28.03981878242918,2.547052765667626,.085252,Sa 28. Feb 04:05:50 CET 2026
24,28.143239,1.99436871,7.9533,29.876635,3.756508,421.6,450,10.575,29.876634999999997,38.40584424242504,8.529209242425043,.285480,38.405845608875495,33.19891857502597,5.206927033849525,.174280,Sa 28. Feb 04:06:05 CET 2026
0,0,0,7.9533,29.876635,3.756508,421.6,450,10.616,29.876634999999997,29.876634999999997,0,0,29.876635096125923,27.530698161550763,2.345936934575160,.078520,Sa 28. Feb 04:06:07 CET 2026
27,31.661144,2.24366481,7.9533,29.876635,3.756508,421.6,450,10.575,29.876634999999997,40.145287713086326,10.268652713086329,.343701,40.14528970908773,34.337311741943616,5.807977967144114,.194398,Sa 28. Feb 04:06:36 CET 2026
30,35.179049,2.49296091,7.9533,29.876635,3.756508,421.6,450,10.575,29.876634999999997,42.046143053203885,12.169508053203888,.407325,42.04614599835323,35.579961359916894,6.466184638436336,.216429,Sa 28. Feb 04:06:40 CET 2026
36,42.214858,2.99155304,7.9533,29.876635,3.756508,421.6,450,10.575,29.876634999999997,46.0011264042203,16.124491404220303,.539702,46.001132380935616,38.633881151194586,7.367251229741030,.246589,Sa 28. Feb 04:06:42 CET 2026
33,38.696953,2.74225694,7.9533,29.876635,3.756508,421.6,450,10.575,29.876634999999997,44.03476167218304,14.158126672183043,.473886,44.03476594883418,36.957862486168864,7.076903462665316,.236870,Sa 28. Feb 04:07:00 CET 2026
39,45.732763,3.24084914,7.9533,29.876635,3.756508,421.6,450,10.575,29.876634999999997,47.84452010770481,17.967885107704813,.601402,47.84452804999154,39.768918797114054,8.075609252877486,.270298,Sa 28. Feb 04:07:01 CET 2026
6,7.035809,.49859212,7.9533,29.876635,3.756508,421.6,450,10.616,29.876634999999997,31.36746725519741,1.490832255197413,.049899,31.36746743609056,28.58981294042329,2.77765449566727,.092970,Sa 28. Feb 04:07:01 CET 2026
9,10.553714,.74788822,7.9533,29.876635,3.756508,421.6,450,10.616,29.876634999999997,32.23063170992237,2.353996709922373,.078790,32.23063195936422,29.185782646812545,3.044849312551675,.101914,Sa 28. Feb 04:07:01 CET 2026
42,49.250668,3.49014523,7.9533,29.876635,3.756508,421.6,450,10.575,29.876634999999997,49.51084453465585,19.634209534655853,.657176,49.51085451606656,40.80069672690888,8.71015778915768,.291537,Sa 28. Feb 04:07:06 CET 2026
45,52.768573,3.73944133,7.9533,29.876635,3.756508,421.6,450,10.575,29.876634999999997,50.99124217792406,21.114607177924063,.706726,50.991254410962945,41.72067316993554,9.270581241027405,.310295,Sa 28. Feb 04:07:44 CET 2026
12,14.071619,.99718432,7.9533,29.876635,3.756508,421.6,450,10.616,29.876634999999997,33.191292838342044,3.314657838342047,.110944,33.19129318384519,29.832683109612717,3.358610074232473,.112415,Sa 28. Feb 04:08:47 CET 2026
15,17.589524,1.24648042,7.9533,29.876635,3.756508,421.6,450,10.616,29.876634999999997,34.267511091501305,4.390876091501308,.146966,34.267511572718696,30.543513651364815,3.723997921353881,.124645,Sa 28. Feb 04:09:25 CET 2026
18,21.107429,1.49577652,7.9533,29.876635,3.756508,421.6,450,10.616,29.876634999999997,35.48046688664909,5.603831886649093,.187565,35.48046755682101,31.340567031225813,4.139900525595197,.138566,Sa 28. Feb 04:10:20 CET 2026
21,24.625334,1.74507261,7.9533,29.876635,3.756508,421.6,450,10.616,29.876634999999997,36.85315079533891,6.976515795338913,.233510,36.853151757990766,32.22269050934541,4.630461248645356,.154986,Sa 28. Feb 04:11:02 CET 2026
24,28.143239,1.99436871,7.9533,29.876635,3.756508,421.6,450,10.616,29.876634999999997,38.40584424242504,8.529209242425043,.285480,38.40584562201347,33.204259792899514,5.201585829113956,.174102,Sa 28. Feb 04:11:49 CET 2026
27,31.661144,2.24366481,7.9533,29.876635,3.756508,421.6,450,10.616,29.876634999999997,40.145287713086326,10.268652713086329,.343701,40.14528972789615,34.34470201463486,5.80058771326129,.194151,Sa 28. Feb 04:12:30 CET 2026
30,35.179049,2.49296091,7.9533,29.876635,3.756508,421.6,450,10.616,29.876634999999997,42.046143053203885,12.169508053203888,.407325,42.046146023387045,35.589243836985965,6.456902186401080,.216118,Sa 28. Feb 04:20:16 CET 2026
33,38.696953,2.74225694,7.9533,29.876635,3.756508,421.6,450,10.616,29.876634999999997,44.03476167218304,14.158126672183043,.473886,44.03476598118855,36.96969474125298,7.06507123993557,.236474,Sa 28. Feb 04:21:30 CET 2026
0,0,0,7.9533,29.876635,3.756508,421.6,500,10.493,29.876634999999997,29.876634999999997,0,0,29.876635090636373,27.544325665769833,2.332309424866540,.078064,Sa 28. Feb 04:59:46 CET 2026
36,42.214858,2.99155304,7.9533,29.876635,3.756508,421.6,450,10.616,29.876634999999997,46.0011264042203,16.124491404220303,.539702,46.00113242436615,38.66067063155298,7.34046179281317,.245692,Sa 28. Feb 04:59:58 CET 2026
6,7.035809,.49859212,7.9533,29.876635,3.756508,421.6,500,10.493,29.876634999999997,31.36746725519741,1.490832255197413,.049899,31.367467429384323,28.601530476681543,2.765936952702780,.092578,Sa 28. Feb 05:00:01 CET 2026
45,52.768573,3.73944133,7.9533,29.876635,3.756508,421.6,450,10.616,29.876634999999997,50.99124217792406,21.114607177924063,.706726,50.99125450793774,41.73531235092965,9.25594215700809,.309805,Sa 28. Feb 05:00:06 CET 2026
3,3.517904,.24929602,7.9533,29.876635,3.756508,421.6,500,10.493,29.876634999999997,30.58687141743791,.710236417437913,.023772,30.586871544064522,28.052898178349743,2.533973365714779,.084814,Sa 28. Feb 05:00:07 CET 2026
39,45.732763,3.24084914,7.9533,29.876635,3.756508,421.6,450,10.616,29.876634999999997,47.84452010770481,17.967885107704813,.601402,47.844528113330355,39.77913735956847,8.065390753761885,.269956,Sa 28. Feb 05:00:14 CET 2026
12,14.071619,.99718432,7.9533,29.876635,3.756508,421.6,500,10.493,29.876634999999997,33.191292838342044,3.314657838342047,.110944,33.19129316983926,29.84114064738281,3.35015252245645,.112132,Sa 28. Feb 05:00:20 CET 2026
9,10.553714,.74788822,7.9533,29.876635,3.756508,421.6,500,10.493,29.876634999999997,32.23063170992237,2.353996709922373,.078790,32.23063194924995,29.195510305515494,3.035121643734456,.101588,Sa 28. Feb 05:00:24 CET 2026
42,49.250668,3.49014523,7.9533,29.876635,3.756508,421.6,450,10.616,29.876634999999997,49.51084453465585,19.634209534655853,.657176,49.510854591585556,40.81311567431564,8.697738917269916,.291121,Sa 28. Feb 05:00:34 CET 2026
15,17.589524,1.24648042,7.9533,29.876635,3.756508,421.6,500,10.493,29.876634999999997,34.267511091501305,4.390876091501308,.146966,34.26751155472303,30.55020579872301,3.71730575600002,.124421,Sa 28. Feb 05:00:49 CET 2026
21,24.625334,1.74507261,7.9533,29.876635,3.756508,421.6,500,10.493,29.876634999999997,36.85315079533891,6.976515795338913,.233510,36.85315171620859,32.22029020850207,4.63286150770652,.155066,Sa 28. Feb 05:00:58 CET 2026
18,21.107429,1.49577652,7.9533,29.876635,3.756508,421.6,500,10.493,29.876634999999997,35.48046688664909,5.603831886649093,.187565,35.480467535444674,31.340672303344167,4.139795232100507,.138562,Sa 28. Feb 05:01:03 CET 2026
27,31.661144,2.24366481,7.9533,29.876635,3.756508,421.6,500,10.493,29.876634999999997,40.145287713086326,10.268652713086329,.343701,40.14528963277033,34.33064014164833,5.81464949112200,.194621,Sa 28. Feb 05:01:07 CET 2026
39,45.732763,3.24084914,7.9533,29.876635,3.756508,421.6,500,10.493,29.876634999999997,47.84452010770481,17.967885107704813,.601402,47.84452777471843,39.734059275764736,8.110468498953694,.271465,Sa 28. Feb 05:01:10 CET 2026
24,28.143239,1.99436871,7.9533,29.876635,3.756508,421.6,500,10.493,29.876634999999997,38.40584424242504,8.529209242425043,.285480,38.405845558102165,33.203240925340054,5.202604632762111,.174136,Sa 28. Feb 05:01:24 CET 2026
33,38.696953,2.74225694,7.9533,29.876635,3.756508,421.6,500,10.493,29.876634999999997,44.03476167218304,14.158126672183043,.473886,44.0347657943739,36.93722510522685,7.09754068914705,.237561,Sa 28. Feb 05:01:42 CET 2026
36,42.214858,2.99155304,7.9533,29.876635,3.756508,421.6,500,10.493,29.876634999999997,46.0011264042203,16.124491404220303,.539702,46.00113217691563,38.64050628193578,7.36062589497985,.246367,Sa 28. Feb 05:01:43 CET 2026
30,35.179049,2.49296091,7.9533,29.876635,3.756508,421.6,500,10.493,29.876634999999997,42.046143053203885,12.169508053203888,.407325,42.046145881851054,35.572524611462015,6.473621270389039,.216678,Sa 28. Feb 05:01:49 CET 2026
0,0,0,7.9533,29.876635,3.756508,421.6,500,10.534,29.876634999999997,29.876634999999997,0,0,29.876635091818443,27.544610096667093,2.332024995151350,.078055,Sa 28. Feb 05:01:54 CET 2026
45,52.768573,3.73944133,7.9533,29.876635,3.756508,421.6,500,10.493,29.876634999999997,50.99124217792406,21.114607177924063,.706726,50.99125401848827,41.66673862734776,9.32451539114051,.312100,Sa 28. Feb 05:02:30 CET 2026
42,49.250668,3.49014523,7.9533,29.876635,3.756508,421.6,500,10.493,29.876634999999997,49.51084453465585,19.634209534655853,.657176,49.51085424977884,40.75019249945525,8.76066175032359,.293227,Sa 28. Feb 05:03:06 CET 2026
3,3.517904,.24929602,7.9533,29.876635,3.756508,421.6,500,10.534,29.876634999999997,30.58687141743791,.710236417437913,.023772,30.586871545034477,28.053385251632097,2.533486293402380,.084798,Sa 28. Feb 05:03:30 CET 2026
6,7.035809,.49859212,7.9533,29.876635,3.756508,421.6,500,10.534,29.876634999999997,31.36746725519741,1.490832255197413,.049899,31.367467430967984,28.602295068300982,2.765172362667002,.092553,Sa 28. Feb 05:04:43 CET 2026
9,10.553714,.74788822,7.9533,29.876635,3.756508,421.6,500,10.534,29.876634999999997,32.23063170992237,2.353996709922373,.078790,32.23063195160148,29.19670093614166,3.03393101545982,.101548,Sa 28. Feb 05:05:36 CET 2026
12,14.071619,.99718432,7.9533,29.876635,3.756508,421.6,500,10.534,29.876634999999997,33.191292838342044,3.314657838342047,.110944,33.19129317300382,29.842700806438714,3.348592366565106,.112080,Sa 28. Feb 05:06:33 CET 2026
15,17.589524,1.24648042,7.9533,29.876635,3.756508,421.6,500,10.534,29.876634999999997,34.267511091501305,4.390876091501308,.146966,34.26751155864927,30.552270113094078,3.715241445555192,.124352,Sa 28. Feb 05:07:07 CET 2026
18,21.107429,1.49577652,7.9533,29.876635,3.756508,421.6,500,10.534,29.876634999999997,35.48046688664909,5.603831886649093,.187565,35.480467539874645,31.343644133621286,4.136823406253359,.138463,Sa 28. Feb 05:16:10 CET 2026
21,24.625334,1.74507261,7.9533,29.876635,3.756508,421.6,500,10.534,29.876634999999997,36.85315079533891,6.976515795338913,.233510,36.85315172470039,32.22425216459259,4.62889956010780,.154933,Sa 28. Feb 05:16:47 CET 2026
24,28.143239,1.99436871,7.9533,29.876635,3.756508,421.6,500,10.534,29.876634999999997,38.40584424242504,8.529209242425043,.285480,38.40584556643457,33.20852725434221,5.19731831209236,.173959,Sa 28. Feb 05:54:34 CET 2026
30,35.179049,2.49296091,7.9533,29.876635,3.756508,421.6,500,10.534,29.876634999999997,42.046143053203885,12.169508053203888,.407325,42.046145908573465,35.58157755441944,6.464568354154025,.216375,Sa 28. Feb 05:54:43 CET 2026
3,3.517904,.24929602,7.9533,29.876635,3.756508,421.6,500,10.575,29.876634999999997,30.58687141743791,.710236417437913,.023772,30.586871545982063,28.053894198490866,2.532977347491197,.084781,Sa 28. Feb 05:54:47 CET 2026
0,0,0,7.9533,29.876635,3.756508,421.6,500,10.575,29.876634999999997,29.876634999999997,0,0,29.876635093221985,27.544906830101375,2.331728263120610,.078045,Sa 28. Feb 05:54:51 CET 2026
27,31.661144,2.24366481,7.9533,29.876635,3.756508,421.6,500,10.534,29.876634999999997,40.145287713086326,10.268652713086329,.343701,40.14528964482516,34.33790382284512,5.80738582198004,.194378,Sa 28. Feb 05:55:06 CET 2026
15,17.589524,1.24648042,7.9533,29.876635,3.756508,421.6,500,10.575,29.876634999999997,34.267511091501305,4.390876091501308,.146966,34.267511562479406,30.554337306324943,3.713174256154463,.124283,Sa 28. Feb 05:55:14 CET 2026
36,42.214858,2.99155304,7.9533,29.876635,3.756508,421.6,500,10.534,29.876634999999997,46.0011264042203,16.124491404220303,.539702,46.00113222403397,38.64886778604448,7.35226443798949,.246087,Sa 28. Feb 05:55:14 CET 2026
6,7.035809,.49859212,7.9533,29.876635,3.756508,421.6,500,10.575,29.876634999999997,31.36746725519741,1.490832255197413,.049899,31.36746743252835,28.603079022444845,2.764388410083505,.092526,Sa 28. Feb 05:55:15 CET 2026
12,14.071619,.99718432,7.9533,29.876635,3.756508,421.6,500,10.575,29.876634999999997,33.191292838342044,3.314657838342047,.110944,33.191293176099556,29.844318846812456,3.346974329287100,.112026,Sa 28. Feb 05:55:18 CET 2026
39,45.732763,3.24084914,7.9533,29.876635,3.756508,421.6,500,10.534,29.876634999999997,47.84452010770481,17.967885107704813,.601402,47.844527843195095,39.74456658571838,8.099961257476715,.271113,Sa 28. Feb 05:55:23 CET 2026
45,52.768573,3.73944133,7.9533,29.876635,3.756508,421.6,500,10.534,29.876634999999997,50.99124217792406,21.114607177924063,.706726,50.99125412347471,41.6816773253555,9.30957679811921,.311600,Sa 28. Feb 05:55:37 CET 2026
33,38.696953,2.74225694,7.9533,29.876635,3.756508,421.6,500,10.534,29.876634999999997,44.03476167218304,14.158126672183043,.473886,44.03476582927849,36.94899799315852,7.08576783611997,.237167,Sa 28. Feb 05:55:39 CET 2026
9,10.553714,.74788822,7.9533,29.876635,3.756508,421.6,500,10.575,29.876634999999997,32.23063170992237,2.353996709922373,.078790,32.23063195388734,29.197826089839445,3.032805864047895,.101510,Sa 28. Feb 05:55:40 CET 2026
42,49.250668,3.49014523,7.9533,29.876635,3.756508,421.6,500,10.534,29.876634999999997,49.51084453465585,19.634209534655853,.657176,49.51085430986529,40.76249160354053,8.74836270632476,.292816,Sa 28. Feb 05:55:46 CET 2026
30,35.179049,2.49296091,7.9533,29.876635,3.756508,421.6,500,10.575,29.876634999999997,42.046143053203885,12.169508053203888,.407325,42.04614593448191,35.59066168818881,6.45548424629310,.216071,Sa 28. Feb 05:55:57 CET 2026
18,21.107429,1.49577652,7.9533,29.876635,3.756508,421.6,500,10.575,29.876634999999997,35.48046688664909,5.603831886649093,.187565,35.480467544162664,31.34665482847211,4.133812715690554,.138362,Sa 28. Feb 05:56:09 CET 2026
27,31.661144,2.24366481,7.9533,29.876635,3.756508,421.6,500,10.575,29.876634999999997,40.145287713086326,10.268652713086329,.343701,40.145289664219604,34.34509742513625,5.800192239083354,.194138,Sa 28. Feb 05:56:18 CET 2026
21,24.625334,1.74507261,7.9533,29.876635,3.756508,421.6,500,10.575,29.876634999999997,36.85315079533891,6.976515795338913,.233510,36.853151733043845,32.22829285515854,4.624858877885305,.154798,Sa 28. Feb 05:56:28 CET 2026
24,28.143239,1.99436871,7.9533,29.876635,3.756508,421.6,500,10.575,29.876634999999997,38.40584424242504,8.529209242425043,.285480,38.405845579921,33.21371906127317,5.19212651864783,.173785,Sa 28. Feb 05:56:54 CET 2026
33,38.696953,2.74225694,7.9533,29.876635,3.756508,421.6,500,10.575,29.876634999999997,44.03476167218304,14.158126672183043,.473886,44.03476586285069,36.9606966690572,7.07406919379349,.236775,Sa 28. Feb 05:57:58 CET 2026
36,42.214858,2.99155304,7.9533,29.876635,3.756508,421.6,500,10.575,29.876634999999997,46.0011264042203,16.124491404220303,.539702,46.00113226936748,38.65699038583475,7.34414188353273,.245815,Sa 28. Feb 05:58:20 CET 2026
39,45.732763,3.24084914,7.9533,29.876635,3.756508,421.6,500,10.575,29.876634999999997,47.84452010770481,17.967885107704813,.601402,47.84452790916062,39.754543617484934,8.089984291675686,.270779,Sa 28. Feb 05:59:10 CET 2026
0,0,0,7.9533,29.876635,3.756508,421.6,500,10.616,29.876634999999997,29.876634999999997,0,0,29.87663509460388,27.54517933931514,2.33145575528874,.078036,Sa 28. Feb 06:00:39 CET 2026
42,49.250668,3.49014523,7.9533,29.876635,3.756508,421.6,500,10.575,29.876634999999997,49.51084453465585,19.634209534655853,.657176,49.51085436713486,40.77507056920062,8.73578379793424,.292395,Sa 28. Feb 06:00:43 CET 2026
3,3.517904,.24929602,7.9533,29.876635,3.756508,421.6,500,10.616,29.876634999999997,30.58687141743791,.710236417437913,.023772,30.58687154688939,28.054382430437087,2.532489116452303,.084764,Sa 28. Feb 06:00:57 CET 2026
45,52.768573,3.73944133,7.9533,29.876635,3.756508,421.6,500,10.575,29.876634999999997,50.99124217792406,21.114607177924063,.706726,50.99125422453295,41.69626670573927,9.29498751879368,.311112,Sa 28. Feb 06:01:45 CET 2026
6,7.035809,.49859212,7.9533,29.876635,3.756508,421.6,500,10.616,29.876634999999997,31.36746725519741,1.490832255197413,.049899,31.36746743402128,28.6038867203626,2.76358071365868,.092499,Sa 28. Feb 06:10:49 CET 2026
9,10.553714,.74788822,7.9533,29.876635,3.756508,421.6,500,10.616,29.876634999999997,32.23063170992237,2.353996709922373,.078790,32.230631956098385,29.198958977212396,3.031672978885989,.101473,Sa 28. Feb 06:12:22 CET 2026
12,14.071619,.99718432,7.9533,29.876635,3.756508,421.6,500,10.616,29.876634999999997,33.191292838342044,3.314657838342047,.110944,33.19129317910992,29.84584903450252,3.34544414460740,.111975,Sa 28. Feb 06:49:05 CET 2026
15,17.589524,1.24648042,7.9533,29.876635,3.756508,421.6,500,10.616,29.876634999999997,34.267511091501305,4.390876091501308,.146966,34.267511566183316,30.556453626146457,3.711057940036859,.124212,Sa 28. Feb 06:49:13 CET 2026
27,31.661144,2.24366481,7.9533,29.876635,3.756508,421.6,500,10.616,29.876634999999997,40.145287713086326,10.268652713086329,.343701,40.14528968314985,34.352310905687084,5.792978777462766,.193896,Sa 28. Feb 06:49:34 CET 2026
21,24.625334,1.74507261,7.9533,29.876635,3.756508,421.6,500,10.616,29.876634999999997,36.85315079533891,6.976515795338913,.233510,36.85315174108047,32.232374964230196,4.620776776850274,.154661,Sa 28. Feb 06:49:37 CET 2026
24,28.143239,1.99436871,7.9533,29.876635,3.756508,421.6,500,10.616,29.876634999999997,38.40584424242504,8.529209242425043,.285480,38.40584559308476,33.21883658077803,5.18700901230673,.173614,Sa 28. Feb 06:49:47 CET 2026
3,3.517904,.24929602,7.9533,29.876635,3.756508,421.6,550,10.493,29.876634999999997,30.58687141743791,.710236417437913,.023772,30.586871543488122,28.068128245630856,2.518743297857266,.084304,Sa 28. Feb 06:49:48 CET 2026
0,0,0,7.9533,29.876635,3.756508,421.6,550,10.493,29.876634999999997,29.876634999999997,0,0,29.876635090374716,27.55926621199098,2.317368878383736,.077564,Sa 28. Feb 06:49:49 CET 2026
30,35.179049,2.49296091,7.9533,29.876635,3.756508,421.6,500,10.616,29.876634999999997,42.046143053203885,12.169508053203888,.407325,42.04614595965378,35.59970830523861,6.44643765441517,.215768,Sa 28. Feb 06:49:56 CET 2026
12,14.071619,.99718432,7.9533,29.876635,3.756508,421.6,550,10.493,29.876634999999997,33.191292838342044,3.314657838342047,.110944,33.19129316714261,29.855907487541387,3.335385679601223,.111638,Sa 28. Feb 06:50:02 CET 2026
9,10.553714,.74788822,7.9533,29.876635,3.756508,421.6,550,10.493,29.876634999999997,32.23063170992237,2.353996709922373,.078790,32.23063194747252,29.209763951048366,3.020867996424154,.101111,Sa 28. Feb 06:50:04 CET 2026
6,7.035809,.49859212,7.9533,29.876635,3.756508,421.6,550,10.493,29.876634999999997,31.36746725519741,1.490832255197413,.049899,31.36746742830566,28.616387986605744,2.751079441699916,.092081,Sa 28. Feb 06:50:06 CET 2026
18,21.107429,1.49577652,7.9533,29.876635,3.756508,421.6,500,10.616,29.876634999999997,35.48046688664909,5.603831886649093,.187565,35.480467548278924,31.349619956264114,4.130847592014810,.138263,Sa 28. Feb 06:50:07 CET 2026
36,42.214858,2.99155304,7.9533,29.876635,3.756508,421.6,500,10.616,29.876634999999997,46.0011264042203,16.124491404220303,.539702,46.001132312811094,38.6654566551683,7.335675657642794,.245532,Sa 28. Feb 06:50:09 CET 2026
33,38.696953,2.74225694,7.9533,29.876635,3.756508,421.6,500,10.616,29.876634999999997,44.03476167218304,14.158126672183043,.473886,44.03476589534482,36.97234606375108,7.06241983159374,.236386,Sa 28. Feb 06:50:19 CET 2026
39,45.732763,3.24084914,7.9533,29.876635,3.756508,421.6,500,10.616,29.876634999999997,47.84452010770481,17.967885107704813,.601402,47.84452797269416,39.76468245623805,8.07984551645611,.270440,Sa 28. Feb 06:50:20 CET 2026
45,52.768573,3.73944133,7.9533,29.876635,3.756508,421.6,500,10.616,29.876634999999997,50.99124217792406,21.114607177924063,.706726,50.99125432163184,41.7108665505983,9.28038777103354,.310623,Sa 28. Feb 06:50:35 CET 2026
42,49.250668,3.49014523,7.9533,29.876635,3.756508,421.6,500,10.616,29.876634999999997,49.51084453465585,19.634209534655853,.657176,49.51085442176243,40.78751477901362,8.72333964274881,.291978,Sa 28. Feb 06:50:38 CET 2026
15,17.589524,1.24648042,7.9533,29.876635,3.756508,421.6,550,10.493,29.876634999999997,34.267511091501305,4.390876091501308,.146966,34.26751155094575,30.56611509079036,3.70139646015539,.123889,Sa 28. Feb 06:51:07 CET 2026
18,21.107429,1.49577652,7.9533,29.876635,3.756508,421.6,550,10.493,29.876634999999997,35.48046688664909,5.603831886649093,.187565,35.480467530515725,31.35577881965311,4.124688710862615,.138057,Sa 28. Feb 06:51:12 CET 2026
21,24.625334,1.74507261,7.9533,29.876635,3.756508,421.6,550,10.493,29.876634999999997,36.85315079533891,6.976515795338913,.233510,36.85315170574686,32.2373064400344,4.61584526571246,.154496,Sa 28. Feb 06:51:42 CET 2026
24,28.143239,1.99436871,7.9533,29.876635,3.756508,421.6,550,10.493,29.876634999999997,38.40584424242504,8.529209242425043,.285480,38.40584554629737,33.22344028410056,5.18240526219681,.173460,Sa 28. Feb 06:53:43 CET 2026
27,31.661144,2.24366481,7.9533,29.876635,3.756508,421.6,550,10.493,29.876634999999997,40.145287713086326,10.268652713086329,.343701,40.14528961282627,34.34359766402412,5.80169194880215,.194188,Sa 28. Feb 06:54:20 CET 2026
30,35.179049,2.49296091,7.9533,29.876635,3.756508,421.6,550,10.493,29.876634999999997,42.046143053203885,12.169508053203888,.407325,42.046145838015356,35.58750418528566,6.458641652729696,.216177,Sa 28. Feb 06:56:19 CET 2026
33,38.696953,2.74225694,7.9533,29.876635,3.756508,421.6,550,10.493,29.876634999999997,44.03476167218304,14.158126672183043,.473886,44.034765734602985,36.94537292621524,7.089392808387745,.237288,Sa 28. Feb 06:56:31 CET 2026
36,42.214858,2.99155304,7.9533,29.876635,3.756508,421.6,550,10.493,29.876634999999997,46.0011264042203,16.124491404220303,.539702,46.00113209875102,38.63736463971865,7.36376745903237,.246472,Sa 28. Feb 06:57:09 CET 2026
39,45.732763,3.24084914,7.9533,29.876635,3.756508,421.6,550,10.493,29.876634999999997,47.84452010770481,17.967885107704813,.601402,47.84452767358458,39.72378791852945,8.12073975505513,.271809,Sa 28. Feb 06:57:16 CET 2026
42,49.250668,3.49014523,7.9533,29.876635,3.756508,421.6,550,10.493,29.876634999999997,49.51084453465585,19.634209534655853,.657176,49.510854149181824,40.73003480139281,8.780819347789014,.293902,Sa 28. Feb 07:07:35 CET 2026
45,52.768573,3.73944133,7.9533,29.876635,3.756508,421.6,550,10.493,29.876634999999997,50.99124217792406,21.114607177924063,.706726,50.991253886876144,41.64395350627085,9.347300380605294,.312863,Sa 28. Feb 07:08:51 CET 2026
0,0,0,7.9533,29.876635,3.756508,421.6,550,10.534,29.876634999999997,29.876634999999997,0,0,29.876635091015242,27.559457220358674,2.317177870656568,.077558,Sa 28. Feb 07:43:09 CET 2026
3,3.517904,.24929602,7.9533,29.876635,3.756508,421.6,550,10.534,29.876634999999997,30.58687141743791,.710236417437913,.023772,30.586871544460667,28.068553586525198,2.518317957935469,.084290,Sa 28. Feb 07:43:34 CET 2026
9,10.553714,.74788822,7.9533,29.876635,3.756508,421.6,550,10.534,29.876634999999997,32.23063170992237,2.353996709922373,.078790,32.23063194983237,29.21079871705331,3.01983323277906,.101076,Sa 28. Feb 07:43:50 CET 2026
6,7.035809,.49859212,7.9533,29.876635,3.756508,421.6,550,10.534,29.876634999999997,31.36746725519741,1.490832255197413,.049899,31.367467429898603,28.617102115440886,2.750365314457717,.092057,Sa 28. Feb 07:43:52 CET 2026
21,24.625334,1.74507261,7.9533,29.876635,3.756508,421.6,550,10.534,29.876634999999997,36.85315079533891,6.976515795338913,.233510,36.85315171428445,32.241151658417344,4.612000055867106,.154368,Sa 28. Feb 07:44:02 CET 2026
12,14.071619,.99718432,7.9533,29.876635,3.756508,421.6,550,10.534,29.876634999999997,33.191292838342044,3.314657838342047,.110944,33.19129317031984,29.857257158661685,3.334036011658155,.111593,Sa 28. Feb 07:44:19 CET 2026
15,17.589524,1.24648042,7.9533,29.876635,3.756508,421.6,550,10.534,29.876634999999997,34.267511091501305,4.390876091501308,.146966,34.26751155488888,30.56809191000186,3.69941964488702,.123823,Sa 28. Feb 07:44:21 CET 2026
0,0,0,7.9533,29.876635,3.756508,421.6,550,10.575,29.876634999999997,29.876634999999997,0,0,29.87663509242246,27.559715723556316,2.316919368866144,.077549,Sa 28. Feb 07:44:27 CET 2026
30,35.179049,2.49296091,7.9533,29.876635,3.756508,421.6,550,10.534,29.876634999999997,42.046143053203885,12.169508053203888,.407325,42.0461458648679,35.59654642574386,6.44959943912404,.215874,Sa 28. Feb 07:44:28 CET 2026
24,28.143239,1.99436871,7.9533,29.876635,3.756508,421.6,550,10.534,29.876634999999997,38.40584424242504,8.529209242425043,.285480,38.405845553882976,33.22846227159356,5.177383282289416,.173292,Sa 28. Feb 07:44:37 CET 2026
3,3.517904,.24929602,7.9533,29.876635,3.756508,421.6,550,10.575,29.876634999999997,30.58687141743791,.710236417437913,.023772,30.58687154540891,28.068980336453475,2.517891208955435,.084276,Sa 28. Feb 07:44:40 CET 2026
27,31.661144,2.24366481,7.9533,29.876635,3.756508,421.6,550,10.534,29.876634999999997,40.145287713086326,10.268652713086329,.343701,40.1452896238322,34.3507180364721,5.7945715873601,.193949,Sa 28. Feb 07:44:46 CET 2026
33,38.696953,2.74225694,7.9533,29.876635,3.756508,421.6,550,10.534,29.876634999999997,44.03476167218304,14.158126672183043,.473886,44.03476576955464,36.95686075032103,7.07790501923361,.236904,Sa 28. Feb 07:44:49 CET 2026
18,21.107429,1.49577652,7.9533,29.876635,3.756508,421.6,550,10.534,29.876634999999997,35.48046688664909,5.603831886649093,.187565,35.4804675349514,31.358602748217137,4.121864786734263,.137962,Sa 28. Feb 07:45:04 CET 2026
9,10.553714,.74788822,7.9533,29.876635,3.756508,421.6,550,10.575,29.876634999999997,32.23063170992237,2.353996709922373,.078790,32.23063195212127,29.211869694775327,3.018762257345943,.101040,Sa 28. Feb 07:45:09 CET 2026
6,7.035809,.49859212,7.9533,29.876635,3.756508,421.6,550,10.575,29.876634999999997,31.36746725519741,1.490832255197413,.049899,31.367467431457218,28.617799094110747,2.749668337346471,.092034,Sa 28. Feb 07:45:09 CET 2026
36,42.214858,2.99155304,7.9533,29.876635,3.756508,421.6,550,10.534,29.876634999999997,46.0011264042203,16.124491404220303,.539702,46.001132145964455,38.64545985397305,7.355672291991405,.246201,Sa 28. Feb 07:45:11 CET 2026
39,45.732763,3.24084914,7.9533,29.876635,3.756508,421.6,550,10.534,29.876634999999997,47.84452010770481,17.967885107704813,.601402,47.844527742217196,39.73408908507764,8.110438657139556,.271464,Sa 28. Feb 07:45:25 CET 2026
45,52.768573,3.73944133,7.9533,29.876635,3.756508,421.6,550,10.534,29.876634999999997,50.99124217792406,21.114607177924063,.706726,50.991253992089604,41.658579353660485,9.332674638429119,.312373,Sa 28. Feb 07:45:47 CET 2026
42,49.250668,3.49014523,7.9533,29.876635,3.756508,421.6,550,10.534,29.876634999999997,49.51084453465585,19.634209534655853,.657176,49.51085420941406,40.74259513577229,8.76825907364177,.293482,Sa 28. Feb 07:45:48 CET 2026
12,14.071619,.99718432,7.9533,29.876635,3.756508,421.6,550,10.575,29.876634999999997,33.191292838342044,3.314657838342047,.110944,33.19129317341792,29.858703508007135,3.332589665410785,.111545,Sa 28. Feb 07:48:17 CET 2026
15,17.589524,1.24648042,7.9533,29.876635,3.756508,421.6,550,10.575,29.876634999999997,34.267511091501305,4.390876091501308,.146966,34.26751155872391,30.57006419826156,3.69744736046235,.123757,Sa 28. Feb 07:48:48 CET 2026
18,21.107429,1.49577652,7.9533,29.876635,3.756508,421.6,550,10.575,29.876634999999997,35.48046688664909,5.603831886649093,.187565,35.480467539255244,31.361491510155073,4.118976029100171,.137866,Sa 28. Feb 07:51:08 CET 2026
21,24.625334,1.74507261,7.9533,29.876635,3.756508,421.6,550,10.575,29.876634999999997,36.85315079533891,6.976515795338913,.233510,36.85315172263905,32.24506126677171,4.60809045586734,.154237,Sa 28. Feb 07:51:56 CET 2026
24,28.143239,1.99436871,7.9533,29.876635,3.756508,421.6,550,10.575,29.876634999999997,38.40584424242504,8.529209242425043,.285480,38.405845561221604,33.23357352367527,5.172272037546334,.173120,Sa 28. Feb 07:52:18 CET 2026
27,31.661144,2.24366481,7.9533,29.876635,3.756508,421.6,550,10.575,29.876634999999997,40.145287713086326,10.268652713086329,.343701,40.14528963451709,34.357582691580504,5.787706942936586,.193720,Sa 28. Feb 07:52:32 CET 2026
30,35.179049,2.49296091,7.9533,29.876635,3.756508,421.6,550,10.575,29.876634999999997,42.046143053203885,12.169508053203888,.407325,42.04614589085253,35.60550931133068,6.44063657952185,.215574,Sa 28. Feb 08:03:17 CET 2026
33,38.696953,2.74225694,7.9533,29.876635,3.756508,421.6,550,10.575,29.876634999999997,44.03476167218304,14.158126672183043,.473886,44.03476580332629,36.96838273622712,7.06638306709917,.236518,Sa 28. Feb 08:05:14 CET 2026
36,42.214858,2.99155304,7.9533,29.876635,3.756508,421.6,550,10.575,29.876634999999997,46.0011264042203,16.124491404220303,.539702,46.00113219138447,38.65366643608514,7.34746575529933,.245926,Sa 28. Feb 08:38:05 CET 2026
0,0,0,7.9533,29.876635,3.756508,421.6,550,10.616,29.876634999999997,29.876634999999997,0,0,29.876635093802168,27.55996461364425,2.316670480157918,.077541,Sa 28. Feb 08:38:12 CET 2026
3,3.517904,.24929602,7.9533,29.876635,3.756508,421.6,550,10.616,29.876634999999997,30.58687141743791,.710236417437913,.023772,30.58687154631744,28.069424856782575,2.517446689534865,.084261,Sa 28. Feb 08:38:16 CET 2026
39,45.732763,3.24084914,7.9533,29.876635,3.756508,421.6,550,10.575,29.876634999999997,47.84452010770481,17.967885107704813,.601402,47.84452780830186,39.74443339640945,8.10009441189241,.271118,Sa 28. Feb 08:38:28 CET 2026
42,49.250668,3.49014523,7.9533,29.876635,3.756508,421.6,550,10.575,29.876634999999997,49.51084453465585,19.634209534655853,.657176,49.51085426691698,40.75508243003303,8.75577183688395,.293064,Sa 28. Feb 08:38:38 CET 2026
6,7.035809,.49859212,7.9533,29.876635,3.756508,421.6,550,10.616,29.876634999999997,31.36746725519741,1.490832255197413,.049899,31.367467432951166,28.618530758583024,2.748936674368142,.092009,Sa 28. Feb 08:38:45 CET 2026
12,14.071619,.99718432,7.9533,29.876635,3.756508,421.6,550,10.616,29.876634999999997,33.191292838342044,3.314657838342047,.110944,33.19129317643716,29.86015650138471,3.33113667505245,.111496,Sa 28. Feb 08:38:46 CET 2026
15,17.589524,1.24648042,7.9533,29.876635,3.756508,421.6,550,10.616,29.876634999999997,34.267511091501305,4.390876091501308,.146966,34.26751156244269,30.57205866037718,3.69545290206551,.123690,Sa 28. Feb 08:38:59 CET 2026
18,21.107429,1.49577652,7.9533,29.876635,3.756508,421.6,550,10.616,29.876634999999997,35.48046688664909,5.603831886649093,.187565,35.48046754339671,31.36447571083205,4.11599183256466,.137766,Sa 28. Feb 08:39:04 CET 2026
45,52.768573,3.73944133,7.9533,29.876635,3.756508,421.6,550,10.575,29.876634999999997,50.99124217792406,21.114607177924063,.706726,50.99125409339794,41.67314541970729,9.31810867369065,.311886,Sa 28. Feb 08:39:06 CET 2026
24,28.143239,1.99436871,7.9533,29.876635,3.756508,421.6,550,10.616,29.876634999999997,38.40584424242504,8.529209242425043,.285480,38.40584557431091,33.238670109172446,5.167175465138464,.172950,Sa 28. Feb 08:39:16 CET 2026
9,10.553714,.74788822,7.9533,29.876635,3.756508,421.6,550,10.616,29.876634999999997,32.23063170992237,2.353996709922373,.078790,32.23063195434345,29.212912992626425,3.017718961717025,.101005,Sa 28. Feb 08:39:18 CET 2026
30,35.179049,2.49296091,7.9533,29.876635,3.756508,421.6,550,10.616,29.876634999999997,42.046143053203885,12.169508053203888,.407325,42.04614591609844,35.614581688105,6.43156422799344,.215270,Sa 28. Feb 08:39:19 CET 2026
21,24.625334,1.74507261,7.9533,29.876635,3.756508,421.6,550,10.616,29.876634999999997,36.85315079533891,6.976515795338913,.233510,36.853151730730175,32.248969169648284,4.604182561081891,.154106,Sa 28. Feb 08:39:34 CET 2026
27,31.661144,2.24366481,7.9533,29.876635,3.756508,421.6,550,10.616,29.876634999999997,40.145287713086326,10.268652713086329,.343701,40.14528965327324,34.364480855935405,5.780808797337835,.193489,Sa 28. Feb 08:39:34 CET 2026
39,45.732763,3.24084914,7.9533,29.876635,3.756508,421.6,550,10.616,29.876634999999997,47.84452010770481,17.967885107704813,.601402,47.844527872224205,39.75489240308359,8.089635469140615,.270767,Sa 28. Feb 08:39:37 CET 2026
33,38.696953,2.74225694,7.9533,29.876635,3.756508,421.6,550,10.616,29.876634999999997,44.03476167218304,14.158126672183043,.473886,44.034765835898135,36.97983451791353,7.054931317984605,.236135,Sa 28. Feb 08:39:37 CET 2026
36,42.214858,2.99155304,7.9533,29.876635,3.756508,421.6,550,10.616,29.876634999999997,46.0011264042203,16.124491404220303,.539702,46.00113223502911,38.66243656462551,7.33869567040360,.245633,Sa 28. Feb 08:40:04 CET 2026
42,49.250668,3.49014523,7.9533,29.876635,3.756508,421.6,550,10.616,29.876634999999997,49.51084453465585,19.634209534655853,.657176,49.510854321767965,40.76745268546208,8.743401636305885,.292650,Sa 28. Feb 08:40:06 CET 2026
0,0,0,9.0267,32.507692,3.601282,421.6,450,10.493,32.50769200000001,32.50769200000001,0,0,32.50769221911711,29.23723025555952,3.27046196355759,.100605,Sa 28. Feb 08:40:31 CET 2026
3,3.233178,.24929602,9.0267,32.507692,3.601282,421.6,450,10.493,32.50769200000001,33.28047478215036,.77278278215035,.023772,33.280475080380995,29.756042951705762,3.524432128675233,.108418,Sa 28. Feb 08:40:45 CET 2026
45,52.768573,3.73944133,7.9533,29.876635,3.756508,421.6,550,10.616,29.876634999999997,50.99124217792406,21.114607177924063,.706726,50.99125419059478,41.68766896143904,9.30358522915574,.311400,Sa 28. Feb 08:41:19 CET 2026
6,6.466357,.49859212,9.0267,32.507692,3.601282,421.6,450,10.493,32.50769200000001,34.129812552506884,1.622120552506874,.049899,34.12981295824001,30.315731806024964,3.814081152215046,.117328,Sa 28. Feb 08:43:09 CET 2026
9,9.699536,.74788823,9.0267,32.507692,3.601282,421.6,450,10.493,32.50769200000001,35.068990775469665,2.561298775469655,.078790,35.068991329168824,30.92465743642494,4.144333892743884,.127487,Sa 28. Feb 08:43:42 CET 2026
12,12.932715,.99718433,9.0267,32.507692,3.601282,421.6,450,10.493,32.50769200000001,36.11425214131261,3.60656014131260,.110944,36.11425289835294,31.595090191111765,4.519162707241175,.139018,Sa 28. Feb 08:43:43 CET 2026
15,16.165894,1.24648043,9.0267,32.507692,3.601282,421.6,450,10.493,32.50769200000001,37.285246536882866,4.777554536882856,.146966,37.2852475692709,32.33822632092405,4.94702124834685,.152180,Sa 28. Feb 08:43:50 CET 2026
18,19.399073,1.49577654,9.0267,32.507692,3.601282,421.6,450,10.493,32.50769200000001,38.60502035213792,6.09732835213791,.187565,38.605021796651634,33.16383287465807,5.441188921993564,.167381,Sa 28. Feb 08:55:06 CET 2026
21,22.632251,1.74507256,9.0267,32.507692,3.601282,421.6,450,10.493,32.50769200000001,40.09858775395404,7.59089575395403,.233510,40.098589780201024,34.09435440406415,6.004235376136874,.184701,Sa 28. Feb 08:57:06 CET 2026
24,25.865430,1.99436867,9.0267,32.507692,3.601282,421.6,450,10.493,32.50769200000001,41.788017692159116,9.280325692159106,.285480,41.7880205576567,35.16160053078687,6.62642002686983,.203841,Sa 28. Feb 09:30:52 CET 2026
12,12.932715,.99718433,9.0267,32.507692,3.601282,421.6,450,10.534,32.50769200000001,36.11425214131261,3.60656014131260,.110944,36.11425290426093,31.599391568996285,4.514861335264645,.138885,Sa 28. Feb 09:31:31 CET 2026
27,29.098609,2.24366477,9.0267,32.507692,3.601282,421.6,450,10.493,32.50769200000001,43.680643846095506,11.172951846095496,.343701,43.68064787864995,36.388113648332926,7.292534230317024,.224332,Sa 28. Feb 09:31:34 CET 2026
0,0,0,9.0267,32.507692,3.601282,421.6,450,10.534,32.50769200000001,32.50769200000001,0,0,32.50769222101143,29.23915639078527,3.26853583022616,.100546,Sa 28. Feb 09:31:41 CET 2026
15,16.165894,1.24648043,9.0267,32.507692,3.601282,421.6,450,10.534,32.50769200000001,37.285246536882866,4.777554536882856,.146966,37.28524757556849,32.34342748510286,4.94182009046563,.152020,Sa 28. Feb 09:31:42 CET 2026
9,9.699536,.74788823,9.0267,32.507692,3.601282,421.6,450,10.534,32.50769200000001,35.068990775469665,2.561298775469655,.078790,35.068991334148606,30.928041598997797,4.140949735150809,.127383,Sa 28. Feb 09:31:44 CET 2026
3,3.233178,.24929602,9.0267,32.507692,3.601282,421.6,450,10.534,32.50769200000001,33.28047478215036,.77278278215035,.023772,33.28047508321552,29.758438166357635,3.522036916857885,.108344,Sa 28. Feb 09:31:45 CET 2026
21,22.632251,1.74507256,9.0267,32.507692,3.601282,421.6,450,10.534,32.50769200000001,40.09858775395404,7.59089575395403,.233510,40.09858979631014,34.10240181694434,5.99618797936580,.184454,Sa 28. Feb 09:31:46 CET 2026
30,32.331788,2.49296087,9.0267,32.507692,3.601282,421.6,450,10.493,32.50769200000001,45.748894498050014,13.241202498050004,.407325,45.748900115970116,37.76539404790956,7.983506068060556,.245588,Sa 28. Feb 09:31:55 CET 2026
6,6.466357,.49859212,9.0267,32.507692,3.601282,421.6,450,10.534,32.50769200000001,34.129812552506884,1.622120552506874,.049899,34.12981296215534,30.318533541838075,3.811279420317265,.117242,Sa 28. Feb 09:31:56 CET 2026
33,35.564967,2.74225698,9.0267,32.507692,3.601282,421.6,450,10.493,32.50769200000001,47.91264902392066,15.40495702392065,.473886,47.91265667671132,39.286241375750116,8.626415300961204,.265365,Sa 28. Feb 09:32:07 CET 2026
18,19.399073,1.49577654,9.0267,32.507692,3.601282,421.6,450,10.534,32.50769200000001,38.60502035213792,6.09732835213791,.187565,38.60502180993715,33.17022232661008,5.43479948332707,.167185,Sa 28. Feb 09:32:10 CET 2026
24,25.865430,1.99436867,9.0267,32.507692,3.601282,421.6,450,10.534,32.50769200000001,41.788017692159116,9.280325692159106,.285480,41.78802057670011,35.171411605395036,6.616608971305074,.203539,Sa 28. Feb 09:32:37 CET 2026
36,38.798146,2.99155308,9.0267,32.507692,3.601282,421.6,450,10.493,32.50769200000001,50.052170058560414,17.544478058560404,.539702,50.05218013084023,41.222635032035676,8.829545098804554,.271614,Sa 28. Feb 09:32:42 CET 2026
30,32.331788,2.49296087,9.0267,32.507692,3.601282,421.6,450,10.534,32.50769200000001,45.748894498050014,13.241202498050004,.407325,45.74890015493491,37.77969943211468,7.96920072282023,.245148,Sa 28. Feb 09:33:15 CET 2026
27,29.098609,2.24366477,9.0267,32.507692,3.601282,421.6,450,10.534,32.50769200000001,43.680643846095506,11.172951846095496,.343701,43.68064790706457,36.40014315861205,7.28050474845252,.223962,Sa 28. Feb 09:33:17 CET 2026
42,45.264503,3.49014521,9.0267,32.507692,3.601282,421.6,450,10.493,32.50769200000001,53.87096245295578,21.36327045295577,.657175,53.870977883472506,45.31324530115975,8.557732582312756,.263252,Sa 28. Feb 09:33:43 CET 2026
39,42.031325,3.24084918,9.0267,32.507692,3.601282,421.6,450,10.493,32.50769200000001,52.05792388324738,19.55023188324737,.601403,52.05793658939455,42.99918214955362,9.05875443984093,.278664,Sa 28. Feb 09:34:01 CET 2026
33,35.564967,2.74225698,9.0267,32.507692,3.601282,421.6,450,10.534,32.50769200000001,47.91264902392066,15.40495702392065,.473886,47.912656728662405,39.30852114334915,8.604135585313255,.264679,Sa 28. Feb 09:34:45 CET 2026
45,48.497682,3.73944131,9.0267,32.507692,3.601282,421.6,450,10.493,32.50769200000001,55.48173266479246,22.97404066479245,.706726,55.48175080125057,47.186286336224114,8.295464465026456,.255184,Sa 28. Feb 09:34:58 CET 2026
3,3.233178,.24929602,9.0267,32.507692,3.601282,421.6,450,10.575,32.50769200000001,33.28047478215036,.77278278215035,.023772,33.280475085956574,29.760759791319632,3.519715294636942,.108273,Sa 28. Feb 09:34:58 CET 2026
0,0,0,9.0267,32.507692,3.601282,421.6,450,10.575,32.50769200000001,32.50769200000001,0,0,32.507692222845556,29.24104155199183,3.266650670853726,.100488,Sa 28. Feb 09:35:10 CET 2026
36,38.798146,2.99155308,9.0267,32.507692,3.601282,421.6,450,10.534,32.50769200000001,50.052170058560414,17.544478058560404,.539702,50.05218020199492,41.24349663187676,8.80868357011816,.270972,Sa 28. Feb 09:35:25 CET 2026
39,42.031325,3.24084918,9.0267,32.507692,3.601282,421.6,450,10.534,32.50769200000001,52.05792388324738,19.55023188324737,.601403,52.057936692440315,43.03393361912146,9.024003073318855,.277595,Sa 28. Feb 09:37:56 CET 2026
42,45.264503,3.49014521,9.0267,32.507692,3.601282,421.6,450,10.534,32.50769200000001,53.87096245295578,21.36327045295577,.657175,53.8709779727761,45.35012899165504,8.52084898112106,.262117,Sa 28. Feb 09:39:22 CET 2026
45,48.497682,3.73944131,9.0267,32.507692,3.601282,421.6,450,10.534,32.50769200000001,55.48173266479246,22.97404066479245,.706726,55.481750950902054,47.22757699163374,8.254173959268314,.253914,Sa 28. Feb 09:40:20 CET 2026
6,6.466357,.49859212,9.0267,32.507692,3.601282,421.6,450,10.575,32.50769200000001,34.129812552506884,1.622120552506874,.049899,34.12981296593273,30.321391491530605,3.808421474402125,.117154,Sa 28. Feb 09:47:04 CET 2026
9,9.699536,.74788823,9.0267,32.507692,3.601282,421.6,450,10.575,32.50769200000001,35.068990775469665,2.561298775469655,.078790,35.06899133900448,30.93146513613995,4.13752620286453,.127278,Sa 28. Feb 09:49:32 CET 2026
12,12.932715,.99718433,9.0267,32.507692,3.601282,421.6,450,10.575,32.50769200000001,36.11425214131261,3.60656014131260,.110944,36.114252909950295,31.603748154064935,4.510504755885360,.138751,Sa 28. Feb 10:22:50 CET 2026
15,16.165894,1.24648043,9.0267,32.507692,3.601282,421.6,450,10.575,32.50769200000001,37.285246536882866,4.777554536882856,.146966,37.285247582682544,32.348765463964,4.936482118718544,.151855,Sa 28. Feb 10:23:29 CET 2026
18,19.399073,1.49577654,9.0267,32.507692,3.601282,421.6,450,10.575,32.50769200000001,38.60502035213792,6.09732835213791,.187565,38.605021822775136,33.17655564051114,5.428466182263996,.166990,Sa 28. Feb 10:23:59 CET 2026
21,22.632251,1.74507256,9.0267,32.507692,3.601282,421.6,450,10.575,32.50769200000001,40.09858775395404,7.59089575395403,.233510,40.098589818629684,34.1102839483245,5.988305870305184,.184211,Sa 28. Feb 10:24:09 CET 2026
24,25.865430,1.99436867,9.0267,32.507692,3.601282,421.6,450,10.575,32.50769200000001,41.788017692159116,9.280325692159106,.285480,41.78802059505274,35.18118679045596,6.60683380459678,.203239,Sa 28. Feb 10:24:25 CET 2026
9,9.699536,.74788823,9.0267,32.507692,3.601282,421.6,450,10.616,32.50769200000001,35.068990775469665,2.561298775469655,.078790,35.06899134366715,30.934953925999594,4.134037417667556,.127171,Sa 28. Feb 10:24:44 CET 2026
0,0,0,9.0267,32.507692,3.601282,421.6,450,10.616,32.50769200000001,32.50769200000001,0,0,32.50769222459691,29.242972024385463,3.264720200211447,.100429,Sa 28. Feb 10:24:50 CET 2026
27,29.098609,2.24366477,9.0267,32.507692,3.601282,421.6,450,10.575,32.50769200000001,43.680643846095506,11.172951846095496,.343701,43.680647934286036,36.411878209073855,7.268769725212181,.223601,Sa 28. Feb 10:24:51 CET 2026
30,32.331788,2.49296087,9.0267,32.507692,3.601282,421.6,450,10.575,32.50769200000001,45.748894498050014,13.241202498050004,.407325,45.748900192309605,37.7940782045489,7.954821987760705,.244705,Sa 28. Feb 10:24:52 CET 2026
3,3.233178,.24929602,9.0267,32.507692,3.601282,421.6,450,10.616,32.50769200000001,33.28047478215036,.77278278215035,.023772,33.28047508859376,29.76299494698402,3.51748014160974,.108204,Sa 28. Feb 10:24:58 CET 2026
15,16.165894,1.24648043,9.0267,32.507692,3.601282,421.6,450,10.616,32.50769200000001,37.285246536882866,4.777554536882856,.146966,37.28524759504823,32.35397505854791,4.93127253650032,.151695,Sa 28. Feb 10:25:02 CET 2026
12,12.932715,.99718433,9.0267,32.507692,3.601282,421.6,450,10.616,32.50769200000001,36.11425214131261,3.60656014131260,.110944,36.11425291542887,31.608203926240602,4.506048989188268,.138614,Sa 28. Feb 10:25:04 CET 2026
33,35.564967,2.74225698,9.0267,32.507692,3.601282,421.6,450,10.575,32.50769200000001,47.91264902392066,15.40495702392065,.473886,47.91265677854568,39.330812751219625,8.581844027326055,.263994,Sa 28. Feb 10:25:05 CET 2026
6,6.466357,.49859212,9.0267,32.507692,3.601282,421.6,450,10.616,32.50769200000001,34.129812552506884,1.622120552506874,.049899,34.129812969583334,30.324165349054248,3.805647620529086,.117069,Sa 28. Feb 10:25:13 CET 2026
36,38.798146,2.99155308,9.0267,32.507692,3.601282,421.6,450,10.575,32.50769200000001,50.052170058560414,17.544478058560404,.539702,50.05218027014619,41.26442133817357,8.78775893197262,.270328,Sa 28. Feb 10:26:12 CET 2026
18,19.399073,1.49577654,9.0267,32.507692,3.601282,421.6,450,10.616,32.50769200000001,38.60502035213792,6.09732835213791,.187565,38.60502183513043,33.183015988071936,5.422005847058494,.166791,Sa 28. Feb 10:26:28 CET 2026
21,22.632251,1.74507256,9.0267,32.507692,3.601282,421.6,450,10.616,32.50769200000001,40.09858775395404,7.59089575395403,.233510,40.09858984022998,34.11806046203225,5.98052937819773,.183972,Sa 28. Feb 10:26:39 CET 2026
45,48.497682,3.73944131,9.0267,32.507692,3.601282,421.6,450,10.575,32.50769200000001,55.48173266479246,22.97404066479245,.706726,55.48175109699764,47.26928264970134,8.21246844729630,.252631,Sa 28. Feb 10:27:02 CET 2026
24,25.865430,1.99436867,9.0267,32.507692,3.601282,421.6,450,10.616,32.50769200000001,41.788017692159116,9.280325692159106,.285480,41.788020612814364,35.191292006558534,6.596728606255830,.202928,Sa 28. Feb 10:27:28 CET 2026
42,45.264503,3.49014521,9.0267,32.507692,3.601282,421.6,450,10.575,32.50769200000001,53.87096245295578,21.36327045295577,.657175,53.87097805891538,45.38670114563788,8.48427691327750,.260992,Sa 28. Feb 10:27:31 CET 2026
39,42.031325,3.24084918,9.0267,32.507692,3.601282,421.6,450,10.575,32.50769200000001,52.05792388324738,19.55023188324737,.601403,52.057936790776424,43.06824395331166,8.989692837464764,.276540,Sa 28. Feb 10:27:31 CET 2026
27,29.098609,2.24366477,9.0267,32.507692,3.601282,421.6,450,10.616,32.50769200000001,43.680643846095506,11.172951846095496,.343701,43.68064796041796,36.42356668040133,7.25708128001663,.223241,Sa 28. Feb 10:27:52 CET 2026
30,32.331788,2.49296087,9.0267,32.507692,3.601282,421.6,450,10.616,32.50769200000001,45.748894498050014,13.241202498050004,.407325,45.7489002280266,37.80806079046973,7.94083943755687,.244275,Sa 28. Feb 10:28:37 CET 2026
33,35.564967,2.74225698,9.0267,32.507692,3.601282,421.6,450,10.616,32.50769200000001,47.91264902392066,15.40495702392065,.473886,47.912656826180175,39.35323252604747,8.559424300132705,.263304,Sa 28. Feb 10:32:17 CET 2026
36,38.798146,2.99155308,9.0267,32.507692,3.601282,421.6,450,10.616,32.50769200000001,50.052170058560414,17.544478058560404,.539702,50.0521803354699,41.28553030261798,8.76665003285192,.269679,Sa 28. Feb 10:34:18 CET 2026
39,42.031325,3.24084918,9.0267,32.507692,3.601282,421.6,450,10.616,32.50769200000001,52.05792388324738,19.55023188324737,.601403,52.057936885065516,43.10281919318043,8.955117691885086,.275476,Sa 28. Feb 10:36:42 CET 2026
42,45.264503,3.49014521,9.0267,32.507692,3.601282,421.6,450,10.616,32.50769200000001,53.87096245295578,21.36327045295577,.657175,53.87097816382675,45.42260341151834,8.44837475230841,.259888,Sa 28. Feb 10:43:37 CET 2026
45,48.497682,3.73944131,9.0267,32.507692,3.601282,421.6,450,10.616,32.50769200000001,55.48173266479246,22.97404066479245,.706726,55.48175123694711,47.31150360574384,8.17024763120327,.251332,Sa 28. Feb 10:45:04 CET 2026
0,0,0,9.0267,32.507692,3.601282,421.6,500,10.493,32.50769200000001,32.50769200000001,0,0,32.507692216960635,29.228742569026156,3.278949647934479,.100866,Sa 28. Feb 11:15:37 CET 2026
12,12.932715,.99718433,9.0267,32.507692,3.601282,421.6,500,10.493,32.50769200000001,36.11425214131261,3.60656014131260,.110944,36.114252889237015,31.572365174098962,4.541887715138053,.139717,Sa 28. Feb 11:16:19 CET 2026
3,3.233178,.24929602,9.0267,32.507692,3.601282,421.6,500,10.493,32.50769200000001,33.28047478215036,.77278278215035,.023772,33.280475077015176,29.746128539958384,3.534346537056792,.108723,Sa 28. Feb 11:16:24 CET 2026
9,9.699536,.74788823,9.0267,32.507692,3.601282,421.6,500,10.493,32.50769200000001,35.068990775469665,2.561298775469655,.078790,35.0689913222074,30.908319494180173,4.160671828027227,.127990,Sa 28. Feb 11:16:24 CET 2026
6,6.466357,.49859212,9.0267,32.507692,3.601282,421.6,500,10.493,32.50769200000001,34.129812552506884,1.622120552506874,.049899,34.12981295327619,30.30321563132822,3.82659732194797,.117713,Sa 28. Feb 11:16:25 CET 2026
15,16.165894,1.24648043,9.0267,32.507692,3.601282,421.6,500,10.493,32.50769200000001,37.285246536882866,4.777554536882856,.146966,37.285247557973655,32.309937748180104,4.975309809793551,.153050,Sa 28. Feb 11:16:36 CET 2026
21,22.632251,1.74507256,9.0267,32.507692,3.601282,421.6,500,10.493,32.50769200000001,40.09858775395404,7.59089575395403,.233510,40.09858975815356,34.06351392594669,6.03507583220687,.185650,Sa 28. Feb 11:16:55 CET 2026
18,19.399073,1.49577654,9.0267,32.507692,3.601282,421.6,500,10.493,32.50769200000001,38.60502035213792,6.09732835213791,.187565,38.605021776073315,33.1326079565432,5.472413819530115,.168342,Sa 28. Feb 11:17:04 CET 2026
24,25.865430,1.99436867,9.0267,32.507692,3.601282,421.6,500,10.493,32.50769200000001,41.788017692159116,9.280325692159106,.285480,41.78802052548761,35.13318377102303,6.65483675446458,.204715,Sa 28. Feb 11:17:13 CET 2026
27,29.098609,2.24366477,9.0267,32.507692,3.601282,421.6,500,10.493,32.50769200000001,43.680643846095506,11.172951846095496,.343701,43.680647836850746,36.36458536210141,7.316062474749336,.225056,Sa 28. Feb 11:18:03 CET 2026
30,32.331788,2.49296087,9.0267,32.507692,3.601282,421.6,500,10.493,32.50769200000001,45.748894498050014,13.241202498050004,.407325,45.7489000676825,37.74559924080213,8.00330082688037,.246197,Sa 28. Feb 11:18:11 CET 2026
0,0,0,9.0267,32.507692,3.601282,421.6,500,10.534,32.50769200000001,32.50769200000001,0,0,32.50769221887027,29.230572059174794,3.277120159695476,.100810,Sa 28. Feb 11:18:47 CET 2026
33,35.564967,2.74225698,9.0267,32.507692,3.601282,421.6,500,10.493,32.50769200000001,47.91264902392066,15.40495702392065,.473886,47.9126566264886,39.3050185806912,8.6076380457974,.264787,Sa 28. Feb 11:18:51 CET 2026
12,12.932715,.99718433,9.0267,32.507692,3.601282,421.6,500,10.534,32.50769200000001,36.11425214131261,3.60656014131260,.110944,36.11425289521848,31.57666217258801,4.53759072263047,.139585,Sa 28. Feb 11:18:52 CET 2026
15,16.165894,1.24648043,9.0267,32.507692,3.601282,421.6,500,10.534,32.50769200000001,37.285246536882866,4.777554536882856,.146966,37.285247564349355,32.31530265831323,4.969944906036125,.152885,Sa 28. Feb 11:19:15 CET 2026
3,3.233178,.24929602,9.0267,32.507692,3.601282,421.6,500,10.534,32.50769200000001,33.28047478215036,.77278278215035,.023772,33.28047507987358,29.74858206977215,3.53189301010143,.108647,Sa 28. Feb 11:19:15 CET 2026
36,38.798146,2.99155308,9.0267,32.507692,3.601282,421.6,500,10.493,32.50769200000001,50.052170058560414,17.544478058560404,.539702,50.052180083071974,41.251742776996416,8.800437306075558,.270718,Sa 28. Feb 11:19:16 CET 2026
18,19.399073,1.49577654,9.0267,32.507692,3.601282,421.6,500,10.534,32.50769200000001,38.60502035213792,6.09732835213791,.187565,38.60502178949044,33.13907539378872,5.46594639570172,.168143,Sa 28. Feb 11:19:23 CET 2026
9,9.699536,.74788823,9.0267,32.507692,3.601282,421.6,500,10.534,32.50769200000001,35.068990775469665,2.561298775469655,.078790,35.06899132725212,30.91171743334597,4.15727389390615,.127885,Sa 28. Feb 11:19:35 CET 2026
6,6.466357,.49859212,9.0267,32.507692,3.601282,421.6,500,10.534,32.50769200000001,34.129812552506884,1.622120552506874,.049899,34.12981295721929,30.306237780247073,3.823575176972217,.117620,Sa 28. Feb 11:19:45 CET 2026
39,42.031325,3.24084918,9.0267,32.507692,3.601282,421.6,500,10.493,32.50769200000001,52.05792388324738,19.55023188324737,.601403,52.05793654771907,43.056300811429224,9.001635736289846,.276907,Sa 28. Feb 11:22:09 CET 2026
45,48.497682,3.73944131,9.0267,32.507692,3.601282,421.6,500,10.493,32.50769200000001,55.48173266479246,22.97404066479245,.706726,55.48175079229314,47.192053815269766,8.289696977023374,.255007,Sa 28. Feb 11:22:22 CET 2026
42,45.264503,3.49014521,9.0267,32.507692,3.601282,421.6,500,10.493,32.50769200000001,53.87096245295578,21.36327045295577,.657175,53.87097786346717,45.31932341220059,8.55165445126658,.263065,Sa 28. Feb 11:22:25 CET 2026
21,22.632251,1.74507256,9.0267,32.507692,3.601282,421.6,500,10.534,32.50769200000001,40.09858775395404,7.59089575395403,.233510,40.09858976970583,34.071607127218755,6.026982642487075,.185401,Sa 28. Feb 11:24:06 CET 2026
24,25.865430,1.99436867,9.0267,32.507692,3.601282,421.6,500,10.534,32.50769200000001,41.788017692159116,9.280325692159106,.285480,41.78802054479915,35.143174153915304,6.644846390883846,.204408,Sa 28. Feb 11:25:33 CET 2026
27,29.098609,2.24366477,9.0267,32.507692,3.601282,421.6,500,10.534,32.50769200000001,43.680643846095506,11.172951846095496,.343701,43.68064786549161,36.37666771742122,7.30398014807039,.224684,Sa 28. Feb 11:30:39 CET 2026
30,32.331788,2.49296087,9.0267,32.507692,3.601282,421.6,500,10.534,32.50769200000001,45.748894498050014,13.241202498050004,.407325,45.74890010704404,37.760804018989155,7.988096088054885,.245729,Sa 28. Feb 11:37:21 CET 2026
33,35.564967,2.74225698,9.0267,32.507692,3.601282,421.6,500,10.534,32.50769200000001,47.91264902392066,15.40495702392065,.473886,47.912656678880985,39.32865896326035,8.583997715620635,.264060,Sa 28. Feb 11:38:49 CET 2026
0,0,0,9.0267,32.507692,3.601282,421.6,500,10.575,32.50769200000001,32.50769200000001,0,0,32.50769222071606,29.232500652077743,3.275191568638317,.100751,Sa 28. Feb 12:09:09 CET 2026
9,9.699536,.74788823,9.0267,32.507692,3.601282,421.6,500,10.575,32.50769200000001,35.068990775469665,2.561298775469655,.078790,35.06899133214501,30.91505648067139,4.15393485147362,.127783,Sa 28. Feb 12:09:16 CET 2026
3,3.233178,.24929602,9.0267,32.507692,3.601282,421.6,500,10.575,32.50769200000001,33.28047478215036,.77278278215035,.023772,33.28047508263981,29.750923217172293,3.529551865467517,.108575,Sa 28. Feb 12:09:26 CET 2026
12,12.932715,.99718433,9.0267,32.507692,3.601282,421.6,500,10.575,32.50769200000001,36.11425214131261,3.60656014131260,.110944,36.1142529009618,31.580926873160205,4.533326027801595,.139453,Sa 28. Feb 12:09:34 CET 2026
15,16.165894,1.24648043,9.0267,32.507692,3.601282,421.6,500,10.575,32.50769200000001,37.285246536882866,4.777554536882856,.146966,37.285247570480536,32.320506655556876,4.964740914923660,.152725,Sa 28. Feb 12:09:43 CET 2026
36,38.798146,2.99155308,9.0267,32.507692,3.601282,421.6,500,10.534,32.50769200000001,50.052170058560414,17.544478058560404,.539702,50.052180154730124,41.27262740375754,8.779552750972584,.270076,Sa 28. Feb 12:09:46 CET 2026
6,6.466357,.49859212,9.0267,32.507692,3.601282,421.6,500,10.575,32.50769200000001,34.129812552506884,1.622120552506874,.049899,34.12981296104443,30.309089175721326,3.820723785323104,.117532,Sa 28. Feb 12:09:51 CET 2026
18,19.399073,1.49577654,9.0267,32.507692,3.601282,421.6,500,10.575,32.50769200000001,38.60502035213792,6.09732835213791,.187565,38.60502180243949,33.14562196180732,5.45939984063217,.167941,Sa 28. Feb 12:10:19 CET 2026
24,25.865430,1.99436867,9.0267,32.507692,3.601282,421.6,500,10.575,32.50769200000001,41.788017692159116,9.280325692159106,.285480,41.788020563246384,35.1531086095163,6.634911953730084,.204102,Sa 28. Feb 12:11:06 CET 2026
21,22.632251,1.74507256,9.0267,32.507692,3.601282,421.6,500,10.575,32.50769200000001,40.09858775395404,7.59089575395403,.233510,40.09858978619779,34.07955257760491,6.01903720859288,.185157,Sa 28. Feb 12:11:28 CET 2026
42,45.264503,3.49014521,9.0267,32.507692,3.601282,421.6,500,10.534,32.50769200000001,53.87096245295578,21.36327045295577,.657175,53.870977952727365,45.3538951285641,8.517082824163265,.262002,Sa 28. Feb 12:11:31 CET 2026
27,29.098609,2.24366477,9.0267,32.507692,3.601282,421.6,500,10.575,32.50769200000001,43.680643846095506,11.172951846095496,.343701,43.68064789303523,36.38850764709234,7.29214024594289,.224320,Sa 28. Feb 12:11:50 CET 2026
39,42.031325,3.24084918,9.0267,32.507692,3.601282,421.6,500,10.534,32.50769200000001,52.05792388324738,19.55023188324737,.601403,52.0579366512703,43.091092712371754,8.966843938898546,.275837,Sa 28. Feb 12:12:05 CET 2026
45,48.497682,3.73944131,9.0267,32.507692,3.601282,421.6,500,10.534,32.50769200000001,55.48173266479246,22.97404066479245,.706726,55.481750943498106,47.23668008669637,8.245070856801736,.253634,Sa 28. Feb 12:12:06 CET 2026
33,35.564967,2.74225698,9.0267,32.507692,3.601282,421.6,500,10.575,32.50769200000001,47.91264902392066,15.40495702392065,.473886,47.91265672916683,39.3530730178612,8.55958371130563,.263309,Sa 28. Feb 12:12:43 CET 2026
30,32.331788,2.49296087,9.0267,32.507692,3.601282,421.6,500,10.575,32.50769200000001,45.748894498050014,13.241202498050004,.407325,45.74890014472722,37.77540095617102,7.97349918855620,.245280,Sa 28. Feb 12:12:44 CET 2026
36,38.798146,2.99155308,9.0267,32.507692,3.601282,421.6,500,10.575,32.50769200000001,50.052170058560414,17.544478058560404,.539702,50.05218022349237,41.29354559100862,8.75863463248375,.269432,Sa 28. Feb 12:13:51 CET 2026
0,0,0,9.0267,32.507692,3.601282,421.6,500,10.616,32.50769200000001,32.50769200000001,0,0,32.50769222248758,29.234418686752075,3.273273535735505,.100692,Sa 28. Feb 12:14:00 CET 2026
3,3.233178,.24929602,9.0267,32.507692,3.601282,421.6,500,10.616,32.50769200000001,33.28047478215036,.77278278215035,.023772,33.280475085303365,29.753220978470612,3.527254106832753,.108505,Sa 28. Feb 12:14:13 CET 2026
45,48.497682,3.73944131,9.0267,32.507692,3.601282,421.6,500,10.575,32.50769200000001,55.48173266479246,22.97404066479245,.706726,55.481751089123236,47.281900011104725,8.199851078018511,.252243,Sa 28. Feb 12:14:34 CET 2026
6,6.466357,.49859212,9.0267,32.507692,3.601282,421.6,500,10.616,32.50769200000001,34.129812552506884,1.622120552506874,.049899,34.129812964730014,30.311940729927397,3.817872234802617,.117445,Sa 28. Feb 12:14:38 CET 2026
42,45.264503,3.49014521,9.0267,32.507692,3.601282,421.6,500,10.575,32.50769200000001,53.87096245295578,21.36327045295577,.657175,53.87097803923162,45.387456637773,8.48352140145862,.260969,Sa 28. Feb 12:14:59 CET 2026
9,9.699536,.74788823,9.0267,32.507692,3.601282,421.6,500,10.616,32.50769200000001,35.068990775469665,2.561298775469655,.078790,35.068991336857856,30.918672568246116,4.150318768611740,.127671,Sa 28. Feb 12:15:06 CET 2026
39,42.031325,3.24084918,9.0267,32.507692,3.601282,421.6,500,10.575,32.50769200000001,52.05792388324738,19.55023188324737,.601403,52.057936750392955,43.12603158628471,8.931905164108245,.274762,Sa 28. Feb 12:15:22 CET 2026
12,12.932715,.99718433,9.0267,32.507692,3.601282,421.6,500,10.616,32.50769200000001,36.11425214131261,3.60656014131260,.110944,36.11425290651174,31.585274992700068,4.528977913811672,.139320,Sa 28. Feb 12:16:19 CET 2026
15,16.165894,1.24648043,9.0267,32.507692,3.601282,421.6,500,10.616,32.50769200000001,37.285246536882866,4.777554536882856,.146966,37.28524757754208,32.32583736651495,4.95941021102713,.152561,Sa 28. Feb 12:20:55 CET 2026
18,19.399073,1.49577654,9.0267,32.507692,3.601282,421.6,500,10.616,32.50769200000001,38.60502035213792,6.09732835213791,.187565,38.605021814953794,33.15219811946498,5.452823695488814,.167739,Sa 28. Feb 12:29:09 CET 2026
21,22.632251,1.74507256,9.0267,32.507692,3.601282,421.6,500,10.616,32.50769200000001,40.09858775395404,7.59089575395403,.233510,40.098589808061895,34.08732602645597,6.011263781605925,.184918,Sa 28. Feb 12:30:23 CET 2026
24,25.865430,1.99436867,9.0267,32.507692,3.601282,421.6,500,10.616,32.50769200000001,41.788017692159116,9.280325692159106,.285480,41.788020581126105,35.162784673588,6.625235907538105,.203805,Sa 28. Feb 13:02:07 CET 2026
27,29.098609,2.24366477,9.0267,32.507692,3.601282,421.6,500,10.616,32.50769200000001,43.680643846095506,11.172951846095496,.343701,43.68064791937705,36.40038144956017,7.28026646981688,.223955,Sa 28. Feb 13:02:50 CET 2026
30,32.331788,2.49296087,9.0267,32.507692,3.601282,421.6,500,10.616,32.50769200000001,45.748894498050014,13.241202498050004,.407325,45.74890018090894,37.789784586579586,7.959115594329354,.244837,Sa 28. Feb 13:03:04 CET 2026
33,35.564967,2.74225698,9.0267,32.507692,3.601282,421.6,500,10.616,32.50769200000001,47.91264902392066,15.40495702392065,.473886,47.91265677724879,39.376568986391014,8.536087790857776,.262586,Sa 28. Feb 13:03:21 CET 2026
0,0,0,9.0267,32.507692,3.601282,421.6,550,10.493,32.50769200000001,32.50769200000001,0,0,32.50769221564904,29.220711505804108,3.286980709844932,.101113,Sa 28. Feb 13:03:24 CET 2026
3,3.233178,.24929602,9.0267,32.507692,3.601282,421.6,550,10.493,32.50769200000001,33.28047478215036,.77278278215035,.023772,33.28047507498448,29.736333171084716,3.544141903899764,.109024,Sa 28. Feb 13:03:51 CET 2026
9,9.699536,.74788823,9.0267,32.507692,3.601282,421.6,550,10.493,32.50769200000001,35.068990775469665,2.561298775469655,.078790,35.06899131796681,30.891744046592112,4.177247271374698,.128500,Sa 28. Feb 13:04:00 CET 2026
12,12.932715,.99718433,9.0267,32.507692,3.601282,421.6,550,10.493,32.50769200000001,36.11425214131261,3.60656014131260,.110944,36.11425288358033,31.551125080037835,4.563127803542495,.140370,Sa 28. Feb 13:04:02 CET 2026
36,38.798146,2.99155308,9.0267,32.507692,3.601282,421.6,500,10.616,32.50769200000001,50.052170058560414,17.544478058560404,.539702,50.05218028932635,41.313988749180325,8.738191540146025,.268803,Sa 28. Feb 13:04:12 CET 2026
6,6.466357,.49859212,9.0267,32.507692,3.601282,421.6,550,10.493,32.50769200000001,34.129812552506884,1.622120552506874,.049899,34.12981295025893,30.291407924502142,3.838405025756788,.118076,Sa 28. Feb 13:04:20 CET 2026
21,22.632251,1.74507256,9.0267,32.507692,3.601282,421.6,550,10.493,32.50769200000001,40.09858775395404,7.59089575395403,.233510,40.09858974418021,34.04306989132133,6.05551985285888,.186279,Sa 28. Feb 13:04:22 CET 2026
15,16.165894,1.24648043,9.0267,32.507692,3.601282,421.6,550,10.493,32.50769200000001,37.285246536882866,4.777554536882856,.146966,37.28524755095099,32.28561161576788,4.99963593518311,.153798,Sa 28. Feb 13:04:26 CET 2026
18,19.399073,1.49577654,9.0267,32.507692,3.601282,421.6,550,10.493,32.50769200000001,38.60502035213792,6.09732835213791,.187565,38.605021762782734,33.11164738335643,5.493374379426304,.168986,Sa 28. Feb 13:04:36 CET 2026
39,42.031325,3.24084918,9.0267,32.507692,3.601282,421.6,500,10.616,32.50769200000001,52.05792388324738,19.55023188324737,.601403,52.05793684519491,43.160935859120954,8.897000986073956,.273689,Sa 28. Feb 13:04:59 CET 2026
45,48.497682,3.73944131,9.0267,32.507692,3.601282,421.6,500,10.616,32.50769200000001,55.48173266479246,22.97404066479245,.706726,55.481751228820315,47.32726616799364,8.154485060826675,.250847,Sa 28. Feb 13:05:03 CET 2026
24,25.865430,1.99436867,9.0267,32.507692,3.601282,421.6,550,10.493,32.50769200000001,41.788017692159116,9.280325692159106,.285480,41.78802050448503,35.11187216098244,6.67614834350259,.205371,Sa 28. Feb 13:05:16 CET 2026
42,45.264503,3.49014521,9.0267,32.507692,3.601282,421.6,500,10.616,32.50769200000001,53.87096245295578,21.36327045295577,.657175,53.870978131910675,45.420947253829155,8.450030878081520,.259939,Sa 28. Feb 13:05:36 CET 2026
27,29.098609,2.24366477,9.0267,32.507692,3.601282,421.6,550,10.493,32.50769200000001,43.680643846095506,11.172951846095496,.343701,43.68064780990748,36.34339290712263,7.33725490278485,.225708,Sa 28. Feb 13:06:40 CET 2026
30,32.331788,2.49296087,9.0267,32.507692,3.601282,421.6,550,10.493,32.50769200000001,45.748894498050014,13.241202498050004,.407325,45.74890003682153,37.72677819559054,8.02212184123099,.246776,Sa 28. Feb 13:07:35 CET 2026
33,35.564967,2.74225698,9.0267,32.507692,3.601282,421.6,550,10.493,32.50769200000001,47.91264902392066,15.40495702392065,.473886,47.912656595288574,39.32955316357632,8.583103431712254,.264032,Sa 28. Feb 13:08:18 CET 2026
0,0,0,9.0267,32.507692,3.601282,421.6,550,10.534,32.50769200000001,32.50769200000001,0,0,32.507692217573315,29.222697710184683,3.284994507388632,.101052,Sa 28. Feb 13:08:51 CET 2026
36,38.798146,2.99155308,9.0267,32.507692,3.601282,421.6,550,10.493,32.50769200000001,50.052170058560414,17.544478058560404,.539702,50.05218005463718,41.28324618945249,8.76893386518469,.269749,Sa 28. Feb 13:09:02 CET 2026
42,45.264503,3.49014521,9.0267,32.507692,3.601282,421.6,550,10.493,32.50769200000001,53.87096245295578,21.36327045295577,.657175,53.8709778506168,45.31252316566997,8.55845468494683,.263274,Sa 28. Feb 13:10:56 CET 2026
39,42.031325,3.24084918,9.0267,32.507692,3.601282,421.6,550,10.493,32.50769200000001,52.05792388324738,19.55023188324737,.601403,52.05793652485453,43.11778284712906,8.94015367772547,.275016,Sa 28. Feb 13:11:23 CET 2026
45,48.497682,3.73944131,9.0267,32.507692,3.601282,421.6,550,10.493,32.50769200000001,55.48173266479246,22.97404066479245,.706726,55.48175078814386,47.21824716534463,8.26350362279923,.254201,Sa 28. Feb 13:11:24 CET 2026
3,3.233178,.24929602,9.0267,32.507692,3.601282,421.6,550,10.534,32.50769200000001,33.28047478215036,.77278278215035,.023772,33.28047507786574,29.738692468449102,3.541782609416638,.108952,Sa 28. Feb 13:13:39 CET 2026
6,6.466357,.49859212,9.0267,32.507692,3.601282,421.6,550,10.534,32.50769200000001,34.129812552506884,1.622120552506874,.049899,34.12981295422168,30.29434669396184,3.83546626025984,.117986,Sa 28. Feb 13:21:49 CET 2026
9,9.699536,.74788823,9.0267,32.507692,3.601282,421.6,550,10.534,32.50769200000001,35.068990775469665,2.561298775469655,.078790,35.06899132303515,30.895273565314692,4.173717757720458,.128391,Sa 28. Feb 13:22:39 CET 2026
12,12.932715,.99718433,9.0267,32.507692,3.601282,421.6,550,10.534,32.50769200000001,36.11425214131261,3.60656014131260,.110944,36.114252889620104,31.55532064561879,4.558932244001314,.140241,Sa 28. Feb 13:54:11 CET 2026
18,19.399073,1.49577654,9.0267,32.507692,3.601282,421.6,550,10.534,32.50769200000001,38.60502035213792,6.09732835213791,.187565,38.60502177627661,33.118084420181006,5.486937356095604,.168788,Sa 28. Feb 13:54:55 CET 2026
15,16.165894,1.24648043,9.0267,32.507692,3.601282,421.6,550,10.534,32.50769200000001,37.285246536882866,4.777554536882856,.146966,37.285247557390505,32.290664096734794,4.994583460655711,.153643,Sa 28. Feb 13:55:38 CET 2026
24,25.865430,1.99436867,9.0267,32.507692,3.601282,421.6,550,10.534,32.50769200000001,41.788017692159116,9.280325692159106,.285480,41.788020523899675,35.122132133094745,6.665888390804930,.205055,Sa 28. Feb 13:55:46 CET 2026
21,22.632251,1.74507256,9.0267,32.507692,3.601282,421.6,550,10.534,32.50769200000001,40.09858775395404,7.59089575395403,.233510,40.09858975579234,34.05119359833642,6.04739615745592,.186029,Sa 28. Feb 13:55:48 CET 2026
27,29.098609,2.24366477,9.0267,32.507692,3.601282,421.6,550,10.534,32.50769200000001,43.680643846095506,11.172951846095496,.343701,43.68064783867128,36.35568163620132,7.32496620246996,.225330,Sa 28. Feb 13:57:03 CET 2026
0,0,0,9.0267,32.507692,3.601282,421.6,550,10.575,32.50769200000001,32.50769200000001,0,0,32.50769221942089,29.224613649274144,3.283078570146746,.100993,Sa 28. Feb 13:57:12 CET 2026
9,9.699536,.74788823,9.0267,32.507692,3.601282,421.6,550,10.575,32.50769200000001,35.068990775469665,2.561298775469655,.078790,35.06899132795459,30.898747574557,4.17024375339759,.128284,Sa 28. Feb 13:57:40 CET 2026
30,32.331788,2.49296087,9.0267,32.507692,3.601282,421.6,550,10.534,32.50769200000001,45.748894498050014,13.241202498050004,.407325,45.748900076409356,37.74177404552253,8.007126030886826,.246314,Sa 28. Feb 13:57:43 CET 2026
15,16.165894,1.24648043,9.0267,32.507692,3.601282,421.6,550,10.575,32.50769200000001,37.285246536882866,4.777554536882856,.146966,37.28524756357979,32.29571444392874,4.98953311965105,.153487,Sa 28. Feb 13:57:50 CET 2026
33,35.564967,2.74225698,9.0267,32.507692,3.601282,421.6,550,10.534,32.50769200000001,47.91264902392066,15.40495702392065,.473886,47.9126566478947,39.35461333343522,8.55804331445948,.263262,Sa 28. Feb 13:57:55 CET 2026
12,12.932715,.99718433,9.0267,32.507692,3.601282,421.6,550,10.575,32.50769200000001,36.11425214131261,3.60656014131260,.110944,36.114252895403105,31.559445796178665,4.554807099224440,.140114,Sa 28. Feb 13:57:56 CET 2026
6,6.466357,.49859212,9.0267,32.507692,3.601282,421.6,550,10.575,32.50769200000001,34.129812552506884,1.622120552506874,.049899,34.12981295807012,30.297213211926046,3.832599746144074,.117898,Sa 28. Feb 13:57:58 CET 2026
3,3.233178,.24929602,9.0267,32.507692,3.601282,421.6,550,10.575,32.50769200000001,33.28047478215036,.77278278215035,.023772,33.280475080636016,29.741014311247465,3.539460769388551,.108880,Sa 28. Feb 13:58:01 CET 2026
36,38.798146,2.99155308,9.0267,32.507692,3.601282,421.6,550,10.534,32.50769200000001,50.052170058560414,17.544478058560404,.539702,50.05218012650941,41.30423438222758,8.74794574428183,.269103,Sa 28. Feb 13:58:21 CET 2026
18,19.399073,1.49577654,9.0267,32.507692,3.601282,421.6,550,10.575,32.50769200000001,38.60502035213792,6.09732835213791,.187565,38.60502178931451,33.124764903036585,5.480256886277925,.168583,Sa 28. Feb 13:58:45 CET 2026
39,42.031325,3.24084918,9.0267,32.507692,3.601282,421.6,550,10.534,32.50769200000001,52.05792388324738,19.55023188324737,.601403,52.057936629182535,43.152842948016804,8.905093681165731,.273938,Sa 28. Feb 13:59:36 CET 2026
21,22.632251,1.74507256,9.0267,32.507692,3.601282,421.6,550,10.575,32.50769200000001,40.09858775395404,7.59089575395403,.233510,40.098589766952934,34.05947515058504,6.039114616367894,.185774,Sa 28. Feb 14:00:35 CET 2026
24,25.865430,1.99436867,9.0267,32.507692,3.601282,421.6,550,10.575,32.50769200000001,41.788017692159116,9.280325692159106,.285480,41.7880205427244,35.13195153202776,6.65606901069664,.204753,Sa 28. Feb 14:00:43 CET 2026
45,48.497682,3.73944131,9.0267,32.507692,3.601282,421.6,550,10.534,32.50769200000001,55.48173266479246,22.97404066479245,.706726,55.48175093842312,47.265648920418805,8.216102018004315,.252743,Sa 28. Feb 14:00:45 CET 2026
42,45.264503,3.49014521,9.0267,32.507692,3.601282,421.6,550,10.534,32.50769200000001,53.87096245295578,21.36327045295577,.657175,53.87097794016605,45.34510707605983,8.52587086410622,.262272,Sa 28. Feb 14:00:49 CET 2026
27,29.098609,2.24366477,9.0267,32.507692,3.601282,421.6,550,10.575,32.50769200000001,43.680643846095506,11.172951846095496,.343701,43.68064786638533,36.3679217856401,7.31272608074523,.224953,Sa 28. Feb 14:01:31 CET 2026
30,32.331788,2.49296087,9.0267,32.507692,3.601282,421.6,550,10.575,32.50769200000001,45.748894498050014,13.241202498050004,.407325,45.7489001143862,37.756593941361935,7.992306173024265,.245858,Sa 28. Feb 14:04:21 CET 2026
33,35.564967,2.74225698,9.0267,32.507692,3.601282,421.6,550,10.575,32.50769200000001,47.91264902392066,15.40495702392065,.473886,47.91265669839468,39.38012753214941,8.53252916624527,.262477,Sa 28. Feb 14:05:35 CET 2026
36,38.798146,2.99155308,9.0267,32.507692,3.601282,421.6,550,10.575,32.50769200000001,50.052170058560414,17.544478058560404,.539702,50.052180195490315,41.32516121728388,8.727018978206435,.268460,Sa 28. Feb 14:06:42 CET 2026
39,42.031325,3.24084918,9.0267,32.507692,3.601282,421.6,550,10.575,32.50769200000001,52.05792388324738,19.55023188324737,.601403,52.05793672758289,43.187935396718714,8.870001330864176,.272858,Sa 28. Feb 14:09:49 CET 2026
42,45.264503,3.49014521,9.0267,32.507692,3.601282,421.6,550,10.575,32.50769200000001,53.87096245295578,21.36327045295577,.657175,53.870978026321154,45.37685634366777,8.494121682653384,.261295,Sa 28. Feb 14:18:06 CET 2026
45,48.497682,3.73944131,9.0267,32.507692,3.601282,421.6,550,10.575,32.50769200000001,55.48173266479246,22.97404066479245,.706726,55.4817510848351,47.3133307457256,8.1684203391095,.251276,Sa 28. Feb 14:20:02 CET 2026
0,0,0,9.0267,32.507692,3.601282,421.6,550,10.616,32.50769200000001,32.50769200000001,0,0,32.50769222119885,29.226516417076095,3.281175804122755,.100935,Sa 28. Feb 14:46:29 CET 2026
3,3.233178,.24929602,9.0267,32.507692,3.601282,421.6,550,10.616,32.50769200000001,33.28047478215036,.77278278215035,.023772,33.28047508331444,29.743346615996956,3.537128467317484,.108808,Sa 28. Feb 14:47:00 CET 2026
12,12.932715,.99718433,9.0267,32.507692,3.601282,421.6,550,10.616,32.50769200000001,36.11425214131261,3.60656014131260,.110944,36.11425290097722,31.563626097282953,4.550626803694267,.139986,Sa 28. Feb 14:47:49 CET 2026
9,9.699536,.74788823,9.0267,32.507692,3.601282,421.6,550,10.616,32.50769200000001,35.068990775469665,2.561298775469655,.078790,35.06899133271502,30.90230391608945,4.16668741662557,.128175,Sa 28. Feb 14:47:57 CET 2026
6,6.466357,.49859212,9.0267,32.507692,3.601282,421.6,550,10.616,32.50769200000001,34.129812552506884,1.622120552506874,.049899,34.129812961766916,30.30000173070494,3.829811231061976,.117812,Sa 28. Feb 14:48:22 CET 2026
15,16.165894,1.24648043,9.0267,32.507692,3.601282,421.6,550,10.616,32.50769200000001,37.285246536882866,4.777554536882856,.146966,37.28524756953211,32.30084141418931,4.98440615534280,.153330,Sa 28. Feb 14:48:32 CET 2026
18,19.399073,1.49577654,9.0267,32.507692,3.601282,421.6,550,10.616,32.50769200000001,38.60502035213792,6.09732835213791,.187565,38.60502180193439,33.13101535568159,5.47400644625280,.168391,Sa 28. Feb 14:48:47 CET 2026
24,25.865430,1.99436867,9.0267,32.507692,3.601282,421.6,550,10.616,32.50769200000001,41.788017692159116,9.280325692159106,.285480,41.78802056100211,35.14201653298351,6.64600402801860,.204444,Sa 28. Feb 14:50:05 CET 2026
21,22.632251,1.74507256,9.0267,32.507692,3.601282,421.6,550,10.616,32.50769200000001,40.09858775395404,7.59089575395403,.233510,40.09858978685011,34.06752038535396,6.03106940149615,.185527,Sa 28. Feb 14:50:09 CET 2026
27,29.098609,2.24366477,9.0267,32.507692,3.601282,421.6,550,10.616,32.50769200000001,43.680643846095506,11.172951846095496,.343701,43.68064789295782,36.38023796272839,7.30040993022943,.224574,Sa 28. Feb 14:50:37 CET 2026
30,32.331788,2.49296087,9.0267,32.507692,3.601282,421.6,550,10.616,32.50769200000001,45.748894498050014,13.241202498050004,.407325,45.748900150706866,37.77112173528569,7.977778415421176,.245412,Sa 28. Feb 14:51:10 CET 2026
33,35.564967,2.74225698,9.0267,32.507692,3.601282,421.6,550,10.616,32.50769200000001,47.91264902392066,15.40495702392065,.473886,47.91265674672108,39.40514959429639,8.50750715242469,.261707,Sa 28. Feb 14:51:30 CET 2026
0,0,0,10.1000,35.035970,3.468908,421.6,450,10.493,35.03597000000001,35.03597000000001,0,0,35.03597054059756,31.003012704874024,4.032957835723536,.115109,Sa 28. Feb 14:52:33 CET 2026
6,5.999720,.49859215,10.1000,35.035970,3.468908,421.6,450,10.493,35.03597000000001,36.7842509797452,1.74828097974519,.049899,36.78425188260744,32.14708673217416,4.63716515043328,.132354,Sa 28. Feb 14:52:52 CET 2026
36,38.798146,2.99155308,9.0267,32.507692,3.601282,421.6,550,10.616,32.50769200000001,50.052170058560414,17.544478058560404,.539702,50.05218026145985,41.34596359161082,8.70621666984903,.267820,Sa 28. Feb 14:53:05 CET 2026
9,8.999580,.74788823,10.1000,35.035970,3.468908,421.6,450,10.493,35.03597000000001,37.79647325182857,2.76050325182856,.078790,37.79647443112112,32.79556931173018,5.00090511939094,.142736,Sa 28. Feb 14:53:40 CET 2026
39,42.031325,3.24084918,9.0267,32.507692,3.601282,421.6,550,10.616,32.50769200000001,52.05792388324738,19.55023188324737,.601403,52.05793682288471,43.22276845869729,8.83516836418742,.271787,Sa 28. Feb 14:53:45 CET 2026
3,2.999860,.24929607,10.1000,35.035970,3.468908,421.6,450,10.493,35.03597000000001,35.86885584183988,.83288584183987,.023772,35.86885653828219,31.550223994475605,4.318632543806585,.123262,Sa 28. Feb 14:53:56 CET 2026
42,45.264503,3.49014521,9.0267,32.507692,3.601282,421.6,550,10.616,32.50769200000001,53.87096245295578,21.36327045295577,.657175,53.870978117933156,45.408514680418314,8.462463437514842,.260321,Sa 28. Feb 14:53:58 CET 2026
45,48.497682,3.73944131,9.0267,32.507692,3.601282,421.6,550,10.616,32.50769200000001,55.48173266479246,22.97404066479245,.706726,55.4817512255448,47.361888394014,8.1198628315308,.249782,Sa 28. Feb 14:54:20 CET 2026
12,11.999440,.99718431,10.1000,35.035970,3.468908,421.6,450,10.493,35.03597000000001,38.923029152815396,3.887059152815386,.110944,38.92303070069682,33.51715350367726,5.40587719701956,.154295,Sa 28. Feb 14:54:28 CET 2026
15,14.999300,1.24648039,10.1000,35.035970,3.468908,421.6,450,10.493,35.03597000000001,40.185097038609435,5.149127038609425,.146966,40.18509906991527,34.343465866430705,5.841633203484565,.166732,Sa 28. Feb 14:54:57 CET 2026
18,17.999160,1.49577647,10.1000,35.035970,3.468908,421.6,450,10.493,35.03597000000001,41.60751560202958,6.57154560202957,.187565,41.607518250254486,35.28328855912739,6.324229691127096,.180506,Sa 28. Feb 14:57:38 CET 2026
21,20.999021,1.74507264,10.1000,35.035970,3.468908,421.6,450,10.493,35.03597000000001,43.21724587620357,8.18127587620356,.233510,43.21724942826847,36.3566234902088,6.86062593805967,.195816,Sa 28. Feb 14:59:05 CET 2026
24,23.998881,1.99436872,10.1000,35.035970,3.468908,421.6,450,10.493,35.03597000000001,45.03806991821902,10.00209991821901,.285480,45.038074646450916,37.63604365752881,7.402030988922106,.211269,Sa 28. Feb 14:59:19 CET 2026
27,26.998741,2.24366480,10.1000,35.035970,3.468908,421.6,450,10.493,35.03597000000001,47.07789480686456,12.04192480686455,.343701,47.07790109945823,39.24656658650803,7.83133451295020,.223522,Sa 28. Feb 15:03:06 CET 2026
30,29.998601,2.49296087,10.1000,35.035970,3.468908,421.6,450,10.493,35.03597000000001,49.307001087677094,14.271031087677084,.407325,49.307009428599805,40.80894094479968,8.498068483800125,.242552,Sa 28. Feb 15:12:55 CET 2026
33,32.998461,2.74225695,10.1000,35.035970,3.468908,421.6,450,10.493,35.03597000000001,51.639036041942006,16.603066041941996,.473886,51.63904692702048,42.292618617670485,9.346428309349995,.266766,Sa 28. Feb 15:15:16 CET 2026
36,35.998321,2.99155303,10.1000,35.035970,3.468908,421.6,450,10.493,35.03597000000001,53.94496589738178,18.90899589738177,.539702,53.944979711965125,44.874292688379086,9.070687023586039,.258896,Sa 28. Feb 15:41:33 CET 2026
3,2.999860,.24929607,10.1000,35.035970,3.468908,421.6,450,10.534,35.03597000000001,35.86885584183988,.83288584183987,.023772,35.86885654707956,31.55399872684943,4.31485782023013,.123155,Sa 28. Feb 15:41:45 CET 2026
0,0,0,10.1000,35.035970,3.468908,421.6,450,10.534,35.03597000000001,35.03597000000001,0,0,35.035970547127214,31.006180270336557,4.029790276790657,.115018,Sa 28. Feb 15:42:06 CET 2026
39,38.998181,3.24084911,10.1000,35.035970,3.468908,421.6,450,10.493,35.03597000000001,56.10670649082197,21.07073649082196,.601402,56.10672356196058,48.43489018907846,7.67183337288212,.218970,Sa 28. Feb 15:42:13 CET 2026
6,5.999720,.49859215,10.1000,35.035970,3.468908,421.6,450,10.534,35.03597000000001,36.7842509797452,1.74828097974519,.049899,36.78425189377586,32.15158210436166,4.63266978941420,.132226,Sa 28. Feb 15:42:17 CET 2026
45,44.997902,3.73944136,10.1000,35.035970,3.468908,421.6,450,10.493,35.03597000000001,59.796814373627356,24.760844373627346,.706726,59.79683796292067,54.70779629458242,5.08904166833825,.145251,Sa 28. Feb 15:42:47 CET 2026
42,41.998042,3.49014528,10.1000,35.035970,3.468908,421.6,450,10.493,35.03597000000001,58.06077042174096,23.02480042174095,.657176,58.060790772193506,52.013814704325966,6.046976067867540,.172593,Sa 28. Feb 15:42:52 CET 2026
9,8.999580,.74788823,10.1000,35.035970,3.468908,421.6,450,10.534,35.03597000000001,37.79647325182857,2.76050325182856,.078790,37.796474444480886,32.801065963865256,4.995408480615630,.142579,Sa 28. Feb 15:43:13 CET 2026
12,11.999440,.99718431,10.1000,35.035970,3.468908,421.6,450,10.534,35.03597000000001,38.923029152815396,3.887059152815386,.110944,38.92303071575236,33.52360662247215,5.39942409328021,.154110,Sa 28. Feb 15:43:34 CET 2026
18,17.999160,1.49577647,10.1000,35.035970,3.468908,421.6,450,10.534,35.03597000000001,41.60751560202958,6.57154560202957,.187565,41.60751827985106,35.292821335814125,6.314696944036935,.180234,Sa 28. Feb 15:44:05 CET 2026
15,14.999300,1.24648039,10.1000,35.035970,3.468908,421.6,450,10.534,35.03597000000001,40.185097038609435,5.149127038609425,.146966,40.185099085478356,34.35123058212284,5.833868503355516,.166510,Sa 28. Feb 15:44:50 CET 2026
21,20.999021,1.74507264,10.1000,35.035970,3.468908,421.6,450,10.534,35.03597000000001,43.21724587620357,8.18127587620356,.233510,43.21724945479818,36.36816021423828,6.84908924055990,.195487,Sa 28. Feb 15:45:11 CET 2026
24,23.998881,1.99436872,10.1000,35.035970,3.468908,421.6,450,10.534,35.03597000000001,45.03806991821902,10.00209991821901,.285480,45.03807468811617,37.64970408132594,7.38837060679023,.210879,Sa 28. Feb 15:46:16 CET 2026
27,26.998741,2.24366480,10.1000,35.035970,3.468908,421.6,450,10.534,35.03597000000001,47.07789480686456,12.04192480686455,.343701,47.077901158161524,39.26797303745981,7.809928120701714,.222911,Sa 28. Feb 15:46:30 CET 2026
30,29.998601,2.49296087,10.1000,35.035970,3.468908,421.6,450,10.534,35.03597000000001,49.307001087677094,14.271031087677084,.407325,49.307009506340925,40.8215908746317,8.485418631709225,.242191,Sa 28. Feb 15:46:47 CET 2026
0,0,0,10.1000,35.035970,3.468908,421.6,450,10.575,35.03597000000001,35.03597000000001,0,0,35.03597055343178,31.009314591665383,4.026655961766397,.114929,Sa 28. Feb 15:47:14 CET 2026
36,35.998321,2.99155303,10.1000,35.035970,3.468908,421.6,450,10.534,35.03597000000001,53.94496589738178,18.90899589738177,.539702,53.94497982867226,44.916035429348256,9.028944399324004,.257704,Sa 28. Feb 15:48:10 CET 2026
3,2.999860,.24929607,10.1000,35.035970,3.468908,421.6,450,10.575,35.03597000000001,35.86885584183988,.83288584183987,.023772,35.868856555588124,31.557619304834844,4.311237250753280,.123051,Sa 28. Feb 15:48:23 CET 2026
33,32.998461,2.74225695,10.1000,35.035970,3.468908,421.6,450,10.534,35.03597000000001,51.639036041942006,16.603066041941996,.473886,51.63904702545001,42.31506546147088,9.32398156397913,.266125,Sa 28. Feb 15:48:32 CET 2026
42,41.998042,3.49014528,10.1000,35.035970,3.468908,421.6,450,10.534,35.03597000000001,58.06077042174096,23.02480042174095,.657176,58.0607909234283,52.05839178018557,6.00239914324273,.171321,Sa 28. Feb 15:48:56 CET 2026
39,38.998181,3.24084911,10.1000,35.035970,3.468908,421.6,450,10.534,35.03597000000001,56.10670649082197,21.07073649082196,.601402,56.106723663060386,48.49790245220464,7.608821210855746,.217171,Sa 28. Feb 15:49:04 CET 2026
45,44.997902,3.73944136,10.1000,35.035970,3.468908,421.6,450,10.534,35.03597000000001,59.796814373627356,24.760844373627346,.706726,59.796838104735016,54.745291721074146,5.051546383660870,.144181,Sa 28. Feb 15:49:45 CET 2026
6,5.999720,.49859215,10.1000,35.035970,3.468908,421.6,450,10.575,35.03597000000001,36.7842509797452,1.74828097974519,.049899,36.78425190459998,32.156096354642145,4.628155549957835,.132097,Sa 28. Feb 15:49:58 CET 2026
12,11.999440,.99718431,10.1000,35.035970,3.468908,421.6,450,10.575,35.03597000000001,38.923029152815396,3.887059152815386,.110944,38.9230307302198,33.530062457818296,5.392968272401504,.153926,Sa 28. Feb 15:51:35 CET 2026
9,8.999580,.74788823,10.1000,35.035970,3.468908,421.6,450,10.575,35.03597000000001,37.79647325182857,2.76050325182856,.078790,37.79647445739434,32.806558021762264,4.989916435632076,.142422,Sa 28. Feb 15:51:49 CET 2026
15,14.999300,1.24648039,10.1000,35.035970,3.468908,421.6,450,10.575,35.03597000000001,40.185097038609435,5.149127038609425,.146966,40.18509910046558,34.35891633006647,5.82618277039911,.166291,Sa 28. Feb 15:56:43 CET 2026
18,17.999160,1.49577647,10.1000,35.035970,3.468908,421.6,450,10.575,35.03597000000001,41.60751560202958,6.57154560202957,.187565,41.60751830851175,35.30230634640182,6.30521196210993,.179963,Sa 28. Feb 16:05:47 CET 2026
21,20.999021,1.74507264,10.1000,35.035970,3.468908,421.6,450,10.575,35.03597000000001,43.21724587620357,8.18127587620356,.233510,43.21724948040663,36.37956368825183,6.83768579215480,.195161,Sa 28. Feb 16:09:24 CET 2026
24,23.998881,1.99436872,10.1000,35.035970,3.468908,421.6,450,10.575,35.03597000000001,45.03806991821902,10.00209991821901,.285480,45.03807472825337,37.66335589660744,7.37471883164593,.210489,Sa 28. Feb 16:35:51 CET 2026
30,29.998601,2.49296087,10.1000,35.035970,3.468908,421.6,450,10.575,35.03597000000001,49.307001087677094,14.271031087677084,.407325,49.30700958015054,40.834287042710045,8.472722537440495,.241829,Sa 28. Feb 16:36:02 CET 2026
27,26.998741,2.24366480,10.1000,35.035970,3.468908,421.6,450,10.575,35.03597000000001,47.07789480686456,12.04192480686455,.343701,47.07790121476587,39.289753615862985,7.788147598902885,.222290,Sa 28. Feb 16:36:02 CET 2026
0,0,0,10.1000,35.035970,3.468908,421.6,450,10.616,35.03597000000001,35.03597000000001,0,0,35.03597055950382,31.01247355826391,4.02349700123991,.114839,Sa 28. Feb 16:37:02 CET 2026
33,32.998461,2.74225695,10.1000,35.035970,3.468908,421.6,450,10.575,35.03597000000001,51.639036041942006,16.603066041941996,.473886,51.63904712032545,42.338180697174174,9.300866423151276,.265466,Sa 28. Feb 16:37:13 CET 2026
39,38.998181,3.24084911,10.1000,35.035970,3.468908,421.6,450,10.575,35.03597000000001,56.10670649082197,21.07073649082196,.601402,56.10672375959971,48.56038650092176,7.54633725867795,.215388,Sa 28. Feb 16:37:35 CET 2026
42,41.998042,3.49014528,10.1000,35.035970,3.468908,421.6,450,10.575,35.03597000000001,58.06077042174096,23.02480042174095,.657176,58.060791068139615,52.102428817411756,5.958362250727859,.170064,Sa 28. Feb 16:37:40 CET 2026
36,35.998321,2.99155303,10.1000,35.035970,3.468908,421.6,450,10.575,35.03597000000001,53.94496589738178,18.90899589738177,.539702,53.94497995133896,44.957742532430764,8.987237418908196,.256514,Sa 28. Feb 16:37:48 CET 2026
3,2.999860,.24929607,10.1000,35.035970,3.468908,421.6,450,10.616,35.03597000000001,35.86885584183988,.83288584183987,.023772,35.86885656383698,31.561438870569237,4.307417693267743,.122942,Sa 28. Feb 16:37:50 CET 2026
6,5.999720,.49859215,10.1000,35.035970,3.468908,421.6,450,10.616,35.03597000000001,36.7842509797452,1.74828097974519,.049899,36.784251915039825,32.160663790417345,4.623588124622480,.131966,Sa 28. Feb 16:37:55 CET 2026
9,8.999580,.74788823,10.1000,35.035970,3.468908,421.6,450,10.616,35.03597000000001,37.79647325182857,2.76050325182856,.078790,37.79647446985698,32.812064105927846,4.984410363929134,.142265,Sa 28. Feb 16:38:00 CET 2026
45,44.997902,3.73944136,10.1000,35.035970,3.468908,421.6,450,10.575,35.03597000000001,59.796814373627356,24.760844373627346,.706726,59.79683824001017,54.78170745189339,5.01513078811678,.143142,Sa 28. Feb 16:38:20 CET 2026
12,11.999440,.99718431,10.1000,35.035970,3.468908,421.6,450,10.616,35.03597000000001,38.923029152815396,3.887059152815386,.110944,38.92303074416883,33.536389889563495,5.386640854605335,.153746,Sa 28. Feb 16:39:30 CET 2026
15,14.999300,1.24648039,10.1000,35.035970,3.468908,421.6,450,10.616,35.03597000000001,40.185097038609435,5.149127038609425,.146966,40.18509911485425,34.3666434683178,5.81845564653645,.166070,Sa 28. Feb 16:39:48 CET 2026
18,17.999160,1.49577647,10.1000,35.035970,3.468908,421.6,450,10.616,35.03597000000001,41.60751560202958,6.57154560202957,.187565,41.60751833624231,35.311773202038445,6.295745134203865,.179693,Sa 28. Feb 16:39:48 CET 2026
21,20.999021,1.74507264,10.1000,35.035970,3.468908,421.6,450,10.616,35.03597000000001,43.21724587620357,8.18127587620356,.233510,43.21724950478191,36.39089343586317,6.82635606891874,.194838,Sa 28. Feb 16:40:11 CET 2026
24,23.998881,1.99436872,10.1000,35.035970,3.468908,421.6,450,10.616,35.03597000000001,45.03806991821902,10.00209991821901,.285480,45.03807476686569,37.67680500979651,7.36126975706918,.210106,Sa 28. Feb 16:40:49 CET 2026
27,26.998741,2.24366480,10.1000,35.035970,3.468908,421.6,450,10.616,35.03597000000001,47.07789480686456,12.04192480686455,.343701,47.077901269293825,39.311578802930164,7.766322466363661,.221667,Sa 28. Feb 16:41:48 CET 2026
30,29.998601,2.49296087,10.1000,35.035970,3.468908,421.6,450,10.616,35.03597000000001,49.307001087677094,14.271031087677084,.407325,49.307009652313056,40.8466799636085,8.460329688704556,.241475,Sa 28. Feb 16:42:23 CET 2026
33,32.998461,2.74225695,10.1000,35.035970,3.468908,421.6,450,10.616,35.03597000000001,51.639036041942006,16.603066041941996,.473886,51.63904721136601,42.36147678713537,9.27757042423064,.264801,Sa 28. Feb 16:43:25 CET 2026
39,38.998181,3.24084911,10.1000,35.035970,3.468908,421.6,450,10.616,35.03597000000001,56.10670649082197,21.07073649082196,.601402,56.10672385158914,48.6222006034922,7.48452324809694,.213623,Sa 28. Feb 16:44:29 CET 2026
36,35.998321,2.99155303,10.1000,35.035970,3.468908,421.6,450,10.616,35.03597000000001,53.94496589738178,18.90899589738177,.539702,53.94498006863474,44.999376890311495,8.945603178323245,.255326,Sa 28. Feb 16:44:52 CET 2026
42,41.998042,3.49014528,10.1000,35.035970,3.468908,421.6,450,10.616,35.03597000000001,58.06077042174096,23.02480042174095,.657176,58.06079120671715,52.14615421192221,5.91463699479494,.168816,Sa 28. Feb 16:45:00 CET 2026
0,0,0,10.1000,35.035970,3.468908,421.6,500,10.493,35.03597000000001,35.03597000000001,0,0,35.03597053182622,30.999537005721823,4.036433526104397,.115208,Sa 28. Feb 16:45:08 CET 2026
45,44.997902,3.73944136,10.1000,35.035970,3.468908,421.6,450,10.616,35.03597000000001,59.796814373627356,24.760844373627346,.706726,59.79683836842534,54.81758632918855,4.97925203923679,.142118,Sa 28. Feb 16:46:57 CET 2026
3,2.999860,.24929607,10.1000,35.035970,3.468908,421.6,500,10.493,35.03597000000001,35.86885584183988,.83288584183987,.023772,35.86885652606948,31.545130317625425,4.323726208444055,.123408,Sa 28. Feb 16:49:27 CET 2026
6,5.999720,.49859215,10.1000,35.035970,3.468908,421.6,500,10.493,35.03597000000001,36.7842509797452,1.74828097974519,.049899,36.784251866534134,32.13975168600383,4.644500180530304,.132563,Sa 28. Feb 16:58:27 CET 2026
9,8.999580,.74788823,10.1000,35.035970,3.468908,421.6,500,10.493,35.03597000000001,37.79647325182857,2.76050325182856,.078790,37.796474410932746,32.78439182791936,5.012082583013386,.143055,Sa 28. Feb 17:01:52 CET 2026
15,14.999300,1.24648039,10.1000,35.035970,3.468908,421.6,500,10.493,35.03597000000001,40.185097038609435,5.149127038609425,.146966,40.185099044092105,34.32234398775009,5.862755056342015,.167335,Sa 28. Feb 17:29:37 CET 2026
18,17.999160,1.49577647,10.1000,35.035970,3.468908,421.6,500,10.493,35.03597000000001,41.60751560202958,6.57154560202957,.187565,41.60751822319844,35.25725134618167,6.35026687701677,.181249,Sa 28. Feb 17:29:44 CET 2026
12,11.999440,.99718431,10.1000,35.035970,3.468908,421.6,500,10.493,35.03597000000001,38.923029152815396,3.887059152815386,.110944,38.92303067709001,33.50167825492867,5.42135242216134,.154736,Sa 28. Feb 17:30:09 CET 2026
21,20.999021,1.74507264,10.1000,35.035970,3.468908,421.6,500,10.493,35.03597000000001,43.21724587620357,8.18127587620356,.233510,43.217249389202635,36.33097589961708,6.886273489585555,.196548,Sa 28. Feb 17:30:44 CET 2026
24,23.998881,1.99436872,10.1000,35.035970,3.468908,421.6,500,10.493,35.03597000000001,45.03806991821902,10.00209991821901,.285480,45.03807459450755,37.61287600016335,7.42519859434420,.211930,Sa 28. Feb 17:31:02 CET 2026
27,26.998741,2.24366480,10.1000,35.035970,3.468908,421.6,500,10.493,35.03597000000001,47.07789480686456,12.04192480686455,.343701,47.07790103853078,39.260430654820496,7.817470383710284,.223126,Sa 28. Feb 17:31:53 CET 2026
30,29.998601,2.49296087,10.1000,35.035970,3.468908,421.6,500,10.493,35.03597000000001,49.307001087677094,14.271031087677084,.407325,49.30700936866047,40.80966750501799,8.49734186364248,.242531,Sa 28. Feb 17:31:55 CET 2026
33,32.998461,2.74225695,10.1000,35.035970,3.468908,421.6,500,10.493,35.03597000000001,51.639036041942006,16.603066041941996,.473886,51.639046878766564,42.30204357138138,9.337003307385184,.266497,Sa 28. Feb 17:32:30 CET 2026
6,5.999720,.49859215,10.1000,35.035970,3.468908,421.6,500,10.534,35.03597000000001,36.7842509797452,1.74828097974519,.049899,36.78425187786918,32.144201018671865,4.640050859197315,.132436,Sa 28. Feb 17:32:32 CET 2026
39,38.998181,3.24084911,10.1000,35.035970,3.468908,421.6,500,10.493,35.03597000000001,56.10670649082197,21.07073649082196,.601402,56.10672360755454,48.553219375202474,7.553504232352066,.215592,Sa 28. Feb 17:32:37 CET 2026
0,0,0,10.1000,35.035970,3.468908,421.6,500,10.534,35.03597000000001,35.03597000000001,0,0,35.035970538453164,31.002653587169608,4.033316951283556,.115119,Sa 28. Feb 17:32:43 CET 2026
36,35.998321,2.99155303,10.1000,35.035970,3.468908,421.6,500,10.493,35.03597000000001,53.94496589738178,18.90899589738177,.539702,53.94497972649371,44.895762391414934,9.049217335078776,.258283,Sa 28. Feb 17:32:48 CET 2026
45,44.997902,3.73944136,10.1000,35.035970,3.468908,421.6,500,10.493,35.03597000000001,59.796814373627356,24.760844373627346,.706726,59.7968381053021,54.799376954008395,4.997461151293705,.142638,Sa 28. Feb 17:32:55 CET 2026
42,41.998042,3.49014528,10.1000,35.035970,3.468908,421.6,500,10.493,35.03597000000001,58.06077042174096,23.02480042174095,.657176,58.06079085028827,52.12100536934253,5.93978548094574,.169533,Sa 28. Feb 17:33:06 CET 2026
12,11.999440,.99718431,10.1000,35.035970,3.468908,421.6,500,10.534,35.03597000000001,38.923029152815396,3.887059152815386,.110944,38.92303069242465,33.50822308312471,5.41480760929994,.154549,Sa 28. Feb 17:33:36 CET 2026
9,8.999580,.74788823,10.1000,35.035970,3.468908,421.6,500,10.534,35.03597000000001,37.79647325182857,2.76050325182856,.078790,37.7964744244623,32.789804969827436,5.006669454634864,.142900,Sa 28. Feb 17:33:37 CET 2026
3,2.999860,.24929607,10.1000,35.035970,3.468908,421.6,500,10.534,35.03597000000001,35.86885584183988,.83288584183987,.023772,35.86885653497573,31.54876764933739,4.32008888563834,.123304,Sa 28. Feb 17:33:45 CET 2026
15,14.999300,1.24648039,10.1000,35.035970,3.468908,421.6,500,10.534,35.03597000000001,40.185097038609435,5.149127038609425,.146966,40.18509905998277,34.330137130955244,5.854961929027526,.167112,Sa 28. Feb 17:35:25 CET 2026
18,17.999160,1.49577647,10.1000,35.035970,3.468908,421.6,500,10.534,35.03597000000001,41.60751560202958,6.57154560202957,.187565,41.607518238058454,35.266637009371465,6.340881228686989,.180982,Sa 28. Feb 17:36:17 CET 2026
21,20.999021,1.74507264,10.1000,35.035970,3.468908,421.6,500,10.534,35.03597000000001,43.21724587620357,8.18127587620356,.233510,43.21724941634625,36.34241973500124,6.87482968134501,.196222,Sa 28. Feb 17:37:04 CET 2026
24,23.998881,1.99436872,10.1000,35.035970,3.468908,421.6,500,10.534,35.03597000000001,45.03806991821902,10.00209991821901,.285480,45.03807463698737,37.626645354320765,7.411429282666605,.211537,Sa 28. Feb 17:38:01 CET 2026
30,29.998601,2.49296087,10.1000,35.035970,3.468908,421.6,500,10.534,35.03597000000001,49.307001087677094,14.271031087677084,.407325,49.307009447450916,40.82219211936132,8.484817328089596,.242174,Sa 28. Feb 17:38:53 CET 2026
27,26.998741,2.24366480,10.1000,35.035970,3.468908,421.6,500,10.534,35.03597000000001,47.07789480686456,12.04192480686455,.343701,47.077901098402826,39.28304948089106,7.794851617511766,.222481,Sa 28. Feb 17:38:57 CET 2026
33,32.998461,2.74225695,10.1000,35.035970,3.468908,421.6,500,10.534,35.03597000000001,51.639036041942006,16.603066041941996,.473886,51.63904697918279,42.324935514243215,9.314111464939575,.265844,Sa 28. Feb 17:41:00 CET 2026
36,35.998321,2.99155303,10.1000,35.035970,3.468908,421.6,500,10.534,35.03597000000001,53.94496589738178,18.90899589738177,.539702,53.94497980544792,44.938614058521814,9.006365746926106,.257060,Sa 28. Feb 17:42:36 CET 2026
39,38.998181,3.24084911,10.1000,35.035970,3.468908,421.6,500,10.534,35.03597000000001,56.10670649082197,21.07073649082196,.601402,56.106723710412346,48.61656503304629,7.490158677366056,.213784,Sa 28. Feb 17:43:52 CET 2026
42,41.998042,3.49014528,10.1000,35.035970,3.468908,421.6,500,10.534,35.03597000000001,58.06077042174096,23.02480042174095,.657176,58.06079100377322,52.16508680585114,5.89570419792208,.168275,Sa 28. Feb 17:54:38 CET 2026
45,44.997902,3.73944136,10.1000,35.035970,3.468908,421.6,500,10.534,35.03597000000001,59.796814373627356,24.760844373627346,.706726,59.79683824870176,54.835433790859426,4.961404457842334,.141608,Sa 28. Feb 17:57:23 CET 2026
3,2.999860,.24929607,10.1000,35.035970,3.468908,421.6,500,10.575,35.03597000000001,35.86885584183988,.83288584183987,.023772,35.868856543628965,31.55257628187953,4.316280261749435,.123195,Sa 28. Feb 18:23:18 CET 2026
0,0,0,10.1000,35.035970,3.468908,421.6,500,10.575,35.03597000000001,35.03597000000001,0,0,35.035970544839095,31.005740306071885,4.030230238767210,.115031,Sa 28. Feb 18:23:27 CET 2026
6,5.999720,.49859215,10.1000,35.035970,3.468908,421.6,500,10.575,35.03597000000001,36.7842509797452,1.74828097974519,.049899,36.78425188887548,32.14861519095529,4.63563669792019,.132310,Sa 28. Feb 18:23:34 CET 2026
9,8.999580,.74788823,10.1000,35.035970,3.468908,421.6,500,10.575,35.03597000000001,37.79647325182857,2.76050325182856,.078790,37.79647443766974,32.79527543610022,5.00119900156952,.142744,Sa 28. Feb 18:24:02 CET 2026
12,11.999440,.99718431,10.1000,35.035970,3.468908,421.6,500,10.575,35.03597000000001,38.923029152815396,3.887059152815386,.110944,38.923030707109604,33.514653954153175,5.408376752956429,.154366,Sa 28. Feb 18:24:40 CET 2026
18,17.999160,1.49577647,10.1000,35.035970,3.468908,421.6,500,10.575,35.03597000000001,41.60751560202958,6.57154560202957,.187565,41.60751826708549,35.27619727942258,6.33132098766291,.180709,Sa 28. Feb 18:25:13 CET 2026
15,14.999300,1.24648039,10.1000,35.035970,3.468908,421.6,500,10.575,35.03597000000001,40.185097038609435,5.149127038609425,.146966,40.18509907525953,34.3379955895001,5.84710348575943,.166888,Sa 28. Feb 18:25:24 CET 2026
24,23.998881,1.99436872,10.1000,35.035970,3.468908,421.6,500,10.575,35.03597000000001,45.03806991821902,10.00209991821901,.285480,45.038074677934425,37.64020041802564,7.397874259908785,.211150,Sa 28. Feb 18:26:05 CET 2026
21,20.999021,1.74507264,10.1000,35.035970,3.468908,421.6,500,10.575,35.03597000000001,43.21724587620357,8.18127587620356,.233510,43.217249442368214,36.353938814163264,6.863310628204950,.195893,Sa 28. Feb 18:26:08 CET 2026
30,29.998601,2.49296087,10.1000,35.035970,3.468908,421.6,500,10.575,35.03597000000001,49.307001087677094,14.271031087677084,.407325,49.307009523411544,40.83472459149153,8.472284931920014,.241816,Sa 28. Feb 18:26:46 CET 2026
27,26.998741,2.24366480,10.1000,35.035970,3.468908,421.6,500,10.575,35.03597000000001,47.07789480686456,12.04192480686455,.343701,47.0779011562842,39.305626308115095,7.772274848169105,.221837,Sa 28. Feb 18:27:09 CET 2026
0,0,0,10.1000,35.035970,3.468908,421.6,500,10.616,35.03597000000001,35.03597000000001,0,0,35.035970551010365,31.008924498355864,4.027046052654501,.114940,Sa 28. Feb 18:27:22 CET 2026
39,38.998181,3.24084911,10.1000,35.035970,3.468908,421.6,500,10.575,35.03597000000001,56.10670649082197,21.07073649082196,.601402,56.106723808800574,48.67933596812864,7.427387840671934,.211993,Sa 28. Feb 18:27:39 CET 2026
33,32.998461,2.74225695,10.1000,35.035970,3.468908,421.6,500,10.575,35.03597000000001,51.639036041942006,16.603066041941996,.473886,51.63904707588718,42.34823232889691,9.29081474699027,.265179,Sa 28. Feb 18:27:41 CET 2026
3,2.999860,.24929607,10.1000,35.035970,3.468908,421.6,500,10.616,35.03597000000001,35.86885584183988,.83288584183987,.023772,35.868856551977316,31.55628015253452,4.312576399442796,.123089,Sa 28. Feb 18:27:57 CET 2026
36,35.998321,2.99155303,10.1000,35.035970,3.468908,421.6,500,10.575,35.03597000000001,53.94496589738178,18.90899589738177,.539702,53.94497992949004,44.98166422138664,8.96331570810340,.255831,Sa 28. Feb 18:28:04 CET 2026
45,44.997902,3.73944136,10.1000,35.035970,3.468908,421.6,500,10.575,35.03597000000001,59.796814373627356,24.760844373627346,.706726,59.79683838583992,54.87062240330808,4.92621598253184,.140604,Sa 28. Feb 18:28:16 CET 2026
42,41.998042,3.49014528,10.1000,35.035970,3.468908,421.6,500,10.575,35.03597000000001,58.06077042174096,23.02480042174095,.657176,58.0607911509927,52.20884558926987,5.85194556172283,.167026,Sa 28. Feb 18:28:28 CET 2026
6,5.999720,.49859215,10.1000,35.035970,3.468908,421.6,500,10.616,35.03597000000001,36.7842509797452,1.74828097974519,.049899,36.78425189947131,32.153168271929815,4.631083627541495,.132180,Sa 28. Feb 18:28:59 CET 2026
9,8.999580,.74788823,10.1000,35.035970,3.468908,421.6,500,10.616,35.03597000000001,37.79647325182857,2.76050325182856,.078790,37.79647445041354,32.800571286044836,4.995903164368704,.142593,Sa 28. Feb 18:30:09 CET 2026
12,11.999440,.99718431,10.1000,35.035970,3.468908,421.6,500,10.616,35.03597000000001,38.923029152815396,3.887059152815386,.110944,38.923030721335856,33.52111325955417,5.401917461781686,.154182,Sa 28. Feb 18:31:57 CET 2026
18,17.999160,1.49577647,10.1000,35.035970,3.468908,421.6,500,10.616,35.03597000000001,41.60751560202958,6.57154560202957,.187565,41.60751829488443,35.2856424755434,6.32187581934103,.180439,Sa 28. Feb 18:32:27 CET 2026
15,14.999300,1.24648039,10.1000,35.035970,3.468908,421.6,500,10.616,35.03597000000001,40.185097038609435,5.149127038609425,.146966,40.185099089938284,34.345664757701336,5.839434332236948,.166669,Sa 28. Feb 18:32:48 CET 2026
21,20.999021,1.74507264,10.1000,35.035970,3.468908,421.6,500,10.616,35.03597000000001,43.21724587620357,8.18127587620356,.233510,43.21724946731567,36.36494087249186,6.85230859482381,.195579,Sa 28. Feb 18:35:27 CET 2026
24,23.998881,1.99436872,10.1000,35.035970,3.468908,421.6,500,10.616,35.03597000000001,45.03806991821902,10.00209991821901,.285480,45.038074717321535,37.65380047846378,7.384274238857755,.210762,Sa 28. Feb 18:35:55 CET 2026
27,26.998741,2.24366480,10.1000,35.035970,3.468908,421.6,500,10.616,35.03597000000001,47.07789480686456,12.04192480686455,.343701,47.07790121172889,39.328504109347826,7.749397102381064,.221184,Sa 28. Feb 18:38:50 CET 2026
30,29.998601,2.49296087,10.1000,35.035970,3.468908,421.6,500,10.616,35.03597000000001,49.307001087677094,14.271031087677084,.407325,49.30700959598483,40.846874371741116,8.460135224243714,.241469,Sa 28. Feb 18:48:48 CET 2026
33,32.998461,2.74225695,10.1000,35.035970,3.468908,421.6,500,10.616,35.03597000000001,51.639036041942006,16.603066041941996,.473886,51.63904716876509,42.37186985231142,9.26717731645367,.264504,Sa 28. Feb 18:51:59 CET 2026
36,35.998321,2.99155303,10.1000,35.035970,3.468908,421.6,500,10.616,35.03597000000001,53.94496589738178,18.90899589738177,.539702,53.944980049492486,45.02478541320036,8.920194636292126,.254601,Sa 28. Feb 19:18:35 CET 2026
0,0,0,10.1000,35.035970,3.468908,421.6,550,10.493,35.03597000000001,35.03597000000001,0,0,35.03597052627858,30.99717819615453,4.03879233012405,.115275,Sa 28. Feb 19:18:40 CET 2026
42,41.998042,3.49014528,10.1000,35.035970,3.468908,421.6,500,10.616,35.03597000000001,58.06077042174096,23.02480042174095,.657176,58.06079129232725,52.252377320787744,5.808413971539506,.165784,Sa 28. Feb 19:18:41 CET 2026
3,2.999860,.24929607,10.1000,35.035970,3.468908,421.6,550,10.493,35.03597000000001,35.86885584183988,.83288584183987,.023772,35.86885651911753,31.54091253902374,4.32794398009379,.123528,Sa 28. Feb 19:18:45 CET 2026
39,38.998181,3.24084911,10.1000,35.035970,3.468908,421.6,500,10.616,35.03597000000001,56.10670649082197,21.07073649082196,.601402,56.10672390232869,48.74113607815915,7.36558782416954,.210229,Sa 28. Feb 19:19:01 CET 2026
9,8.999580,.74788823,10.1000,35.035970,3.468908,421.6,550,10.493,35.03597000000001,37.79647325182857,2.76050325182856,.078790,37.79647439831693,32.773803787393575,5.022670610923355,.143357,Sa 28. Feb 19:19:26 CET 2026
6,5.999720,.49859215,10.1000,35.035970,3.468908,421.6,550,10.493,35.03597000000001,36.7842509797452,1.74828097974519,.049899,36.78425186078794,32.132706648875505,4.651545211912435,.132764,Sa 28. Feb 19:19:30 CET 2026
45,44.997902,3.73944136,10.1000,35.035970,3.468908,421.6,500,10.616,35.03597000000001,59.796814373627356,24.760844373627346,.706726,59.79683851613446,54.9050390497226,4.89179946641186,.139622,Sa 28. Feb 19:19:41 CET 2026
12,11.999440,.99718431,10.1000,35.035970,3.468908,421.6,550,10.493,35.03597000000001,38.923029152815396,3.887059152815386,.110944,38.92303066239217,33.48734743740242,5.43568322498975,.155145,Sa 28. Feb 19:20:01 CET 2026
15,14.999300,1.24648039,10.1000,35.035970,3.468908,421.6,550,10.493,35.03597000000001,40.185097038609435,5.149127038609425,.146966,40.18509902845659,34.30560351819229,5.87949551026430,.167813,Sa 28. Feb 19:20:09 CET 2026
18,17.999160,1.49577647,10.1000,35.035970,3.468908,421.6,550,10.493,35.03597000000001,41.60751560202958,6.57154560202957,.187565,41.60751820861622,35.24022655778621,6.36729165083001,.181735,Sa 28. Feb 19:20:30 CET 2026
21,20.999021,1.74507264,10.1000,35.035970,3.468908,421.6,550,10.493,35.03597000000001,43.21724587620357,8.18127587620356,.233510,43.21724936734723,36.315004145370565,6.902245221976665,.197004,Sa 28. Feb 19:21:02 CET 2026
24,23.998881,1.99436872,10.1000,35.035970,3.468908,421.6,550,10.493,35.03597000000001,45.03806991821902,10.00209991821901,.285480,45.03807456692788,37.59592597221145,7.44214859471643,.212414,Sa 28. Feb 19:21:17 CET 2026
27,26.998741,2.24366480,10.1000,35.035970,3.468908,421.6,550,10.493,35.03597000000001,47.07789480686456,12.04192480686455,.343701,47.07790101054442,39.27973700689603,7.79816400364839,.222575,Sa 28. Feb 19:21:27 CET 2026
30,29.998601,2.49296087,10.1000,35.035970,3.468908,421.6,550,10.493,35.03597000000001,49.307001087677094,14.271031087677084,.407325,49.30700935251295,40.81063956757814,8.49636978493481,.242504,Sa 28. Feb 19:21:32 CET 2026
33,32.998461,2.74225695,10.1000,35.035970,3.468908,421.6,550,10.493,35.03597000000001,51.639036041942006,16.603066041941996,.473886,51.6390468864827,42.31169594249719,9.32735094398551,.266222,Sa 28. Feb 19:22:09 CET 2026
36,35.998321,2.99155303,10.1000,35.035970,3.468908,421.6,550,10.493,35.03597000000001,53.94496589738178,18.90899589738177,.539702,53.94497976908747,44.923827727656615,9.021152041430855,.257482,Sa 28. Feb 19:22:37 CET 2026
42,41.998042,3.49014528,10.1000,35.035970,3.468908,421.6,550,10.493,35.03597000000001,58.06077042174096,23.02480042174095,.657176,58.06079096415415,52.22636031524475,5.83443064890940,.166526,Sa 28. Feb 19:22:47 CET 2026
39,38.998181,3.24084911,10.1000,35.035970,3.468908,421.6,550,10.493,35.03597000000001,56.10670649082197,21.07073649082196,.601402,56.10672368269703,48.67350500973517,7.43321867296186,.212159,Sa 28. Feb 19:23:04 CET 2026
0,0,0,10.1000,35.035970,3.468908,421.6,550,10.534,35.03597000000001,35.03597000000001,0,0,35.035970532968804,31.00016507431177,4.035805458657034,.115190,Sa 28. Feb 19:24:02 CET 2026
3,2.999860,.24929607,10.1000,35.035970,3.468908,421.6,550,10.534,35.03597000000001,35.86885584183988,.83288584183987,.023772,35.868856527354346,31.544576371689388,4.324280155664958,.123424,Sa 28. Feb 19:24:43 CET 2026
45,44.997902,3.73944136,10.1000,35.035970,3.468908,421.6,550,10.493,35.03597000000001,59.796814373627356,24.760844373627346,.706726,59.796838252650915,54.88699149916637,4.909846753484545,.140137,Sa 28. Feb 19:25:35 CET 2026
6,5.999720,.49859215,10.1000,35.035970,3.468908,421.6,550,10.534,35.03597000000001,36.7842509797452,1.74828097974519,.049899,36.784251867771935,32.13717003692499,4.647081830846945,.132637,Sa 28. Feb 19:25:45 CET 2026
9,8.999580,.74788823,10.1000,35.035970,3.468908,421.6,550,10.534,35.03597000000001,37.79647325182857,2.76050325182856,.078790,37.79647441204734,32.779200951221874,5.017273460825466,.143203,Sa 28. Feb 19:28:38 CET 2026
12,11.999440,.99718431,10.1000,35.035970,3.468908,421.6,550,10.534,35.03597000000001,38.923029152815396,3.887059152815386,.110944,38.923030677843585,33.49374337830353,5.429287299540055,.154963,Sa 28. Feb 19:29:21 CET 2026
15,14.999300,1.24648039,10.1000,35.035970,3.468908,421.6,550,10.534,35.03597000000001,40.185097038609435,5.149127038609425,.146966,40.18509904453981,34.3133631857517,5.87173585878811,.167591,Sa 28. Feb 19:31:12 CET 2026
18,17.999160,1.49577647,10.1000,35.035970,3.468908,421.6,550,10.534,35.03597000000001,41.60751560202958,6.57154560202957,.187565,41.60751822343193,35.24984521320217,6.35767301022976,.181461,Sa 28. Feb 19:41:39 CET 2026
21,20.999021,1.74507264,10.1000,35.035970,3.468908,421.6,550,10.534,35.03597000000001,43.21724587620357,8.18127587620356,.233510,43.217249394858406,36.32627704385173,6.890972351006676,.196682,Sa 28. Feb 19:45:31 CET 2026
24,23.998881,1.99436872,10.1000,35.035970,3.468908,421.6,550,10.534,35.03597000000001,45.03806991821902,10.00209991821901,.285480,45.03807460992864,37.60943181382887,7.42864279609977,.212029,Sa 28. Feb 20:12:46 CET 2026
27,26.998741,2.24366480,10.1000,35.035970,3.468908,421.6,550,10.534,35.03597000000001,47.07789480686456,12.04192480686455,.343701,47.077901071292324,39.30317831148158,7.774722759810744,.221906,Sa 28. Feb 20:12:58 CET 2026
30,29.998601,2.49296087,10.1000,35.035970,3.468908,421.6,550,10.534,35.03597000000001,49.307001087677094,14.271031087677084,.407325,49.307009429161575,40.82323972256077,8.483769706600805,.242144,Sa 28. Feb 20:13:10 CET 2026
0,0,0,10.1000,35.035970,3.468908,421.6,550,10.575,35.03597000000001,35.03597000000001,0,0,35.0359705394184,31.003184492396144,4.032786047022256,.115104,Sa 28. Feb 20:13:44 CET 2026
6,5.999720,.49859215,10.1000,35.035970,3.468908,421.6,550,10.575,35.03597000000001,36.7842509797452,1.74828097974519,.049899,36.78425187887622,32.14160892127465,4.64264295760157,.132510,Sa 28. Feb 20:13:50 CET 2026
33,32.998461,2.74225695,10.1000,35.035970,3.468908,421.6,550,10.534,35.03597000000001,51.639036041942006,16.603066041941996,.473886,51.63904698065118,42.334793688951464,9.304253291699716,.265562,Sa 28. Feb 20:13:52 CET 2026
3,2.999860,.24929607,10.1000,35.035970,3.468908,421.6,550,10.575,35.03597000000001,35.86885584183988,.83288584183987,.023772,35.868856536093375,31.54818830639944,4.320668229693935,.123320,Sa 28. Feb 20:13:55 CET 2026
39,38.998181,3.24084911,10.1000,35.035970,3.468908,421.6,550,10.534,35.03597000000001,56.10670649082197,21.07073649082196,.601402,56.106723786250775,48.73690929651796,7.369814489732815,.210349,Sa 28. Feb 20:14:22 CET 2026
12,11.999440,.99718431,10.1000,35.035970,3.468908,421.6,550,10.575,35.03597000000001,38.923029152815396,3.887059152815386,.110944,38.92303069275128,33.500227268985846,5.422803423765434,.154778,Sa 28. Feb 20:14:27 CET 2026
45,44.997902,3.73944136,10.1000,35.035970,3.468908,421.6,550,10.534,35.03597000000001,59.796814373627356,24.760844373627346,.706726,59.79683839617635,54.92173984964124,4.87509854653511,.139145,Sa 28. Feb 20:14:32 CET 2026
42,41.998042,3.49014528,10.1000,35.035970,3.468908,421.6,550,10.534,35.03597000000001,58.06077042174096,23.02480042174095,.657176,58.06079111827272,52.27017950986461,5.79061160840811,.165276,Sa 28. Feb 20:14:33 CET 2026
36,35.998321,2.99155303,10.1000,35.035970,3.468908,421.6,550,10.534,35.03597000000001,53.94496589738178,18.90899589738177,.539702,53.944979842773094,44.96784734810737,8.977132494665724,.256226,Sa 28. Feb 20:14:42 CET 2026
9,8.999580,.74788823,10.1000,35.035970,3.468908,421.6,550,10.575,35.03597000000001,37.79647325182857,2.76050325182856,.078790,37.79647442535963,32.784623169130356,5.011851256229274,.143048,Sa 28. Feb 20:14:43 CET 2026
18,17.999160,1.49577647,10.1000,35.035970,3.468908,421.6,550,10.575,35.03597000000001,41.60751560202958,6.57154560202957,.187565,41.60751824160994,35.25929591183676,6.34822232977318,.181191,Sa 28. Feb 20:14:57 CET 2026
15,14.999300,1.24648039,10.1000,35.035970,3.468908,421.6,550,10.575,35.03597000000001,40.185097038609435,5.149127038609425,.146966,40.18509906000334,34.32101364420572,5.86408541579762,.167373,Sa 28. Feb 20:15:01 CET 2026
21,20.999021,1.74507264,10.1000,35.035970,3.468908,421.6,550,10.575,35.03597000000001,43.21724587620357,8.18127587620356,.233510,43.21724942127007,36.33751694141402,6.87973247985605,.196361,Sa 28. Feb 20:15:36 CET 2026
30,29.998601,2.49296087,10.1000,35.035970,3.468908,421.6,550,10.575,35.03597000000001,49.307001087677094,14.271031087677084,.407325,49.307009506255554,40.83585086017681,8.471158646078744,.241784,Sa 28. Feb 20:16:21 CET 2026
27,26.998741,2.24366480,10.1000,35.035970,3.468908,421.6,550,10.575,35.03597000000001,47.07789480686456,12.04192480686455,.343701,47.07790112978176,39.32668735477089,7.75121377501087,.221235,Sa 28. Feb 20:16:23 CET 2026
24,23.998881,1.99436872,10.1000,35.035970,3.468908,421.6,550,10.575,35.03597000000001,45.03806991821902,10.00209991821901,.285480,45.0380746514421,37.62307169106915,7.41500296037295,.211639,Sa 28. Feb 20:16:47 CET 2026
33,32.998461,2.74225695,10.1000,35.035970,3.468908,421.6,550,10.575,35.03597000000001,51.639036041942006,16.603066041941996,.473886,51.63904707827493,42.35837630721833,9.28067077105660,.264889,Sa 28. Feb 20:18:50 CET 2026
36,35.998321,2.99155303,10.1000,35.035970,3.468908,421.6,550,10.575,35.03597000000001,53.94496589738178,18.90899589738177,.539702,53.944979961679756,45.01241863356341,8.932561328116346,.254954,Sa 28. Feb 20:19:56 CET 2026
39,38.998181,3.24084911,10.1000,35.035970,3.468908,421.6,550,10.575,35.03597000000001,56.10670649082197,21.07073649082196,.601402,56.10672388506739,48.79935375635121,7.30737012871618,.208567,Sa 28. Feb 20:20:33 CET 2026
42,41.998042,3.49014528,10.1000,35.035970,3.468908,421.6,550,10.575,35.03597000000001,58.06077042174096,23.02480042174095,.657176,58.060791266004074,52.313724393375914,5.747066872628160,.164033,Sa 28. Feb 20:20:38 CET 2026
0,0,0,10.1000,35.035970,3.468908,421.6,550,10.616,35.03597000000001,35.03597000000001,0,0,35.0359705456342,31.00624397558324,4.02972657005096,.115016,Sa 28. Feb 20:21:58 CET 2026
3,2.999860,.24929607,10.1000,35.035970,3.468908,421.6,550,10.616,35.03597000000001,35.86885584183988,.83288584183987,.023772,35.86885654452395,31.551810448591564,4.317046095932386,.123217,Sa 28. Feb 20:22:39 CET 2026
45,44.997902,3.73944136,10.1000,35.035970,3.468908,421.6,550,10.575,35.03597000000001,59.796814373627356,24.760844373627346,.706726,59.79683853344786,54.955475737910284,4.841362795537576,.138182,Sa 28. Feb 20:22:55 CET 2026
6,5.999720,.49859215,10.1000,35.035970,3.468908,421.6,550,10.616,35.03597000000001,36.7842509797452,1.74828097974519,.049899,36.78425188959737,32.14608246238563,4.63816942721174,.132383,Sa 28. Feb 20:35:18 CET 2026
9,8.999580,.74788823,10.1000,35.035970,3.468908,421.6,550,10.616,35.03597000000001,37.79647325182857,2.76050325182856,.078790,37.79647443810498,32.79005551554097,5.00641892256401,.142893,Sa 28. Feb 20:38:16 CET 2026
12,11.999440,.99718431,10.1000,35.035970,3.468908,421.6,550,10.616,35.03597000000001,38.923029152815396,3.887059152815386,.110944,38.92303070715068,33.50660102851155,5.41642967863913,.154596,Sa 28. Feb 21:06:29 CET 2026
15,14.999300,1.24648039,10.1000,35.035970,3.468908,421.6,550,10.616,35.03597000000001,40.185097038609435,5.149127038609425,.146966,40.18509907491899,34.3286971646193,5.85640191029969,.167153,Sa 28. Feb 21:06:32 CET 2026
18,17.999160,1.49577647,10.1000,35.035970,3.468908,421.6,550,10.616,35.03597000000001,41.60751560202958,6.57154560202957,.187565,41.607518270333316,35.26860119644566,6.338917073887656,.180925,Sa 28. Feb 21:06:35 CET 2026
0,0,0,6.8800,27.840800,4.046628,455.9,450,10.493,27.84079999999999,27.84079999999999,0,0,27.840800041007626,26.15667867332273,1.684121367684896,.060491,Sa 28. Feb 21:07:21 CET 2026
21,20.999021,1.74507264,10.1000,35.035970,3.468908,421.6,550,10.616,35.03597000000001,43.21724587620357,8.18127587620356,.233510,43.21724944657721,36.348760683522165,6.868488763055045,.196041,Sa 28. Feb 21:07:24 CET 2026
27,26.998741,2.24366480,10.1000,35.035970,3.468908,421.6,550,10.616,35.03597000000001,47.07789480686456,12.04192480686455,.343701,47.07790118617638,39.350075742768915,7.727825443407465,.220568,Sa 28. Feb 21:07:39 CET 2026
6,8.164545,.49859213,6.8800,27.840800,4.046628,455.9,450,10.493,27.84079999999999,29.230044976129417,1.389244976129427,.049899,29.230045051405362,27.22847698001055,2.001568071394812,.071893,Sa 28. Feb 21:07:47 CET 2026
9,12.246818,.74788823,6.8800,27.840800,4.046628,455.9,450,10.493,27.84079999999999,30.034392008649746,2.193592008649756,.078790,30.034392114129798,27.832451147849525,2.201940966280273,.079090,Sa 28. Feb 21:07:49 CET 2026
3,4.082272,.24929603,6.8800,27.840800,4.046628,455.9,450,10.493,27.84079999999999,28.502640002552642,.661840002552652,.023772,28.502640055723916,26.672120918879024,1.830519136844892,.065749,Sa 28. Feb 21:07:57 CET 2026
24,23.998881,1.99436872,10.1000,35.035970,3.468908,421.6,550,10.616,35.03597000000001,45.03806991821902,10.00209991821901,.285480,45.038074691318315,37.63641675209749,7.401657939220825,.211258,Sa 28. Feb 21:07:57 CET 2026
30,29.998601,2.49296087,10.1000,35.035970,3.468908,421.6,550,10.616,35.03597000000001,49.307001087677094,14.271031087677084,.407325,49.30700957954267,40.848039180605376,8.458970398937294,.241436,Sa 28. Feb 21:08:11 CET 2026
15,20.411364,1.24648043,6.8800,27.840800,4.046628,455.9,450,10.493,27.84079999999999,31.932475908854645,4.091675908854655,.146966,31.93247611767746,29.216970554667874,2.715505563009586,.097536,Sa 28. Feb 21:08:34 CET 2026
12,16.329091,.99718433,6.8800,27.840800,4.046628,455.9,450,10.493,27.84079999999999,30.92959152617159,3.08879152617160,.110944,30.92959167345266,28.492122831125176,2.437468842327484,.087550,Sa 28. Feb 21:08:45 CET 2026
33,32.998461,2.74225695,10.1000,35.035970,3.468908,421.6,550,10.616,35.03597000000001,51.639036041942006,16.603066041941996,.473886,51.639047172238726,42.3824125474824,9.256634624756326,.264203,Sa 28. Feb 21:08:56 CET 2026
45,44.997902,3.73944136,10.1000,35.035970,3.468908,421.6,550,10.616,35.03597000000001,59.796814373627356,24.760844373627346,.706726,59.796838663663515,54.98843496520317,4.808403698460345,.137241,Sa 28. Feb 21:08:56 CET 2026
42,41.998042,3.49014528,10.1000,35.035970,3.468908,421.6,550,10.616,35.03597000000001,58.06077042174096,23.02480042174095,.657176,58.06079140799393,52.35680913811946,5.70398226987447,.162803,Sa 28. Feb 21:08:57 CET 2026
18,24.493637,1.49577653,6.8800,27.840800,4.046628,455.9,450,10.493,27.84079999999999,33.06277932938941,5.22197932938942,.187565,33.0627796317644,30.015553965581574,3.047225666182826,.109451,Sa 28. Feb 21:09:05 CET 2026
39,38.998181,3.24084911,10.1000,35.035970,3.468908,421.6,550,10.616,35.03597000000001,56.10670649082197,21.07073649082196,.601402,56.106723979320286,48.86124909069291,7.245474888627376,.206801,Sa 28. Feb 21:09:16 CET 2026
36,35.998321,2.99155303,10.1000,35.035970,3.468908,421.6,550,10.616,35.03597000000001,53.94496589738178,18.90899589738177,.539702,53.94498008256287,45.05705637578037,8.88792370678250,.253679,Sa 28. Feb 21:09:39 CET 2026
21,28.575910,1.74507263,6.8800,27.840800,4.046628,455.9,450,10.493,27.84079999999999,34.34192770068248,6.50112770068249,.233510,34.3419281437831,30.89386634128303,3.44806180250007,.123849,Sa 28. Feb 21:11:51 CET 2026
24,32.658182,1.99436867,6.8800,27.840800,4.046628,455.9,450,10.493,27.84079999999999,35.78881839331535,7.94801839331536,.285480,35.78881903837178,31.87058501920464,3.91823401916714,.140737,Sa 28. Feb 21:13:04 CET 2026
30,40.822728,2.49296087,6.8800,27.840800,4.046628,455.9,450,10.493,27.84079999999999,39.181062888812534,11.340262888812544,.407325,39.1810642061665,34.12874394459777,5.05232026156873,.181471,Sa 28. Feb 21:13:30 CET 2026
27,36.740455,2.24366477,6.8800,27.840800,4.046628,455.9,450,10.493,27.84079999999999,37.409734430908664,9.568934430908674,.343701,37.40973535424135,32.958692547913685,4.451042806327665,.159874,Sa 28. Feb 21:13:41 CET 2026
33,44.905001,2.74225697,6.8800,27.840800,4.046628,455.9,450,10.493,27.84079999999999,41.03417467564978,13.19337467564979,.473886,41.03417652334554,35.376102848088856,5.658073675256684,.203229,Sa 28. Feb 21:16:20 CET 2026
36,48.987274,2.99155307,6.8800,27.840800,4.046628,455.9,450,10.493,27.84079999999999,42.86654697042623,15.02574697042624,.539702,42.866549537130695,36.623991067423134,6.242558469707561,.224223,Sa 28. Feb 21:16:44 CET 2026
39,53.069547,3.24084917,6.8800,27.840800,4.046628,455.9,450,10.493,27.84079999999999,44.584341293543545,16.743541293543555,.601403,44.5843447868164,37.82967448281338,6.75467030400302,.242617,Sa 28. Feb 21:16:47 CET 2026
42,57.151820,3.49014527,6.8800,27.840800,4.046628,455.9,450,10.493,27.84079999999999,46.13710655417548,18.29630655417549,.657176,46.13711114291422,38.969490862805415,7.167620280108805,.257450,Sa 28. Feb 21:30:49 CET 2026
45,61.234092,3.73944131,6.8800,27.840800,4.046628,455.9,450,10.493,27.84079999999999,47.516628652593056,19.675828652593066,.706726,47.516634458354076,40.079310081067085,7.437324377286991,.267137,Sa 28. Feb 21:32:51 CET 2026
0,0,0,6.8800,27.840800,4.046628,455.9,450,10.534,27.84079999999999,27.84079999999999,0,0,27.84080004142937,26.156692041923623,1.684107999505747,.060490,Sa 28. Feb 21:58:30 CET 2026
6,8.164545,.49859213,6.8800,27.840800,4.046628,455.9,450,10.534,27.84079999999999,29.230044976129417,1.389244976129427,.049899,29.23004505199797,27.228719080422774,2.001325971575196,.071884,Sa 28. Feb 21:59:08 CET 2026
3,4.082272,.24929603,6.8800,27.840800,4.046628,455.9,450,10.534,27.84079999999999,28.502640002552642,.661840002552652,.023772,28.502640056583814,26.67224893728132,1.830391119302494,.065744,Sa 28. Feb 21:59:12 CET 2026
9,12.246818,.74788823,6.8800,27.840800,4.046628,455.9,450,10.534,27.84079999999999,30.034392008649746,2.193592008649756,.078790,30.034392115211237,27.832846153750047,2.201545961461190,.079076,Sa 28. Feb 22:00:00 CET 2026
12,16.329091,.99718433,6.8800,27.840800,4.046628,455.9,450,10.534,27.84079999999999,30.92959152617159,3.08879152617160,.110944,30.929591675198548,28.492726517331917,2.436865157866631,.087528,Sa 28. Feb 22:00:02 CET 2026
21,28.575910,1.74507263,6.8800,27.840800,4.046628,455.9,450,10.534,27.84079999999999,34.34192770068248,6.50112770068249,.233510,34.341928147925415,30.895913030328543,3.446015117596872,.123775,Sa 28. Feb 22:00:44 CET 2026
15,20.411364,1.24648043,6.8800,27.840800,4.046628,455.9,450,10.534,27.84079999999999,31.932475908854645,4.091675908854655,.146966,31.932476120227776,29.217896235909897,2.714579884317879,.097503,Sa 28. Feb 22:00:48 CET 2026
18,24.493637,1.49577653,6.8800,27.840800,4.046628,455.9,450,10.534,27.84079999999999,33.06277932938941,5.22197932938942,.187565,33.06277963517091,30.01700437966908,3.04577525550183,.109399,Sa 28. Feb 22:00:54 CET 2026
30,40.822728,2.49296087,6.8800,27.840800,4.046628,455.9,450,10.534,27.84079999999999,39.181062888812534,11.340262888812544,.407325,39.181064213674674,34.134169469406864,5.046894744267810,.181276,Sa 28. Feb 22:00:58 CET 2026
24,32.658182,1.99436867,6.8800,27.840800,4.046628,455.9,450,10.534,27.84079999999999,35.78881839331535,7.94801839331536,.285480,35.78881904299159,31.873400354023744,3.915418688967846,.140635,Sa 28. Feb 22:01:06 CET 2026
3,4.082272,.24929603,6.8800,27.840800,4.046628,455.9,450,10.575,27.84079999999999,28.502640002552642,.661840002552652,.023772,28.502640057422447,26.67236775257567,1.830272304846777,.065740,Sa 28. Feb 22:01:14 CET 2026
0,0,0,6.8800,27.840800,4.046628,455.9,450,10.575,27.84079999999999,27.84079999999999,0,0,27.840800041837557,26.156703807729226,1.684096234108331,.060490,Sa 28. Feb 22:01:27 CET 2026
6,8.164545,.49859213,6.8800,27.840800,4.046628,455.9,450,10.575,27.84079999999999,29.230044976129417,1.389244976129427,.049899,29.230045052572827,27.228966008139537,2.001079044433290,.071875,Sa 28. Feb 22:01:36 CET 2026
27,36.740455,2.24366477,6.8800,27.840800,4.046628,455.9,450,10.534,27.84079999999999,37.409734430908664,9.568934430908674,.343701,37.40973536243313,32.96286661104989,4.44686875138324,.159724,Sa 28. Feb 22:01:41 CET 2026
36,48.987274,2.99155307,6.8800,27.840800,4.046628,455.9,450,10.534,27.84079999999999,42.86654697042623,15.02574697042624,.539702,42.86654955712171,36.63321454156104,6.23333501556067,.223892,Sa 28. Feb 22:02:15 CET 2026
33,44.905001,2.74225697,6.8800,27.840800,4.046628,455.9,450,10.534,27.84079999999999,41.03417467564978,13.19337467564979,.473886,41.03417653345484,35.383385268748846,5.650791264705994,.202967,Sa 28. Feb 22:02:16 CET 2026
45,61.234092,3.73944131,6.8800,27.840800,4.046628,455.9,450,10.534,27.84079999999999,47.516628652593056,19.675828652593066,.706726,47.51663449348955,40.08871906044982,7.42791543303973,.266799,Sa 28. Feb 22:02:25 CET 2026
39,53.069547,3.24084917,6.8800,27.840800,4.046628,455.9,450,10.534,27.84079999999999,44.584341293543545,16.743541293543555,.601403,44.584344812749634,37.84066502693441,6.743679785815224,.242222,Sa 28. Feb 22:02:41 CET 2026
42,57.151820,3.49014527,6.8800,27.840800,4.046628,455.9,450,10.534,27.84079999999999,46.13710655417548,18.29630655417549,.657176,46.137111180747546,38.98402867502959,7.153082505717956,.256928,Sa 28. Feb 22:03:37 CET 2026
9,12.246818,.74788823,6.8800,27.840800,4.046628,455.9,450,10.575,27.84079999999999,30.034392008649746,2.193592008649756,.078790,30.03439211626062,27.83326135540584,2.20113076085478,.079061,Sa 28. Feb 22:04:13 CET 2026
12,16.329091,.99718433,6.8800,27.840800,4.046628,455.9,450,10.575,27.84079999999999,30.92959152617159,3.08879152617160,.110944,30.92959167690001,28.493337895163595,2.436253781736415,.087506,Sa 28. Feb 22:05:08 CET 2026
15,20.411364,1.24648043,6.8800,27.840800,4.046628,455.9,450,10.575,27.84079999999999,31.932475908854645,4.091675908854655,.146966,31.932476122714785,29.21880462148012,2.713671501234665,.097471,Sa 28. Feb 22:05:32 CET 2026
18,24.493637,1.49577653,6.8800,27.840800,4.046628,455.9,450,10.575,27.84079999999999,33.06277932938941,5.22197932938942,.187565,33.062779638470445,30.018409580853014,3.044370057617431,.109349,Sa 28. Feb 22:06:06 CET 2026
24,32.658182,1.99436867,6.8800,27.840800,4.046628,455.9,450,10.575,27.84079999999999,35.78881839331535,7.94801839331536,.285480,35.78881904753142,31.87622293117292,3.91259611635850,.140534,Sa 28. Feb 22:08:45 CET 2026
21,28.575910,1.74507263,6.8800,27.840800,4.046628,455.9,450,10.575,27.84079999999999,34.34192770068248,6.50112770068249,.233510,34.34192815196216,30.897954144275467,3.443974007686693,.123702,Sa 28. Feb 22:09:12 CET 2026
27,36.740455,2.24366477,6.8800,27.840800,4.046628,455.9,450,10.575,27.84079999999999,37.409734430908664,9.568934430908674,.343701,37.409735370446825,32.966934447676586,4.442800922770239,.159578,Sa 28. Feb 22:10:46 CET 2026
30,40.822728,2.49296087,6.8800,27.840800,4.046628,455.9,450,10.575,27.84079999999999,39.181062888812534,11.340262888812544,.407325,39.18106422102651,34.13960519277651,5.04145902825000,.181081,Sa 28. Feb 22:24:46 CET 2026
33,44.905001,2.74225697,6.8800,27.840800,4.046628,455.9,450,10.575,27.84079999999999,41.03417467564978,13.19337467564979,.473886,41.03417654851755,35.39070672611877,5.64346982239878,.202705,Sa 28. Feb 22:27:02 CET 2026
36,48.987274,2.99155307,6.8800,27.840800,4.046628,455.9,450,10.575,27.84079999999999,42.86654697042623,15.02574697042624,.539702,42.86654957640222,36.642420067459284,6.224129508942936,.223561,Sa 28. Feb 22:52:42 CET 2026
0,0,0,6.8800,27.840800,4.046628,455.9,450,10.616,27.84079999999999,27.84079999999999,0,0,27.840800042235905,26.156720752147624,1.684079290088281,.060489,Sa 28. Feb 22:52:43 CET 2026
6,8.164545,.49859213,6.8800,27.840800,4.046628,455.9,450,10.616,27.84079999999999,29.230044976129417,1.389244976129427,.049899,29.23004505313458,27.22921504855507,2.00083000457951,.071866,Sa 28. Feb 22:53:16 CET 2026
3,4.082272,.24929603,6.8800,27.840800,4.046628,455.9,450,10.616,27.84079999999999,28.502640002552642,.661840002552652,.023772,28.50264005824291,26.67252698323365,1.83011307500926,.065734,Sa 28. Feb 22:53:21 CET 2026
39,53.069547,3.24084917,6.8800,27.840800,4.046628,455.9,450,10.575,27.84079999999999,44.584341293543545,16.743541293543555,.601403,44.58434483797501,37.85158957558006,6.73275526239495,.241830,Sa 28. Feb 22:53:23 CET 2026
42,57.151820,3.49014527,6.8800,27.840800,4.046628,455.9,450,10.575,27.84079999999999,46.13710655417548,18.29630655417549,.657176,46.13711121727958,38.998948652396955,7.138162564882625,.256392,Sa 28. Feb 22:53:24 CET 2026
12,16.329091,.99718433,6.8800,27.840800,4.046628,455.9,450,10.616,27.84079999999999,30.92959152617159,3.08879152617160,.110944,30.929591678567064,28.493963863643838,2.435627814923226,.087484,Sa 28. Feb 22:53:38 CET 2026
9,12.246818,.74788823,6.8800,27.840800,4.046628,455.9,450,10.616,27.84079999999999,30.034392008649746,2.193592008649756,.078790,30.034392117298513,27.83367444201851,2.200717675280003,.079046,Sa 28. Feb 22:53:38 CET 2026
45,61.234092,3.73944131,6.8800,27.840800,4.046628,455.9,450,10.575,27.84079999999999,47.516628652593056,19.675828652593066,.706726,47.51663452704764,40.098062244663986,7.418572282383654,.266464,Sa 28. Feb 22:53:48 CET 2026
15,20.411364,1.24648043,6.8800,27.840800,4.046628,455.9,450,10.616,27.84079999999999,31.932475908854645,4.091675908854655,.146966,31.93247612514666,29.219728505487325,2.712747619659335,.097437,Sa 28. Feb 22:53:50 CET 2026
18,24.493637,1.49577653,6.8800,27.840800,4.046628,455.9,450,10.616,27.84079999999999,33.06277932938941,5.22197932938942,.187565,33.062779641716276,30.019863099867038,3.042916541849238,.109297,Sa 28. Feb 22:53:57 CET 2026
21,28.575910,1.74507263,6.8800,27.840800,4.046628,455.9,450,10.616,27.84079999999999,34.34192770068248,6.50112770068249,.233510,34.34192815591822,30.900026995070856,3.441901160847364,.123627,Sa 28. Feb 22:54:18 CET 2026
33,44.905001,2.74225697,6.8800,27.840800,4.046628,455.9,450,10.616,27.84079999999999,41.03417467564978,13.19337467564979,.473886,41.03417656386341,35.397858738961695,5.636317824901715,.202448,Sa 28. Feb 22:55:01 CET 2026
24,32.658182,1.99436867,6.8800,27.840800,4.046628,455.9,450,10.616,27.84079999999999,35.78881839331535,7.94801839331536,.285480,35.78881905197008,31.878988584400773,3.909830467569307,.140435,Sa 28. Feb 22:55:05 CET 2026
27,36.740455,2.24366477,6.8800,27.840800,4.046628,455.9,450,10.616,27.84079999999999,37.409734430908664,9.568934430908674,.343701,37.40973537834862,32.97107346051827,4.43866191783035,.159430,Sa 28. Feb 22:55:08 CET 2026
30,40.822728,2.49296087,6.8800,27.840800,4.046628,455.9,450,10.616,27.84079999999999,39.181062888812534,11.340262888812544,.407325,39.181064230009675,34.14509349595508,5.035970734054595,.180884,Sa 28. Feb 22:55:38 CET 2026
36,48.987274,2.99155307,6.8800,27.840800,4.046628,455.9,450,10.616,27.84079999999999,42.86654697042623,15.02574697042624,.539702,42.86654959542157,36.65149083141818,6.21505876400339,.223235,Sa 28. Feb 22:55:47 CET 2026
39,53.069547,3.24084917,6.8800,27.840800,4.046628,455.9,450,10.616,27.84079999999999,44.584341293543545,16.743541293543555,.601403,44.58434486229527,37.86248003324435,6.72186482905092,.241439,Sa 28. Feb 22:55:55 CET 2026
0,0,0,6.8800,27.840800,4.046628,455.9,500,10.493,27.84079999999999,27.84079999999999,0,0,27.840800040981602,26.166332835808493,1.674467205173109,.060144,Sa 28. Feb 22:56:10 CET 2026
3,4.082272,.24929603,6.8800,27.840800,4.046628,455.9,500,10.493,27.84079999999999,28.502640002552642,.661840002552652,.023772,28.502640055613725,26.682297676865055,1.820342378748670,.065383,Sa 28. Feb 22:56:12 CET 2026
42,57.151820,3.49014527,6.8800,27.840800,4.046628,455.9,450,10.616,27.84079999999999,46.13710655417548,18.29630655417549,.657176,46.137111252403784,39.014151348024406,7.122959904379378,.255846,Sa 28. Feb 22:56:39 CET 2026
6,8.164545,.49859213,6.8800,27.840800,4.046628,455.9,500,10.493,27.84079999999999,29.230044976129417,1.389244976129427,.049899,29.23004505134854,27.239530744640916,1.990514306707624,.071496,Sa 28. Feb 22:57:55 CET 2026
45,61.234092,3.73944131,6.8800,27.840800,4.046628,455.9,450,10.616,27.84079999999999,47.516628652593056,19.675828652593066,.706726,47.516634559537685,40.10748410736057,7.409150452177115,.266125,Sa 28. Feb 22:58:23 CET 2026
9,12.246818,.74788823,6.8800,27.840800,4.046628,455.9,500,10.493,27.84079999999999,30.034392008649746,2.193592008649756,.078790,30.0343921139596,27.844549144346285,2.189842969613315,.078655,Sa 28. Feb 23:01:23 CET 2026
12,16.329091,.99718433,6.8800,27.840800,4.046628,455.9,500,10.493,27.84079999999999,30.92959152617159,3.08879152617160,.110944,30.929591673089675,28.505145294193312,2.424446378896363,.087082,Sa 28. Feb 23:01:25 CET 2026
15,20.411364,1.24648043,6.8800,27.840800,4.046628,455.9,500,10.493,27.84079999999999,31.932475908854645,4.091675908854655,.146966,31.932476117027555,29.230363513015504,2.702112604012051,.097055,Sa 28. Feb 23:03:40 CET 2026
18,24.493637,1.49577653,6.8800,27.840800,4.046628,455.9,500,10.493,27.84079999999999,33.06277932938941,5.22197932938942,.187565,33.06277963075845,30.028194562584435,3.034585068174015,.108997,Sa 28. Feb 23:17:49 CET 2026
21,28.575910,1.74507263,6.8800,27.840800,4.046628,455.9,500,10.493,27.84079999999999,34.34192770068248,6.50112770068249,.233510,34.34192814238443,30.909236662928762,3.432691479455668,.123297,Sa 28. Feb 23:19:59 CET 2026
27,36.740455,2.24366477,6.8800,27.840800,4.046628,455.9,500,10.493,27.84079999999999,37.409734430908664,9.568934430908674,.343701,37.40973535000329,32.97779153903102,4.43194381097227,.159188,Sa 28. Feb 23:45:34 CET 2026
30,40.822728,2.49296087,6.8800,27.840800,4.046628,455.9,500,10.493,27.84079999999999,39.181062888812534,11.340262888812544,.407325,39.181064201948665,34.15241910337413,5.028645098574535,.180621,Sa 28. Feb 23:45:57 CET 2026
33,44.905001,2.74225697,6.8800,27.840800,4.046628,455.9,500,10.493,27.84079999999999,41.03417467564978,13.19337467564979,.473886,41.0341765153895,35.3968092099451,5.6373673054444,.202485,Sa 28. Feb 23:45:58 CET 2026
0,0,0,6.8800,27.840800,4.046628,455.9,500,10.534,27.84079999999999,27.84079999999999,0,0,27.84080004140409,26.166295066522157,1.674504974881933,.060145,Sa 28. Feb 23:45:59 CET 2026
24,32.658182,1.99436867,6.8800,27.840800,4.046628,455.9,500,10.493,27.84079999999999,35.78881839331535,7.94801839331536,.285480,35.788819036641286,31.89094482317073,3.897874213470556,.140005,Sa 28. Feb 23:46:00 CET 2026
3,4.082272,.24929603,6.8800,27.840800,4.046628,455.9,500,10.534,27.84079999999999,28.502640002552642,.661840002552652,.023772,28.502640056476235,26.68239219820795,1.820247858268285,.065380,Sa 28. Feb 23:46:01 CET 2026
6,8.164545,.49859213,6.8800,27.840800,4.046628,455.9,500,10.534,27.84079999999999,29.230044976129417,1.389244976129427,.049899,29.230045051941953,27.23972519229039,1.990319859651563,.071489,Sa 28. Feb 23:46:03 CET 2026
42,57.151820,3.49014527,6.8800,27.840800,4.046628,455.9,500,10.493,27.84079999999999,46.13710655417548,18.29630655417549,.657176,46.13711108648889,38.996449009959605,7.140662076529285,.256481,Sa 28. Feb 23:46:07 CET 2026
36,48.987274,2.99155307,6.8800,27.840800,4.046628,455.9,500,10.493,27.84079999999999,42.86654697042623,15.02574697042624,.539702,42.866549513583266,36.643275374086755,6.223274139496511,.223530,Sa 28. Feb 23:46:13 CET 2026
39,53.069547,3.24084917,6.8800,27.840800,4.046628,455.9,500,10.493,27.84079999999999,44.584341293543545,16.743541293543555,.601403,44.58434475015328,37.8516415434375,6.73270320671578,.241828,Sa 28. Feb 23:46:30 CET 2026
9,12.246818,.74788823,6.8800,27.840800,4.046628,455.9,500,10.534,27.84079999999999,30.034392008649746,2.193592008649756,.078790,30.034392115045325,27.84488894792439,2.189503167120935,.078643,Sa 28. Feb 23:46:31 CET 2026
45,61.234092,3.73944131,6.8800,27.840800,4.046628,455.9,500,10.493,27.84079999999999,47.516628652593056,19.675828652593066,.706726,47.516634400828515,40.08572059680728,7.430913804021235,.266907,Sa 28. Feb 23:46:40 CET 2026
12,16.329091,.99718433,6.8800,27.840800,4.046628,455.9,500,10.534,27.84079999999999,30.92959152617159,3.08879152617160,.110944,30.929591674837432,28.50570522140973,2.423886453427702,.087062,Sa 28. Feb 23:46:58 CET 2026
18,24.493637,1.49577653,6.8800,27.840800,4.046628,455.9,500,10.534,27.84079999999999,33.06277932938941,5.22197932938942,.187565,33.062779634160506,30.02960882515704,3.033170809003466,.108946,Sa 28. Feb 23:47:39 CET 2026
24,32.658182,1.99436867,6.8800,27.840800,4.046628,455.9,500,10.534,27.84079999999999,35.78881839331535,7.94801839331536,.285480,35.7888190412727,31.893723730939055,3.895095310333645,.139906,Sa 28. Feb 23:47:49 CET 2026
21,28.575910,1.74507263,6.8800,27.840800,4.046628,455.9,500,10.534,27.84079999999999,34.34192770068248,6.50112770068249,.233510,34.34192814652212,30.911183413435214,3.430744733086906,.123227,Sa 28. Feb 23:47:55 CET 2026
15,20.411364,1.24648043,6.8800,27.840800,4.046628,455.9,500,10.534,27.84079999999999,31.932475908854645,4.091675908854655,.146966,31.932476119577256,29.231205832720224,2.701270286857032,.097025,Sa 28. Feb 23:47:55 CET 2026
33,44.905001,2.74225697,6.8800,27.840800,4.046628,455.9,500,10.534,27.84079999999999,41.03417467564978,13.19337467564979,.473886,41.03417652557018,35.404009328463445,5.630167197106735,.202227,Sa 28. Feb 23:48:13 CET 2026
27,36.740455,2.24366477,6.8800,27.840800,4.046628,455.9,500,10.534,27.84079999999999,37.409734430908664,9.568934430908674,.343701,37.40973535822398,32.981936949387915,4.427798408836065,.159039,Sa 28. Feb 23:48:30 CET 2026
30,40.822728,2.49296087,6.8800,27.840800,4.046628,455.9,500,10.534,27.84079999999999,39.181062888812534,11.340262888812544,.407325,39.18106420945489,34.157758361513196,5.023305847941694,.180429,Sa 28. Feb 23:49:08 CET 2026
36,48.987274,2.99155307,6.8800,27.840800,4.046628,455.9,500,10.534,27.84079999999999,42.86654697042623,15.02574697042624,.539702,42.866549533634185,36.6522454032054,6.214304130428785,.223208,Sa 28. Feb 23:50:00 CET 2026
39,53.069547,3.24084917,6.8800,27.840800,4.046628,455.9,500,10.534,27.84079999999999,44.584341293543545,16.743541293543555,.601403,44.58434477623744,37.86246856338757,6.72187621284987,.241439,Sa 28. Feb 23:51:11 CET 2026
42,57.151820,3.49014527,6.8800,27.840800,4.046628,455.9,500,10.534,27.84079999999999,46.13710655417548,18.29630655417549,.657176,46.137111124535586,39.012793170818725,7.124317953716861,.255894,Sa 28. Feb 23:51:38 CET 2026
0,0,0,6.8800,27.840800,4.046628,455.9,500,10.575,27.84079999999999,27.84079999999999,0,0,27.840800041811523,26.16627748576249,1.674522556049033,.060146,Sa 28. Feb 23:52:14 CET 2026
45,61.234092,3.73944131,6.8800,27.840800,4.046628,455.9,500,10.534,27.84079999999999,47.516628652593056,19.675828652593066,.706726,47.51663443626503,40.095276015521364,7.421358420743666,.266564,Sa 28. Feb 23:54:03 CET 2026
3,4.082272,.24929603,6.8800,27.840800,4.046628,455.9,500,10.575,27.84079999999999,28.502640002552642,.661840002552652,.023772,28.50264005731373,26.68251319867973,1.82012685863400,.065376,Sa 28. Feb 23:54:04 CET 2026
6,8.164545,.49859213,6.8800,27.840800,4.046628,455.9,500,10.575,27.84079999999999,29.230044976129417,1.389244976129427,.049899,29.23004505251583,27.239939246885392,1.990105805630438,.071481,So 1. Mär 00:10:16 CET 2026
9,12.246818,.74788823,6.8800,27.840800,4.046628,455.9,500,10.575,27.84079999999999,30.034392008649746,2.193592008649756,.078790,30.034392116092953,27.845215853601147,2.189176262491806,.078631,So 1. Mär 00:12:03 CET 2026
12,16.329091,.99718433,6.8800,27.840800,4.046628,455.9,500,10.575,27.84079999999999,30.92959152617159,3.08879152617160,.110944,30.92959167654,28.50630513731944,2.42328653922056,.087040,So 1. Mär 00:38:21 CET 2026
15,20.411364,1.24648043,6.8800,27.840800,4.046628,455.9,500,10.575,27.84079999999999,31.932475908854645,4.091675908854655,.146966,31.932476122063644,29.2320761281928,2.700399993870844,.096994,So 1. Mär 00:38:32 CET 2026
0,0,0,6.8800,27.840800,4.046628,455.9,500,10.616,27.84079999999999,27.84079999999999,0,0,27.840800042210745,26.16626739673754,1.674532645473205,.060146,So 1. Mär 00:38:36 CET 2026
18,24.493637,1.49577653,6.8800,27.840800,4.046628,455.9,500,10.575,27.84079999999999,33.06277932938941,5.22197932938942,.187565,33.062779637471124,30.031013280438266,3.031766357032858,.108896,So 1. Mär 00:38:41 CET 2026
24,32.658182,1.99436867,6.8800,27.840800,4.046628,455.9,500,10.575,27.84079999999999,35.78881839331535,7.94801839331536,.285480,35.788819045816794,31.89633273795235,3.892486307864444,.139812,So 1. Mär 00:38:42 CET 2026
27,36.740455,2.24366477,6.8800,27.840800,4.046628,455.9,500,10.575,27.84079999999999,37.409734430908664,9.568934430908674,.343701,37.40973536626351,32.98597419404167,4.42376117222184,.158894,So 1. Mär 00:38:45 CET 2026
30,40.822728,2.49296087,6.8800,27.840800,4.046628,455.9,500,10.575,27.84079999999999,39.181062888812534,11.340262888812544,.407325,39.181064216827934,34.1631028092711,5.017961407556834,.180237,So 1. Mär 00:38:46 CET 2026
33,44.905001,2.74225697,6.8800,27.840800,4.046628,455.9,500,10.575,27.84079999999999,41.03417467564978,13.19337467564979,.473886,41.034176535461874,35.41121267747817,5.622963857983704,.201968,So 1. Mär 00:38:48 CET 2026
21,28.575910,1.74507263,6.8800,27.840800,4.046628,455.9,500,10.575,27.84079999999999,34.34192770068248,6.50112770068249,.233510,34.34192815056687,30.913228927123278,3.428699223443592,.123153,So 1. Mär 00:38:51 CET 2026
42,57.151820,3.49014527,6.8800,27.840800,4.046628,455.9,500,10.575,27.84079999999999,46.13710655417548,18.29630655417549,.657176,46.13711116134052,39.02938512267323,7.10772603866729,.255298,So 1. Mär 00:38:59 CET 2026
36,48.987274,2.99155307,6.8800,27.840800,4.046628,455.9,500,10.575,27.84079999999999,42.86654697042623,15.02574697042624,.539702,42.86654955305995,36.661425310345386,6.205124242714564,.222878,So 1. Mär 00:39:12 CET 2026
3,4.082272,.24929603,6.8800,27.840800,4.046628,455.9,500,10.616,27.84079999999999,28.502640002552642,.661840002552652,.023772,28.502640058135686,26.682572582577713,1.820067475557973,.065374,So 1. Mär 00:39:18 CET 2026
6,8.164545,.49859213,6.8800,27.840800,4.046628,455.9,500,10.616,27.84079999999999,29.230044976129417,1.389244976129427,.049899,29.230045053079408,27.240143845946996,1.989901207132412,.071474,So 1. Mär 00:39:24 CET 2026
12,16.329091,.99718433,6.8800,27.840800,4.046628,455.9,500,10.616,27.84079999999999,30.92959152617159,3.08879152617160,.110944,30.92959167820165,28.50687254723323,2.42271913096842,.087020,So 1. Mär 00:39:33 CET 2026
9,12.246818,.74788823,6.8800,27.840800,4.046628,455.9,500,10.616,27.84079999999999,30.034392008649746,2.193592008649756,.078790,30.034392117130793,27.845562336302216,2.188829780828577,.078619,So 1. Mär 00:39:40 CET 2026
45,61.234092,3.73944131,6.8800,27.840800,4.046628,455.9,500,10.575,27.84079999999999,47.516628652593056,19.675828652593066,.706726,47.516634470034504,40.10472193894392,7.411912531090584,.266224,So 1. Mär 00:39:45 CET 2026
39,53.069547,3.24084917,6.8800,27.840800,4.046628,455.9,500,10.575,27.84079999999999,44.584341293543545,16.743541293543555,.601403,44.584344801556625,37.87341907253073,6.710925729025895,.241046,So 1. Mär 00:40:05 CET 2026
15,20.411364,1.24648043,6.8800,27.840800,4.046628,455.9,500,10.616,27.84079999999999,31.932475908854645,4.091675908854655,.146966,31.932476124501164,29.232945111286426,2.699531013214738,.096963,So 1. Mär 00:40:14 CET 2026
18,24.493637,1.49577653,6.8800,27.840800,4.046628,455.9,500,10.616,27.84079999999999,33.06277932938941,5.22197932938942,.187565,33.06277964071544,30.032407328466046,3.030372312249394,.108846,So 1. Mär 00:41:23 CET 2026
21,28.575910,1.74507263,6.8800,27.840800,4.046628,455.9,500,10.616,27.84079999999999,34.34192770068248,6.50112770068249,.233510,34.34192815452725,30.915202017106385,3.426726137420865,.123082,So 1. Mär 00:42:18 CET 2026
24,32.658182,1.99436867,6.8800,27.840800,4.046628,455.9,500,10.616,27.84079999999999,35.78881839331535,7.94801839331536,.285480,35.78881905026097,31.89913188733626,3.88968716292471,.139711,So 1. Mär 00:43:07 CET 2026
27,36.740455,2.24366477,6.8800,27.840800,4.046628,455.9,500,10.616,27.84079999999999,37.409734430908664,9.568934430908674,.343701,37.40973537413956,32.98990656494443,4.41982880919513,.158753,So 1. Mär 00:44:36 CET 2026
30,40.822728,2.49296087,6.8800,27.840800,4.046628,455.9,500,10.616,27.84079999999999,39.181062888812534,11.340262888812544,.407325,39.18106422403357,34.16844571294609,5.01261851108748,.180045,So 1. Mär 00:44:43 CET 2026
33,44.905001,2.74225697,6.8800,27.840800,4.046628,455.9,500,10.616,27.84079999999999,41.03417467564978,13.19337467564979,.473886,41.03417654944854,35.418334737263855,5.615841812184685,.201712,So 1. Mär 00:45:26 CET 2026
36,48.987274,2.99155307,6.8800,27.840800,4.046628,455.9,500,10.616,27.84079999999999,42.86654697042623,15.02574697042624,.539702,42.86654957215373,36.670461057917926,6.196088514235804,.222554,So 1. Mär 00:47:30 CET 2026
39,53.069547,3.24084917,6.8800,27.840800,4.046628,455.9,500,10.616,27.84079999999999,44.584341293543545,16.743541293543555,.601403,44.58434482606671,37.88424948766954,6.70009533839717,.240657,So 1. Mär 00:47:34 CET 2026
42,57.151820,3.49014527,6.8800,27.840800,4.046628,455.9,500,10.616,27.84079999999999,46.13710655417548,18.29630655417549,.657176,46.13711119690939,39.046358752046785,7.090752444862605,.254689,So 1. Mär 01:04:35 CET 2026
45,61.234092,3.73944131,6.8800,27.840800,4.046628,455.9,500,10.616,27.84079999999999,47.516628652593056,19.675828652593066,.706726,47.516634502634226,40.11434717051316,7.402287332121066,.265879,So 1. Mär 01:05:57 CET 2026
3,4.082272,.24929603,6.8800,27.840800,4.046628,455.9,550,10.493,27.84079999999999,28.502640002552642,.661840002552652,.023772,28.502640055592853,26.692252705793088,1.810387349799765,.065026,So 1. Mär 01:29:59 CET 2026
0,0,0,6.8800,27.840800,4.046628,455.9,550,10.493,27.84079999999999,27.84079999999999,0,0,27.840800040980756,26.175630957712976,1.665169083267780,.059810,So 1. Mär 01:30:12 CET 2026
9,12.246818,.74788823,6.8800,27.840800,4.046628,455.9,550,10.493,27.84079999999999,30.034392008649746,2.193592008649756,.078790,30.034392113926252,27.856569098979836,2.177823014946416,.078224,So 1. Mär 01:30:24 CET 2026
6,8.164545,.49859213,6.8800,27.840800,4.046628,455.9,550,10.493,27.84079999999999,29.230044976129417,1.389244976129427,.049899,29.230045051343687,27.250383588155636,1.979661463188051,.071106,So 1. Mär 01:30:34 CET 2026
12,16.329091,.99718433,6.8800,27.840800,4.046628,455.9,550,10.493,27.84079999999999,30.92959152617159,3.08879152617160,.110944,30.929591672987375,28.51814959756674,2.411442075420635,.086615,So 1. Mär 01:30:38 CET 2026
15,20.411364,1.24648043,6.8800,27.840800,4.046628,455.9,550,10.493,27.84079999999999,31.932475908854645,4.091675908854655,.146966,31.93247611681699,29.244502686431847,2.687973430385143,.096547,So 1. Mär 01:30:41 CET 2026
21,28.575910,1.74507263,6.8800,27.840800,4.046628,455.9,550,10.493,27.84079999999999,34.34192770068248,6.50112770068249,.233510,34.34192814190022,30.929089209127806,3.412838932772414,.122584,So 1. Mär 01:31:01 CET 2026
18,24.493637,1.49577653,6.8800,27.840800,4.046628,455.9,550,10.493,27.84079999999999,33.06277932938941,5.22197932938942,.187565,33.06277963040931,30.044413131375126,3.018366499034184,.108415,So 1. Mär 01:31:03 CET 2026
36,48.987274,2.99155307,6.8800,27.840800,4.046628,455.9,550,10.493,27.84079999999999,42.86654697042623,15.02574697042624,.539702,42.866549503966105,36.66696130485964,6.199588199106465,.222679,So 1. Mär 01:31:04 CET 2026
45,61.234092,3.73944131,6.8800,27.840800,4.046628,455.9,550,10.493,27.84079999999999,47.516628652593056,19.675828652593066,.706726,47.516634379143376,40.09634333394824,7.420291045195136,.266525,So 1. Mär 01:31:12 CET 2026
24,32.658182,1.99436867,6.8800,27.840800,4.046628,455.9,550,10.493,27.84079999999999,35.78881839331535,7.94801839331536,.285480,35.7888190360669,31.914225379601426,3.874593656465474,.139169,So 1. Mär 01:31:14 CET 2026
3,4.082272,.24929603,6.8800,27.840800,4.046628,455.9,550,10.534,27.84079999999999,28.502640002552642,.661840002552652,.023772,28.502640056455412,26.692287830736756,1.810352225718656,.065025,So 1. Mär 01:31:18 CET 2026
27,36.740455,2.24366477,6.8800,27.840800,4.046628,455.9,550,10.493,27.84079999999999,37.409734430908664,9.568934430908674,.343701,37.409735348400346,32.99935354512064,4.410381803279706,.158414,So 1. Mär 01:31:19 CET 2026
42,57.151820,3.49014527,6.8800,27.840800,4.046628,455.9,550,10.493,27.84079999999999,46.13710655417548,18.29630655417549,.657176,46.13711106290588,39.03616387193083,7.10094719097505,.255055,So 1. Mär 01:31:22 CET 2026
33,44.905001,2.74225697,6.8800,27.840800,4.046628,455.9,550,10.493,27.84079999999999,41.03417467564978,13.19337467564979,.473886,41.034176512635106,35.420447575703825,5.613728936931281,.201636,So 1. Mär 01:31:27 CET 2026
0,0,0,6.8800,27.840800,4.046628,455.9,550,10.534,27.84079999999999,27.84079999999999,0,0,27.84080004140326,26.175586261454573,1.665213779948687,.059811,So 1. Mär 01:31:30 CET 2026
30,40.822728,2.49296087,6.8800,27.840800,4.046628,455.9,550,10.493,27.84079999999999,39.181062888812534,11.340262888812544,.407325,39.18106420049295,34.17865532957413,5.00240887091882,.179679,So 1. Mär 01:31:35 CET 2026
39,53.069547,3.24084917,6.8800,27.840800,4.046628,455.9,550,10.493,27.84079999999999,44.584341293543545,16.743541293543555,.601403,44.58434473503622,37.87729365912343,6.70705107591279,.240907,So 1. Mär 01:31:57 CET 2026
6,8.164545,.49859213,6.8800,27.840800,4.046628,455.9,550,10.534,27.84079999999999,29.230044976129417,1.389244976129427,.049899,29.23004505193709,27.25056030224074,1.97948474969635,.071100,So 1. Mär 01:32:26 CET 2026
9,12.246818,.74788823,6.8800,27.840800,4.046628,455.9,550,10.534,27.84079999999999,30.034392008649746,2.193592008649756,.078790,30.034392115011038,27.856860515119948,2.177531599891090,.078213,So 1. Mär 01:34:03 CET 2026
12,16.329091,.99718433,6.8800,27.840800,4.046628,455.9,550,10.534,27.84079999999999,30.92959152617159,3.08879152617160,.110944,30.929591674740117,28.518663398981516,2.410928275758601,.086596,So 1. Mär 01:35:28 CET 2026
18,24.493637,1.49577653,6.8800,27.840800,4.046628,455.9,550,10.534,27.84079999999999,33.06277932938941,5.22197932938942,.187565,33.06277963381621,30.0456957823831,3.01708385143311,.108369,So 1. Mär 01:38:08 CET 2026
15,20.411364,1.24648043,6.8800,27.840800,4.046628,455.9,550,10.534,27.84079999999999,31.932475908854645,4.091675908854655,.146966,31.93247611936655,29.2453292251383,2.68714689422825,.096518,So 1. Mär 01:38:19 CET 2026
21,28.575910,1.74507263,6.8800,27.840800,4.046628,455.9,550,10.534,27.84079999999999,34.34192770068248,6.50112770068249,.233510,34.34192814603723,30.930990498063252,3.410937647973978,.122515,So 1. Mär 01:39:18 CET 2026
27,36.740455,2.24366477,6.8800,27.840800,4.046628,455.9,550,10.534,27.84079999999999,37.409734430908664,9.568934430908674,.343701,37.409735356618256,33.00326164168842,4.406473714929836,.158273,So 1. Mär 01:40:34 CET 2026
24,32.658182,1.99436867,6.8800,27.840800,4.046628,455.9,550,10.534,27.84079999999999,35.78881839331535,7.94801839331536,.285480,35.7888190407064,31.916906579273327,3.871912461433073,.139073,So 1. Mär 01:40:47 CET 2026
30,40.822728,2.49296087,6.8800,27.840800,4.046628,455.9,550,10.534,27.84079999999999,39.181062888812534,11.340262888812544,.407325,39.181064208041924,34.183864687887144,4.997199520154780,.179491,So 1. Mär 01:58:22 CET 2026
33,44.905001,2.74225697,6.8800,27.840800,4.046628,455.9,550,10.534,27.84079999999999,41.03417467564978,13.19337467564979,.473886,41.03417652280097,35.42760645947962,5.60657006332135,.201379,So 1. Mär 01:59:31 CET 2026
0,0,0,6.8800,27.840800,4.046628,455.9,550,10.575,27.84079999999999,27.84079999999999,0,0,27.840800041810684,26.17553747519597,1.665262566614714,.059813,So 1. Mär 02:22:21 CET 2026
36,48.987274,2.99155307,6.8800,27.840800,4.046628,455.9,550,10.534,27.84079999999999,42.86654697042623,15.02574697042624,.539702,42.86654952406424,36.67585463635023,6.19069488771401,.222360,So 1. Mär 02:22:29 CET 2026
42,57.151820,3.49014527,6.8800,27.840800,4.046628,455.9,550,10.534,27.84079999999999,46.13710655417548,18.29630655417549,.657176,46.137111101168784,39.05422958869188,7.082881512476904,.254406,So 1. Mär 02:22:43 CET 2026
45,61.234092,3.73944131,6.8800,27.840800,4.046628,455.9,550,10.534,27.84079999999999,47.516628652593056,19.675828652593066,.706726,47.51663441459625,40.10584500085841,7.41078941373784,.266184,So 1. Mär 02:22:50 CET 2026
3,4.082272,.24929603,6.8800,27.840800,4.046628,455.9,550,10.575,27.84079999999999,28.502640002552642,.661840002552652,.023772,28.502640057293046,26.69234099662855,1.810299060664496,.065023,So 1. Mär 02:22:50 CET 2026
6,8.164545,.49859213,6.8800,27.840800,4.046628,455.9,550,10.575,27.84079999999999,29.230044976129417,1.389244976129427,.049899,29.230045052511,27.250700903339,1.979344149172,.071095,So 1. Mär 02:22:54 CET 2026
9,12.246818,.74788823,6.8800,27.840800,4.046628,455.9,550,10.575,27.84079999999999,30.034392008649746,2.193592008649756,.078790,30.03439211605886,27.85717831286794,2.17721380319092,.078202,So 1. Mär 02:22:56 CET 2026
39,53.069547,3.24084917,6.8800,27.840800,4.046628,455.9,550,10.534,27.84079999999999,44.584341293543545,16.743541293543555,.601403,44.58434476118042,37.88818354279947,6.69616121838095,.240516,So 1. Mär 02:22:59 CET 2026
15,20.411364,1.24648043,6.8800,27.840800,4.046628,455.9,550,10.575,27.84079999999999,31.932475908854645,4.091675908854655,.146966,31.932476121855547,29.246142012881805,2.686334108973742,.096489,So 1. Mär 02:23:19 CET 2026
18,24.493637,1.49577653,6.8800,27.840800,4.046628,455.9,550,10.575,27.84079999999999,33.06277932938941,5.22197932938942,.187565,33.06277963712528,30.047056970587438,3.015722666537842,.108320,So 1. Mär 02:23:23 CET 2026
27,36.740455,2.24366477,6.8800,27.840800,4.046628,455.9,550,10.575,27.84079999999999,37.409734430908664,9.568934430908674,.343701,37.409735364669025,33.00715291395485,4.402582450714175,.158134,So 1. Mär 02:23:26 CET 2026
12,16.329091,.99718433,6.8800,27.840800,4.046628,455.9,550,10.575,27.84079999999999,30.92959152617159,3.08879152617160,.110944,30.929591676440367,28.519179109080614,2.410412567359753,.086578,So 1. Mär 02:23:27 CET 2026
24,32.658182,1.99436867,6.8800,27.840800,4.046628,455.9,550,10.575,27.84079999999999,35.78881839331535,7.94801839331536,.285480,35.78881904524816,31.919526148542904,3.869292896705256,.138979,So 1. Mär 02:23:46 CET 2026
30,40.822728,2.49296087,6.8800,27.840800,4.046628,455.9,550,10.575,27.84079999999999,39.181062888812534,11.340262888812544,.407325,39.18106421539851,34.188930176744556,4.992134038653954,.179310,So 1. Mär 02:23:46 CET 2026
36,48.987274,2.99155307,6.8800,27.840800,4.046628,455.9,550,10.575,27.84079999999999,42.86654697042623,15.02574697042624,.539702,42.866549543531775,36.6847234428052,6.181826100726575,.222041,So 1. Mär 02:23:59 CET 2026
21,28.575910,1.74507263,6.8800,27.840800,4.046628,455.9,550,10.575,27.84079999999999,34.34192770068248,6.50112770068249,.233510,34.34192815008749,30.932904886508314,3.409023263579176,.122447,So 1. Mär 02:24:04 CET 2026
42,57.151820,3.49014527,6.8800,27.840800,4.046628,455.9,550,10.575,27.84079999999999,46.13710655417548,18.29630655417549,.657176,46.137111137964546,39.072694967071826,7.064416170892720,.253743,So 1. Mär 02:24:12 CET 2026
33,44.905001,2.74225697,6.8800,27.840800,4.046628,455.9,550,10.575,27.84079999999999,41.03417467564978,13.19337467564979,.473886,41.03417653270286,35.434603895692895,5.599572637009965,.201128,So 1. Mär 02:24:22 CET 2026
39,53.069547,3.24084917,6.8800,27.840800,4.046628,455.9,550,10.575,27.84079999999999,44.584341293543545,16.743541293543555,.601403,44.58434478662614,37.89893181777133,6.68541296885481,.240130,So 1. Mär 02:24:43 CET 2026
45,61.234092,3.73944131,6.8800,27.840800,4.046628,455.9,550,10.575,27.84079999999999,47.516628652593056,19.675828652593066,.706726,47.51663444842796,40.11558293310477,7.40105151532319,.265834,So 1. Mär 02:26:30 CET 2026
0,0,0,6.8800,27.840800,4.046628,455.9,550,10.616,27.84079999999999,27.84079999999999,0,0,27.840800042209903,26.17549750544273,1.665302536767173,.059815,So 1. Mär 02:26:40 CET 2026
6,8.164545,.49859213,6.8800,27.840800,4.046628,455.9,550,10.616,27.84079999999999,29.230044976129417,1.389244976129427,.049899,29.230045053074605,27.250870562957385,1.979174490117220,.071088,So 1. Mär 02:29:52 CET 2026
3,4.082272,.24929603,6.8800,27.840800,4.046628,455.9,550,10.616,27.84079999999999,28.502640002552642,.661840002552652,.023772,28.502640058115045,26.692405954377232,1.810234103737813,.065020,So 1. Mär 02:30:03 CET 2026
9,12.246818,.74788823,6.8800,27.840800,4.046628,455.9,550,10.616,27.84079999999999,30.034392008649746,2.193592008649756,.078790,30.034392117098843,27.85747314210857,2.176918974990273,.078191,So 1. Mär 02:32:12 CET 2026
12,16.329091,.99718433,6.8800,27.840800,4.046628,455.9,550,10.616,27.84079999999999,30.92959152617159,3.08879152617160,.110944,30.929591678101495,28.519706892778128,2.409884785323367,.086559,So 1. Mär 02:33:08 CET 2026
15,20.411364,1.24648043,6.8800,27.840800,4.046628,455.9,550,10.616,27.84079999999999,31.932475908854645,4.091675908854655,.146966,31.932476124291366,29.24699748197584,2.685478642315526,.096458,So 1. Mär 02:34:07 CET 2026
18,24.493637,1.49577653,6.8800,27.840800,4.046628,455.9,550,10.616,27.84079999999999,33.06277932938941,5.22197932938942,.187565,33.06277964037316,30.04836216771849,3.01441747265467,.108273,So 1. Mär 02:51:38 CET 2026
21,28.575910,1.74507263,6.8800,27.840800,4.046628,455.9,550,10.616,27.84079999999999,34.34192770068248,6.50112770068249,.233510,34.341928154055566,30.93474587881561,3.407182275239956,.122380,So 1. Mär 02:52:34 CET 2026
27,36.740455,2.24366477,6.8800,27.840800,4.046628,455.9,550,10.616,27.84079999999999,37.409734430908664,9.568934430908674,.343701,37.409735372561585,33.01106906393698,4.398666308624605,.157993,So 1. Mär 03:15:52 CET 2026
24,32.658182,1.99436867,6.8800,27.840800,4.046628,455.9,550,10.616,27.84079999999999,35.78881839331535,7.94801839331536,.285480,35.78881904968722,31.92217637315764,3.86664267652958,.138884,So 1. Mär 03:16:01 CET 2026
30,40.822728,2.49296087,6.8800,27.840800,4.046628,455.9,550,10.616,27.84079999999999,39.181062888812534,11.340262888812544,.407325,39.181064222632365,34.194057706608845,4.987006516023520,.179125,So 1. Mär 03:16:31 CET 2026
42,57.151820,3.49014527,6.8800,27.840800,4.046628,455.9,550,10.616,27.84079999999999,46.13710655417548,18.29630655417549,.657176,46.137111173736876,39.091351406660486,7.045759767076390,.253073,So 1. Mär 03:16:40 CET 2026
45,61.234092,3.73944131,6.8800,27.840800,4.046628,455.9,550,10.616,27.84079999999999,47.516628652593056,19.675828652593066,.706726,47.5166344812163,40.12498858425111,7.39164589696519,.265496,So 1. Mär 03:16:42 CET 2026
36,48.987274,2.99155307,6.8800,27.840800,4.046628,455.9,550,10.616,27.84079999999999,42.86654697042623,15.02574697042624,.539702,42.86654956261205,36.693498980095775,6.173050582516275,.221726,So 1. Mär 03:16:59 CET 2026
39,53.069547,3.24084917,6.8800,27.840800,4.046628,455.9,550,10.616,27.84079999999999,44.584341293543545,16.743541293543555,.601403,44.584344811191706,37.90958615275772,6.674758658433986,.239747,So 1. Mär 03:17:00 CET 2026
33,44.905001,2.74225697,6.8800,27.840800,4.046628,455.9,550,10.616,27.84079999999999,41.03417467564978,13.19337467564979,.473886,41.034176543703225,35.441548043906515,5.592628499796710,.200878,So 1. Mär 03:17:08 CET 2026
0,0,0,7.9533,30.665825,3.855736,455.9,450,10.493,30.665825000000005,30.665825000000005,0,0,30.665825102032244,28.23901325339861,2.426811848633634,.079137,So 1. Mär 03:19:07 CET 2026
9,11.118630,.74788823,7.9533,30.665825,3.855736,455.9,450,10.493,30.665825000000005,33.082002228877656,2.416177228877651,.078790,33.08200250916529,29.926404690983876,3.155597818181414,.102902,So 1. Mär 03:19:28 CET 2026
3,3.706210,.24929607,7.9533,30.665825,3.855736,455.9,450,10.493,30.665825000000005,31.394822390756072,.728997390756067,.023772,31.394822534389828,28.75791161958616,2.636910914803668,.085988,So 1. Mär 03:19:46 CET 2026
6,7.412420,.49859215,7.9533,30.665825,3.855736,455.9,450,10.493,30.665825000000005,32.19603641793472,1.530211417934715,.049899,32.19603661837431,29.31878543822154,2.87725118015277,.093825,So 1. Mär 03:19:46 CET 2026
18,22.237261,1.49577653,7.9533,30.665825,3.855736,455.9,450,10.493,30.665825000000005,36.41768226374468,5.751857263744675,.187565,36.41768304788051,32.12893539207569,4.28874765580482,.139854,So 1. Mär 03:19:56 CET 2026
12,14.824840,.99718431,7.9533,30.665825,3.855736,455.9,450,10.493,30.665825000000005,34.06803944429189,3.402214444291885,.110944,34.068039838808666,30.584490402278387,3.483549436530279,.113597,So 1. Mär 03:19:58 CET 2026
15,18.531051,1.24648045,7.9533,30.665825,3.855736,455.9,450,10.493,30.665825000000005,35.17268615931198,4.506861159311975,.146966,35.17268671672795,31.31003864923608,3.86264806749187,.125959,So 1. Mär 03:20:00 CET 2026
24,29.649681,1.99436868,7.9533,30.665825,3.855736,455.9,450,10.493,30.665825000000005,39.42033326360857,8.754508263608565,.285480,39.42033491973134,34.02372618788106,5.39660873185028,.175981,So 1. Mär 03:20:13 CET 2026
21,25.943471,1.74507261,7.9533,30.665825,3.855736,455.9,450,10.493,30.665825000000005,37.82662571115107,7.160800711151065,.233510,37.82662685418397,33.02141875434845,4.80520809983552,.156695,So 1. Mär 03:20:54 CET 2026
27,33.355891,2.24366476,7.9533,30.665825,3.855736,455.9,450,10.493,30.665825000000005,41.2057265548252,10.539901554825195,.343701,41.2057289780048,35.2022096188858,6.0035193591190,.195772,So 1. Mär 03:20:59 CET 2026
30,37.062102,2.49296091,7.9533,30.665825,3.855736,455.9,450,10.493,30.665825000000005,43.156784496447756,12.490959496447751,.407325,43.156788043772494,36.46474153403444,6.692046509738054,.218224,So 1. Mär 03:22:17 CET 2026
33,40.768312,2.74225699,7.9533,30.665825,3.855736,455.9,450,10.493,30.665825000000005,45.197940580843415,14.532115580843410,.473886,45.197945664469344,37.88617491683884,7.311770747630504,.238433,So 1. Mär 03:22:55 CET 2026
36,44.474522,2.99155306,7.9533,30.665825,3.855736,455.9,450,10.493,30.665825000000005,47.21624714106224,16.550422141062235,.539702,47.216254143806474,39.65043484616132,7.565819297645154,.246718,So 1. Mär 03:23:29 CET 2026
39,48.180732,3.24084914,7.9533,30.665825,3.855736,455.9,450,10.493,30.665825000000005,49.108342625077974,18.442517625077969,.601402,49.1083518032556,40.74753579328507,8.36081600997053,.272642,So 1. Mär 03:27:12 CET 2026
42,51.886942,3.49014522,7.9533,30.665825,3.855736,455.9,450,10.493,30.665825000000005,50.81867161457064,20.152846614570635,.657176,50.81868310343054,41.79938812365516,9.01929497977538,.294115,So 1. Mär 03:28:01 CET 2026
0,0,0,7.9533,30.665825,3.855736,455.9,450,10.534,30.665825000000005,30.665825000000005,0,0,30.665825102776957,28.239366414988154,2.426458687788803,.079125,So 1. Mär 03:28:59 CET 2026
3,3.706210,.24929607,7.9533,30.665825,3.855736,455.9,450,10.534,30.665825000000005,31.394822390756072,.728997390756067,.023772,31.394822535681865,28.758461017350882,2.636361518330983,.085970,So 1. Mär 03:29:45 CET 2026
45,55.593153,3.73944136,7.9533,30.665825,3.855736,455.9,450,10.493,30.665825000000005,52.33817381256978,21.672348812569775,.706726,52.338187665993246,42.76493854909036,9.573249116902886,.312179,So 1. Mär 03:30:45 CET 2026
6,7.412420,.49859215,7.9533,30.665825,3.855736,455.9,450,10.534,30.665825000000005,32.19603641793472,1.530211417934715,.049899,32.19603662039221,29.319709665366727,2.876326955025483,.093795,So 1. Mär 03:47:22 CET 2026
9,11.118630,.74788823,7.9533,30.665825,3.855736,455.9,450,10.534,30.665825000000005,33.082002228877656,2.416177228877651,.078790,33.08200251202617,29.927662306949564,3.154340205076606,.102861,So 1. Mär 03:48:21 CET 2026
12,14.824840,.99718431,7.9533,30.665825,3.855736,455.9,450,10.534,30.665825000000005,34.06803944429189,3.402214444291885,.110944,34.06803984253803,30.586160319367742,3.481879523170288,.113542,So 1. Mär 04:12:00 CET 2026
15,18.531051,1.24648045,7.9533,30.665825,3.855736,455.9,450,10.534,30.665825000000005,35.17268615931198,4.506861159311975,.146966,35.17268672116095,31.312306445291664,3.860380275869286,.125885,So 1. Mär 04:12:39 CET 2026
18,22.237261,1.49577653,7.9533,30.665825,3.855736,455.9,450,10.534,30.665825000000005,36.41768226374468,5.751857263744675,.187565,36.41768305419994,32.132230163204675,4.285452890995265,.139746,So 1. Mär 04:12:41 CET 2026
24,29.649681,1.99436868,7.9533,30.665825,3.855736,455.9,450,10.534,30.665825000000005,39.42033326360857,8.754508263608565,.285480,39.420334934989704,34.029192487013766,5.391142447975938,.175802,So 1. Mär 04:13:28 CET 2026
21,25.943471,1.74507261,7.9533,30.665825,3.855736,455.9,450,10.534,30.665825000000005,37.82662571115107,7.160800711151065,.233510,37.826626863486524,33.02576358840035,4.800863275086174,.156554,So 1. Mär 04:13:31 CET 2026
27,33.355891,2.24366476,7.9533,30.665825,3.855736,455.9,450,10.534,30.665825000000005,41.2057265548252,10.539901554825195,.343701,41.2057290002019,35.21003901052429,5.99568998967761,.195516,So 1. Mär 04:13:39 CET 2026
30,37.062102,2.49296091,7.9533,30.665825,3.855736,455.9,450,10.534,30.665825000000005,43.156784496447756,12.490959496447751,.407325,43.15678807345592,36.47456117967626,6.68222689377966,.217904,So 1. Mär 04:13:53 CET 2026
33,40.768312,2.74225699,7.9533,30.665825,3.855736,455.9,450,10.534,30.665825000000005,45.197940580843415,14.532115580843410,.473886,45.197945703322354,37.89845437082326,7.299491332499094,.238033,So 1. Mär 04:14:34 CET 2026
6,7.412420,.49859215,7.9533,30.665825,3.855736,455.9,450,10.575,30.665825000000005,32.19603641793472,1.530211417934715,.049899,32.19603662234077,29.320570443462838,2.875466178877932,.093767,So 1. Mär 04:16:05 CET 2026
3,3.706210,.24929607,7.9533,30.665825,3.855736,455.9,450,10.575,30.665825000000005,31.394822390756072,.728997390756067,.023772,31.394822536941202,28.759024672828865,2.635797864112337,.085952,So 1. Mär 04:16:10 CET 2026
36,44.474522,2.99155306,7.9533,30.665825,3.855736,455.9,450,10.534,30.665825000000005,47.21624714106224,16.550422141062235,.539702,47.216254196038115,39.65874622563997,7.557507970398145,.246447,So 1. Mär 04:16:23 CET 2026
0,0,0,7.9533,30.665825,3.855736,455.9,450,10.575,30.665825000000005,30.665825000000005,0,0,30.665825103490366,28.239685515270008,2.426139588220358,.079115,So 1. Mär 04:16:23 CET 2026
9,11.118630,.74788823,7.9533,30.665825,3.855736,455.9,450,10.575,30.665825000000005,33.082002228877656,2.416177228877651,.078790,33.08200251481259,29.928933778851377,3.153068735961213,.102820,So 1. Mär 04:16:24 CET 2026
39,48.180732,3.24084914,7.9533,30.665825,3.855736,455.9,450,10.534,30.665825000000005,49.108342625077974,18.442517625077969,.601402,49.10835187927326,40.75792402648247,8.35042785279079,.272304,So 1. Mär 04:17:11 CET 2026
42,51.886942,3.49014522,7.9533,30.665825,3.855736,455.9,450,10.534,30.665825000000005,50.81867161457064,20.152846614570635,.657176,50.81868316890869,41.81184175881159,9.00684141009710,.293709,So 1. Mär 04:17:19 CET 2026
15,18.531051,1.24648045,7.9533,30.665825,3.855736,455.9,450,10.575,30.665825000000005,35.17268615931198,4.506861159311975,.146966,35.17268672545514,31.314584442780816,3.858102282674324,.125811,So 1. Mär 04:17:35 CET 2026
12,14.824840,.99718431,7.9533,30.665825,3.855736,455.9,450,10.575,30.665825000000005,34.06803944429189,3.402214444291885,.110944,34.0680398461594,30.587858491009083,3.480181355150317,.113487,So 1. Mär 04:17:53 CET 2026
45,55.593153,3.73944136,7.9533,30.665825,3.855736,455.9,450,10.534,30.665825000000005,52.33817381256978,21.672348812569775,.706726,52.33818777969535,42.78096574791467,9.55722203178068,.311657,So 1. Mär 04:18:18 CET 2026
21,25.943471,1.74507261,7.9533,30.665825,3.855736,455.9,450,10.575,30.665825000000005,37.82662571115107,7.160800711151065,.233510,37.826626872533915,33.03016983306709,4.796457039466825,.156410,So 1. Mär 04:19:33 CET 2026
18,22.237261,1.49577653,7.9533,30.665825,3.855736,455.9,450,10.575,30.665825000000005,36.41768226374468,5.751857263744675,.187565,36.41768306348936,32.13552242465022,4.28216063883914,.139639,So 1. Mär 04:19:43 CET 2026
24,29.649681,1.99436868,7.9533,30.665825,3.855736,455.9,450,10.575,30.665825000000005,39.42033326360857,8.754508263608565,.285480,39.420334949851615,34.034759221746995,5.385575728104620,.175621,So 1. Mär 04:20:22 CET 2026
27,33.355891,2.24366476,7.9533,30.665825,3.855736,455.9,450,10.575,30.665825000000005,41.2057265548252,10.539901554825195,.343701,41.205729021702666,35.21789395512454,5.987835066578126,.195260,So 1. Mär 04:23:16 CET 2026
30,37.062102,2.49296091,7.9533,30.665825,3.855736,455.9,450,10.575,30.665825000000005,43.156784496447756,12.490959496447751,.407325,43.15678810210975,36.48420735646553,6.67258074564422,.217590,So 1. Mär 04:24:56 CET 2026
33,40.768312,2.74225699,7.9533,30.665825,3.855736,455.9,450,10.575,30.665825000000005,45.197940580843415,14.532115580843410,.473886,45.19794574075397,37.91085808212142,7.28708765863255,.237628,So 1. Mär 04:26:07 CET 2026
36,44.474522,2.99155306,7.9533,30.665825,3.855736,455.9,450,10.575,30.665825000000005,47.21624714106224,16.550422141062235,.539702,47.21625424624629,39.667109791830896,7.549144454415394,.246174,So 1. Mär 04:27:20 CET 2026
39,48.180732,3.24084914,7.9533,30.665825,3.855736,455.9,450,10.575,30.665825000000005,49.108342625077974,18.442517625077969,.601402,49.1083519518421,40.76807917709115,8.34027277475095,.271972,So 1. Mär 04:28:02 CET 2026
42,51.886942,3.49014522,7.9533,30.665825,3.855736,455.9,450,10.575,30.665825000000005,50.81867161457064,20.152846614570635,.657176,50.81868327137499,41.82403682729354,8.99464644408145,.293311,So 1. Mär 04:45:29 CET 2026
45,55.593153,3.73944136,7.9533,30.665825,3.855736,455.9,450,10.575,30.665825000000005,52.33817381256978,21.672348812569775,.706726,52.33818788886958,42.79705767313596,9.54113021573362,.311132,So 1. Mär 04:47:12 CET 2026
0,0,0,7.9533,30.665825,3.855736,455.9,450,10.616,30.665825000000005,30.665825000000005,0,0,30.665825104176783,28.24000830754518,2.425816796631603,.079104,So 1. Mär 05:08:31 CET 2026
6,7.412420,.49859215,7.9533,30.665825,3.855736,455.9,450,10.616,30.665825000000005,32.19603641793472,1.530211417934715,.049899,32.19603662423776,29.321424699105947,2.874611925131813,.093739,So 1. Mär 05:08:49 CET 2026
3,3.706210,.24929607,7.9533,30.665825,3.855736,455.9,450,10.616,30.665825000000005,31.394822390756072,.728997390756067,.023772,31.394822538150084,28.75955759712504,2.635264941025044,.085934,So 1. Mär 05:09:11 CET 2026
12,14.824840,.99718431,7.9533,30.665825,3.855736,455.9,450,10.616,30.665825000000005,34.06803944429189,3.402214444291885,.110944,34.06803984967109,30.58958038300482,3.47845946666627,.113431,So 1. Mär 05:09:41 CET 2026
9,11.118630,.74788823,7.9533,30.665825,3.855736,455.9,450,10.616,30.665825000000005,33.082002228877656,2.416177228877651,.078790,33.08200251751005,29.930244174464207,3.151758343045843,.102777,So 1. Mär 05:09:48 CET 2026
18,22.237261,1.49577653,7.9533,30.665825,3.855736,455.9,450,10.616,30.665825000000005,36.41768226374468,5.751857263744675,.187565,36.417683072521776,32.13878649302788,4.278896579493896,.139533,So 1. Mär 05:10:48 CET 2026
15,18.531051,1.24648045,7.9533,30.665825,3.855736,455.9,450,10.616,30.665825000000005,35.17268615931198,4.506861159311975,.146966,35.17268672965064,31.316881653311647,3.855805076338993,.125736,So 1. Mär 05:10:49 CET 2026
21,25.943471,1.74507261,7.9533,30.665825,3.855736,455.9,450,10.616,30.665825000000005,37.82662571115107,7.160800711151065,.233510,37.826626881296335,33.03464455664822,4.791982324648115,.156264,So 1. Mär 05:10:57 CET 2026
24,29.649681,1.99436868,7.9533,30.665825,3.855736,455.9,450,10.616,30.665825000000005,39.42033326360857,8.754508263608565,.285480,39.42033496425244,34.0403384041259,5.37999656012654,.175439,So 1. Mär 05:12:20 CET 2026
33,40.768312,2.74225699,7.9533,30.665825,3.855736,455.9,450,10.616,30.665825000000005,45.197940580843415,14.532115580843410,.473886,45.1979457767261,37.92308597113143,7.27485980559467,.237230,So 1. Mär 05:13:33 CET 2026
36,44.474522,2.99155306,7.9533,30.665825,3.855736,455.9,450,10.616,30.665825000000005,47.21624714106224,16.550422141062235,.539702,47.216254294469344,39.67556752749795,7.540686766971394,.245898,So 1. Mär 05:13:33 CET 2026
27,33.355891,2.24366476,7.9533,30.665825,3.855736,455.9,450,10.616,30.665825000000005,41.2057265548252,10.539901554825195,.343701,41.205729042626984,35.22567709263249,5.980051949994494,.195007,So 1. Mär 05:13:37 CET 2026
0,0,0,7.9533,30.665825,3.855736,455.9,500,10.493,30.665825000000005,30.665825000000005,0,0,30.665825100313064,28.254558334327726,2.411266765985338,.078630,So 1. Mär 05:13:48 CET 2026
30,37.062102,2.49296091,7.9533,30.665825,3.855736,455.9,450,10.616,30.665825000000005,43.156784496447756,12.490959496447751,.407325,43.156788129931236,36.49376461045754,6.663023519473696,.217278,So 1. Mär 05:13:56 CET 2026
3,3.706210,.24929607,7.9533,30.665825,3.855736,455.9,500,10.493,30.665825000000005,31.394822390756072,.728997390756067,.023772,31.39482253149506,28.773140313272673,2.621682218222387,.085491,So 1. Mär 05:14:29 CET 2026
39,48.180732,3.24084914,7.9533,30.665825,3.855736,455.9,450,10.616,30.665825000000005,49.108342625077974,18.442517625077969,.601402,49.10835202201351,40.778208556410085,8.330143465603425,.271642,So 1. Mär 05:14:32 CET 2026
45,55.593153,3.73944136,7.9533,30.665825,3.855736,455.9,450,10.616,30.665825000000005,52.33817381256978,21.672348812569775,.706726,52.338187994140696,42.81317441173922,9.525013582401476,.310606,So 1. Mär 05:15:09 CET 2026
9,11.118630,.74788823,7.9533,30.665825,3.855736,455.9,500,10.493,30.665825000000005,33.082002228877656,2.416177228877651,.078790,33.082002502656,29.939938484747337,3.142064017908663,.102461,So 1. Mär 05:15:32 CET 2026
42,51.886942,3.49014522,7.9533,30.665825,3.855736,455.9,450,10.616,30.665825000000005,50.81867161457064,20.152846614570635,.657176,50.81868337966793,41.83636294075176,8.98232043891617,.292909,So 1. Mär 05:15:36 CET 2026
6,7.412420,.49859215,7.9533,30.665825,3.855736,455.9,500,10.493,30.665825000000005,32.19603641793472,1.530211417934715,.049899,32.19603661390887,29.333025119918148,2.863011493990722,.093361,So 1. Mär 05:15:47 CET 2026
12,14.824840,.99718431,7.9533,30.665825,3.855736,455.9,500,10.493,30.665825000000005,34.06803944429189,3.402214444291885,.110944,34.068039829874394,30.597992781266072,3.470047048608322,.113156,So 1. Mär 05:16:35 CET 2026
15,18.531051,1.24648045,7.9533,30.665825,3.855736,455.9,500,10.493,30.665825000000005,35.17268615931198,4.506861159311975,.146966,35.17268670494342,31.321964459780638,3.850722245162782,.125570,So 1. Mär 05:19:39 CET 2026
18,22.237261,1.49577653,7.9533,30.665825,3.855736,455.9,500,10.493,30.665825000000005,36.41768226374468,5.751857263744675,.187565,36.41768303289009,32.13506381238171,4.28261922050838,.139654,So 1. Mär 05:20:33 CET 2026
21,25.943471,1.74507261,7.9533,30.665825,3.855736,455.9,500,10.493,30.665825000000005,37.82662571115107,7.160800711151065,.233510,37.82662682770853,33.03062553094827,4.79600129676026,.156395,So 1. Mär 05:21:59 CET 2026
24,29.649681,1.99436868,7.9533,30.665825,3.855736,455.9,500,10.493,30.665825000000005,39.42033326360857,8.754508263608565,.285480,39.42033487812488,34.033560350198414,5.386774527926466,.175660,So 1. Mär 05:24:11 CET 2026
27,33.355891,2.24366476,7.9533,30.665825,3.855736,455.9,500,10.493,30.665825000000005,41.2057265548252,10.539901554825195,.343701,41.205728917419805,35.203691959804466,6.002036957615339,.195723,So 1. Mär 05:24:23 CET 2026
30,37.062102,2.49296091,7.9533,30.665825,3.855736,455.9,500,10.493,30.665825000000005,43.156784496447756,12.490959496447751,.407325,43.15678796078949,36.470077307847184,6.686710652942306,.218050,So 1. Mär 05:42:14 CET 2026
33,40.768312,2.74225699,7.9533,30.665825,3.855736,455.9,500,10.493,30.665825000000005,45.197940580843415,14.532115580843410,.473886,45.19794555597943,37.88419962826998,7.31374592770945,.238498,So 1. Mär 05:42:43 CET 2026
36,44.474522,2.99155306,7.9533,30.665825,3.855736,455.9,500,10.493,30.665825000000005,47.21624714106224,16.550422141062235,.539702,47.21625400615692,39.63698009172848,7.57927391442844,.247157,So 1. Mär 06:05:30 CET 2026
0,0,0,7.9533,30.665825,3.855736,455.9,500,10.534,30.665825000000005,30.665825000000005,0,0,30.66582510106278,28.254834016001823,2.410991085060957,.078621,So 1. Mär 06:06:01 CET 2026
39,48.180732,3.24084914,7.9533,30.665825,3.855736,455.9,500,10.493,30.665825000000005,49.108342625077974,18.442517625077969,.601402,49.10835163367165,40.72358907246453,8.38476256120712,.273423,So 1. Mär 06:06:20 CET 2026
6,7.412420,.49859215,7.9533,30.665825,3.855736,455.9,500,10.534,30.665825000000005,32.19603641793472,1.530211417934715,.049899,32.196036615931604,29.33383406522289,2.862202550708714,.093335,So 1. Mär 06:06:54 CET 2026
9,11.118630,.74788823,7.9533,30.665825,3.855736,455.9,500,10.534,30.665825000000005,33.082002228877656,2.416177228877651,.078790,33.08200250553631,29.941056357807838,3.140946147728472,.102424,So 1. Mär 06:07:01 CET 2026
42,51.886942,3.49014522,7.9533,30.665825,3.855736,455.9,500,10.493,30.665825000000005,50.81867161457064,20.152846614570635,.657176,50.81868291852396,41.75966978463382,9.05901313389014,.295410,So 1. Mär 06:07:06 CET 2026
45,55.593153,3.73944136,7.9533,30.665825,3.855736,455.9,500,10.493,30.665825000000005,52.33817381256978,21.672348812569775,.706726,52.33818744221574,42.71762852943335,9.62055891278239,.313722,So 1. Mär 06:07:10 CET 2026
3,3.706210,.24929607,7.9533,30.665825,3.855736,455.9,500,10.534,30.665825000000005,31.394822390756072,.728997390756067,.023772,31.394822532790762,28.773612601787544,2.621209931003218,.085476,So 1. Mär 06:07:14 CET 2026
12,14.824840,.99718431,7.9533,30.665825,3.855736,455.9,500,10.534,30.665825000000005,34.06803944429189,3.402214444291885,.110944,34.06803983362911,30.59952533900819,3.46851449462092,.113106,So 1. Mär 06:08:16 CET 2026
15,18.531051,1.24648045,7.9533,30.665825,3.855736,455.9,500,10.534,30.665825000000005,35.17268615931198,4.506861159311975,.146966,35.172686709395265,31.32402726430303,3.848659445092235,.125503,So 1. Mär 06:09:53 CET 2026
18,22.237261,1.49577653,7.9533,30.665825,3.855736,455.9,500,10.534,30.665825000000005,36.41768226374468,5.751857263744675,.187565,36.417683037663274,32.138260267178225,4.279422770485049,.139550,So 1. Mär 06:10:14 CET 2026
27,33.355891,2.24366476,7.9533,30.665825,3.855736,455.9,500,10.534,30.665825000000005,41.2057265548252,10.539901554825195,.343701,41.205728939676526,35.21124989728307,5.994479042393456,.195477,So 1. Mär 06:10:28 CET 2026
24,29.649681,1.99436868,7.9533,30.665825,3.855736,455.9,500,10.534,30.665825000000005,39.42033326360857,8.754508263608565,.285480,39.42033489347147,34.038925049990446,5.381409843481024,.175485,So 1. Mär 06:10:37 CET 2026
21,25.943471,1.74507261,7.9533,30.665825,3.855736,455.9,500,10.534,30.665825000000005,37.82662571115107,7.160800711151065,.233510,37.826626837066875,33.034749421820536,4.791877415246339,.156261,So 1. Mär 06:10:49 CET 2026
33,40.768312,2.74225699,7.9533,30.665825,3.855736,455.9,500,10.534,30.665825000000005,45.197940580843415,14.532115580843410,.473886,45.197945594810406,37.89635402355498,7.301591571255426,.238101,So 1. Mär 06:10:54 CET 2026
36,44.474522,2.99155306,7.9533,30.665825,3.855736,455.9,500,10.534,30.665825000000005,47.21624714106224,16.550422141062235,.539702,47.21625405824247,39.64535147448419,7.57090258375828,.246884,So 1. Mär 06:11:25 CET 2026
30,37.062102,2.49296091,7.9533,30.665825,3.855736,455.9,500,10.534,30.665825000000005,43.156784496447756,12.490959496447751,.407325,43.156787990624196,36.47959118169706,6.677196808927136,.217740,So 1. Mär 06:11:26 CET 2026
0,0,0,7.9533,30.665825,3.855736,455.9,500,10.575,30.665825000000005,30.665825000000005,0,0,30.66582510177523,28.255118281396403,2.410706820378827,.078612,So 1. Mär 06:12:32 CET 2026
45,55.593153,3.73944136,7.9533,30.665825,3.855736,455.9,500,10.534,30.665825000000005,52.33817381256978,21.672348812569775,.706726,52.33818755626441,42.73384262186463,9.60434493439978,.313193,So 1. Mär 06:12:39 CET 2026
39,48.180732,3.24084914,7.9533,30.665825,3.855736,455.9,500,10.534,30.665825000000005,49.108342625077974,18.442517625077969,.601402,49.10835170930512,40.734212900549736,8.374138808755384,.273077,So 1. Mär 06:12:42 CET 2026
42,51.886942,3.49014522,7.9533,30.665825,3.855736,455.9,500,10.534,30.665825000000005,50.81867161457064,20.152846614570635,.657176,50.81868298371822,41.77216990818182,9.04651307553640,.295003,So 1. Mär 06:13:04 CET 2026
3,3.706210,.24929607,7.9533,30.665825,3.855736,455.9,500,10.575,30.665825000000005,31.394822390756072,.728997390756067,.023772,31.39482253405382,28.77410225708971,2.62072027696411,.085460,So 1. Mär 06:15:20 CET 2026
6,7.412420,.49859215,7.9533,30.665825,3.855736,455.9,500,10.575,30.665825000000005,32.19603641793472,1.530211417934715,.049899,32.19603661789546,29.334617972224518,2.861418645670942,.093309,So 1. Mär 06:16:13 CET 2026
9,11.118630,.74788823,7.9533,30.665825,3.855736,455.9,500,10.575,30.665825000000005,33.082002228877656,2.416177228877651,.078790,33.08200250832641,29.94223684464979,3.13976566367662,.102386,So 1. Mär 06:16:32 CET 2026
15,18.531051,1.24648045,7.9533,30.665825,3.855736,455.9,500,10.575,30.665825000000005,35.17268615931198,4.506861159311975,.146966,35.172686713721234,31.326188035638562,3.846498678082672,.125432,So 1. Mär 06:21:10 CET 2026
12,14.824840,.99718431,7.9533,30.665825,3.855736,455.9,500,10.575,30.665825000000005,34.06803944429189,3.402214444291885,.110944,34.068039837262006,30.601101775444782,3.466938061817224,.113055,So 1. Mär 06:21:36 CET 2026
21,25.943471,1.74507261,7.9533,30.665825,3.855736,455.9,500,10.575,30.665825000000005,37.82662571115107,7.160800711151065,.233510,37.8266268461441,33.038928111625566,4.787698734518534,.156124,So 1. Mär 06:38:14 CET 2026
18,22.237261,1.49577653,7.9533,30.665825,3.855736,455.9,500,10.575,30.665825000000005,36.41768226374468,5.751857263744675,.187565,36.41768304229924,32.14145807303025,4.27622496926899,.139445,So 1. Mär 06:38:59 CET 2026
27,33.355891,2.24366476,7.9533,30.665825,3.855736,455.9,500,10.575,30.665825000000005,41.2057265548252,10.539901554825195,.343701,41.20572896120025,35.218911577375856,5.986817383824394,.195227,So 1. Mär 07:02:39 CET 2026
24,29.649681,1.99436868,7.9533,30.665825,3.855736,455.9,500,10.575,30.665825000000005,39.42033326360857,8.754508263608565,.285480,39.420334908330204,34.044334067572635,5.376000840757569,.175309,So 1. Mär 07:02:46 CET 2026
36,44.474522,2.99155306,7.9533,30.665825,3.855736,455.9,500,10.575,30.665825000000005,47.21624714106224,16.550422141062235,.539702,47.21625410860175,39.653447374615645,7.562806733986105,.246620,So 1. Mär 07:03:27 CET 2026
30,37.062102,2.49296091,7.9533,30.665825,3.855736,455.9,500,10.575,30.665825000000005,43.156784496447756,12.490959496447751,.407325,43.15678801937962,36.48906919453173,6.66771882484789,.217431,So 1. Mär 07:03:33 CET 2026
33,40.768312,2.74225699,7.9533,30.665825,3.855736,455.9,500,10.575,30.665825000000005,45.197940580843415,14.532115580843410,.473886,45.19794563220499,37.90851337522191,7.28943225698308,.237705,So 1. Mär 07:03:35 CET 2026
39,48.180732,3.24084914,7.9533,30.665825,3.855736,455.9,500,10.575,30.665825000000005,49.108342625077974,18.442517625077969,.601402,49.10835178195278,40.74450535312278,8.36384642883000,.272741,So 1. Mär 07:03:35 CET 2026
0,0,0,7.9533,30.665825,3.855736,455.9,500,10.616,30.665825000000005,30.665825000000005,0,0,30.665825102470432,28.255391340126803,2.410433762343629,.078603,So 1. Mär 07:03:54 CET 2026
45,55.593153,3.73944136,7.9533,30.665825,3.855736,455.9,500,10.575,30.665825000000005,52.33817381256978,21.672348812569775,.706726,52.338187664465394,42.75055389902096,9.587633765444434,.312648,So 1. Mär 07:04:06 CET 2026
42,51.886942,3.49014522,7.9533,30.665825,3.855736,455.9,500,10.575,30.665825000000005,50.81867161457064,20.152846614570635,.657176,50.818683065976565,41.78452049497485,9.034162571001715,.294600,So 1. Mär 07:04:29 CET 2026
3,3.706210,.24929607,7.9533,30.665825,3.855736,455.9,500,10.616,30.665825000000005,31.394822390756072,.728997390756067,.023772,31.394822535268585,28.774610874497696,2.620211660770889,.085444,So 1. Mär 07:05:51 CET 2026
9,11.118630,.74788823,7.9533,30.665825,3.855736,455.9,500,10.616,30.665825000000005,33.082002228877656,2.416177228877651,.078790,33.08200251104194,29.943400414576413,3.138602096465527,.102348,So 1. Mär 07:06:23 CET 2026
12,14.824840,.99718431,7.9533,30.665825,3.855736,455.9,500,10.616,30.665825000000005,34.06803944429189,3.402214444291885,.110944,34.06803984079903,30.60264696791043,3.46539287288860,.113005,So 1. Mär 07:06:23 CET 2026
6,7.412420,.49859215,7.9533,30.665825,3.855736,455.9,500,10.616,30.665825000000005,32.19603641793472,1.530211417934715,.049899,32.19603661980013,29.33542032543026,2.86061629436987,.093283,So 1. Mär 07:06:29 CET 2026
18,22.237261,1.49577653,7.9533,30.665825,3.855736,455.9,500,10.616,30.665825000000005,36.41768226374468,5.751857263744675,.187565,36.41768305084784,32.144541451157586,4.273141599690254,.139345,So 1. Mär 07:06:38 CET 2026
21,25.943471,1.74507261,7.9533,30.665825,3.855736,455.9,500,10.616,30.665825000000005,37.82662571115107,7.160800711151065,.233510,37.82662685494913,33.043063824362655,4.783563030586475,.155990,So 1. Mär 07:07:39 CET 2026
24,29.649681,1.99436868,7.9533,30.665825,3.855736,455.9,500,10.616,30.665825000000005,39.42033326360857,8.754508263608565,.285480,39.42033492277767,34.0497506356619,5.37058428711577,.175132,So 1. Mär 07:07:50 CET 2026
15,18.531051,1.24648045,7.9533,30.665825,3.855736,455.9,500,10.616,30.665825000000005,35.17268615931198,4.506861159311975,.146966,35.17268671793469,31.328325549922152,3.844361168012538,.125363,So 1. Mär 07:07:58 CET 2026
27,33.355891,2.24366476,7.9533,30.665825,3.855736,455.9,500,10.616,30.665825000000005,41.2057265548252,10.539901554825195,.343701,41.20572898211221,35.22646531709204,5.97926366502017,.194981,So 1. Mär 07:08:45 CET 2026
30,37.062102,2.49296091,7.9533,30.665825,3.855736,455.9,500,10.616,30.665825000000005,43.156784496447756,12.490959496447751,.407325,43.15678804715574,36.498479603145945,6.658308444009795,.217124,So 1. Mär 07:09:18 CET 2026
36,44.474522,2.99155306,7.9533,30.665825,3.855736,455.9,500,10.616,30.665825000000005,47.21624714106224,16.550422141062235,.539702,47.21625415670909,39.661920167963885,7.554333988745205,.246343,So 1. Mär 07:09:22 CET 2026
33,40.768312,2.74225699,7.9533,30.665825,3.855736,455.9,500,10.616,30.665825000000005,45.197940580843415,14.532115580843410,.473886,45.19794566812444,37.92125020790106,7.27669546022338,.237290,So 1. Mär 07:10:19 CET 2026
39,48.180732,3.24084914,7.9533,30.665825,3.855736,455.9,500,10.616,30.665825000000005,49.108342625077974,18.442517625077969,.601402,49.10835185201036,40.75502760315387,8.35332424885649,.272398,So 1. Mär 07:12:25 CET 2026
42,51.886942,3.49014522,7.9533,30.665825,3.855736,455.9,500,10.616,30.665825000000005,50.81867161457064,20.152846614570635,.657176,50.81868317402439,41.79703896204872,9.02164421197567,.294192,So 1. Mär 07:14:23 CET 2026
45,55.593153,3.73944136,7.9533,30.665825,3.855736,455.9,500,10.616,30.665825000000005,52.33817381256978,21.672348812569775,.706726,52.33818776980606,42.76674866170538,9.57143910810068,.312120,So 1. Mär 07:14:50 CET 2026
0,0,0,7.9533,30.665825,3.855736,455.9,550,10.493,30.665825000000005,30.665825000000005,0,0,30.665825099412135,28.270835693554087,2.394989405858048,.078099,So 1. Mär 07:16:27 CET 2026
3,3.706210,.24929607,7.9533,30.665825,3.855736,455.9,550,10.493,30.665825000000005,31.394822390756072,.728997390756067,.023772,31.394822529869472,28.789176577706034,2.605645952163438,.084969,So 1. Mär 07:17:57 CET 2026
6,7.412420,.49859215,7.9533,30.665825,3.855736,455.9,550,10.493,30.665825000000005,32.19603641793472,1.530211417934715,.049899,32.196036611247536,29.34843653757114,2.847600073676396,.092859,So 1. Mär 07:34:26 CET 2026
9,11.118630,.74788823,7.9533,30.665825,3.855736,455.9,550,10.493,30.665825000000005,33.082002228877656,2.416177228877651,.078790,33.08200249867082,29.954821343622157,3.127181155048663,.101976,So 1. Mär 07:35:45 CET 2026
15,18.531051,1.24648045,7.9533,30.665825,3.855736,455.9,550,10.493,30.665825000000005,35.17268615931198,4.506861159311975,.146966,35.172686697375994,31.336955933067994,3.835730764308000,.125081,So 1. Mär 07:59:48 CET 2026
12,14.824840,.99718431,7.9533,30.665825,3.855736,455.9,550,10.493,30.665825000000005,34.06803944429189,3.402214444291885,.110944,34.068039824212605,30.61351648663303,3.454523337579575,.112650,So 1. Mär 07:59:58 CET 2026
18,22.237261,1.49577653,7.9533,30.665825,3.855736,455.9,550,10.493,30.665825000000005,36.41768226374468,5.751857263744675,.187565,36.41768302330761,32.14728116939146,4.27040185391615,.139256,So 1. Mär 08:00:09 CET 2026
27,33.355891,2.24366476,7.9533,30.665825,3.855736,455.9,550,10.493,30.665825000000005,41.2057265548252,10.539901554825195,.343701,41.20572887285462,35.2109640742966,5.99476479855802,.195486,So 1. Mär 08:00:30 CET 2026
24,29.649681,1.99436868,7.9533,30.665825,3.855736,455.9,550,10.493,30.665825000000005,39.42033326360857,8.754508263608565,.285480,39.42033484835342,34.04911005429936,5.37122479405406,.175153,So 1. Mär 08:00:31 CET 2026
30,37.062102,2.49296091,7.9533,30.665825,3.855736,455.9,550,10.493,30.665825000000005,43.156784496447756,12.490959496447751,.407325,43.15678789851523,36.48014272427051,6.67664517424472,.217722,So 1. Mär 08:00:34 CET 2026
21,25.943471,1.74507261,7.9533,30.665825,3.855736,455.9,550,10.493,30.665825000000005,37.82662571115107,7.160800711151065,.233510,37.826626809735714,33.04658500141409,4.780041808321624,.155875,So 1. Mär 08:00:39 CET 2026
33,40.768312,2.74225699,7.9533,30.665825,3.855736,455.9,550,10.493,30.665825000000005,45.197940580843415,14.532115580843410,.473886,45.19794547313868,37.88787620420556,7.31006926893312,.238378,So 1. Mär 08:01:00 CET 2026
36,44.474522,2.99155306,7.9533,30.665825,3.855736,455.9,550,10.493,30.665825000000005,47.21624714106224,16.550422141062235,.539702,47.21625389965733,39.62596871985796,7.59028517979937,.247516,So 1. Mär 08:01:19 CET 2026
0,0,0,7.9533,30.665825,3.855736,455.9,550,10.534,30.665825000000005,30.665825000000005,0,0,30.665825100165097,28.271037284756225,2.394787815408872,.078093,So 1. Mär 08:02:30 CET 2026
39,48.180732,3.24084914,7.9533,30.665825,3.855736,455.9,550,10.493,30.665825000000005,49.108342625077974,18.442517625077969,.601402,49.108351498985456,40.70469417913847,8.403657319846986,.274039,So 1. Mär 08:03:01 CET 2026
3,3.706210,.24929607,7.9533,30.665825,3.855736,455.9,550,10.534,30.665825000000005,31.394822390756072,.728997390756067,.023772,31.394822531173126,28.789578183889763,2.605244347283363,.084955,So 1. Mär 08:03:03 CET 2026
6,7.412420,.49859215,7.9533,30.665825,3.855736,455.9,550,10.534,30.665825000000005,32.19603641793472,1.530211417934715,.049899,32.19603661328499,29.349104309147293,2.846932304137697,.092837,So 1. Mär 08:03:21 CET 2026
45,55.593153,3.73944136,7.9533,30.665825,3.855736,455.9,550,10.493,30.665825000000005,52.33817381256978,21.672348812569775,.706726,52.338187265098895,42.67844518087614,9.659742084222755,.315000,So 1. Mär 08:03:52 CET 2026
9,11.118630,.74788823,7.9533,30.665825,3.855736,455.9,550,10.534,30.665825000000005,33.082002228877656,2.416177228877651,.078790,33.08200250155896,29.955824260230603,3.126178241328357,.101943,So 1. Mär 08:03:55 CET 2026
42,51.886942,3.49014522,7.9533,30.665825,3.855736,455.9,550,10.493,30.665825000000005,50.81867161457064,20.152846614570635,.657176,50.81868277910849,41.7263307825397,9.09235199656879,.296497,So 1. Mär 08:03:58 CET 2026
12,14.824840,.99718431,7.9533,30.665825,3.855736,455.9,550,10.534,30.665825000000005,34.06803944429189,3.402214444291885,.110944,34.06803982798101,30.614967537635945,3.453072290345065,.112603,So 1. Mär 08:04:14 CET 2026
15,18.531051,1.24648045,7.9533,30.665825,3.855736,455.9,550,10.534,30.665825000000005,35.17268615931198,4.506861159311975,.146966,35.17268670185862,31.339016830719643,3.833669871138977,.125014,So 1. Mär 08:04:58 CET 2026
18,22.237261,1.49577653,7.9533,30.665825,3.855736,455.9,550,10.534,30.665825000000005,36.41768226374468,5.751857263744675,.187565,36.41768302809922,32.150416361466455,4.267266666632765,.139153,So 1. Mär 08:05:41 CET 2026
21,25.943471,1.74507261,7.9533,30.665825,3.855736,455.9,550,10.534,30.665825000000005,37.82662571115107,7.160800711151065,.233510,37.82662681911903,33.05052282061319,4.77610399850584,.155746,So 1. Mär 08:05:44 CET 2026
24,29.649681,1.99436868,7.9533,30.665825,3.855736,455.9,550,10.534,30.665825000000005,39.42033326360857,8.754508263608565,.285480,39.42033486373156,34.05442290823736,5.36591195549420,.174980,So 1. Mär 08:07:00 CET 2026
27,33.355891,2.24366476,7.9533,30.665825,3.855736,455.9,550,10.534,30.665825000000005,41.2057265548252,10.539901554825195,.343701,41.20572889516844,35.218329394596275,5.987399500572165,.195246,So 1. Mär 08:08:48 CET 2026
30,37.062102,2.49296091,7.9533,30.665825,3.855736,455.9,550,10.534,30.665825000000005,43.156784496447756,12.490959496447751,.407325,43.15678792833563,36.48942843948495,6.66735948885068,.217419,So 1. Mär 08:09:36 CET 2026
33,40.768312,2.74225699,7.9533,30.665825,3.855736,455.9,550,10.534,30.665825000000005,45.197940580843415,14.532115580843410,.473886,45.19794551205609,37.90128412471244,7.29666138734365,.237941,So 1. Mär 08:11:19 CET 2026
36,44.474522,2.99155306,7.9533,30.665825,3.855736,455.9,550,10.534,30.665825000000005,47.21624714106224,16.550422141062235,.539702,47.21625395206868,39.634417878712625,7.581836073356055,.247240,So 1. Mär 08:11:57 CET 2026
39,48.180732,3.24084914,7.9533,30.665825,3.855736,455.9,550,10.534,30.665825000000005,49.108342625077974,18.442517625077969,.601402,49.108351574631904,40.715071468813015,8.393280105818889,.273701,So 1. Mär 08:14:21 CET 2026
42,51.886942,3.49014522,7.9533,30.665825,3.855736,455.9,550,10.534,30.665825000000005,50.81867161457064,20.152846614570635,.657176,50.818682844427116,41.739085262057685,9.079597582369431,.296081,So 1. Mär 08:32:09 CET 2026
45,55.593153,3.73944136,7.9533,30.665825,3.855736,455.9,550,10.534,30.665825000000005,52.33817381256978,21.672348812569775,.706726,52.33818737902784,42.69579596306434,9.64239141596350,.314434,So 1. Mär 08:33:09 CET 2026
0,0,0,7.9533,30.665825,3.855736,455.9,550,10.575,30.665825000000005,30.665825000000005,0,0,30.66582510088592,28.271215651132156,2.394609449753764,.078087,So 1. Mär 08:55:52 CET 2026
3,3.706210,.24929607,7.9533,30.665825,3.855736,455.9,550,10.575,30.665825000000005,31.394822390756072,.728997390756067,.023772,31.39482253243971,28.790020057787636,2.604802474652074,.084941,So 1. Mär 08:56:16 CET 2026
6,7.412420,.49859215,7.9533,30.665825,3.855736,455.9,550,10.575,30.665825000000005,32.19603641793472,1.530211417934715,.049899,32.19603661525321,29.349795950282445,2.846240664970765,.092814,So 1. Mär 08:56:29 CET 2026
12,14.824840,.99718431,7.9533,30.665825,3.855736,455.9,550,10.575,30.665825000000005,34.06803944429189,3.402214444291885,.110944,34.06803983162863,30.616400272448058,3.451639559180572,.112556,So 1. Mär 08:56:43 CET 2026
21,25.943471,1.74507261,7.9533,30.665825,3.855736,455.9,550,10.575,30.665825000000005,37.82662571115107,7.160800711151065,.233510,37.82662682826653,33.054460979671326,4.772165848595204,.155618,So 1. Mär 08:56:48 CET 2026
9,11.118630,.74788823,7.9533,30.665825,3.855736,455.9,550,10.575,30.665825000000005,33.082002228877656,2.416177228877651,.078790,33.082002504363196,29.956846885836704,3.125155618526492,.101910,So 1. Mär 08:57:03 CET 2026
15,18.531051,1.24648045,7.9533,30.665825,3.855736,455.9,550,10.575,30.665825000000005,35.17268615931198,4.506861159311975,.146966,35.1726867061975,31.341022397304176,3.831664308893324,.124949,So 1. Mär 08:57:40 CET 2026
18,22.237261,1.49577653,7.9533,30.665825,3.855736,455.9,550,10.575,30.665825000000005,36.41768226374468,5.751857263744675,.187565,36.41768303276368,32.153427771573504,4.264255261190176,.139055,So 1. Mär 08:57:41 CET 2026
24,29.649681,1.99436868,7.9533,30.665825,3.855736,455.9,550,10.575,30.665825000000005,39.42033326360857,8.754508263608565,.285480,39.42033487868638,34.059936171602175,5.360398707084205,.174800,So 1. Mär 08:58:23 CET 2026
27,33.355891,2.24366476,7.9533,30.665825,3.855736,455.9,550,10.575,30.665825000000005,41.2057265548252,10.539901554825195,.343701,41.20572891679174,35.22555214879365,5.98017676799809,.195011,So 1. Mär 08:58:58 CET 2026
33,40.768312,2.74225699,7.9533,30.665825,3.855736,455.9,550,10.575,30.665825000000005,45.197940580843415,14.532115580843410,.473886,45.19794554952624,37.915520991032075,7.282424558494165,.237476,So 1. Mär 08:59:14 CET 2026
30,37.062102,2.49296091,7.9533,30.665825,3.855736,455.9,550,10.575,30.665825000000005,43.156784496447756,12.490959496447751,.407325,43.15678795717999,36.49880096066394,6.65798699651605,.217114,So 1. Mär 08:59:25 CET 2026
36,44.474522,2.99155306,7.9533,30.665825,3.855736,455.9,550,10.575,30.665825000000005,47.21624714106224,16.550422141062235,.539702,47.21625400229391,39.64285502944109,7.57339897285282,.246965,So 1. Mär 08:59:43 CET 2026
0,0,0,7.9533,30.665825,3.855736,455.9,550,10.616,30.665825000000005,30.665825000000005,0,0,30.665825101579554,28.2714366534547,2.394388448124854,.078080,So 1. Mär 09:00:13 CET 2026
39,48.180732,3.24084914,7.9533,30.665825,3.855736,455.9,550,10.575,30.665825000000005,49.108342625077974,18.442517625077969,.601402,49.10835164746134,40.7252518873911,8.38309976007024,.273369,So 1. Mär 09:00:42 CET 2026
3,3.706210,.24929607,7.9533,30.665825,3.855736,455.9,550,10.616,30.665825000000005,31.394822390756072,.728997390756067,.023772,31.394822533663564,28.79042757000937,2.604394963654194,.084928,So 1. Mär 09:00:46 CET 2026
42,51.886942,3.49014522,7.9533,30.665825,3.855736,455.9,550,10.575,30.665825000000005,50.81867161457064,20.152846614570635,.657176,50.81868290660903,41.75199463701227,9.06668826959676,.295660,So 1. Mär 09:00:51 CET 2026
45,55.593153,3.73944136,7.9533,30.665825,3.855736,455.9,550,10.575,30.665825000000005,52.33817381256978,21.672348812569775,.706726,52.33818748785061,42.713508000097335,9.624679487753275,.313856,So 1. Mär 09:01:23 CET 2026
6,7.412420,.49859215,7.9533,30.665825,3.855736,455.9,550,10.616,30.665825000000005,32.19603641793472,1.530211417934715,.049899,32.19603661716523,29.35053558784464,2.84550102932059,.092790,So 1. Mär 09:01:44 CET 2026
9,11.118630,.74788823,7.9533,30.665825,3.855736,455.9,550,10.616,30.665825000000005,33.082002228877656,2.416177228877651,.078790,33.08200250708307,29.95792864931332,3.12407385776975,.101874,So 1. Mär 09:01:45 CET 2026
12,14.824840,.99718431,7.9533,30.665825,3.855736,455.9,550,10.616,30.665825000000005,34.06803944429189,3.402214444291885,.110944,34.068039835175085,30.617812348570542,3.450227486604543,.112510,So 1. Mär 09:02:33 CET 2026
15,18.531051,1.24648045,7.9533,30.665825,3.855736,455.9,550,10.616,30.665825000000005,35.17268615931198,4.506861159311975,.146966,35.17268671042445,31.343083217979597,3.829603492444853,.124881,So 1. Mär 09:05:41 CET 2026
18,22.237261,1.49577653,7.9533,30.665825,3.855736,455.9,550,10.616,30.665825000000005,36.41768226374468,5.751857263744675,.187565,36.41768303725711,32.15644265230139,4.26124038495572,.138957,So 1. Mär 09:05:50 CET 2026
21,25.943471,1.74507261,7.9533,30.665825,3.855736,455.9,550,10.616,30.665825000000005,37.82662571115107,7.160800711151065,.233510,37.82662683710395,33.05844314627481,4.76818369082914,.155488,So 1. Mär 09:06:16 CET 2026
24,29.649681,1.99436868,7.9533,30.665825,3.855736,455.9,550,10.616,30.665825000000005,39.42033326360857,8.754508263608565,.285480,39.420334893191594,34.06513795474547,5.355196938446124,.174630,So 1. Mär 09:08:12 CET 2026
27,33.355891,2.24366476,7.9533,30.665825,3.855736,455.9,550,10.616,30.665825000000005,41.2057265548252,10.539901554825195,.343701,41.20572893778668,35.233006723384655,5.972722214402025,.194768,So 1. Mär 09:09:21 CET 2026
30,37.062102,2.49296091,7.9533,30.665825,3.855736,455.9,550,10.616,30.665825000000005,43.156784496447756,12.490959496447751,.407325,43.15678798509297,36.50810144132964,6.64868654376333,.216810,So 1. Mär 09:28:37 CET 2026
33,40.768312,2.74225699,7.9533,30.665825,3.855736,455.9,550,10.616,30.665825000000005,45.197940580843415,14.532115580843410,.473886,45.19794558564305,37.93017663600729,7.26776894963576,.236998,So 1. Mär 09:29:12 CET 2026
0,0,0,9.0267,33.366375,3.696409,455.9,450,10.493,33.36637499999998,33.36637499999998,0,0,33.36637524290828,30.11037390609274,3.25600133681554,.097583,So 1. Mär 09:49:57 CET 2026
3,3.406241,.24929602,9.0267,33.366375,3.696409,455.9,450,10.493,33.36637499999998,34.15957032726009,.79319532726011,.023772,34.159570659574825,30.653113680002104,3.506456979572721,.105089,So 1. Mär 09:50:09 CET 2026
9,10.218725,.74788821,9.0267,33.366375,3.696409,455.9,450,10.493,33.36637499999998,35.99532989826734,2.62895489826736,.078790,35.99533052415549,31.87953374778715,4.11579677636834,.123351,So 1. Mär 09:50:22 CET 2026
6,6.812483,.49859211,9.0267,33.366375,3.696409,455.9,450,10.493,33.36637499999998,35.03134376225418,1.66496876225420,.049899,35.031344217597,31.23891754315166,3.79242667444534,.113660,So 1. Mär 09:50:28 CET 2026
12,13.624967,.99718431,9.0267,33.366375,3.696409,455.9,450,10.493,33.36637499999998,37.06820131545603,3.70182631545605,.110944,37.068202176208075,32.59033180096279,4.477870375245285,.134203,So 1. Mär 09:51:43 CET 2026
36,44.474522,2.99155306,7.9533,30.665825,3.855736,455.9,550,10.616,30.665825000000005,47.21624714106224,16.550422141062235,.539702,47.21625405058418,39.651217181171894,7.565036869412286,.246692,So 1. Mär 09:52:03 CET 2026
21,23.843693,1.74507259,9.0267,33.366375,3.696409,455.9,450,10.493,33.36637499999998,41.15778248673101,7.79140748673103,.233510,41.15778478289546,35.268217340644256,5.889567442251204,.176512,So 1. Mär 09:52:06 CET 2026
15,17.031209,1.24648040,9.0267,33.366375,3.696409,455.9,450,10.493,33.36637499999998,38.27012688839281,4.90375188839283,.146966,38.27012806623836,33.383193986473636,4.886934079764724,.146462,So 1. Mär 09:52:10 CET 2026
39,48.180732,3.24084914,7.9533,30.665825,3.855736,455.9,550,10.616,30.665825000000005,49.108342625077974,18.442517625077969,.601402,49.10835171736506,40.73568794545884,8.37266377190622,.273029,So 1. Mär 09:52:31 CET 2026
18,20.437451,1.49577650,9.0267,33.366375,3.696409,455.9,450,10.493,33.36637499999998,39.624763038236004,6.258388038236024,.187565,39.624764703391676,34.26310951687542,5.361655186516256,.160690,So 1. Mär 09:52:40 CET 2026
45,55.593153,3.73944136,7.9533,30.665825,3.855736,455.9,550,10.616,30.665825000000005,52.33817381256978,21.672348812569775,.706726,52.3381875926161,42.73148791380669,9.60669967880941,.313270,So 1. Mär 09:52:57 CET 2026
42,51.886942,3.49014522,7.9533,30.665825,3.855736,455.9,550,10.616,30.665825000000005,50.81867161457064,20.152846614570635,.657176,50.818683005605806,41.76449817935482,9.054184826250986,.295253,So 1. Mär 09:53:02 CET 2026
24,27.249935,1.99436869,9.0267,33.366375,3.696409,455.9,450,10.493,33.36637499999998,42.891837609877655,9.525462609877675,.285480,42.891840835074355,36.43949408591625,6.452346749158105,.193378,So 1. Mär 09:53:08 CET 2026
27,30.656177,2.24366479,9.0267,33.366375,3.696409,455.9,450,10.493,33.36637499999998,44.83445743744271,11.46808243744273,.343701,44.83446194446603,37.77672294189121,7.05773900257482,.211522,So 1. Mär 09:53:15 CET 2026
30,34.062419,2.49296088,9.0267,33.366375,3.696409,455.9,450,10.493,33.36637499999998,46.957334444160495,13.590959444160515,.407325,46.957340677619534,39.29902362031137,7.658317057308164,.229521,So 1. Mär 09:53:56 CET 2026
0,0,0,9.0267,33.366375,3.696409,455.9,450,10.534,33.36637499999998,33.36637499999998,0,0,33.36637524553544,30.112275589228435,3.254099656307005,.097526,So 1. Mär 09:54:15 CET 2026
36,40.874903,2.99155307,9.0267,33.366375,3.696409,455.9,450,10.493,33.36637499999998,51.37428746025881,18.00791246025883,.539702,51.374298492416564,42.579298984668355,8.794999507748209,.263588,So 1. Mär 09:54:55 CET 2026
33,37.468661,2.74225698,9.0267,33.366375,3.696409,455.9,450,10.493,33.36637499999998,49.178243585641574,15.811868585641594,.473886,49.17825201735027,41.111354779050274,8.066897238299996,.241767,So 1. Mär 09:55:14 CET 2026
42,47.687387,3.49014527,9.0267,33.366375,3.696409,455.9,450,10.493,33.36637499999998,55.29395414397781,21.92757914397783,.657175,55.29397088194307,46.73716485615953,8.55680602578354,.256449,So 1. Mär 09:56:21 CET 2026
39,44.281145,3.24084917,9.0267,33.366375,3.696409,455.9,450,10.493,33.36637499999998,53.433013163673884,20.066638163673904,.601403,53.43302702843748,44.37285556174701,9.06017146669047,.271535,So 1. Mär 09:56:50 CET 2026
45,51.093629,3.73944136,9.0267,33.366375,3.696409,455.9,450,10.493,33.36637499999998,56.94727312364419,23.58089812364421,.706726,56.947292803300776,49.30876029508694,7.638532508213836,.228929,So 1. Mär 09:57:08 CET 2026
6,6.812483,.49859211,9.0267,33.366375,3.696409,455.9,450,10.534,33.36637499999998,35.03134376225418,1.66496876225420,.049899,35.0313442226709,31.241807200549157,3.789537022121743,.113573,So 1. Mär 09:57:30 CET 2026
3,3.406241,.24929602,9.0267,33.366375,3.696409,455.9,450,10.534,33.36637499999998,34.15957032726009,.79319532726011,.023772,34.1595706633488,30.655474401482838,3.504096261865962,.105018,So 1. Mär 09:57:48 CET 2026
9,10.218725,.74788821,9.0267,33.366375,3.696409,455.9,450,10.534,33.36637499999998,35.99532989826734,2.62895489826736,.078790,35.99533053048308,31.883080133859515,4.112250396623565,.123245,So 1. Mär 09:58:37 CET 2026
12,13.624967,.99718431,9.0267,33.366375,3.696409,455.9,450,10.534,33.36637499999998,37.06820131545603,3.70182631545605,.110944,37.06820218352795,32.594619465053654,4.473582718474296,.134074,So 1. Mär 10:00:54 CET 2026
15,17.031209,1.24648040,9.0267,33.366375,3.696409,455.9,450,10.534,33.36637499999998,38.27012688839281,4.90375188839283,.146966,38.270128073927076,33.38848419633021,4.881643877596866,.146304,So 1. Mär 10:01:07 CET 2026
18,20.437451,1.49577650,9.0267,33.366375,3.696409,455.9,450,10.534,33.36637499999998,39.624763038236004,6.258388038236024,.187565,39.62476471891777,34.269800493873646,5.354964225044124,.160489,So 1. Mär 10:20:55 CET 2026
21,23.843693,1.74507259,9.0267,33.366375,3.696409,455.9,450,10.534,33.36637499999998,41.15778248673101,7.79140748673103,.233510,41.15778479631971,35.2764637132071,5.88132108311261,.176264,So 1. Mär 10:22:01 CET 2026
27,30.656177,2.24366479,9.0267,33.366375,3.696409,455.9,450,10.534,33.36637499999998,44.83445743744271,11.46808243744273,.343701,44.83446197645503,37.78920305449428,7.04525892196075,.211148,So 1. Mär 10:43:21 CET 2026
24,27.249935,1.99436869,9.0267,33.366375,3.696409,455.9,450,10.534,33.36637499999998,42.891837609877655,9.525462609877675,.285480,42.891840857135676,36.449388669162516,6.442452187973160,.193082,So 1. Mär 10:43:51 CET 2026
30,34.062419,2.49296088,9.0267,33.366375,3.696409,455.9,450,10.534,33.36637499999998,46.957334444160495,13.590959444160515,.407325,46.957340720553056,39.313719860279186,7.643620860273870,.229081,So 1. Mär 10:43:58 CET 2026
33,37.468661,2.74225698,9.0267,33.366375,3.696409,455.9,450,10.534,33.36637499999998,49.178243585641574,15.811868585641594,.473886,49.178252073360206,41.13057719543245,8.047674877927756,.241191,So 1. Mär 10:44:33 CET 2026
3,3.406241,.24929602,9.0267,33.366375,3.696409,455.9,450,10.575,33.36637499999998,34.15957032726009,.79319532726011,.023772,34.15957066698977,30.6578112711004,3.50175939588937,.104948,So 1. Mär 10:45:00 CET 2026
0,0,0,9.0267,33.366375,3.696409,455.9,450,10.575,33.36637499999998,33.36637499999998,0,0,33.36637524805259,30.11420671921087,3.25216852884172,.097468,So 1. Mär 10:45:05 CET 2026
6,6.812483,.49859211,9.0267,33.366375,3.696409,455.9,450,10.575,33.36637499999998,35.03134376225418,1.66496876225420,.049899,35.03134422755845,31.244739934445697,3.786604293112753,.113485,So 1. Mär 10:45:16 CET 2026
15,17.031209,1.24648040,9.0267,33.366375,3.696409,455.9,450,10.575,33.36637499999998,38.27012688839281,4.90375188839283,.146966,38.27012808126684,33.393631847469656,4.876496233797184,.146150,So 1. Mär 10:45:43 CET 2026
9,10.218725,.74788821,9.0267,33.366375,3.696409,455.9,450,10.575,33.36637499999998,35.99532989826734,2.62895489826736,.078790,35.99533053659196,31.886531297060124,4.108799239531836,.123141,So 1. Mär 10:45:44 CET 2026
36,40.874903,2.99155307,9.0267,33.366375,3.696409,455.9,450,10.534,33.36637499999998,51.37428746025881,18.00791246025883,.539702,51.37429856755306,42.59379863557326,8.78049993197980,.263154,So 1. Mär 10:45:52 CET 2026
12,13.624967,.99718431,9.0267,33.366375,3.696409,455.9,450,10.575,33.36637499999998,37.06820131545603,3.70182631545605,.110944,37.06820219059799,32.598935317092135,4.469266873505855,.133945,So 1. Mär 10:46:14 CET 2026
18,20.437451,1.49577650,9.0267,33.366375,3.696409,455.9,450,10.575,33.36637499999998,39.624763038236004,6.258388038236024,.187565,39.62476473387326,34.27637631524345,5.34838841862981,.160292,So 1. Mär 10:46:27 CET 2026
42,47.687387,3.49014527,9.0267,33.366375,3.696409,455.9,450,10.534,33.36637499999998,55.29395414397781,21.92757914397783,.657175,55.29397097229444,46.78005815743589,8.51391281485855,.255164,So 1. Mär 10:46:27 CET 2026
39,44.281145,3.24084917,9.0267,33.366375,3.696409,455.9,450,10.534,33.36637499999998,53.433013163673884,20.066638163673904,.601403,53.433027134362106,44.40840727328535,9.024619861076756,.270470,So 1. Mär 10:46:42 CET 2026
21,23.843693,1.74507259,9.0267,33.366375,3.696409,455.9,450,10.575,33.36637499999998,41.15778248673101,7.79140748673103,.233510,41.15778481528021,35.28437579247406,5.87340902280615,.176027,So 1. Mär 10:47:06 CET 2026
45,51.093629,3.73944136,9.0267,33.366375,3.696409,455.9,450,10.534,33.36637499999998,56.94727312364419,23.58089812364421,.706726,56.947292954838275,49.36399756482695,7.583295390011325,.227273,So 1. Mär 10:47:09 CET 2026
24,27.249935,1.99436869,9.0267,33.366375,3.696409,455.9,450,10.575,33.36637499999998,42.891837609877655,9.525462609877675,.285480,42.89184087832615,36.45935669859199,6.43248417973416,.192783,So 1. Mär 10:47:22 CET 2026
27,30.656177,2.24366479,9.0267,33.366375,3.696409,455.9,450,10.575,33.36637499999998,44.83445743744271,11.46808243744273,.343701,44.83446200719846,37.8016726475979,7.03278935960056,.210774,So 1. Mär 10:48:40 CET 2026
30,34.062419,2.49296088,9.0267,33.366375,3.696409,455.9,450,10.575,33.36637499999998,46.957334444160495,13.590959444160515,.407325,46.957340761775804,39.3284490385671,7.628891723208704,.228640,So 1. Mär 10:49:44 CET 2026
33,37.468661,2.74225698,9.0267,33.366375,3.696409,455.9,450,10.575,33.36637499999998,49.178243585641574,15.811868585641594,.473886,49.178252127075375,41.14928462926588,8.028967497809495,.240630,So 1. Mär 10:51:36 CET 2026
36,40.874903,2.99155307,9.0267,33.366375,3.696409,455.9,450,10.575,33.36637499999998,51.37428746025881,18.00791246025883,.539702,51.37429863908922,42.60807410131777,8.76622453777145,.262726,So 1. Mär 10:51:47 CET 2026
0,0,0,9.0267,33.366375,3.696409,455.9,450,10.616,33.36637499999998,33.36637499999998,0,0,33.36637525047533,30.11604567317277,3.25032957730256,.097413,So 1. Mär 10:52:56 CET 2026
39,44.281145,3.24084917,9.0267,33.366375,3.696409,455.9,450,10.575,33.36637499999998,53.433013163673884,20.066638163673904,.601403,53.433027235908874,44.44381918001818,8.989208055890694,.269409,So 1. Mär 10:53:06 CET 2026
3,3.406241,.24929602,9.0267,33.366375,3.696409,455.9,450,10.616,33.36637499999998,34.15957032726009,.79319532726011,.023772,34.159570670515265,30.66012636190326,3.499444308612005,.104879,So 1. Mär 10:53:37 CET 2026
42,47.687387,3.49014527,9.0267,33.366375,3.696409,455.9,450,10.575,33.36637499999998,55.29395414397781,21.92757914397783,.657175,55.29397109991797,46.82300457052029,8.47096652939768,.253877,So 1. Mär 10:53:38 CET 2026
45,51.093629,3.73944136,9.0267,33.366375,3.696409,455.9,450,10.575,33.36637499999998,56.94727312364419,23.58089812364421,.706726,56.947293100117385,49.41897702471612,7.528316075401265,.225625,So 1. Mär 10:54:14 CET 2026
9,10.218725,.74788821,9.0267,33.366375,3.696409,455.9,450,10.616,33.36637499999998,35.99532989826734,2.62895489826736,.078790,35.99533054250532,31.890034180453252,4.105296362052068,.123036,So 1. Mär 11:14:11 CET 2026
6,6.812483,.49859211,9.0267,33.366375,3.696409,455.9,450,10.616,33.36637499999998,35.03134376225418,1.66496876225420,.049899,35.0313442322787,31.247670951955097,3.783673280323603,.113397,So 1. Mär 11:14:17 CET 2026
12,13.624967,.99718431,9.0267,33.366375,3.696409,455.9,450,10.616,33.36637499999998,37.06820131545603,3.70182631545605,.110944,37.06820219736956,32.603280126903044,4.464922070466516,.133815,So 1. Mär 11:36:35 CET 2026
15,17.031209,1.24648040,9.0267,33.366375,3.696409,455.9,450,10.616,33.36637499999998,38.27012688839281,4.90375188839283,.146966,38.27012808837626,33.39892249094791,4.87120559742835,.145991,So 1. Mär 11:37:10 CET 2026
18,20.437451,1.49577650,9.0267,33.366375,3.696409,455.9,450,10.616,33.36637499999998,39.624763038236004,6.258388038236024,.187565,39.62476474833428,34.28300733133954,5.34175741699474,.160094,So 1. Mär 11:37:24 CET 2026
21,23.843693,1.74507259,9.0267,33.366375,3.696409,455.9,450,10.616,33.36637499999998,41.15778248673101,7.79140748673103,.233510,41.15778484048561,35.29246745014142,5.86531739034419,.175785,So 1. Mär 11:38:20 CET 2026
24,27.249935,1.99436869,9.0267,33.366375,3.696409,455.9,450,10.616,33.36637499999998,42.891837609877655,9.525462609877675,.285480,42.8918408986779,36.46937491258531,6.42246598609259,.192483,So 1. Mär 11:38:47 CET 2026
27,30.656177,2.24366479,9.0267,33.366375,3.696409,455.9,450,10.616,33.36637499999998,44.83445743744271,11.46808243744273,.343701,44.83446203665073,37.81404145469266,7.02042058195807,.210404,So 1. Mär 11:38:51 CET 2026
0,0,0,9.0267,33.366375,3.696409,455.9,500,10.493,33.36637499999998,33.36637499999998,0,0,33.36637524009379,30.10786236715165,3.25851287294214,.097658,So 1. Mär 11:38:59 CET 2026
30,34.062419,2.49296088,9.0267,33.366375,3.696409,455.9,450,10.616,33.36637499999998,46.957334444160495,13.590959444160515,.407325,46.9573408010916,39.34311598690886,7.61422481418274,.228200,So 1. Mär 11:39:11 CET 2026
3,3.406241,.24929602,9.0267,33.366375,3.696409,455.9,500,10.493,33.36637499999998,34.15957032726009,.79319532726011,.023772,34.15957065532259,30.649239051104797,3.510331604217793,.105205,So 1. Mär 11:39:29 CET 2026
33,37.468661,2.74225698,9.0267,33.366375,3.696409,455.9,450,10.616,33.36637499999998,49.178243585641574,15.811868585641594,.473886,49.178252178201475,41.1671819021889,8.011070276012575,.240094,So 1. Mär 11:39:32 CET 2026
6,6.812483,.49859211,9.0267,33.366375,3.696409,455.9,500,10.493,33.36637499999998,35.03134376225418,1.66496876225420,.049899,35.031344211492154,31.232230068354394,3.799114143137760,.113860,So 1. Mär 11:39:40 CET 2026
36,40.874903,2.99155307,9.0267,33.366375,3.696409,455.9,450,10.616,33.36637499999998,51.37428746025881,18.00791246025883,.539702,51.37429870777369,42.622201779697704,8.752096928075986,.262302,So 1. Mär 11:39:46 CET 2026
9,10.218725,.74788821,9.0267,33.366375,3.696409,455.9,500,10.493,33.36637499999998,35.99532989826734,2.62895489826736,.078790,35.99533051582919,31.869222231834996,4.126108283994194,.123660,So 1. Mär 11:39:48 CET 2026
12,13.624967,.99718431,9.0267,33.366375,3.696409,455.9,500,10.493,33.36637499999998,37.06820131545603,3.70182631545605,.110944,37.06820216557507,32.577030569802766,4.491171595772304,.134601,So 1. Mär 11:40:15 CET 2026
39,44.281145,3.24084917,9.0267,33.366375,3.696409,455.9,450,10.616,33.36637499999998,53.433013163673884,20.066638163673904,.601403,53.43302733370234,44.479303193119286,8.953724140583054,.268345,So 1. Mär 11:40:18 CET 2026
15,17.031209,1.24648040,9.0267,33.366375,3.696409,455.9,500,10.493,33.36637499999998,38.27012688839281,4.90375188839283,.146966,38.27012805341462,33.366511223895635,4.903616829518985,.146962,So 1. Mär 11:40:55 CET 2026
45,51.093629,3.73944136,9.0267,33.366375,3.696409,455.9,450,10.616,33.36637499999998,56.94727312364419,23.58089812364421,.706726,56.947293239693266,49.47333795361831,7.473955286074956,.223996,So 1. Mär 11:41:28 CET 2026
42,47.687387,3.49014527,9.0267,33.366375,3.696409,455.9,450,10.616,33.36637499999998,55.29395414397781,21.92757914397783,.657175,55.29397124615594,46.86570050641662,8.42827073973932,.252597,So 1. Mär 11:41:28 CET 2026
18,20.437451,1.49577650,9.0267,33.366375,3.696409,455.9,500,10.493,33.36637499999998,39.624763038236004,6.258388038236024,.187565,39.624764680700856,34.24069375709482,5.384070923606036,.161362,So 1. Mär 11:41:57 CET 2026
24,27.249935,1.99436869,9.0267,33.366375,3.696409,455.9,500,10.493,33.36637499999998,42.891837609877655,9.525462609877675,.285480,42.89184080183115,36.420074208000486,6.471766593830664,.193960,So 1. Mär 11:44:51 CET 2026
21,23.843693,1.74507259,9.0267,33.366375,3.696409,455.9,500,10.493,33.36637499999998,41.15778248673101,7.79140748673103,.233510,41.15778475941287,35.24519935712128,5.91258540229159,.177201,So 1. Mär 11:44:53 CET 2026
27,30.656177,2.24366479,9.0267,33.366375,3.696409,455.9,500,10.493,33.36637499999998,44.83445743744271,11.46808243744273,.343701,44.83446190277306,37.755831894435126,7.078630008337934,.212148,So 1. Mär 11:46:21 CET 2026
30,34.062419,2.49296088,9.0267,33.366375,3.696409,455.9,500,10.493,33.36637499999998,46.957334444160495,13.590959444160515,.407325,46.95734063184919,39.27864476069757,7.67869587115162,.230132,So 1. Mär 11:47:29 CET 2026
33,37.468661,2.74225698,9.0267,33.366375,3.696409,455.9,500,10.493,33.36637499999998,49.178243585641574,15.811868585641594,.473886,49.17825197380467,41.12835339310173,8.04989858070294,.241257,So 1. Mär 11:48:25 CET 2026
36,40.874903,2.99155307,9.0267,33.366375,3.696409,455.9,500,10.493,33.36637499999998,51.37428746025881,18.00791246025883,.539702,51.37429845693754,42.587504387629245,8.786794069308295,.263342,So 1. Mär 11:48:28 CET 2026
39,44.281145,3.24084917,9.0267,33.366375,3.696409,455.9,500,10.493,33.36637499999998,53.433013163673884,20.066638163673904,.601403,53.433027005421934,44.404108830642784,9.028918174779150,.270599,So 1. Mär 11:50:19 CET 2026
45,51.093629,3.73944136,9.0267,33.366375,3.696409,455.9,500,10.493,33.36637499999998,56.94727312364419,23.58089812364421,.706726,56.94729282940635,49.40154377151232,7.54574905789403,.226148,So 1. Mär 12:10:02 CET 2026
42,47.687387,3.49014527,9.0267,33.366375,3.696409,455.9,500,10.493,33.36637499999998,55.29395414397781,21.92757914397783,.657175,55.293970889530364,46.77306716414416,8.520903725386204,.255373,So 1. Mär 12:10:10 CET 2026
6,6.812483,.49859211,9.0267,33.366375,3.696409,455.9,500,10.534,33.36637499999998,35.03134376225418,1.66496876225420,.049899,35.031344216612375,31.235022012912367,3.796322203700008,.113776,So 1. Mär 23:34:52 CET 2026
0,0,0,9.0267,33.366375,3.696409,455.9,500,10.534,33.36637499999998,33.36637499999998,0,0,33.36637524274945,30.10977854163329,3.25659670111616,.097601,So 1. Mär 23:34:55 CET 2026
6,6.812483,.49859211,9.0267,33.366375,3.696409,455.9,500,10.575,33.36637499999998,35.03134376225418,1.66496876225420,.049899,35.03134422155806,31.23792018307086,3.79342403848720,.113690,So 1. Mär 23:34:57 CET 2026
15,17.031209,1.24648040,9.0267,33.366375,3.696409,455.9,500,10.534,33.36637499999998,38.27012688839281,4.90375188839283,.146966,38.27012806121792,33.37175306466513,4.89837499655279,.146805,So 1. Mär 23:35:01 CET 2026
9,10.218725,.74788821,9.0267,33.366375,3.696409,455.9,500,10.534,33.36637499999998,35.99532989826734,2.62895489826736,.078790,35.995330522217316,31.872676286147716,4.122654236069600,.123557,So 1. Mär 23:35:01 CET 2026
3,3.406241,.24929602,9.0267,33.366375,3.696409,455.9,500,10.534,33.36637499999998,34.15957032726009,.79319532726011,.023772,34.15957065912014,30.651526355020067,3.508044304100073,.105137,So 1. Mär 23:35:01 CET 2026
21,23.843693,1.74507259,9.0267,33.366375,3.696409,455.9,500,10.534,33.36637499999998,41.15778248673101,7.79140748673103,.233510,41.157784773132455,35.253300668855935,5.904484104276520,.176959,So 1. Mär 23:35:03 CET 2026
15,17.031209,1.24648040,9.0267,33.366375,3.696409,455.9,500,10.575,33.36637499999998,38.27012688839281,4.90375188839283,.146966,38.27012806868011,33.37696466897683,4.89316339970328,.146649,So 1. Mär 23:35:04 CET 2026
9,10.218725,.74788821,9.0267,33.366375,3.696409,455.9,500,10.575,33.36637499999998,35.99532989826734,2.62895489826736,.078790,35.99533052838381,31.876172903902464,4.119157624481346,.123452,So 1. Mär 23:35:06 CET 2026
3,3.406241,.24929602,9.0267,33.366375,3.696409,455.9,500,10.575,33.36637499999998,34.15957032726009,.79319532726011,.023772,34.15957066281274,30.653827456508388,3.505743206304352,.105068,So 1. Mär 23:35:07 CET 2026
12,13.624967,.99718431,9.0267,33.366375,3.696409,455.9,500,10.534,33.36637499999998,37.06820131545603,3.70182631545605,.110944,37.068202172964874,32.58125279870391,4.486949374260964,.134475,So 1. Mär 23:35:08 CET 2026
12,13.624967,.99718431,9.0267,33.366375,3.696409,455.9,500,10.575,33.36637499999998,37.06820131545603,3.70182631545605,.110944,37.068202180117225,32.585500435152284,4.482701744964941,.134347,So 1. Mär 23:35:10 CET 2026
0,0,0,9.0267,33.366375,3.696409,455.9,500,10.575,33.36637499999998,33.36637499999998,0,0,33.366375245277375,30.111654840265263,3.254720405012112,.097544,So 1. Mär 23:35:10 CET 2026
18,20.437451,1.49577650,9.0267,33.366375,3.696409,455.9,500,10.534,33.36637499999998,39.624763038236004,6.258388038236024,.187565,39.624764696391345,34.24731615951842,5.377448536872925,.161163,So 1. Mär 23:35:12 CET 2026
27,30.656177,2.24366479,9.0267,33.366375,3.696409,455.9,500,10.534,33.36637499999998,44.83445743744271,11.46808243744273,.343701,44.834461935077044,37.76832292674969,7.066139008327354,.211774,So 1. Mär 23:35:17 CET 2026
21,23.843693,1.74507259,9.0267,33.366375,3.696409,455.9,500,10.575,33.36637499999998,41.15778248673101,7.79140748673103,.233510,41.15778478619459,35.26139056969251,5.89639421650208,.176716,So 1. Mär 23:35:23 CET 2026
24,27.249935,1.99436869,9.0267,33.366375,3.696409,455.9,500,10.534,33.36637499999998,42.891837609877655,9.525462609877675,.285480,42.891840824207655,36.430103060517766,6.461737763689889,.193660,So 1. Mär 23:35:26 CET 2026
18,20.437451,1.49577650,9.0267,33.366375,3.696409,455.9,500,10.575,33.36637499999998,39.624763038236004,6.258388038236024,.187565,39.624764711531114,34.25397005139525,5.370794660135864,.160964,So 1. Mär 23:35:26 CET 2026
30,34.062419,2.49296088,9.0267,33.366375,3.696409,455.9,500,10.534,33.36637499999998,46.957334444160495,13.590959444160515,.407325,46.95734067522449,39.29360480568832,7.66373586953617,.229684,So 1. Mär 23:35:29 CET 2026
24,27.249935,1.99436869,9.0267,33.366375,3.696409,455.9,500,10.575,33.36637499999998,42.891837609877655,9.525462609877675,.285480,42.89184084560841,36.44023362095703,6.45160722465138,.193356,So 1. Mär 23:35:32 CET 2026
30,34.062419,2.49296088,9.0267,33.366375,3.696409,455.9,500,10.575,33.36637499999998,46.957334444160495,13.590959444160515,.407325,46.95734071702641,39.308308543809716,7.649032173216694,.229243,So 1. Mär 23:36:05 CET 2026
27,30.656177,2.24366479,9.0267,33.366375,3.696409,455.9,500,10.575,33.36637499999998,44.83445743744271,11.46808243744273,.343701,44.83446196630123,37.78080147264654,7.05366049365469,.211400,So 1. Mär 23:36:05 CET 2026
36,40.874903,2.99155307,9.0267,33.366375,3.696409,455.9,500,10.534,33.36637499999998,51.37428746025881,18.00791246025883,.539702,51.374298532677294,42.60193937608812,8.772359156589174,.262910,So 1. Mär 23:36:46 CET 2026
33,37.468661,2.74225698,9.0267,33.366375,3.696409,455.9,500,10.575,33.36637499999998,49.178243585641574,15.811868585641594,.473886,49.178252084641116,41.16480825680409,8.013443827837026,.240165,So 1. Mär 23:37:05 CET 2026
33,37.468661,2.74225698,9.0267,33.366375,3.696409,455.9,500,10.534,33.36637499999998,49.178243585641574,15.811868585641594,.473886,49.178252030355715,41.14679162938712,8.031460400968595,.240705,So 1. Mär 23:37:12 CET 2026
42,47.687387,3.49014527,9.0267,33.366375,3.696409,455.9,500,10.534,33.36637499999998,55.29395414397781,21.92757914397783,.657175,55.293970980448265,46.816845032597755,8.477125947850510,.254061,So 1. Mär 23:39:24 CET 2026
45,51.093629,3.73944136,9.0267,33.366375,3.696409,455.9,500,10.534,33.36637499999998,56.94727312364419,23.58089812364421,.706726,56.94729298155217,49.457318107296935,7.489974874255235,.224476,So 1. Mär 23:39:35 CET 2026
39,44.281145,3.24084917,9.0267,33.366375,3.696409,455.9,500,10.534,33.36637499999998,53.433013163673884,20.066638163673904,.601403,53.43302711244196,44.4396007855255,8.99342632691646,.269535,So 1. Mär 23:39:39 CET 2026
9,10.218725,.74788821,9.0267,33.366375,3.696409,455.9,500,10.616,33.36637499999998,35.99532989826734,2.62895489826736,.078790,35.99533053435572,31.87971821640022,4.11561231795550,.123346,Mo 2. Mär 00:28:08 CET 2026
3,3.406241,.24929602,9.0267,33.366375,3.696409,455.9,500,10.616,33.36637499999998,34.15957032726009,.79319532726011,.023772,34.15957066636339,30.656191818678884,3.503378847684506,.104997,Mo 2. Mär 00:28:10 CET 2026
0,0,0,9.0267,33.366375,3.696409,455.9,500,10.616,33.36637499999998,33.36637499999998,0,0,33.366375247732826,30.113574300321808,3.252800947411018,.097487,Mo 2. Mär 00:28:12 CET 2026
21,23.843693,1.74507259,9.0267,33.366375,3.696409,455.9,500,10.616,33.36637499999998,41.15778248673101,7.79140748673103,.233510,41.157784805851044,35.269590925596326,5.888193880254718,.176470,Mo 2. Mär 00:28:18 CET 2026
12,13.624967,.99718431,9.0267,33.366375,3.696409,455.9,500,10.616,33.36637499999998,37.06820131545603,3.70182631545605,.110944,37.068202186980756,32.58978198336173,4.478420203619026,.134219,Mo 2. Mär 00:28:18 CET 2026
15,17.031209,1.24648040,9.0267,33.366375,3.696409,455.9,500,10.616,33.36637499999998,38.27012688839281,4.90375188839283,.146966,38.27012807585626,33.382209142339214,4.887918933517046,.146492,Mo 2. Mär 00:28:19 CET 2026
18,20.437451,1.49577650,9.0267,33.366375,3.696409,455.9,500,10.616,33.36637499999998,39.624763038236004,6.258388038236024,.187565,39.62476472617051,34.260725177781964,5.364039548388546,.160761,Mo 2. Mär 00:28:29 CET 2026
6,6.812483,.49859211,9.0267,33.366375,3.696409,455.9,500,10.616,33.36637499999998,35.03134376225418,1.66496876225420,.049899,35.03134422631883,31.240726756302738,3.790617470016092,.113605,Mo 2. Mär 00:28:32 CET 2026
24,27.249935,1.99436869,9.0267,33.366375,3.696409,455.9,500,10.616,33.36637499999998,42.891837609877655,9.525462609877675,.285480,42.89184086625919,36.450213350929545,6.441627515329645,.193057,Mo 2. Mär 00:28:32 CET 2026
3,3.406241,.24929602,9.0267,33.366375,3.696409,455.9,550,10.493,33.36637499999998,34.15957032726009,.79319532726011,.023772,34.159570652669906,30.64501359430578,3.514557058364126,.105332,Mo 2. Mär 00:28:50 CET 2026
0,0,0,9.0267,33.366375,3.696409,455.9,550,10.493,33.36637499999998,33.36637499999998,0,0,33.36637523834223,30.105418826212887,3.260956412129343,.097731,Mo 2. Mär 00:28:51 CET 2026
6,6.812483,.49859211,9.0267,33.366375,3.696409,455.9,550,10.493,33.36637499999998,35.03134376225418,1.66496876225420,.049899,35.03134420768943,31.22572900973634,3.80561519795309,.114055,Mo 2. Mär 00:28:52 CET 2026
27,30.656177,2.24366479,9.0267,33.366375,3.696409,455.9,500,10.616,33.36637499999998,44.83445743744271,11.46808243744273,.343701,44.83446199616332,37.79331773929101,7.04114425687231,.211025,Mo 2. Mär 00:28:59 CET 2026
30,34.062419,2.49296088,9.0267,33.366375,3.696409,455.9,500,10.616,33.36637499999998,46.957334444160495,13.590959444160515,.407325,46.95734075690827,39.3229239309457,7.63441682596257,.228805,Mo 2. Mär 00:29:01 CET 2026
36,40.874903,2.99155307,9.0267,33.366375,3.696409,455.9,500,10.575,33.36637499999998,51.37428746025881,18.00791246025883,.539702,51.37429860520242,42.616146708591494,8.758151896610926,.262484,Mo 2. Mär 00:29:09 CET 2026
33,37.468661,2.74225698,9.0267,33.366375,3.696409,455.9,500,10.616,33.36637499999998,49.178243585641574,15.811868585641594,.473886,49.17825213643298,41.1824355710084,7.99581656542458,.239636,Mo 2. Mär 00:29:11 CET 2026
36,40.874903,2.99155307,9.0267,33.366375,3.696409,455.9,500,10.616,33.36637499999998,51.37428746025881,18.00791246025883,.539702,51.3742986745103,42.63057915611749,8.74371951839281,.262051,Mo 2. Mär 00:29:18 CET 2026
9,10.218725,.74788821,9.0267,33.366375,3.696409,455.9,550,10.493,33.36637499999998,35.99532989826734,2.62895489826736,.078790,35.99533051063605,31.859659736323955,4.135670774312095,.123947,Mo 2. Mär 00:29:22 CET 2026
39,44.281145,3.24084917,9.0267,33.366375,3.696409,455.9,500,10.575,33.36637499999998,53.433013163673884,20.066638163673904,.601403,53.43302721482698,44.474805618256134,8.958221596570846,.268480,Mo 2. Mär 00:29:31 CET 2026
42,47.687387,3.49014527,9.0267,33.366375,3.696409,455.9,500,10.575,33.36637499999998,55.29395414397781,21.92757914397783,.657175,55.293971093511836,46.861068600738456,8.432902492773380,.252736,Mo 2. Mär 00:29:42 CET 2026
45,51.093629,3.73944136,9.0267,33.366375,3.696409,455.9,500,10.575,33.36637499999998,56.94727312364419,23.58089812364421,.706726,56.94729312759884,49.512614976687544,7.434678150911296,.222819,Mo 2. Mär 00:29:50 CET 2026
12,13.624967,.99718431,9.0267,33.366375,3.696409,455.9,550,10.493,33.36637499999998,37.06820131545603,3.70182631545605,.110944,37.06820215887863,32.56385685449422,4.50434530438441,.134996,Mo 2. Mär 00:30:13 CET 2026
42,47.687387,3.49014527,9.0267,33.366375,3.696409,455.9,500,10.616,33.36637499999998,55.29395414397781,21.92757914397783,.657175,55.293971240760946,46.90561800212338,8.388353238637566,.251401,Mo 2. Mär 00:30:19 CET 2026
39,44.281145,3.24084917,9.0267,33.366375,3.696409,455.9,500,10.616,33.36637499999998,53.433013163673884,20.066638163673904,.601403,53.43302731323525,44.50994593518763,8.92308137804762,.267427,Mo 2. Mär 00:31:01 CET 2026
45,51.093629,3.73944136,9.0267,33.366375,3.696409,455.9,500,10.616,33.36637499999998,56.94727312364419,23.58089812364421,.706726,56.947293267860786,49.56736255891934,7.379930708941446,.221178,Mo 2. Mär 00:31:55 CET 2026
18,20.437451,1.49577650,9.0267,33.366375,3.696409,455.9,550,10.493,33.36637499999998,39.624763038236004,6.258388038236024,.187565,39.62476466602453,34.22689440749149,5.39787025853304,.161775,Mo 2. Mär 00:32:47 CET 2026
15,17.031209,1.24648040,9.0267,33.366375,3.696409,455.9,550,10.493,33.36637499999998,38.27012688839281,4.90375188839283,.146966,38.27012804535805,33.351594392872805,4.918533652485245,.147409,Mo 2. Mär 00:33:00 CET 2026
21,23.843693,1.74507259,9.0267,33.366375,3.696409,455.9,550,10.493,33.36637499999998,41.15778248673101,7.79140748673103,.233510,41.15778474464847,35.23191932345043,5.92586542119804,.177599,Mo 2. Mär 00:33:24 CET 2026
24,27.249935,1.99436869,9.0267,33.366375,3.696409,455.9,550,10.493,33.36637499999998,42.891837609877655,9.525462609877675,.285480,42.89184078084802,36.40587235961637,6.48596842123165,.194386,Mo 2. Mär 01:21:24 CET 2026
27,30.656177,2.24366479,9.0267,33.366375,3.696409,455.9,550,10.493,33.36637499999998,44.83445743744271,11.46808243744273,.343701,44.834461877195245,37.738567889665816,7.095893987529429,.212666,Mo 2. Mär 01:21:40 CET 2026
0,0,0,9.0267,33.366375,3.696409,455.9,550,10.534,33.36637499999998,33.36637499999998,0,0,33.366375241007624,30.107286941008223,3.259088299999401,.097675,Mo 2. Mär 01:21:41 CET 2026
3,3.406241,.24929602,9.0267,33.366375,3.696409,455.9,550,10.534,33.36637499999998,34.15957032726009,.79319532726011,.023772,34.1595706565102,30.64730390911468,3.51226674739552,.105263,Mo 2. Mär 01:21:47 CET 2026
15,17.031209,1.24648040,9.0267,33.366375,3.696409,455.9,550,10.534,33.36637499999998,38.27012688839281,4.90375188839283,.146966,38.27012805320909,33.35680991676431,4.91331813644478,.147253,Mo 2. Mär 01:21:56 CET 2026
30,34.062419,2.49296088,9.0267,33.366375,3.696409,455.9,550,10.493,33.36637499999998,46.957334444160495,13.590959444160515,.407325,46.95734060521913,39.260971839083,7.69636876613613,.230662,Mo 2. Mär 01:21:56 CET 2026
6,6.812483,.49859211,9.0267,33.366375,3.696409,455.9,550,10.534,33.36637499999998,35.03134376225418,1.66496876225420,.049899,35.03134421283334,31.228457286062145,3.802886926771195,.113973,Mo 2. Mär 01:22:02 CET 2026
12,13.624967,.99718431,9.0267,33.366375,3.696409,455.9,550,10.534,33.36637499999998,37.06820131545603,3.70182631545605,.110944,37.06820216632936,32.568101061588074,4.500101104741286,.134869,Mo 2. Mär 01:22:02 CET 2026
9,10.218725,.74788821,9.0267,33.366375,3.696409,455.9,550,10.534,33.36637499999998,35.99532989826734,2.62895489826736,.078790,35.99533051706936,31.86308296352758,4.13224755354178,.123844,Mo 2. Mär 01:22:02 CET 2026
33,37.468661,2.74225698,9.0267,33.366375,3.696409,455.9,550,10.493,33.36637499999998,49.178243585641574,15.811868585641594,.473886,49.178251950727656,41.14302706005086,8.035224890676796,.240818,Mo 2. Mär 01:22:20 CET 2026
18,20.437451,1.49577650,9.0267,33.366375,3.696409,455.9,550,10.534,33.36637499999998,39.624763038236004,6.258388038236024,.187565,39.62476468188797,34.2334628348378,5.39130184705017,.161578,Mo 2. Mär 01:22:22 CET 2026
21,23.843693,1.74507259,9.0267,33.366375,3.696409,455.9,550,10.534,33.36637499999998,41.15778248673101,7.79140748673103,.233510,41.15778475854641,35.23986548987238,5.91791926867403,.177361,Mo 2. Mär 01:22:32 CET 2026
36,40.874903,2.99155307,9.0267,33.366375,3.696409,455.9,550,10.493,33.36637499999998,51.37428746025881,18.00791246025883,.539702,51.37429844220554,42.59798793790821,8.77631050429733,.263028,Mo 2. Mär 01:22:33 CET 2026
24,27.249935,1.99436869,9.0267,33.366375,3.696409,455.9,550,10.534,33.36637499999998,42.891837609877655,9.525462609877675,.285480,42.891840803398594,36.41602413965122,6.475816663747374,.194082,Mo 2. Mär 01:22:42 CET 2026
39,44.281145,3.24084917,9.0267,33.366375,3.696409,455.9,550,10.493,33.36637499999998,53.433013163673884,20.066638163673904,.601403,53.433027002456626,44.43615070460314,8.996876297853486,.269639,Mo 2. Mär 01:22:48 CET 2026
27,30.656177,2.24366479,9.0267,33.366375,3.696409,455.9,550,10.534,33.36637499999998,44.83445743744271,11.46808243744273,.343701,44.834461909729235,37.75107492559656,7.083386984132675,.212291,Mo 2. Mär 01:22:50 CET 2026
42,47.687387,3.49014527,9.0267,33.366375,3.696409,455.9,550,10.493,33.36637499999998,55.29395414397781,21.92757914397783,.657175,55.29397090036708,46.81408402595587,8.47988687441121,.254144,Mo 2. Mär 01:22:55 CET 2026
33,37.468661,2.74225698,9.0267,33.366375,3.696409,455.9,550,10.534,33.36637499999998,49.178243585641574,15.811868585641594,.473886,49.17825200759603,41.160941040795905,8.017310966800125,.240281,Mo 2. Mär 01:23:00 CET 2026
30,34.062419,2.49296088,9.0267,33.366375,3.696409,455.9,550,10.534,33.36637499999998,46.957334444160495,13.590959444160515,.407325,46.957340648835945,39.276044337184274,7.681296311651671,.230210,Mo 2. Mär 01:23:37 CET 2026
45,51.093629,3.73944136,9.0267,33.366375,3.696409,455.9,550,10.493,33.36637499999998,56.94727312364419,23.58089812364421,.706726,56.947292857729515,49.49915576173562,7.448137095993895,.223222,Mo 2. Mär 01:23:49 CET 2026
0,0,0,9.0267,33.366375,3.696409,455.9,550,10.575,33.36637499999998,33.36637499999998,0,0,33.366375243553215,30.109083374965852,3.257291868587363,.097621,Mo 2. Mär 01:25:12 CET 2026
36,40.874903,2.99155307,9.0267,33.366375,3.696409,455.9,550,10.534,33.36637499999998,51.37428746025881,18.00791246025883,.539702,51.37429851818267,42.6123122664814,8.76198625170127,.262599,Mo 2. Mär 01:25:19 CET 2026
3,3.406241,.24929602,9.0267,33.366375,3.696409,455.9,550,10.575,33.36637499999998,34.15957032726009,.79319532726011,.023772,34.159570660206114,30.649636113171503,3.509934547034611,.105193,Mo 2. Mär 01:25:28 CET 2026
39,44.281145,3.24084917,9.0267,33.366375,3.696409,455.9,550,10.534,33.36637499999998,53.433013163673884,20.066638163673904,.601403,53.43302710973081,44.470680183827874,8.962346925902936,.268604,Mo 2. Mär 01:26:00 CET 2026
42,47.687387,3.49014527,9.0267,33.366375,3.696409,455.9,550,10.534,33.36637499999998,55.29395414397781,21.92757914397783,.657175,55.29397099165269,46.859596699868746,8.434374291783944,.252780,Mo 2. Mär 01:26:35 CET 2026
9,10.218725,.74788821,9.0267,33.366375,3.696409,455.9,550,10.575,33.36637499999998,35.99532989826734,2.62895489826736,.078790,35.995330523289134,31.866544708432958,4.128785814856176,.123740,Mo 2. Mär 01:26:44 CET 2026
6,6.812483,.49859211,9.0267,33.366375,3.696409,455.9,550,10.575,33.36637499999998,35.03134376225418,1.66496876225420,.049899,35.031344217814095,31.231340963102856,3.800003254711239,.113887,Mo 2. Mär 01:26:45 CET 2026
45,51.093629,3.73944136,9.0267,33.366375,3.696409,455.9,550,10.534,33.36637499999998,56.94727312364419,23.58089812364421,.706726,56.94729300973327,49.554729912368686,7.392563097364584,.221557,Mo 2. Mär 01:26:55 CET 2026
12,13.624967,.99718431,9.0267,33.366375,3.696409,455.9,550,10.575,33.36637499999998,37.06820131545603,3.70182631545605,.110944,37.06820217351546,32.57233059174416,4.49587158177130,.134742,Mo 2. Mär 02:14:36 CET 2026
18,20.437451,1.49577650,9.0267,33.366375,3.696409,455.9,550,10.575,33.36637499999998,39.624763038236004,6.258388038236024,.187565,39.62476469712896,34.24002392283598,5.38474077429298,.161382,Mo 2. Mär 02:14:39 CET 2026
21,23.843693,1.74507259,9.0267,33.366375,3.696409,455.9,550,10.575,33.36637499999998,41.15778248673101,7.79140748673103,.233510,41.15778477189834,35.247920780019626,5.909863991878714,.177120,Mo 2. Mär 02:14:53 CET 2026
15,17.031209,1.24648040,9.0267,33.366375,3.696409,455.9,550,10.575,33.36637499999998,38.27012688839281,4.90375188839283,.146966,38.270128060740966,33.36221339623547,4.907914664505496,.147091,Mo 2. Mär 02:14:55 CET 2026
24,27.249935,1.99436869,9.0267,33.366375,3.696409,455.9,550,10.575,33.36637499999998,42.891837609877655,9.525462609877675,.285480,42.891840825022456,36.425917767246034,6.465923057776422,.193785,Mo 2. Mär 02:14:58 CET 2026
27,30.656177,2.24366479,9.0267,33.366375,3.696409,455.9,550,10.575,33.36637499999998,44.83445743744271,11.46808243744273,.343701,44.83446194115449,37.76352859045268,7.07093335070181,.211917,Mo 2. Mär 02:15:05 CET 2026
30,34.062419,2.49296088,9.0267,33.366375,3.696409,455.9,550,10.575,33.36637499999998,46.957334444160495,13.590959444160515,.407325,46.95734069093038,39.290816514967744,7.666524175962636,.229767,Mo 2. Mär 02:15:31 CET 2026
3,3.406241,.24929602,9.0267,33.366375,3.696409,455.9,550,10.616,33.36637499999998,34.15957032726009,.79319532726011,.023772,34.159570663788195,30.651918070785104,3.507652593003091,.105125,Mo 2. Mär 02:15:35 CET 2026
6,6.812483,.49859211,9.0267,33.366375,3.696409,455.9,550,10.616,33.36637499999998,35.03134376225418,1.66496876225420,.049899,35.03134422260648,31.23408998439982,3.79725423820666,.113804,Mo 2. Mär 02:15:38 CET 2026
0,0,0,9.0267,33.366375,3.696409,455.9,550,10.616,33.36637499999998,33.36637499999998,0,0,33.36637524601157,30.11095814497817,3.25541710103340,.097565,Mo 2. Mär 02:15:38 CET 2026
9,10.218725,.74788821,9.0267,33.366375,3.696409,455.9,550,10.616,33.36637499999998,35.99532989826734,2.62895489826736,.078790,35.99533052930079,31.869979415211574,4.125351114089216,.123637,Mo 2. Mär 02:15:39 CET 2026
33,37.468661,2.74225698,9.0267,33.366375,3.696409,455.9,550,10.575,33.36637499999998,49.178243585641574,15.811868585641594,.473886,49.178252062252504,41.17856073032511,7.999691331927394,.239753,Mo 2. Mär 02:15:39 CET 2026
12,13.624967,.99718431,9.0267,33.366375,3.696409,455.9,550,10.616,33.36637499999998,37.06820131545603,3.70182631545605,.110944,37.068202180442285,32.57645703843267,4.491745142009615,.134618,Mo 2. Mär 02:15:46 CET 2026
18,20.437451,1.49577650,9.0267,33.366375,3.696409,455.9,550,10.616,33.36637499999998,39.624763038236004,6.258388038236024,.187565,39.62476471191098,34.24661773265149,5.37814697925949,.161184,Mo 2. Mär 02:16:07 CET 2026
15,17.031209,1.24648040,9.0267,33.366375,3.696409,455.9,550,10.616,33.36637499999998,38.27012688839281,4.90375188839283,.146966,38.27012806800394,33.36742893584405,4.90269913215989,.146935,Mo 2. Mär 02:16:14 CET 2026
21,23.843693,1.74507259,9.0267,33.366375,3.696409,455.9,550,10.616,33.36637499999998,41.15778248673101,7.79140748673103,.233510,41.157784784366534,35.2560182612079,5.901766523158634,.176877,Mo 2. Mär 02:16:28 CET 2026
36,40.874903,2.99155307,9.0267,33.366375,3.696409,455.9,550,10.575,33.36637499999998,51.37428746025881,18.00791246025883,.539702,51.374298590703695,42.626577519475944,8.747721071227751,.262171,Mo 2. Mär 02:16:35 CET 2026
39,44.281145,3.24084917,9.0267,33.366375,3.696409,455.9,550,10.575,33.36637499999998,53.433013163673884,20.066638163673904,.601403,53.43302721235367,44.50531853421086,8.92770867814281,.267566,Mo 2. Mär 02:16:36 CET 2026
42,47.687387,3.49014527,9.0267,33.366375,3.696409,455.9,550,10.575,33.36637499999998,55.29395414397781,21.92757914397783,.657175,55.2939711070753,46.90511617909754,8.38885492797776,.251416,Mo 2. Mär 02:17:31 CET 2026
45,51.093629,3.73944136,9.0267,33.366375,3.696409,455.9,550,10.575,33.36637499999998,56.94727312364419,23.58089812364421,.706726,56.94729315591516,49.610208248384694,7.337084907530466,.219894,Mo 2. Mär 02:18:11 CET 2026
24,27.249935,1.99436869,9.0267,33.366375,3.696409,455.9,550,10.616,33.36637499999998,42.891837609877655,9.525462609877675,.285480,42.89184084579159,36.43601943005387,6.45582141573772,.193482,Mo 2. Mär 02:18:12 CET 2026
27,30.656177,2.24366479,9.0267,33.366375,3.696409,455.9,550,10.616,33.36637499999998,44.83445743744271,11.46808243744273,.343701,44.83446197128581,37.7760290317215,7.05843293956431,.211543,Mo 2. Mär 02:18:37 CET 2026
30,34.062419,2.49296088,9.0267,33.366375,3.696409,455.9,550,10.616,33.36637499999998,46.957334444160495,13.590959444160515,.407325,46.957340731096934,39.30543071858451,7.651910012512424,.229329,Mo 2. Mär 02:20:03 CET 2026
33,37.468661,2.74225698,9.0267,33.366375,3.696409,455.9,550,10.616,33.36637499999998,49.178243585641574,15.811868585641594,.473886,49.17825211445804,41.1958978397067,7.98235427475134,.239233,Mo 2. Mär 02:20:30 CET 2026
36,40.874903,2.99155307,9.0267,33.366375,3.696409,455.9,550,10.616,33.36637499999998,51.37428746025881,18.00791246025883,.539702,51.374298660469215,42.64060792712857,8.733690733340645,.261751,Mo 2. Mär 02:21:09 CET 2026
39,44.281145,3.24084917,9.0267,33.366375,3.696409,455.9,550,10.616,33.36637499999998,53.433013163673884,20.066638163673904,.601403,53.43302731081388,44.540014770678916,8.893012540134964,.266526,Mo 2. Mär 02:22:42 CET 2026
42,47.687387,3.49014527,9.0267,33.366375,3.696409,455.9,550,10.616,33.36637499999998,55.29395414397781,21.92757914397783,.657175,55.29397125426057,46.95070531415674,8.34326594010383,.250050,Mo 2. Mär 02:23:02 CET 2026
45,51.093629,3.73944136,9.0267,33.366375,3.696409,455.9,550,10.616,33.36637499999998,56.94727312364419,23.58089812364421,.706726,56.94729329602078,49.66480427738344,7.28248901863734,.218258,Mo 2. Mär 02:23:04 CET 2026
6,6.320870,.49859210,10.1000,35.961443,3.560539,455.9,450,10.493,35.961443000000024,37.75590448308326,1.794461483083236,.049899,37.755905513584025,33.04773013687938,4.708175376704645,.130922,Mo 2. Mär 03:08:49 CET 2026
0,0,0,10.1000,35.961443,3.560539,455.9,450,10.493,35.961443000000024,35.961443000000024,0,0,35.961443613123976,31.85662867200442,4.104814941119556,.114144,Mo 2. Mär 03:08:57 CET 2026
9,9.481306,.74788823,10.1000,35.961443,3.560539,455.9,450,10.493,35.961443000000024,38.7948646448012,2.833421644801176,.078790,38.79486597514669,33.72192380181593,5.07294217333076,.141066,Mo 2. Mär 03:08:58 CET 2026
3,3.160435,.24929605,10.1000,35.961443,3.560539,455.9,450,10.493,35.961443000000024,36.81632927235558,.854886272355556,.023772,36.816330068548616,32.4260674335399,4.390262635008716,.122082,Mo 2. Mär 03:09:01 CET 2026
12,12.641741,.99718428,10.1000,35.961443,3.560539,455.9,450,10.493,35.961443000000024,39.951177769809405,3.989734769809381,.110944,39.95117951388465,34.475281854498355,5.475897659386295,.152271,Mo 2. Mär 03:09:30 CET 2026
24,25.283483,1.99436865,10.1000,35.961443,3.560539,455.9,450,10.493,35.961443000000024,46.2277469754026,10.266303975402576,.285480,46.227752189890715,38.79796238923394,7.429789800656775,.206604,Mo 2. Mär 03:09:30 CET 2026
21,22.123048,1.74507260,10.1000,35.961443,3.560539,455.9,450,10.493,35.961443000000024,44.35882629476946,8.397383294769436,.233510,44.35883023925712,37.451272464699564,6.907557774557556,.192082,Mo 2. Mär 03:09:39 CET 2026
18,18.962612,1.49577647,10.1000,35.961443,3.560539,455.9,450,10.493,35.961443000000024,42.706575321706126,6.745132321706102,.187565,42.70657828833956,36.32641018233202,6.38016810600754,.177416,Mo 2. Mär 03:09:47 CET 2026
15,15.802177,1.24648042,10.1000,35.961443,3.560539,455.9,450,10.493,35.961443000000024,41.24658407317897,5.285141073178946,.146966,41.24658635704739,35.34163684967318,5.90494950737421,.164202,Mo 2. Mär 03:10:01 CET 2026
27,28.443919,2.24366478,10.1000,35.961443,3.560539,455.9,450,10.493,35.961443000000024,48.32145418811752,12.360011188117496,.343701,48.32146108759233,40.61402869694803,7.70743239064430,.214324,Mo 2. Mär 03:10:09 CET 2026
3,3.160435,.24929605,10.1000,35.961443,3.560539,455.9,450,10.534,35.961443000000024,36.81632927235558,.854886272355556,.023772,36.81633007327738,32.430093014300994,4.386237058976386,.121970,Mo 2. Mär 03:10:15 CET 2026
30,31.604354,2.49296084,10.1000,35.961443,3.560539,455.9,450,10.493,35.961443000000024,50.609439885978674,14.647996885978650,.407325,50.609448982996085,42.04585336091463,8.563595622081455,.238132,Mo 2. Mär 03:10:37 CET 2026
0,0,0,10.1000,35.961443,3.560539,455.9,450,10.534,35.961443000000024,35.961443000000024,0,0,35.96144362162554,31.860029752436375,4.101413869189165,.114050,Mo 2. Mär 03:10:38 CET 2026
33,34.764790,2.74225697,10.1000,35.961443,3.560539,455.9,450,10.493,35.961443000000024,53.00307763013071,17.041634630130686,.473886,53.00308944338872,43.72824128313514,9.27484816025358,.257910,Mo 2. Mär 03:10:51 CET 2026
45,47.406532,3.73944133,10.1000,35.961443,3.560539,455.9,450,10.493,35.961443000000024,61.37634308809833,25.414900088098306,.706726,61.37636824655903,56.70370319061387,4.67266505594516,.129935,Mo 2. Mär 03:11:19 CET 2026
36,37.925225,2.99155302,10.1000,35.961443,3.560539,455.9,450,10.493,35.961443000000024,55.36991621163968,19.408473211639656,.539702,55.36993113931651,46.61926903283233,8.75066210648418,.243334,Mo 2. Mär 03:11:20 CET 2026
39,41.085661,3.24084915,10.1000,35.961443,3.560539,455.9,450,10.493,35.961443000000024,57.588761267349525,21.627318267349501,.601402,57.58877957284534,50.606875994412306,6.981903578433034,.194149,Mo 2. Mär 03:11:22 CET 2026
9,9.481306,.74788823,10.1000,35.961443,3.560539,455.9,450,10.534,35.961443000000024,38.7948646448012,2.833421644801176,.078790,38.79486599153679,33.72765533880692,5.06721065272987,.140906,Mo 2. Mär 03:11:24 CET 2026
6,6.320870,.49859210,10.1000,35.961443,3.560539,455.9,450,10.534,35.961443000000024,37.75590448308326,1.794461483083236,.049899,37.75590551973126,33.052538438346026,4.703367081385234,.130789,Mo 2. Mär 03:11:34 CET 2026
42,44.246096,3.49014520,10.1000,35.961443,3.560539,455.9,450,10.493,35.961443000000024,59.594441057368755,23.632998057368731,.657176,59.59446286876427,54.084224231626685,5.510238637137585,.153226,Mo 2. Mär 03:12:11 CET 2026
12,12.641741,.99718428,10.1000,35.961443,3.560539,455.9,450,10.534,35.961443000000024,39.951177769809405,3.989734769809381,.110944,39.95117953201834,34.48197114310288,5.46920838891546,.152085,Mo 2. Mär 03:12:38 CET 2026
15,15.802177,1.24648042,10.1000,35.961443,3.560539,455.9,450,10.534,35.961443000000024,41.24658407317897,5.285141073178946,.146966,41.2465863756491,35.34972036716453,5.89686600848457,.163977,Mo 2. Mär 03:12:45 CET 2026
18,18.962612,1.49577647,10.1000,35.961443,3.560539,455.9,450,10.534,35.961443000000024,42.706575321706126,6.745132321706102,.187565,42.70657830632099,36.33621964194935,6.37035866437164,.177144,Mo 2. Mär 03:14:25 CET 2026
21,22.123048,1.74507260,10.1000,35.961443,3.560539,455.9,450,10.534,35.961443000000024,44.35882629476946,8.397383294769436,.233510,44.3588302695711,37.46294432514623,6.89588594442487,.191757,Mo 2. Mär 03:14:33 CET 2026
24,25.283483,1.99436865,10.1000,35.961443,3.560539,455.9,450,10.534,35.961443000000024,46.2277469754026,10.266303975402576,.285480,46.227752235932485,38.811928678206414,7.415823557726071,.206215,Mo 2. Mär 03:15:18 CET 2026
27,28.443919,2.24366478,10.1000,35.961443,3.560539,455.9,450,10.534,35.961443000000024,48.32145418811752,12.360011188117496,.343701,48.3214611510379,40.62383731866052,7.69762383237738,.214052,Mo 2. Mär 03:16:57 CET 2026
30,31.604354,2.49296084,10.1000,35.961443,3.560539,455.9,450,10.534,35.961443000000024,50.609439885978674,14.647996885978650,.407325,50.60944906440756,42.05848248271066,8.55096658169690,.237781,Mo 2. Mär 03:16:58 CET 2026
33,34.764790,2.74225697,10.1000,35.961443,3.560539,455.9,450,10.534,35.961443000000024,53.00307763013071,17.041634630130686,.473886,53.003089544723096,43.75650454695016,9.246584997772936,.257124,Mo 2. Mär 03:18:24 CET 2026
3,3.160435,.24929605,10.1000,35.961443,3.560539,455.9,450,10.575,35.961443000000024,36.81632927235558,.854886272355556,.023772,36.816330081815124,32.434073172119625,4.382256909695499,.121859,Mo 2. Mär 04:03:43 CET 2026
0,0,0,10.1000,35.961443,3.560539,455.9,450,10.575,35.961443000000024,35.961443000000024,0,0,35.96144362983024,31.863403991875426,4.098039637954814,.113956,Mo 2. Mär 04:03:48 CET 2026
9,9.481306,.74788823,10.1000,35.961443,3.560539,455.9,450,10.575,35.961443000000024,38.7948646448012,2.833421644801176,.078790,38.794866007384016,33.73336336788408,5.061502639499936,.140748,Mo 2. Mär 04:04:05 CET 2026
6,6.320870,.49859210,10.1000,35.961443,3.560539,455.9,450,10.575,35.961443000000024,37.75590448308326,1.794461483083236,.049899,37.755905529919154,33.057307459173906,4.698598070745248,.130656,Mo 2. Mär 04:04:07 CET 2026
42,44.246096,3.49014520,10.1000,35.961443,3.560539,455.9,450,10.534,35.961443000000024,59.594441057368755,23.632998057368731,.657176,59.594463015877764,54.12901969417705,5.465443321700714,.151980,Mo 2. Mär 04:04:16 CET 2026
36,37.925225,2.99155302,10.1000,35.961443,3.560539,455.9,450,10.534,35.961443000000024,55.36991621163968,19.408473211639656,.539702,55.36993126704755,46.66886760608736,8.70106366096019,.241955,Mo 2. Mär 04:04:19 CET 2026
39,41.085661,3.24084915,10.1000,35.961443,3.560539,455.9,450,10.534,35.961443000000024,57.588761267349525,21.627318267349501,.601402,57.588779672376205,50.66490628129108,6.923873391085125,.192536,Mo 2. Mär 04:04:31 CET 2026
12,12.641741,.99718428,10.1000,35.961443,3.560539,455.9,450,10.575,35.961443000000024,39.951177769809405,3.989734769809381,.110944,39.951179549497894,34.488692663730205,5.462486885767689,.151898,Mo 2. Mär 04:04:34 CET 2026
18,18.962612,1.49577647,10.1000,35.961443,3.560539,455.9,450,10.575,35.961443000000024,42.706575321706126,6.745132321706102,.187565,42.70657833927742,36.34619420002021,6.36038413925721,.176866,Mo 2. Mär 04:04:34 CET 2026
15,15.802177,1.24648042,10.1000,35.961443,3.560539,455.9,450,10.575,35.961443000000024,41.24658407317897,5.285141073178946,.146966,41.246586393574155,35.357835636482434,5.888750757091721,.163751,Mo 2. Mär 04:04:37 CET 2026
45,47.406532,3.73944133,10.1000,35.961443,3.560539,455.9,450,10.534,35.961443000000024,61.37634308809833,25.414900088098306,.706726,61.37636838104308,56.72975477937124,4.64661360167184,.129210,Mo 2. Mär 04:04:44 CET 2026
21,22.123048,1.74507260,10.1000,35.961443,3.560539,455.9,450,10.575,35.961443000000024,44.35882629476946,8.397383294769436,.233510,44.35883029855483,37.47475077740826,6.88407952114657,.191429,Mo 2. Mär 04:04:53 CET 2026
24,25.283483,1.99436865,10.1000,35.961443,3.560539,455.9,450,10.575,35.961443000000024,46.2277469754026,10.266303975402576,.285480,46.227752280287994,38.82589093463921,7.401861345648784,.205827,Mo 2. Mär 04:05:03 CET 2026
27,28.443919,2.24366478,10.1000,35.961443,3.560539,455.9,450,10.575,35.961443000000024,48.32145418811752,12.360011188117496,.343701,48.321461212146794,40.633778513834734,7.687682698312060,.213775,Mo 2. Mär 04:05:35 CET 2026
0,0,0,10.1000,35.961443,3.560539,455.9,450,10.616,35.961443000000024,35.961443000000024,0,0,35.96144363772994,31.866627746615283,4.094815891114657,.113866,Mo 2. Mär 04:05:42 CET 2026
30,31.604354,2.49296084,10.1000,35.961443,3.560539,455.9,450,10.575,35.961443000000024,50.609439885978674,14.647996885978650,.407325,50.60944914254767,42.07111797194288,8.53833117060479,.237430,Mo 2. Mär 04:06:09 CET 2026
3,3.160435,.24929605,10.1000,35.961443,3.560539,455.9,450,10.616,35.961443000000024,36.81632927235558,.854886272355556,.023772,36.81633009226962,32.438076008139895,4.378254084129725,.121748,Mo 2. Mär 04:06:14 CET 2026
33,34.764790,2.74225697,10.1000,35.961443,3.560539,455.9,450,10.575,35.961443000000024,53.00307763013071,17.041634630130686,.473886,53.00308964205536,43.78516462482509,9.21792501723027,.256328,Mo 2. Mär 04:06:26 CET 2026
39,41.085661,3.24084915,10.1000,35.961443,3.560539,455.9,450,10.575,35.961443000000024,57.588761267349525,21.627318267349501,.601402,57.58877980435675,50.72213791407773,6.86664189027902,.190944,Mo 2. Mär 04:06:40 CET 2026
36,37.925225,2.99155302,10.1000,35.961443,3.560539,455.9,450,10.575,35.961443000000024,55.36991621163968,19.408473211639656,.539702,55.36993138982623,46.71891943114517,8.65101195868106,.240563,Mo 2. Mär 04:06:48 CET 2026
45,47.406532,3.73944133,10.1000,35.961443,3.560539,455.9,450,10.575,35.961443000000024,61.37634308809833,25.414900088098306,.706726,61.37636853693041,56.75466481458548,4.62170372234493,.128518,Mo 2. Mär 04:07:52 CET 2026
42,44.246096,3.49014520,10.1000,35.961443,3.560539,455.9,450,10.575,35.961443000000024,59.594441057368755,23.632998057368731,.657176,59.59446315647448,54.17361152541931,5.42085163105517,.150740,Mo 2. Mär 04:08:07 CET 2026
9,9.481306,.74788823,10.1000,35.961443,3.560539,455.9,450,10.616,35.961443000000024,38.7948646448012,2.833421644801176,.078790,38.79486602267973,33.739029425458114,5.055836597221616,.140590,Mo 2. Mär 04:08:32 CET 2026
6,6.320870,.49859210,10.1000,35.961443,3.560539,455.9,450,10.616,35.961443000000024,37.75590448308326,1.794461483083236,.049899,37.75590554295634,33.06199901609913,4.69390652685721,.130526,Mo 2. Mär 04:08:33 CET 2026
12,12.641741,.99718428,10.1000,35.961443,3.560539,455.9,450,10.616,35.961443000000024,39.951177769809405,3.989734769809381,.110944,39.9511795663113,34.49540304183459,5.45577652447671,.151711,Mo 2. Mär 04:09:32 CET 2026
18,18.962612,1.49577647,10.1000,35.961443,3.560539,455.9,450,10.616,35.961443000000024,42.706575321706126,6.745132321706102,.187565,42.706578371090444,36.35597587877004,6.350602492320404,.176594,Mo 2. Mär 04:10:53 CET 2026
15,15.802177,1.24648042,10.1000,35.961443,3.560539,455.9,450,10.616,35.961443000000024,41.24658407317897,5.285141073178946,.146966,41.246586410590055,35.36583559037486,5.880750820215195,.163529,Mo 2. Mär 04:11:59 CET 2026
21,22.123048,1.74507260,10.1000,35.961443,3.560539,455.9,450,10.616,35.961443000000024,44.35882629476946,8.397383294769436,.233510,44.35883032651104,37.486408677447706,6.872421649063334,.191105,Mo 2. Mär 04:12:36 CET 2026
24,25.283483,1.99436865,10.1000,35.961443,3.560539,455.9,450,10.616,35.961443000000024,46.2277469754026,10.266303975402576,.285480,46.2277523229653,38.839792178816694,7.387960144148606,.205441,Mo 2. Mär 04:58:14 CET 2026
27,28.443919,2.24366478,10.1000,35.961443,3.560539,455.9,450,10.616,35.961443000000024,48.32145418811752,12.360011188117496,.343701,48.32146127097392,40.64344194688693,7.67801932408699,.213506,Mo 2. Mär 04:58:33 CET 2026
3,3.160435,.24929605,10.1000,35.961443,3.560539,455.9,500,10.493,35.961443000000024,36.81632927235558,.854886272355556,.023772,36.81633006047111,32.42110152043638,4.39522854003473,.122220,Mo 2. Mär 04:58:39 CET 2026
0,0,0,10.1000,35.961443,3.560539,455.9,500,10.493,35.961443000000024,35.961443000000024,0,0,35.96144360602987,31.853336009732434,4.108107596297436,.114236,Mo 2. Mär 04:58:46 CET 2026
6,6.320870,.49859210,10.1000,35.961443,3.560539,455.9,500,10.493,35.961443000000024,37.75590448308326,1.794461483083236,.049899,37.75590550266366,33.040081722026464,4.715823780637196,.131135,Mo 2. Mär 04:58:52 CET 2026
9,9.481306,.74788823,10.1000,35.961443,3.560539,455.9,500,10.493,35.961443000000024,38.7948646448012,2.833421644801176,.078790,38.79486596011345,33.71088950498143,5.08397645513202,.141372,Mo 2. Mär 04:59:11 CET 2026
30,31.604354,2.49296084,10.1000,35.961443,3.560539,455.9,450,10.616,35.961443000000024,50.609439885978674,14.647996885978650,.407325,50.60944921807305,42.08357462620597,8.52587459186708,.237083,Mo 2. Mär 04:59:15 CET 2026
12,12.641741,.99718428,10.1000,35.961443,3.560539,455.9,500,10.493,35.961443000000024,39.951177769809405,3.989734769809381,.110944,39.95117948550583,34.45932099002576,5.49185849548007,.152715,Mo 2. Mär 04:59:18 CET 2026
33,34.764790,2.74225697,10.1000,35.961443,3.560539,455.9,450,10.616,35.961443000000024,53.00307763013071,17.041634630130686,.473886,53.003089735954354,43.814238651024645,9.188851084929709,.255519,Mo 2. Mär 04:59:22 CET 2026
36,37.925225,2.99155302,10.1000,35.961443,3.560539,455.9,450,10.616,35.961443000000024,55.36991621163968,19.408473211639656,.539702,55.36993150819376,46.76905909887296,8.60087240932080,.239169,Mo 2. Mär 04:59:27 CET 2026
39,41.085661,3.24084915,10.1000,35.961443,3.560539,455.9,450,10.616,35.961443000000024,57.588761267349525,21.627318267349501,.601402,57.588779961232056,50.77854206990597,6.810237891326086,.189376,Mo 2. Mär 04:59:40 CET 2026
15,15.802177,1.24648042,10.1000,35.961443,3.560539,455.9,500,10.493,35.961443000000024,41.24658407317897,5.285141073178946,.146966,41.24658632666316,35.320549702404776,5.926036624258384,.164788,Mo 2. Mär 04:59:42 CET 2026
21,22.123048,1.74507260,10.1000,35.961443,3.560539,455.9,500,10.493,35.961443000000024,44.35882629476946,8.397383294769436,.233510,44.35883019355515,37.42458633815615,6.93424385539900,.192824,Mo 2. Mär 05:00:15 CET 2026
42,44.246096,3.49014520,10.1000,35.961443,3.560539,455.9,450,10.616,35.961443000000024,59.594441057368755,23.632998057368731,.657176,59.594463291483564,54.217849649385634,5.376613642097930,.149510,Mo 2. Mär 05:00:19 CET 2026
18,18.962612,1.49577647,10.1000,35.961443,3.560539,455.9,500,10.493,35.961443000000024,42.706575321706126,6.745132321706102,.187565,42.70657825853221,36.299734888822734,6.406843369709476,.178158,Mo 2. Mär 05:00:20 CET 2026
45,47.406532,3.73944133,10.1000,35.961443,3.560539,455.9,450,10.616,35.961443000000024,61.37634308809833,25.414900088098306,.706726,61.37636874148997,56.77892436021041,4.59744438127956,.127843,Mo 2. Mär 05:00:20 CET 2026
24,25.283483,1.99436865,10.1000,35.961443,3.560539,455.9,500,10.493,35.961443000000024,46.2277469754026,10.266303975402576,.285480,46.22775212875544,38.77320747939846,7.45454464935698,.207292,Mo 2. Mär 05:00:32 CET 2026
27,28.443919,2.24366478,10.1000,35.961443,3.560539,455.9,500,10.493,35.961443000000024,48.32145418811752,12.360011188117496,.343701,48.321461016422354,40.61059211129059,7.710868905131764,.214420,Mo 2. Mär 05:00:58 CET 2026
30,31.604354,2.49296084,10.1000,35.961443,3.560539,455.9,500,10.493,35.961443000000024,50.609439885978674,14.647996885978650,.407325,50.60944891286983,42.04333936483985,8.56610954802998,.238202,Mo 2. Mär 05:01:29 CET 2026
33,34.764790,2.74225697,10.1000,35.961443,3.560539,455.9,500,10.493,35.961443000000024,53.00307763013071,17.041634630130686,.473886,53.00308938769618,43.73584343759675,9.26724595009943,.257699,Mo 2. Mär 05:01:47 CET 2026
0,0,0,10.1000,35.961443,3.560539,455.9,500,10.534,35.961443000000024,35.961443000000024,0,0,35.96144361089285,31.856667110868624,4.104776500024226,.114143,Mo 2. Mär 05:02:38 CET 2026
36,37.925225,2.99155302,10.1000,35.961443,3.560539,455.9,500,10.493,35.961443000000024,55.36991621163968,19.408473211639656,.539702,55.3699311111317,46.669400958201905,8.700530152929795,.241940,Mo 2. Mär 05:03:12 CET 2026
39,41.085661,3.24084915,10.1000,35.961443,3.560539,455.9,500,10.493,35.961443000000024,57.588761267349525,21.627318267349501,.601402,57.58877963379236,50.7344727753559,6.85430685843646,.190601,Mo 2. Mär 05:03:36 CET 2026
45,47.406532,3.73944133,10.1000,35.961443,3.560539,455.9,500,10.493,35.961443000000024,61.37634308809833,25.414900088098306,.706726,61.37636842671852,56.77669064512425,4.59967778159427,.127905,Mo 2. Mär 05:04:15 CET 2026
42,44.246096,3.49014520,10.1000,35.961443,3.560539,455.9,500,10.493,35.961443000000024,59.594441057368755,23.632998057368731,.657176,59.59446296832537,54.199886329940846,5.394576638384524,.150010,Mo 2. Mär 05:04:34 CET 2026
3,3.160435,.24929605,10.1000,35.961443,3.560539,455.9,500,10.534,35.961443000000024,36.81632927235558,.854886272355556,.023772,36.81633006530032,32.42499549909885,4.39133456620147,.122112,Mo 2. Mär 05:04:41 CET 2026
9,9.481306,.74788823,10.1000,35.961443,3.560539,455.9,500,10.534,35.961443000000024,38.7948646448012,2.833421644801176,.078790,38.794865967642615,33.71648928403395,5.078376683608665,.141217,Mo 2. Mär 05:06:19 CET 2026
6,6.320870,.49859210,10.1000,35.961443,3.560539,455.9,500,10.534,35.961443000000024,37.75590448308326,1.794461483083236,.049899,37.75590550899221,33.044845081450745,4.711060427541465,.131003,Mo 2. Mär 05:06:29 CET 2026
12,12.641741,.99718428,10.1000,35.961443,3.560539,455.9,500,10.534,35.961443000000024,39.951177769809405,3.989734769809381,.110944,39.95117950399969,34.46608548299638,5.48509402100331,.152527,Mo 2. Mär 05:52:39 CET 2026
21,22.123048,1.74507260,10.1000,35.961443,3.560539,455.9,500,10.534,35.961443000000024,44.35882629476946,8.397383294769436,.233510,44.35883022462709,37.43631991099422,6.92251031363287,.192498,Mo 2. Mär 05:52:47 CET 2026
18,18.962612,1.49577647,10.1000,35.961443,3.560539,455.9,500,10.534,35.961443000000024,42.706575321706126,6.745132321706102,.187565,42.70657827618992,36.30955865026873,6.39701962592119,.177885,Mo 2. Mär 05:52:55 CET 2026
15,15.802177,1.24648042,10.1000,35.961443,3.560539,455.9,500,10.534,35.961443000000024,41.24658407317897,5.285141073178946,.146966,41.246586345413476,35.32856148741618,5.918024857997296,.164565,Mo 2. Mär 05:53:06 CET 2026
24,25.283483,1.99436865,10.1000,35.961443,3.560539,455.9,500,10.534,35.961443000000024,46.2277469754026,10.266303975402576,.285480,46.22775217599931,38.787332483885,7.44041969211431,.206899,Mo 2. Mär 05:53:21 CET 2026
0,0,0,10.1000,35.961443,3.560539,455.9,500,10.575,35.961443000000024,35.961443000000024,0,0,35.96144361923902,31.859918888259493,4.101524730979527,.114053,Mo 2. Mär 05:53:58 CET 2026
27,28.443919,2.24366478,10.1000,35.961443,3.560539,455.9,500,10.534,35.961443000000024,48.32145418811752,12.360011188117496,.343701,48.32146108136082,40.62036677710647,7.70109430425435,.214148,Mo 2. Mär 05:54:00 CET 2026
9,9.481306,.74788823,10.1000,35.961443,3.560539,455.9,500,10.575,35.961443000000024,38.7948646448012,2.833421644801176,.078790,38.79486598343881,33.722164713594736,5.072701269844074,.141059,Mo 2. Mär 05:54:04 CET 2026
39,41.085661,3.24084915,10.1000,35.961443,3.560539,455.9,500,10.534,35.961443000000024,57.588761267349525,21.627318267349501,.601402,57.588779735951455,50.79178650319269,6.796993232758765,.189007,Mo 2. Mär 05:54:14 CET 2026
6,6.320870,.49859210,10.1000,35.961443,3.560539,455.9,500,10.575,35.961443000000024,37.75590448308326,1.794461483083236,.049899,37.75590551497933,33.04963891675693,4.70626659822240,.130869,Mo 2. Mär 05:54:24 CET 2026
30,31.604354,2.49296084,10.1000,35.961443,3.560539,455.9,500,10.534,35.961443000000024,50.609439885978674,14.647996885978650,.407325,50.60944899631559,42.056172595745835,8.553276400569755,.237845,Mo 2. Mär 05:54:27 CET 2026
3,3.160435,.24929605,10.1000,35.961443,3.560539,455.9,500,10.575,35.961443000000024,36.81632927235558,.854886272355556,.023772,36.81633006990044,32.42890102159071,4.38742904830973,.122003,Mo 2. Mär 05:54:29 CET 2026
33,34.764790,2.74225697,10.1000,35.961443,3.560539,455.9,500,10.534,35.961443000000024,53.00307763013071,17.041634630130686,.473886,53.003089492626756,43.764229526163746,9.238859966463010,.256910,Mo 2. Mär 05:54:35 CET 2026
12,12.641741,.99718428,10.1000,35.961443,3.560539,455.9,500,10.575,35.961443000000024,39.951177769809405,3.989734769809381,.110944,39.9511795217992,34.47276451593412,5.47841500586508,.152341,Mo 2. Mär 05:54:39 CET 2026
15,15.802177,1.24648042,10.1000,35.961443,3.560539,455.9,500,10.575,35.961443000000024,41.24658407317897,5.285141073178946,.146966,41.24658636368979,35.33667976213579,5.90990660155400,.164340,Mo 2. Mär 05:54:44 CET 2026
36,37.925225,2.99155302,10.1000,35.961443,3.560539,455.9,500,10.534,35.961443000000024,55.36991621163968,19.408473211639656,.539702,55.36993124183895,46.72101875393598,8.64891248790297,.240505,Mo 2. Mär 05:54:50 CET 2026
42,44.246096,3.49014520,10.1000,35.961443,3.560539,455.9,500,10.534,35.961443000000024,59.594441057368755,23.632998057368731,.657176,59.59446311867175,54.24405989475622,5.35040322391553,.148781,Mo 2. Mär 05:55:00 CET 2026
18,18.962612,1.49577647,10.1000,35.961443,3.560539,455.9,500,10.575,35.961443000000024,42.706575321706126,6.745132321706102,.187565,42.70657829296393,36.31941508057626,6.38716321238767,.177611,Mo 2. Mär 05:55:03 CET 2026
45,47.406532,3.73944133,10.1000,35.961443,3.560539,455.9,500,10.534,35.961443000000024,61.37634308809833,25.414900088098306,.706726,61.37636856443205,56.80155698243423,4.57481158199782,.127214,Mo 2. Mär 05:55:37 CET 2026
21,22.123048,1.74507260,10.1000,35.961443,3.560539,455.9,500,10.575,35.961443000000024,44.35882629476946,8.397383294769436,.233510,44.358830254433634,37.44803654198738,6.910793712446254,.192172,Mo 2. Mär 05:56:28 CET 2026
24,25.283483,1.99436865,10.1000,35.961443,3.560539,455.9,500,10.575,35.961443000000024,46.2277469754026,10.266303975402576,.285480,46.22775222151147,38.80125052373167,7.42650169777980,.206512,Mo 2. Mär 05:57:29 CET 2026
27,28.443919,2.24366478,10.1000,35.961443,3.560539,455.9,500,10.575,35.961443000000024,48.32145418811752,12.360011188117496,.343701,48.32146114394174,40.630095505696254,7.691365638245486,.213878,Mo 2. Mär 05:57:51 CET 2026
30,31.604354,2.49296084,10.1000,35.961443,3.560539,455.9,500,10.575,35.961443000000024,50.609439885978674,14.647996885978650,.407325,50.609449076419985,42.06858904800391,8.540860028416075,.237500,Mo 2. Mär 05:59:49 CET 2026
39,41.085661,3.24084915,10.1000,35.961443,3.560539,455.9,500,10.575,35.961443000000024,57.588761267349525,21.627318267349501,.601402,57.58877983323668,50.84829478312754,6.74048505010914,.187436,Mo 2. Mär 06:00:23 CET 2026
36,37.925225,2.99155302,10.1000,35.961443,3.560539,455.9,500,10.575,35.961443000000024,55.36991621163968,19.408473211639656,.539702,55.36993136771922,46.772958370643465,8.596972997075755,.239060,Mo 2. Mär 06:00:52 CET 2026
33,34.764790,2.74225697,10.1000,35.961443,3.560539,455.9,500,10.575,35.961443000000024,53.00307763013071,17.041634630130686,.473886,53.00308959143429,43.79267921431444,9.21041037711985,.256119,Mo 2. Mär 06:00:53 CET 2026
42,44.246096,3.49014520,10.1000,35.961443,3.560539,455.9,500,10.575,35.961443000000024,59.594441057368755,23.632998057368731,.657176,59.59446326252789,54.28779971684151,5.30666354568638,.147565,Mo 2. Mär 06:02:18 CET 2026
45,47.406532,3.73944133,10.1000,35.961443,3.560539,455.9,500,10.575,35.961443000000024,61.37634308809833,25.414900088098306,.706726,61.376368695108724,56.82542338828176,4.550945306826964,.126550,Mo 2. Mär 06:02:23 CET 2026
0,0,0,10.1000,35.961443,3.560539,455.9,500,10.616,35.961443000000024,35.961443000000024,0,0,35.96144362728552,31.863264634624056,4.098178992661464,.113960,Mo 2. Mär 06:46:39 CET 2026
3,3.160435,.24929605,10.1000,35.961443,3.560539,455.9,500,10.616,35.961443000000024,36.81632927235558,.854886272355556,.023772,36.81633007772977,32.432814779425975,4.383515298303795,.121894,Mo 2. Mär 06:47:02 CET 2026
6,6.320870,.49859210,10.1000,35.961443,3.560539,455.9,500,10.616,35.961443000000024,37.75590448308326,1.794461483083236,.049899,37.755905523928774,33.0544333408581,4.701472183070674,.130736,Mo 2. Mär 06:47:27 CET 2026
9,9.481306,.74788823,10.1000,35.961443,3.560539,455.9,500,10.616,35.961443000000024,38.7948646448012,2.833421644801176,.078790,38.79486599902747,33.72790181836056,5.06696418066691,.140899,Mo 2. Mär 06:47:34 CET 2026
12,12.641741,.99718428,10.1000,35.961443,3.560539,455.9,500,10.616,35.961443000000024,39.951177769809405,3.989734769809381,.110944,39.95117953902767,34.47948599708735,5.47169354194032,.152154,Mo 2. Mär 06:47:38 CET 2026
18,18.962612,1.49577647,10.1000,35.961443,3.560539,455.9,500,10.616,35.961443000000024,42.706575321706126,6.745132321706102,.187565,42.70657832219785,36.329215498610104,6.377362823587746,.177338,Mo 2. Mär 06:48:02 CET 2026
21,22.123048,1.74507260,10.1000,35.961443,3.560539,455.9,500,10.616,35.961443000000024,44.35882629476946,8.397383294769436,.233510,44.35883028301114,37.45977978674629,6.89905049626485,.191845,Mo 2. Mär 06:48:18 CET 2026
15,15.802177,1.24648042,10.1000,35.961443,3.560539,455.9,500,10.616,35.961443000000024,41.24658407317897,5.285141073178946,.146966,41.24658638140088,35.344648332443036,5.901938048957844,.164118,Mo 2. Mär 06:48:38 CET 2026
24,25.283483,1.99436865,10.1000,35.961443,3.560539,455.9,500,10.616,35.961443000000024,46.2277469754026,10.266303975402576,.285480,46.22775226542574,38.8153725051877,7.41237976023804,.206120,Mo 2. Mär 06:48:42 CET 2026
0,0,0,10.1000,35.961443,3.560539,455.9,550,10.493,35.961443000000024,35.961443000000024,0,0,35.961443602936185,31.8511696892311,4.110273913705085,.114296,Mo 2. Mär 06:48:50 CET 2026
3,3.160435,.24929605,10.1000,35.961443,3.560539,455.9,550,10.493,35.961443000000024,36.81632927235558,.854886272355556,.023772,36.81633005596082,32.41710780642963,4.39922224953119,.122331,Mo 2. Mär 06:48:55 CET 2026
30,31.604354,2.49296084,10.1000,35.961443,3.560539,455.9,500,10.616,35.961443000000024,50.609439885978674,14.647996885978650,.407325,50.6094491536559,42.081147451990574,8.528301701665326,.237151,Mo 2. Mär 06:49:08 CET 2026
27,28.443919,2.24366478,10.1000,35.961443,3.560539,455.9,500,10.616,35.961443000000024,48.32145418811752,12.360011188117496,.343701,48.32146120418599,40.64007557535274,7.68138562883325,.213600,Mo 2. Mär 06:49:34 CET 2026
6,6.320870,.49859210,10.1000,35.961443,3.560539,455.9,550,10.493,35.961443000000024,37.75590448308326,1.794461483083236,.049899,37.75590549654532,33.03310236718191,4.72280312936341,.131329,Mo 2. Mär 06:49:38 CET 2026
33,34.764790,2.74225697,10.1000,35.961443,3.560539,455.9,500,10.616,35.961443000000024,53.00307763013071,17.041634630130686,.473886,53.00308968793283,43.821230969454994,9.181858718477836,.255325,Mo 2. Mär 06:49:49 CET 2026
39,41.085661,3.24084915,10.1000,35.961443,3.560539,455.9,500,10.616,35.961443000000024,57.588761267349525,21.627318267349501,.601402,57.58877997396251,50.903997980877556,6.684781993084954,.185887,Mo 2. Mär 06:49:54 CET 2026
36,37.925225,2.99155302,10.1000,35.961443,3.560539,455.9,500,10.616,35.961443000000024,55.36991621163968,19.408473211639656,.539702,55.36993148884159,46.82555743444772,8.54437405439387,.237598,Mo 2. Mär 06:50:05 CET 2026
42,44.246096,3.49014520,10.1000,35.961443,3.560539,455.9,500,10.616,35.961443000000024,59.594441057368755,23.632998057368731,.657176,59.59446339974561,54.33106803046747,5.26339536927814,.146362,Mo 2. Mär 06:50:18 CET 2026
45,47.406532,3.73944133,10.1000,35.961443,3.560539,455.9,500,10.616,35.961443000000024,61.37634308809833,25.414900088098306,.706726,61.37636888563416,56.848389633918885,4.527979251715275,.125912,Mo 2. Mär 06:50:20 CET 2026
9,9.481306,.74788823,10.1000,35.961443,3.560539,455.9,550,10.493,35.961443000000024,38.7948646448012,2.833421644801176,.078790,38.794865952534586,33.70020990542698,5.094656047107606,.141669,Mo 2. Mär 06:50:21 CET 2026
12,12.641741,.99718428,10.1000,35.961443,3.560539,455.9,550,10.493,35.961443000000024,39.951177769809405,3.989734769809381,.110944,39.951179468348705,34.4451928313788,5.505986636969905,.153108,Mo 2. Mär 06:51:17 CET 2026
15,15.802177,1.24648042,10.1000,35.961443,3.560539,455.9,550,10.493,35.961443000000024,41.24658407317897,5.285141073178946,.146966,41.246586308829876,35.30330038375034,5.943285925079536,.165268,Mo 2. Mär 06:52:00 CET 2026
18,18.962612,1.49577647,10.1000,35.961443,3.560539,455.9,550,10.493,35.961443000000024,42.706575321706126,6.745132321706102,.187565,42.70657824287492,36.28165695447748,6.42492128839744,.178661,Mo 2. Mär 06:53:40 CET 2026
21,22.123048,1.74507260,10.1000,35.961443,3.560539,455.9,550,10.493,35.961443000000024,44.35882629476946,8.397383294769436,.233510,44.35883016971277,37.40817222024435,6.95065794946842,.193280,Mo 2. Mär 06:54:26 CET 2026
24,25.283483,1.99436865,10.1000,35.961443,3.560539,455.9,550,10.493,35.961443000000024,46.2277469754026,10.266303975402576,.285480,46.22775209867589,38.754838983491744,7.472913115184146,.207803,Mo 2. Mär 06:54:48 CET 2026
27,28.443919,2.24366478,10.1000,35.961443,3.560539,455.9,550,10.493,35.961443000000024,48.32145418811752,12.360011188117496,.343701,48.321460986869795,40.610666426608056,7.710794560261739,.214418,Mo 2. Mär 06:56:00 CET 2026
30,31.604354,2.49296084,10.1000,35.961443,3.560539,455.9,550,10.493,35.961443000000024,50.609439885978674,14.647996885978650,.407325,50.60944889499053,42.04281483563137,8.56663405935916,.238217,Mo 2. Mär 06:56:49 CET 2026
33,34.764790,2.74225697,10.1000,35.961443,3.560539,455.9,550,10.493,35.961443000000024,53.00307763013071,17.041634630130686,.473886,53.00308939568546,43.74364066756022,9.25944872812524,.257482,Mo 2. Mär 06:57:21 CET 2026
36,37.925225,2.99155302,10.1000,35.961443,3.560539,455.9,550,10.493,35.961443000000024,55.36991621163968,19.408473211639656,.539702,55.36993116053773,46.727190610080605,8.642740550457125,.240333,Mo 2. Mär 07:42:01 CET 2026
0,0,0,10.1000,35.961443,3.560539,455.9,550,10.534,35.961443000000024,35.961443000000024,0,0,35.96144360637342,31.854347403310758,4.107096203062662,.114208,Mo 2. Mär 07:42:06 CET 2026
3,3.160435,.24929605,10.1000,35.961443,3.560539,455.9,550,10.534,35.961443000000024,36.81632927235558,.854886272355556,.023772,36.81633006086247,32.42088072931754,4.39544933154493,.122226,Mo 2. Mär 07:42:18 CET 2026
6,6.320870,.49859210,10.1000,35.961443,3.560539,455.9,550,10.534,35.961443000000024,37.75590448308326,1.794461483083236,.049899,37.755905502967856,33.037894262864434,4.718011240103422,.131196,Mo 2. Mär 07:42:25 CET 2026
39,41.085661,3.24084915,10.1000,35.961443,3.560539,455.9,550,10.493,35.961443000000024,57.588761267349525,21.627318267349501,.601402,57.58877973890529,50.861442105915486,6.727337632989804,.187070,Mo 2. Mär 07:42:25 CET 2026
42,44.246096,3.49014520,10.1000,35.961443,3.560539,455.9,550,10.493,35.961443000000024,59.594441057368755,23.632998057368731,.657176,59.594463122103164,54.31023765588793,5.284225466215234,.146941,Mo 2. Mär 07:42:34 CET 2026
9,9.481306,.74788823,10.1000,35.961443,3.560539,455.9,550,10.534,35.961443000000024,38.7948646448012,2.833421644801176,.078790,38.79486596018468,33.70578197254109,5.08908398764359,.141515,Mo 2. Mär 07:42:42 CET 2026
18,18.962612,1.49577647,10.1000,35.961443,3.560539,455.9,550,10.534,35.961443000000024,42.706575321706126,6.745132321706102,.187565,42.70657826086099,36.2914945903059,6.41508367055509,.178387,Mo 2. Mär 07:42:58 CET 2026
12,12.641741,.99718428,10.1000,35.961443,3.560539,455.9,550,10.534,35.961443000000024,39.951177769809405,3.989734769809381,.110944,39.95117948711114,34.451806866342245,5.499372620768895,.152924,Mo 2. Mär 07:43:05 CET 2026
45,47.406532,3.73944133,10.1000,35.961443,3.560539,455.9,550,10.493,35.961443000000024,61.37634308809833,25.414900088098306,.706726,61.376368625805114,56.84777263750522,4.528595988299894,.125929,Mo 2. Mär 07:43:07 CET 2026
21,22.123048,1.74507260,10.1000,35.961443,3.560539,455.9,550,10.534,35.961443000000024,44.35882629476946,8.397383294769436,.233510,44.35883020129364,37.419923410474496,6.938906790819144,.192954,Mo 2. Mär 07:43:27 CET 2026
24,25.283483,1.99436865,10.1000,35.961443,3.560539,455.9,550,10.534,35.961443000000024,46.2277469754026,10.266303975402576,.285480,46.22775214679711,38.76894460694657,7.45880753985054,.207411,Mo 2. Mär 07:43:30 CET 2026
15,15.802177,1.24648042,10.1000,35.961443,3.560539,455.9,550,10.534,35.961443000000024,41.24658407317897,5.285141073178946,.146966,41.24658632801098,35.31127572629476,5.93531060171622,.165046,Mo 2. Mär 07:43:41 CET 2026
27,28.443919,2.24366478,10.1000,35.961443,3.560539,455.9,550,10.534,35.961443000000024,48.32145418811752,12.360011188117496,.343701,48.32146105276164,40.62064151613661,7.70081953662503,.214141,Mo 2. Mär 07:44:04 CET 2026
30,31.604354,2.49296084,10.1000,35.961443,3.560539,455.9,550,10.534,35.961443000000024,50.609439885978674,14.647996885978650,.407325,50.60944897966951,42.05545759175936,8.55399138791015,.237865,Mo 2. Mär 07:44:13 CET 2026
0,0,0,10.1000,35.961443,3.560539,455.9,550,10.575,35.961443000000024,35.961443000000024,0,0,35.961443612772676,31.85750845501795,4.103935157754726,.114120,Mo 2. Mär 07:44:31 CET 2026
33,34.764790,2.74225697,10.1000,35.961443,3.560539,455.9,550,10.534,35.961443000000024,53.00307763013071,17.041634630130686,.473886,53.003089501035134,43.77182431426056,9.231265186774574,.256698,Mo 2. Mär 07:44:42 CET 2026
39,41.085661,3.24084915,10.1000,35.961443,3.560539,455.9,550,10.534,35.961443000000024,57.588761267349525,21.627318267349501,.601402,57.58877984279513,50.91819426441133,6.67058557838380,.185492,Mo 2. Mär 07:44:47 CET 2026
42,44.246096,3.49014520,10.1000,35.961443,3.560539,455.9,550,10.534,35.961443000000024,59.594441057368755,23.632998057368731,.657176,59.594463273045676,54.35334880980746,5.241114463238216,.145742,Mo 2. Mär 07:44:53 CET 2026
45,47.406532,3.73944133,10.1000,35.961443,3.560539,455.9,550,10.534,35.961443000000024,61.37634308809833,25.414900088098306,.706726,61.37636876315606,56.87162914588404,4.50473961727202,.125265,Mo 2. Mär 07:44:54 CET 2026
36,37.925225,2.99155302,10.1000,35.961443,3.560539,455.9,550,10.534,35.961443000000024,55.36991621163968,19.408473211639656,.539702,55.36993128824714,46.780730646107365,8.589200642139775,.238844,Mo 2. Mär 07:45:04 CET 2026
3,3.160435,.24929605,10.1000,35.961443,3.560539,455.9,550,10.575,35.961443000000024,36.81632927235558,.854886272355556,.023772,36.816330065535766,32.42476415140519,4.391565914130576,.122118,Mo 2. Mär 07:45:18 CET 2026
6,6.320870,.49859210,10.1000,35.961443,3.560539,455.9,550,10.575,35.961443000000024,37.75590448308326,1.794461483083236,.049899,37.755905509066096,33.042595356759556,4.713310152306540,.131065,Mo 2. Mär 07:47:12 CET 2026
9,9.481306,.74788823,10.1000,35.961443,3.560539,455.9,550,10.575,35.961443000000024,38.7948646448012,2.833421644801176,.078790,38.79486596887573,33.71135775764509,5.08350821123064,.141359,Mo 2. Mär 07:48:30 CET 2026
12,12.641741,.99718428,10.1000,35.961443,3.560539,455.9,550,10.575,35.961443000000024,39.951177769809405,3.989734769809381,.110944,39.951179505142456,34.45842330551756,5.492756199624896,.152740,Mo 2. Mär 07:49:48 CET 2026
15,15.802177,1.24648042,10.1000,35.961443,3.560539,455.9,550,10.575,35.961443000000024,41.24658407317897,5.285141073178946,.146966,41.24658634666743,35.31940234697094,5.92718399969649,.164820,Mo 2. Mär 07:50:53 CET 2026
18,18.962612,1.49577647,10.1000,35.961443,3.560539,455.9,550,10.575,35.961443000000024,42.706575321706126,6.745132321706102,.187565,42.70657827795505,36.30132669339176,6.40525158456329,.178114,Mo 2. Mär 07:51:30 CET 2026
21,22.123048,1.74507260,10.1000,35.961443,3.560539,455.9,550,10.575,35.961443000000024,44.35882629476946,8.397383294769436,.233510,44.35883023156806,37.431461619876394,6.927368611691666,.192633,Mo 2. Mär 07:51:49 CET 2026
24,25.283483,1.99436865,10.1000,35.961443,3.560539,455.9,550,10.575,35.961443000000024,46.2277469754026,10.266303975402576,.285480,46.227752192936215,38.78305661275917,7.444695580177045,.207018,Mo 2. Mär 08:36:32 CET 2026
27,28.443919,2.24366478,10.1000,35.961443,3.560539,455.9,550,10.575,35.961443000000024,48.32145418811752,12.360011188117496,.343701,48.321461116395994,40.63036409331992,7.691097023076074,.213870,Mo 2. Mär 08:36:54 CET 2026
0,0,0,10.1000,35.961443,3.560539,455.9,550,10.616,35.961443000000024,35.961443000000024,0,0,35.96144362092031,31.86076306028277,4.10068056063754,.114029,Mo 2. Mär 08:37:02 CET 2026
33,34.764790,2.74225697,10.1000,35.961443,3.560539,455.9,550,10.575,35.961443000000024,53.00307763013071,17.041634630130686,.473886,53.003089602133876,43.80029572965086,9.202793872483016,.255907,Mo 2. Mär 08:37:09 CET 2026
39,41.085661,3.24084915,10.1000,35.961443,3.560539,455.9,550,10.575,35.961443000000024,57.588761267349525,21.627318267349501,.601402,57.5887799402299,50.97398768429467,6.61479225593523,.183941,Mo 2. Mär 08:37:17 CET 2026
3,3.160435,.24929605,10.1000,35.961443,3.560539,455.9,550,10.616,35.961443000000024,36.81632927235558,.854886272355556,.023772,36.81633007000157,32.42854976965004,4.38778030035153,.122013,Mo 2. Mär 08:37:20 CET 2026
30,31.604354,2.49296084,10.1000,35.961443,3.560539,455.9,550,10.575,35.961443000000024,50.609439885978674,14.647996885978650,.407325,50.60944906091202,42.067861737650055,8.541587323261965,.237520,Mo 2. Mär 08:37:21 CET 2026
36,37.925225,2.99155302,10.1000,35.961443,3.560539,455.9,550,10.575,35.961443000000024,55.36991621163968,19.408473211639656,.539702,55.36993141564337,46.83429049632383,8.53564091931954,.237355,Mo 2. Mär 08:37:30 CET 2026
6,6.320870,.49859210,10.1000,35.961443,3.560539,455.9,550,10.616,35.961443000000024,37.75590448308326,1.794461483083236,.049899,37.7559055148885,33.047255728711725,4.708649786176775,.130936,Mo 2. Mär 08:37:39 CET 2026
18,18.962612,1.49577647,10.1000,35.961443,3.560539,455.9,550,10.616,35.961443000000024,42.706575321706126,6.745132321706102,.187565,42.706578294302524,36.31141204257454,6.395166251727984,.177833,Mo 2. Mär 08:37:42 CET 2026
12,12.641741,.99718428,10.1000,35.961443,3.560539,455.9,550,10.616,35.961443000000024,39.951177769809405,3.989734769809381,.110944,39.95117952262754,34.46498022456619,5.48619929806135,.152557,Mo 2. Mär 08:37:55 CET 2026
42,44.246096,3.49014520,10.1000,35.961443,3.560539,455.9,550,10.575,35.961443000000024,59.594441057368755,23.632998057368731,.657176,59.594463418309815,54.395737533217435,5.198725885092380,.144563,Mo 2. Mär 08:37:59 CET 2026
9,9.481306,.74788823,10.1000,35.961443,3.560539,455.9,550,10.616,35.961443000000024,38.7948646448012,2.833421644801176,.078790,38.79486598469466,33.71703342684427,5.07783255785039,.141202,Mo 2. Mär 08:38:02 CET 2026
15,15.802177,1.24648042,10.1000,35.961443,3.560539,455.9,550,10.616,35.961443000000024,41.24658407317897,5.285141073178946,.146966,41.246586364620654,35.32727308758406,5.919313277036594,.164601,Mo 2. Mär 08:38:05 CET 2026
21,22.123048,1.74507260,10.1000,35.961443,3.560539,455.9,550,10.616,35.961443000000024,44.35882629476946,8.397383294769436,.233510,44.358830260670814,37.443051960691655,6.915778299979159,.192310,Mo 2. Mär 08:38:25 CET 2026
45,47.406532,3.73944133,10.1000,35.961443,3.560539,455.9,550,10.575,35.961443000000024,61.37634308809833,25.414900088098306,.706726,61.37636889560358,56.89460523987904,4.48176365572454,.124626,Mo 2. Mär 08:38:34 CET 2026
24,25.283483,1.99436865,10.1000,35.961443,3.560539,455.9,550,10.616,35.961443000000024,46.2277469754026,10.266303975402576,.285480,46.227752237355546,38.7972798459271,7.430472391428446,.206623,Mo 2. Mär 08:38:39 CET 2026
27,28.443919,2.24366478,10.1000,35.961443,3.560539,455.9,550,10.616,35.961443000000024,48.32145418811752,12.360011188117496,.343701,48.321461177522,40.64014633915829,7.68131483836371,.213598,Mo 2. Mär 08:39:03 CET 2026
30,31.604354,2.49296084,10.1000,35.961443,3.560539,455.9,550,10.616,35.961443000000024,50.609439885978674,14.647996885978650,.407325,50.60944913937896,42.080149821031846,8.529299318347114,.237179,Mo 2. Mär 08:39:20 CET 2026
33,34.764790,2.74225697,10.1000,35.961443,3.560539,455.9,550,10.616,35.961443000000024,53.00307763013071,17.041634630130686,.473886,53.003089699324484,43.82874493921986,9.174344760104624,.255116,Mo 2. Mär 08:40:17 CET 2026
36,37.925225,2.99155302,10.1000,35.961443,3.560539,455.9,550,10.616,35.961443000000024,55.36991621163968,19.408473211639656,.539702,55.36993153745216,46.888349135679064,8.481582401773096,.235852,Mo 2. Mär 08:40:25 CET 2026
39,41.085661,3.24084915,10.1000,35.961443,3.560539,455.9,550,10.616,35.961443000000024,57.588761267349525,21.627318267349501,.601402,57.58878006972955,51.029051526592376,6.559728543137174,.182410,Mo 2. Mär 08:40:39 CET 2026
42,44.246096,3.49014520,10.1000,35.961443,3.560539,455.9,550,10.616,35.961443000000024,59.594441057368755,23.632998057368731,.657176,59.59446355596279,54.43763391447812,5.15682964148467,.143398,Mo 2. Mär 08:43:51 CET 2026
45,47.406532,3.73944133,10.1000,35.961443,3.560539,455.9,550,10.616,35.961443000000024,61.37634308809833,25.414900088098306,.706726,61.37636909964356,56.91689940204523,4.45946969759833,.124006,Mo 2. Mär 08:44:25 CET 2026
0,0,0,6.8800,30.054055,4.368322,573.5,450,10.493,30.054054999999984,30.054054999999984,0,0,30.05405504410949,28.241366107730254,1.812688936379236,.060314,Mo 2. Mär 08:45:06 CET 2026
9,14.271381,.74788825,6.8800,30.054055,4.368322,573.5,450,10.493,30.054054999999984,32.4220302290885,2.367975229088516,.078790,32.42203035805127,30.051865167178565,2.370165190872705,.078863,Mo 2. Mär 08:46:17 CET 2026
3,4.757127,.24929608,6.8800,30.054055,4.368322,573.5,450,10.493,30.054054999999984,30.7685093194144,.714454319414416,.023772,30.76850938304295,28.79855134490651,1.96995803813644,.065547,Mo 2. Mär 08:46:30 CET 2026
6,9.514254,.49859217,6.8800,30.054055,4.368322,573.5,450,10.493,30.054054999999984,31.55374044912396,1.499685449123976,.049899,31.553740539447716,29.39946901287189,2.154271526575826,.071679,Mo 2. Mär 08:47:45 CET 2026
12,19.028508,.99718434,6.8800,30.054055,4.368322,573.5,450,10.493,30.054054999999984,33.38839575878798,3.334340758787996,.110944,33.38839594648067,30.765064353584943,2.623331592895727,.087287,Mo 2. Mär 09:32:31 CET 2026
15,23.785635,1.24648043,6.8800,30.054055,4.368322,573.5,450,10.493,30.054054999999984,34.47100612874058,4.416951128740596,.146966,34.47100640729882,31.55075796089831,2.92024844640051,.097166,Mo 2. Mär 09:32:45 CET 2026
18,28.542762,1.49577651,6.8800,30.054055,4.368322,573.5,450,10.493,30.054054999999984,35.691164847256424,5.637109847256440,.187565,35.69116526389222,32.41911395095121,3.27205131294101,.108872,Mo 2. Mär 09:33:00 CET 2026
27,42.814143,2.24366477,6.8800,30.054055,4.368322,573.5,450,10.493,30.054054999999984,40.38368771594412,10.329632715944136,.343701,40.38368912348202,35.650113177924396,4.733575945557624,.157502,Mo 2. Mär 09:33:22 CET 2026
24,38.057016,1.99436868,6.8800,30.054055,4.368322,573.5,450,10.493,30.054054999999984,38.633913630147816,8.579858630147832,.285480,38.633914566571704,34.4451817704268,4.188732796144904,.139373,Mo 2. Mär 09:33:25 CET 2026
21,33.299889,1.74507260,6.8800,30.054055,4.368322,573.5,450,10.493,30.054054999999984,37.0720003623048,7.017945362304816,.233510,37.072000979484585,33.37492246835197,3.697078511132615,.123014,Mo 2. Mär 09:33:27 CET 2026
0,0,0,6.8800,30.054055,4.368322,573.5,450,10.534,30.054054999999984,30.054054999999984,0,0,30.054055044386004,28.24150765734748,1.812547387038524,.060309,Mo 2. Mär 09:33:35 CET 2026
3,4.757127,.24929608,6.8800,30.054055,4.368322,573.5,450,10.534,30.054054999999984,30.7685093194144,.714454319414416,.023772,30.76850938361706,28.798812329998817,1.969697053618243,.065538,Mo 2. Mär 09:33:39 CET 2026
6,9.514254,.49859217,6.8800,30.054055,4.368322,573.5,450,10.534,30.054054999999984,31.55374044912396,1.499685449123976,.049899,31.55374054047357,29.399859698727614,2.153880841745956,.071666,Mo 2. Mär 09:33:44 CET 2026
12,19.028508,.99718434,6.8800,30.054055,4.368322,573.5,450,10.534,30.054054999999984,33.38839575878798,3.334340758787996,.110944,33.38839594882327,30.765828499084748,2.622567449738522,.087261,Mo 2. Mär 09:33:46 CET 2026
9,14.271381,.74788825,6.8800,30.054055,4.368322,573.5,450,10.534,30.054054999999984,32.4220302290885,2.367975229088516,.078790,32.42203035968324,30.052376158385588,2.369654201297652,.078846,Mo 2. Mär 09:33:51 CET 2026
39,61.842652,3.24084917,6.8800,30.054055,4.368322,573.5,450,10.493,30.054054999999984,48.128653983729826,18.074598983729842,.601403,48.1286601240074,41.128583573356444,7.000076550650956,.232916,Mo 2. Mär 09:33:53 CET 2026
30,47.571271,2.49296091,6.8800,30.054055,4.368322,573.5,450,10.493,30.054054999999984,42.295824570629904,12.241769570629920,.407325,42.29582667873171,36.929794860081195,5.366031818650515,.178546,Mo 2. Mär 09:33:54 CET 2026
36,57.085525,2.99155308,6.8800,30.054055,4.368322,573.5,450,10.493,30.054054999999984,46.27430152172842,16.220246521728436,.539702,46.274305990584644,39.721634604186605,6.552671386398039,.218029,Mo 2. Mär 09:33:56 CET 2026
33,52.328398,2.74225700,6.8800,30.054055,4.368322,573.5,450,10.493,30.054054999999984,44.29626234419648,14.242207344196496,.473886,44.29626544812812,38.33175602673692,5.96450942139120,.198459,Mo 2. Mär 09:34:07 CET 2026
42,66.599779,3.49014525,6.8800,30.054055,4.368322,573.5,450,10.493,30.054054999999984,49.804873851711115,19.750818851711131,.657176,49.80488183348116,42.56336393073025,7.24151790275091,.240949,Mo 2. Mär 09:34:20 CET 2026
45,71.356906,3.73944134,6.8800,30.054055,4.368322,573.5,450,10.493,30.054054999999984,51.29406734998392,21.240012349983936,.706727,51.29407733910304,43.490078062899755,7.803999276203285,.259665,Mo 2. Mär 09:34:38 CET 2026
18,28.542762,1.49577651,6.8800,30.054055,4.368322,573.5,450,10.534,30.054054999999984,35.691164847256424,5.637109847256440,.187565,35.691165267481686,32.420878763288485,3.270286504193201,.108813,Mo 2. Mär 09:35:00 CET 2026
15,23.785635,1.24648043,6.8800,30.054055,4.368322,573.5,450,10.534,30.054054999999984,34.47100612874058,4.416951128740596,.146966,34.47100641034017,31.55191454186422,2.91909186847595,.097128,Mo 2. Mär 09:35:04 CET 2026
21,33.299889,1.74507260,6.8800,30.054055,4.368322,573.5,450,10.534,30.054054999999984,37.0720003623048,7.017945362304816,.233510,37.07200098330025,33.37731925238125,3.69468173091900,.122934,Mo 2. Mär 09:36:33 CET 2026
24,38.057016,1.99436868,6.8800,30.054055,4.368322,573.5,450,10.534,30.054054999999984,38.633913630147816,8.579858630147832,.285480,38.63391457379986,34.44846061425602,4.18545395954384,.139264,Mo 2. Mär 09:37:01 CET 2026
27,42.814143,2.24366477,6.8800,30.054055,4.368322,573.5,450,10.534,30.054054999999984,40.38368771594412,10.329632715944136,.343701,40.38368913478269,35.65504995828757,4.72863917649512,.157337,Mo 2. Mär 09:37:48 CET 2026
30,47.571271,2.49296091,6.8800,30.054055,4.368322,573.5,450,10.534,30.054054999999984,42.295824570629904,12.241769570629920,.407325,42.29582669377175,36.936002197068326,5.359824496703424,.178339,Mo 2. Mär 09:41:37 CET 2026
33,52.328398,2.74225700,6.8800,30.054055,4.368322,573.5,450,10.534,30.054054999999984,44.29626234419648,14.242207344196496,.473886,44.29626546643223,38.34022586077002,5.95603960566221,.198177,Mo 2. Mär 09:41:59 CET 2026
36,57.085525,2.99155308,6.8800,30.054055,4.368322,573.5,450,10.534,30.054054999999984,46.27430152172842,16.220246521728436,.539702,46.274306030590715,39.73208735960814,6.542218670982575,.217681,Mo 2. Mär 09:42:15 CET 2026
42,66.599779,3.49014525,6.8800,30.054055,4.368322,573.5,450,10.534,30.054054999999984,49.804873851711115,19.750818851711131,.657176,49.804881884893824,42.572283759765085,7.232598125128739,.240652,Mo 2. Mär 09:43:03 CET 2026
39,61.842652,3.24084917,6.8800,30.054055,4.368322,573.5,450,10.534,30.054054999999984,48.128653983729826,18.074598983729842,.601403,48.12866017803043,41.14974598580478,6.97891419222565,.232212,Mo 2. Mär 09:43:11 CET 2026
45,71.356906,3.73944134,6.8800,30.054055,4.368322,573.5,450,10.534,30.054054999999984,51.29406734998392,21.240012349983936,.706727,51.29407741445392,43.499952424747974,7.794124989705946,.259336,Mo 2. Mär 09:44:55 CET 2026
3,4.757127,.24929608,6.8800,30.054055,4.368322,573.5,450,10.575,30.054054999999984,30.7685093194144,.714454319414416,.023772,30.76850938417879,28.799070187262743,1.969439196916047,.065529,Mo 2. Mär 10:28:18 CET 2026
0,0,0,6.8800,30.054055,4.368322,573.5,450,10.575,30.054054999999984,30.054054999999984,0,0,30.05405504465633,28.24164420626755,1.81241083838878,.060305,Mo 2. Mär 10:28:28 CET 2026
6,9.514254,.49859217,6.8800,30.054055,4.368322,573.5,450,10.575,30.054054999999984,31.55374044912396,1.499685449123976,.049899,31.553740541472667,29.400221171274303,2.153519370198364,.071654,Mo 2. Mär 10:28:41 CET 2026
9,14.271381,.74788825,6.8800,30.054055,4.368322,573.5,450,10.575,30.054054999999984,32.4220302290885,2.367975229088516,.078790,32.422030361269655,30.05289692684373,2.369133434425925,.078829,Mo 2. Mär 10:28:52 CET 2026
12,19.028508,.99718434,6.8800,30.054055,4.368322,573.5,450,10.575,30.054054999999984,33.38839575878798,3.334340758787996,.110944,33.388395951080334,30.766602790635684,2.621793160444650,.087235,Mo 2. Mär 10:29:02 CET 2026
15,23.785635,1.24648043,6.8800,30.054055,4.368322,573.5,450,10.575,30.054054999999984,34.47100612874058,4.416951128740596,.146966,34.47100641329184,31.5530906179872,2.91791579530464,.097088,Mo 2. Mär 10:29:30 CET 2026
18,28.542762,1.49577651,6.8800,30.054055,4.368322,573.5,450,10.575,30.054054999999984,35.691164847256424,5.637109847256440,.187565,35.691165270990844,32.42262125867227,3.268544012318574,.108755,Mo 2. Mär 10:29:31 CET 2026
27,42.814143,2.24366477,6.8800,30.054055,4.368322,573.5,450,10.575,30.054054999999984,40.38368771594412,10.329632715944136,.343701,40.38368914561918,35.65993798256984,4.72375116304934,.157175,Mo 2. Mär 10:29:36 CET 2026
21,33.299889,1.74507260,6.8800,30.054055,4.368322,573.5,450,10.575,30.054054999999984,37.0720003623048,7.017945362304816,.233510,37.07200098701947,33.37968612982991,3.69231485718956,.122855,Mo 2. Mär 10:29:43 CET 2026
36,57.085525,2.99155308,6.8800,30.054055,4.368322,573.5,450,10.575,30.054054999999984,46.27430152172842,16.220246521728436,.539702,46.274306069825116,39.742319429909934,6.531986639915182,.217341,Mo 2. Mär 10:29:45 CET 2026
0,0,0,6.8800,30.054055,4.368322,573.5,450,10.616,30.054054999999984,30.054054999999984,0,0,30.054055045202027,28.241789072659447,1.812265972542580,.060300,Mo 2. Mär 10:29:49 CET 2026
24,38.057016,1.99436868,6.8800,30.054055,4.368322,573.5,450,10.575,30.054054999999984,38.633913630147816,8.579858630147832,.285480,38.63391458084474,34.45174619407273,4.18216838677201,.139154,Mo 2. Mär 10:29:50 CET 2026
33,52.328398,2.74225700,6.8800,30.054055,4.368322,573.5,450,10.575,30.054054999999984,44.29626234419648,14.242207344196496,.473886,44.2962654873347,38.34870809593209,5.94755739140261,.197895,Mo 2. Mär 10:30:05 CET 2026
39,61.842652,3.24084917,6.8800,30.054055,4.368322,573.5,450,10.575,30.054054999999984,48.128653983729826,18.074598983729842,.601403,48.128660230534976,41.171422632752375,6.957237597782601,.231490,Mo 2. Mär 10:30:25 CET 2026
42,66.599779,3.49014525,6.8800,30.054055,4.368322,573.5,450,10.575,30.054054999999984,49.804873851711115,19.750818851711131,.657176,49.80488196198317,42.581170061767224,7.223711900215946,.240357,Mo 2. Mär 10:30:26 CET 2026
3,4.757127,.24929608,6.8800,30.054055,4.368322,573.5,450,10.616,30.054054999999984,30.7685093194144,.714454319414416,.023772,30.768509384731313,28.799364882497184,1.969144502234129,.065520,Mo 2. Mär 10:30:26 CET 2026
45,71.356906,3.73944134,6.8800,30.054055,4.368322,573.5,450,10.575,30.054054999999984,51.29406734998392,21.240012349983936,.706727,51.29407748635418,43.509949600811126,7.784127885543054,.259004,Mo 2. Mär 10:30:29 CET 2026
6,9.514254,.49859217,6.8800,30.054055,4.368322,573.5,450,10.616,30.054054999999984,31.55374044912396,1.499685449123976,.049899,31.55374054244705,29.400606648319112,2.153133894127938,.071642,Mo 2. Mär 10:30:34 CET 2026
30,47.571271,2.49296091,6.8800,30.054055,4.368322,573.5,450,10.575,30.054054999999984,42.295824570629904,12.241769570629920,.407325,42.29582670834851,36.942128738370435,5.353697969978075,.178135,Mo 2. Mär 10:30:35 CET 2026
9,14.271381,.74788825,6.8800,30.054055,4.368322,573.5,450,10.616,30.054054999999984,32.4220302290885,2.367975229088516,.078790,32.42203036279978,30.053452618671322,2.368577744128458,.078810,Mo 2. Mär 10:31:02 CET 2026
12,19.028508,.99718434,6.8800,30.054055,4.368322,573.5,450,10.616,30.054054999999984,33.38839575878798,3.334340758787996,.110944,33.388395953290896,30.76732414330172,2.621071809989176,.087211,Mo 2. Mär 10:32:34 CET 2026
15,23.785635,1.24648043,6.8800,30.054055,4.368322,573.5,450,10.616,30.054054999999984,34.47100612874058,4.416951128740596,.146966,34.47100641617785,31.55420589771402,2.91680051846383,.097051,Mo 2. Mär 10:34:31 CET 2026
21,33.299889,1.74507260,6.8800,30.054055,4.368322,573.5,450,10.616,30.054054999999984,37.0720003623048,7.017945362304816,.233510,37.0720009919704,33.38199912665802,3.69000186531238,.122778,Mo 2. Mär 10:38:26 CET 2026
18,28.542762,1.49577651,6.8800,30.054055,4.368322,573.5,450,10.616,30.054054999999984,35.691164847256424,5.637109847256440,.187565,35.69116527442271,32.42437707192902,3.26678820249369,.108697,Mo 2. Mär 10:38:33 CET 2026
24,38.057016,1.99436868,6.8800,30.054055,4.368322,573.5,450,10.616,30.054054999999984,38.633913630147816,8.579858630147832,.285480,38.633914587670915,34.45501123895764,4.178903348713275,.139046,Mo 2. Mär 10:38:49 CET 2026
30,47.571271,2.49296091,6.8800,30.054055,4.368322,573.5,450,10.616,30.054054999999984,42.295824570629904,12.241769570629920,.407325,42.29582672253014,36.94833487648429,5.34749184604585,.177929,Mo 2. Mär 10:39:47 CET 2026
27,42.814143,2.24366477,6.8800,30.054055,4.368322,573.5,450,10.616,30.054054999999984,40.38368771594412,10.329632715944136,.343701,40.38368915627798,35.66486312664257,4.71882602963541,.157011,Mo 2. Mär 10:40:04 CET 2026
33,52.328398,2.74225700,6.8800,30.054055,4.368322,573.5,450,10.616,30.054054999999984,44.29626234419648,14.242207344196496,.473886,44.29626551763461,38.35688592952857,5.93937958810604,.197623,Mo 2. Mär 10:41:03 CET 2026
39,61.842652,3.24084917,6.8800,30.054055,4.368322,573.5,450,10.616,30.054054999999984,48.128653983729826,18.074598983729842,.601403,48.128660281069294,41.1939431046616,6.934717176407694,.230741,Mo 2. Mär 11:24:38 CET 2026
36,57.085525,2.99155308,6.8800,30.054055,4.368322,573.5,450,10.616,30.054054999999984,46.27430152172842,16.220246521728436,.539702,46.27430610762858,39.752638756464734,6.521667351163846,.216997,Mo 2. Mär 11:24:45 CET 2026
0,0,0,6.8800,30.054055,4.368322,573.5,500,10.493,30.054054999999984,30.054054999999984,0,0,30.054055043930205,28.25351819506674,1.800536848863465,.059909,Mo 2. Mär 11:24:47 CET 2026
42,66.599779,3.49014525,6.8800,30.054055,4.368322,573.5,450,10.616,30.054054999999984,49.804873851711115,19.750818851711131,.657176,49.80488203663384,42.590001050500895,7.214880986132945,.240063,Mo 2. Mär 11:24:55 CET 2026
9,14.271381,.74788825,6.8800,30.054055,4.368322,573.5,500,10.493,30.054054999999984,32.4220302290885,2.367975229088516,.078790,32.4220303565015,30.067914128016,2.3541162284855,.078329,Mo 2. Mär 11:25:04 CET 2026
3,4.757127,.24929608,6.8800,30.054055,4.368322,573.5,500,10.493,30.054054999999984,30.7685093194144,.714454319414416,.023772,30.76850938259874,28.811667336527318,1.956842046071422,.065110,Mo 2. Mär 11:25:06 CET 2026
6,9.514254,.49859217,6.8800,30.054055,4.368322,573.5,500,10.493,30.054054999999984,31.55374044912396,1.499685449123976,.049899,31.55374053855675,29.41393121179489,2.13980932676186,.071198,Mo 2. Mär 11:25:11 CET 2026
45,71.356906,3.73944134,6.8800,30.054055,4.368322,573.5,450,10.616,30.054054999999984,51.29406734998392,21.240012349983936,.706727,51.29407755542933,43.51970538625851,7.77437216917082,.258679,Mo 2. Mär 11:25:16 CET 2026
12,19.028508,.99718434,6.8800,30.054055,4.368322,573.5,500,10.493,30.054054999999984,33.38839575878798,3.334340758787996,.110944,33.388395944073004,30.782256966031653,2.606138978041351,.086715,Mo 2. Mär 11:25:25 CET 2026
18,28.542762,1.49577651,6.8800,30.054055,4.368322,573.5,500,10.493,30.054054999999984,35.691164847256424,5.637109847256440,.187565,35.691165259192324,32.43398674590015,3.257178513292174,.108377,Mo 2. Mär 11:25:37 CET 2026
15,23.785635,1.24648043,6.8800,30.054055,4.368322,573.5,500,10.493,30.054054999999984,34.47100612874058,4.416951128740596,.146966,34.47100640381736,31.567226552980227,2.903779850837133,.096618,Mo 2. Mär 11:25:39 CET 2026
21,33.299889,1.74507260,6.8800,30.054055,4.368322,573.5,500,10.493,30.054054999999984,37.0720003623048,7.017945362304816,.233510,37.072000973527665,33.392850855414395,3.679150118113270,.122417,Mo 2. Mär 11:25:49 CET 2026
24,38.057016,1.99436868,6.8800,30.054055,4.368322,573.5,500,10.493,30.054054999999984,38.633913630147816,8.579858630147832,.285480,38.63391455459313,34.46546946474289,4.16844508985024,.138698,Mo 2. Mär 11:25:58 CET 2026
36,57.085525,2.99155308,6.8800,30.054055,4.368322,573.5,500,10.493,30.054054999999984,46.27430152172842,16.220246521728436,.539702,46.27430589924416,39.73560613896167,6.53869976028249,.217564,Mo 2. Mär 11:26:16 CET 2026
42,66.599779,3.49014525,6.8800,30.054055,4.368322,573.5,500,10.493,30.054054999999984,49.804873851711115,19.750818851711131,.657176,49.80488170641674,42.55508377881948,7.24979792759726,.241225,Mo 2. Mär 11:26:35 CET 2026
27,42.814143,2.24366477,6.8800,30.054055,4.368322,573.5,500,10.493,30.054054999999984,40.38368771594412,10.329632715944136,.343701,40.38368910241928,35.66583014063842,4.71785896178086,.156979,Mo 2. Mär 11:26:43 CET 2026
30,47.571271,2.49296091,6.8800,30.054055,4.368322,573.5,500,10.493,30.054054999999984,42.295824570629904,12.241769570629920,.407325,42.29582664556253,36.95153370297512,5.34429294258741,.177822,Mo 2. Mär 11:26:45 CET 2026
33,52.328398,2.74225700,6.8800,30.054055,4.368322,573.5,500,10.493,30.054054999999984,44.29626234419648,14.242207344196496,.473886,44.296265399233306,38.34244380718488,5.953821592048426,.198103,Mo 2. Mär 11:26:51 CET 2026
0,0,0,6.8800,30.054055,4.368322,573.5,500,10.534,30.054054999999984,30.054054999999984,0,0,30.05405504420693,28.25360750882484,1.80044753538209,.059906,Mo 2. Mär 11:26:52 CET 2026
39,61.842652,3.24084917,6.8800,30.054055,4.368322,573.5,500,10.493,30.054054999999984,48.128653983729826,18.074598983729842,.601403,48.1286600030291,41.18042251786406,6.94823748516504,.231191,Mo 2. Mär 11:26:57 CET 2026
45,71.356906,3.73944134,6.8800,30.054055,4.368322,573.5,500,10.493,30.054054999999984,51.29406734998392,21.240012349983936,.706727,51.29407717012673,43.487461058332336,7.806616111794394,.259752,Mo 2. Mär 11:28:25 CET 2026
3,4.757127,.24929608,6.8800,30.054055,4.368322,573.5,500,10.534,30.054054999999984,30.7685093194144,.714454319414416,.023772,30.76850938317466,28.811853974244404,1.956655408930256,.065104,Mo 2. Mär 11:29:51 CET 2026
6,9.514254,.49859217,6.8800,30.054055,4.368322,573.5,500,10.534,30.054054999999984,31.55374044912396,1.499685449123976,.049899,31.553740539584638,29.414254970081178,2.139485569503460,.071187,Mo 2. Mär 11:34:34 CET 2026
9,14.271381,.74788825,6.8800,30.054055,4.368322,573.5,500,10.534,30.054054999999984,32.4220302290885,2.367975229088516,.078790,32.42203035813556,30.0683745357766,2.35365582235896,.078314,Mo 2. Mär 11:34:47 CET 2026
12,19.028508,.99718434,6.8800,30.054055,4.368322,573.5,500,10.534,30.054054999999984,33.38839575878798,3.334340758787996,.110944,33.38839594641895,30.782940007739896,2.605455938679054,.086692,Mo 2. Mär 11:34:56 CET 2026
15,23.785635,1.24648043,6.8800,30.054055,4.368322,573.5,500,10.534,30.054054999999984,34.47100612874058,4.416951128740596,.146966,34.47100640687011,31.568325519016316,2.902680887853794,.096582,Mo 2. Mär 11:36:48 CET 2026
18,28.542762,1.49577651,6.8800,30.054055,4.368322,573.5,500,10.534,30.054054999999984,35.691164847256424,5.637109847256440,.187565,35.691165262804525,32.43565234505189,3.255512917752635,.108321,Mo 2. Mär 11:36:51 CET 2026
21,33.299889,1.74507260,6.8800,30.054055,4.368322,573.5,500,10.534,30.054054999999984,37.0720003623048,7.017945362304816,.233510,37.07200097736345,33.39524375094409,3.67675722641936,.122338,Mo 2. Mär 11:38:17 CET 2026
6,9.514254,.49859217,6.8800,30.054055,4.368322,573.5,500,10.575,30.054054999999984,31.55374044912396,1.499685449123976,.049899,31.553740540587363,29.414557931779182,2.139182608808181,.071177,Mo 2. Mär 15:21:11 CET 2026
0,0,0,6.8800,30.054055,4.368322,573.5,500,10.616,30.054054999999984,30.054054999999984,0,0,30.054055044742157,28.253748103716784,1.800306941025373,.059902,Mo 2. Mär 15:21:13 CET 2026
9,14.271381,.74788825,6.8800,30.054055,4.368322,573.5,500,10.575,30.054054999999984,32.4220302290885,2.367975229088516,.078790,32.422030359727444,30.06884056622096,2.353189793506484,.078298,Mo 2. Mär 15:21:14 CET 2026
0,0,0,6.8800,30.054055,4.368322,573.5,500,10.575,30.054054999999984,30.054054999999984,0,0,30.054055044479004,28.253692906343886,1.800362138135118,.059904,Mo 2. Mär 15:21:14 CET 2026
9,14.271381,.74788825,6.8800,30.054055,4.368322,573.5,500,10.616,30.054054999999984,32.4220302290885,2.367975229088516,.078790,32.42203036126761,30.069313177480744,2.352717183786866,.078282,Mo 2. Mär 15:21:14 CET 2026
6,9.514254,.49859217,6.8800,30.054055,4.368322,573.5,500,10.616,30.054054999999984,31.55374044912396,1.499685449123976,.049899,31.553740541565503,29.414856558065075,2.138883983500428,.071167,Mo 2. Mär 15:21:15 CET 2026
12,19.028508,.99718434,6.8800,30.054055,4.368322,573.5,500,10.575,30.054054999999984,33.38839575878798,3.334340758787996,.110944,33.38839594868181,30.78364303906342,2.60475290961839,.086668,Mo 2. Mär 15:21:20 CET 2026
24,38.057016,1.99436868,6.8800,30.054055,4.368322,573.5,500,10.534,30.054054999999984,38.633913630147816,8.579858630147832,.285480,38.63391456186187,34.468645633236605,4.165268928625265,.138592,Mo 2. Mär 15:21:21 CET 2026
3,4.757127,.24929608,6.8800,30.054055,4.368322,573.5,500,10.575,30.054054999999984,30.7685093194144,.714454319414416,.023772,30.768509383737122,28.81205194650301,1.956457437234112,.065097,Mo 2. Mär 15:21:22 CET 2026
18,28.542762,1.49577651,6.8800,30.054055,4.368322,573.5,500,10.575,30.054054999999984,35.691164847256424,5.637109847256440,.187565,35.691165266323836,32.43726646779948,3.253898798524356,.108268,Mo 2. Mär 15:21:22 CET 2026
21,33.299889,1.74507260,6.8800,30.054055,4.368322,573.5,500,10.575,30.054054999999984,37.0720003623048,7.017945362304816,.233510,37.072000981100494,33.39743077186587,3.674570209234624,.122265,Mo 2. Mär 15:21:24 CET 2026
27,42.814143,2.24366477,6.8800,30.054055,4.368322,573.5,500,10.534,30.054054999999984,40.38368771594412,10.329632715944136,.343701,40.38368911378238,35.67048620523203,4.71320290855035,.156824,Mo 2. Mär 15:21:24 CET 2026
15,23.785635,1.24648043,6.8800,30.054055,4.368322,573.5,500,10.575,30.054054999999984,34.47100612874058,4.416951128740596,.146966,34.471006409836434,31.569409710001718,2.901596699834716,.096545,Mo 2. Mär 15:21:24 CET 2026
27,42.814143,2.24366477,6.8800,30.054055,4.368322,573.5,500,10.575,30.054054999999984,40.38368771594412,10.329632715944136,.343701,40.38368912462063,35.675246609039306,4.708442515581324,.156665,Mo 2. Mär 15:21:30 CET 2026
3,4.757127,.24929608,6.8800,30.054055,4.368322,573.5,500,10.616,30.054054999999984,30.7685093194144,.714454319414416,.023772,30.768509384287036,28.812246029567973,1.956263354719063,.065091,Mo 2. Mär 15:21:32 CET 2026
24,38.057016,1.99436868,6.8800,30.054055,4.368322,573.5,500,10.575,30.054054999999984,38.633913630147816,8.579858630147832,.285480,38.63391456894003,34.471755566314485,4.162159002625545,.138489,Mo 2. Mär 15:21:38 CET 2026
36,57.085525,2.99155308,6.8800,30.054055,4.368322,573.5,500,10.534,30.054054999999984,46.27430152172842,16.220246521728436,.539702,46.27430593965175,39.745715254741356,6.528590684910394,.217228,Mo 2. Mär 15:21:40 CET 2026
42,66.599779,3.49014525,6.8800,30.054055,4.368322,573.5,500,10.534,30.054054999999984,49.804873851711115,19.750818851711131,.657176,49.804881751465985,42.56394013962982,7.240941611836165,.240930,Mo 2. Mär 15:21:44 CET 2026
39,61.842652,3.24084917,6.8800,30.054055,4.368322,573.5,500,10.534,30.054054999999984,48.128653983729826,18.074598983729842,.601403,48.128660056967604,41.2044732808424,6.924186776125204,.230391,Mo 2. Mär 15:21:46 CET 2026
45,71.356906,3.73944134,6.8800,30.054055,4.368322,573.5,500,10.534,30.054054999999984,51.29406734998392,21.240012349983936,.706727,51.29407724634842,43.4973406094161,7.79673663693232,.259423,Mo 2. Mär 15:21:46 CET 2026
33,52.328398,2.74225700,6.8800,30.054055,4.368322,573.5,500,10.575,30.054054999999984,44.29626234419648,14.242207344196496,.473886,44.29626543569281,38.358846871938795,5.937418563754015,.197557,Mo 2. Mär 15:21:48 CET 2026
30,47.571271,2.49296091,6.8800,30.054055,4.368322,573.5,500,10.534,30.054054999999984,42.295824570629904,12.241769570629920,.407325,42.29582666070497,36.957471766572596,5.338354894132374,.177625,Mo 2. Mär 15:22:01 CET 2026
33,52.328398,2.74225700,6.8800,30.054055,4.368322,573.5,500,10.534,30.054054999999984,44.29626234419648,14.242207344196496,.473886,44.29626541772697,38.3506748306771,5.94559058704987,.197829,Mo 2. Mär 15:22:07 CET 2026
39,61.842652,3.24084917,6.8800,30.054055,4.368322,573.5,500,10.575,30.054054999999984,48.128653983729826,18.074598983729842,.601403,48.12866010945401,41.229029423582325,6.899630685871685,.229574,Mo 2. Mär 15:22:10 CET 2026
36,57.085525,2.99155308,6.8800,30.054055,4.368322,573.5,500,10.575,30.054054999999984,46.27430152172842,16.220246521728436,.539702,46.27430597877434,39.75585131232308,6.51845466645126,.216891,Mo 2. Mär 15:22:15 CET 2026
45,71.356906,3.73944134,6.8800,30.054055,4.368322,573.5,500,10.575,30.054054999999984,51.29406734998392,21.240012349983936,.706727,51.29407731827155,43.507136534106394,7.786940784165156,.259097,Mo 2. Mär 15:22:36 CET 2026
30,47.571271,2.49296091,6.8800,30.054055,4.368322,573.5,500,10.575,30.054054999999984,42.295824570629904,12.241769570629920,.407325,42.29582667537648,36.963413228665345,5.332413446711135,.177427,Mo 2. Mär 15:23:07 CET 2026
42,66.599779,3.49014525,6.8800,30.054055,4.368322,573.5,500,10.575,30.054054999999984,49.804873851711115,19.750818851711131,.657176,49.8048818037016,42.57282828920459,7.23205351449701,.240634,Mo 2. Mär 15:23:46 CET 2026
12,19.028508,.99718434,6.8800,30.054055,4.368322,573.5,500,10.616,30.054054999999984,33.38839575878798,3.334340758787996,.110944,33.38839595090028,30.784333689276373,2.604062261623907,.086645,Mo 2. Mär 16:16:54 CET 2026
3,4.757127,.24929608,6.8800,30.054055,4.368322,573.5,550,10.493,30.054054999999984,30.7685093194144,.714454319414416,.023772,30.768509382440172,28.825157317503,1.943352064937172,.064661,Mo 2. Mär 16:17:02 CET 2026
9,14.271381,.74788825,6.8800,30.054055,4.368322,573.5,550,10.493,30.054054999999984,32.4220302290885,2.367975229088516,.078790,32.42203035578734,30.0846552077198,2.33737514806754,.077772,Mo 2. Mär 16:17:02 CET 2026
18,28.542762,1.49577651,6.8800,30.054055,4.368322,573.5,500,10.616,30.054054999999984,35.691164847256424,5.637109847256440,.187565,35.69116526975659,32.43889788058971,3.25226738916688,.108213,Mo 2. Mär 16:17:05 CET 2026
15,23.785635,1.24648043,6.8800,30.054055,4.368322,573.5,500,10.616,30.054054999999984,34.47100612874058,4.416951128740596,.146966,34.47100641273426,31.570503256298263,2.900503156435997,.096509,Mo 2. Mär 16:17:05 CET 2026
0,0,0,6.8800,30.054055,4.368322,573.5,550,10.493,30.054054999999984,30.054054999999984,0,0,30.05405504388274,28.265998517794152,1.788056526088588,.059494,Mo 2. Mär 16:17:06 CET 2026
27,42.814143,2.24366477,6.8800,30.054055,4.368322,573.5,500,10.616,30.054054999999984,40.38368771594412,10.329632715944136,.343701,40.38368913542978,35.679959139239465,4.703729996190315,.156508,Mo 2. Mär 16:17:07 CET 2026
6,9.514254,.49859217,6.8800,30.054055,4.368322,573.5,550,10.493,30.054054999999984,31.55374044912396,1.499685449123976,.049899,31.553740538184652,29.429169911850458,2.124570626334194,.070691,Mo 2. Mär 16:17:10 CET 2026
21,33.299889,1.74507260,6.8800,30.054055,4.368322,573.5,550,10.493,30.054054999999984,37.0720003623048,7.017945362304816,.233510,37.072000970514075,33.41613541115374,3.655865559360335,.121643,Mo 2. Mär 16:17:16 CET 2026
24,38.057016,1.99436868,6.8800,30.054055,4.368322,573.5,500,10.616,30.054054999999984,38.633913630147816,8.579858630147832,.285480,38.63391457581064,34.47490446533938,4.15901011047126,.138384,Mo 2. Mär 16:17:20 CET 2026
18,28.542762,1.49577651,6.8800,30.054055,4.368322,573.5,550,10.493,30.054054999999984,35.691164847256424,5.637109847256440,.187565,35.69116525676815,32.45316332929869,3.23800192746946,.107739,Mo 2. Mär 16:17:20 CET 2026
12,19.028508,.99718434,6.8800,30.054055,4.368322,573.5,550,10.493,30.054054999999984,33.38839575878798,3.334340758787996,.110944,33.388395942879505,30.80012526886444,2.588270674015065,.086120,Mo 2. Mär 16:17:21 CET 2026
30,47.571271,2.49296091,6.8800,30.054055,4.368322,573.5,500,10.616,30.054054999999984,42.295824570629904,12.241769570629920,.407325,42.29582668968416,36.96942853307077,5.32639815661339,.177227,Mo 2. Mär 16:17:28 CET 2026
21,33.299889,1.74507260,6.8800,30.054055,4.368322,573.5,500,10.616,30.054054999999984,37.0720003623048,7.017945362304816,.233510,37.07200098473372,33.39966713328974,3.67233385144398,.122190,Mo 2. Mär 16:17:30 CET 2026
36,57.085525,2.99155308,6.8800,30.054055,4.368322,573.5,500,10.616,30.054054999999984,46.27430152172842,16.220246521728436,.539702,46.274306016854354,39.765931397072336,6.508374619782018,.216555,Mo 2. Mär 16:17:31 CET 2026
15,23.785635,1.24648043,6.8800,30.054055,4.368322,573.5,550,10.493,30.054054999999984,34.47100612874058,4.416951128740596,.146966,34.47100640204016,31.585327955329333,2.885678446710827,.096016,Mo 2. Mär 16:17:33 CET 2026
27,42.814143,2.24366477,6.8800,30.054055,4.368322,573.5,550,10.493,30.054054999999984,40.38368771594412,10.329632715944136,.343701,40.38368909044218,35.6854550692744,4.69823402116778,.156326,Mo 2. Mär 16:17:36 CET 2026
33,52.328398,2.74225700,6.8800,30.054055,4.368322,573.5,500,10.616,30.054054999999984,44.29626234419648,14.242207344196496,.473886,44.29626545308589,38.36697824901587,5.92928720407002,.197287,Mo 2. Mär 16:17:38 CET 2026
45,71.356906,3.73944134,6.8800,30.054055,4.368322,573.5,500,10.616,30.054054999999984,51.29406734998392,21.240012349983936,.706727,51.29407738821329,43.51703613484999,7.77704125336330,.258768,Mo 2. Mär 16:17:48 CET 2026
33,52.328398,2.74225700,6.8800,30.054055,4.368322,573.5,550,10.493,30.054054999999984,44.29626234419648,14.242207344196496,.473886,44.29626537079569,38.357750375359494,5.938514995436196,.197594,Mo 2. Mär 16:17:53 CET 2026
42,66.599779,3.49014525,6.8800,30.054055,4.368322,573.5,500,10.616,30.054054999999984,49.804873851711115,19.750818851711131,.657176,49.80488187841171,42.581460822677144,7.223421055734566,.240347,Mo 2. Mär 16:17:58 CET 2026
24,38.057016,1.99436868,6.8800,30.054055,4.368322,573.5,550,10.493,30.054054999999984,38.633913630147816,8.579858630147832,.285480,38.63391454798975,34.48948150428983,4.14443304369992,.137899,Mo 2. Mär 16:18:03 CET 2026
39,61.842652,3.24084917,6.8800,30.054055,4.368322,573.5,500,10.616,30.054054999999984,48.128653983729826,18.074598983729842,.601403,48.12866016015233,41.25427171756627,6.87438844258606,.228734,Mo 2. Mär 16:18:20 CET 2026
36,57.085525,2.99155308,6.8800,30.054055,4.368322,573.5,550,10.493,30.054054999999984,46.27430152172842,16.220246521728436,.539702,46.27430584146534,39.754456544863366,6.519849296601974,.216937,Mo 2. Mär 16:18:36 CET 2026
30,47.571271,2.49296091,6.8800,30.054055,4.368322,573.5,550,10.493,30.054054999999984,42.295824570629904,12.241769570629920,.407325,42.29582662625645,36.97719010648521,5.31863651977124,.176969,Mo 2. Mär 16:19:39 CET 2026
39,61.842652,3.24084917,6.8800,30.054055,4.368322,573.5,550,10.493,30.054054999999984,48.128653983729826,18.074598983729842,.601403,48.12865992498038,41.24676516478865,6.88189476019173,.228983,Mo 2. Mär 16:20:25 CET 2026
42,66.599779,3.49014525,6.8800,30.054055,4.368322,573.5,550,10.493,30.054054999999984,49.804873851711115,19.750818851711131,.657176,49.80488163053127,42.54773828967956,7.25714334085171,.241469,Mo 2. Mär 16:20:36 CET 2026
45,71.356906,3.73944134,6.8800,30.054055,4.368322,573.5,550,10.493,30.054054999999984,51.29406734998392,21.240012349983936,.706727,51.29407706677366,43.4877340211852,7.80634304558846,.259743,Mo 2. Mär 16:22:36 CET 2026
0,0,0,6.8800,30.054055,4.368322,573.5,550,10.534,30.054054999999984,30.054054999999984,0,0,30.054055044160485,28.26603605889617,1.788018985264315,.059493,Mo 2. Mär 17:12:11 CET 2026
3,4.757127,.24929608,6.8800,30.054055,4.368322,573.5,550,10.534,30.054054999999984,30.7685093194144,.714454319414416,.023772,30.768509383015736,28.825284074225316,1.943225308790420,.064657,Mo 2. Mär 17:12:21 CET 2026
6,9.514254,.49859217,6.8800,30.054055,4.368322,573.5,550,10.534,30.054054999999984,31.55374044912396,1.499685449123976,.049899,31.553740539214253,29.429392095218144,2.124348443996109,.070684,Mo 2. Mär 17:12:22 CET 2026
18,28.542762,1.49577651,6.8800,30.054055,4.368322,573.5,550,10.534,30.054054999999984,35.691164847256424,5.637109847256440,.187565,35.69116526038076,32.45468972278472,3.23647553759604,.107688,Mo 2. Mär 17:12:22 CET 2026
9,14.271381,.74788825,6.8800,30.054055,4.368322,573.5,550,10.534,30.054054999999984,32.4220302290885,2.367975229088516,.078790,32.422030357423225,30.084978792683984,2.337051564739241,.077761,Mo 2. Mär 17:12:28 CET 2026
0,0,0,6.8800,30.054055,4.368322,573.5,550,10.575,30.054054999999984,30.054054999999984,0,0,30.05405504443172,28.266050281445796,1.788004762985924,.059492,Mo 2. Mär 17:12:28 CET 2026
12,19.028508,.99718434,6.8800,30.054055,4.368322,573.5,550,10.534,30.054054999999984,33.38839575878798,3.334340758787996,.110944,33.388395945221866,30.800749646231267,2.587646298990599,.086099,Mo 2. Mär 17:12:28 CET 2026
15,23.785635,1.24648043,6.8800,30.054055,4.368322,573.5,550,10.534,30.054054999999984,34.47100612874058,4.416951128740596,.146966,34.47100640508619,31.58634961434994,2.88465679073625,.095982,Mo 2. Mär 17:12:29 CET 2026
21,33.299889,1.74507260,6.8800,30.054055,4.368322,573.5,550,10.534,30.054054999999984,37.0720003623048,7.017945362304816,.233510,37.072000974363455,33.418249061007884,3.653751913355571,.121572,Mo 2. Mär 17:12:42 CET 2026
6,9.514254,.49859217,6.8800,30.054055,4.368322,573.5,550,10.575,30.054054999999984,31.55374044912396,1.499685449123976,.049899,31.553740540218577,29.42958514875647,2.124155391462107,.070677,Mo 2. Mär 17:12:45 CET 2026
9,14.271381,.74788825,6.8800,30.054055,4.368322,573.5,550,10.575,30.054054999999984,32.4220302290885,2.367975229088516,.078790,32.42203035901375,30.08534135692888,2.33668900208487,.077749,Mo 2. Mär 17:12:49 CET 2026
27,42.814143,2.24366477,6.8800,30.054055,4.368322,573.5,550,10.534,30.054054999999984,40.38368771594412,10.329632715944136,.343701,40.383689101686656,35.68993882494546,4.693750276741196,.156176,Mo 2. Mär 17:12:50 CET 2026
3,4.757127,.24929608,6.8800,30.054055,4.368322,573.5,550,10.575,30.054054999999984,30.7685093194144,.714454319414416,.023772,30.768509383582256,28.8254179832746,1.943091400307656,.064653,Mo 2. Mär 17:12:52 CET 2026
24,38.057016,1.99436868,6.8800,30.054055,4.368322,573.5,550,10.534,30.054054999999984,38.633913630147816,8.579858630147832,.285480,38.63391455527318,34.49247017286097,4.14144438241221,.137799,Mo 2. Mär 17:12:57 CET 2026
36,57.085525,2.99155308,6.8800,30.054055,4.368322,573.5,550,10.534,30.054054999999984,46.27430152172842,16.220246521728436,.539702,46.27430588237117,39.76438896004258,6.50991692232859,.216606,Mo 2. Mär 17:13:05 CET 2026
15,23.785635,1.24648043,6.8800,30.054055,4.368322,573.5,550,10.575,30.054054999999984,34.47100612874058,4.416951128740596,.146966,34.47100640805596,31.587382676696038,2.883623731359922,.095947,Mo 2. Mär 17:13:23 CET 2026
42,66.599779,3.49014525,6.8800,30.054055,4.368322,573.5,550,10.534,30.054054999999984,49.804873851711115,19.750818851711131,.657176,49.80488167594463,42.55631866366811,7.24856301227652,.241184,Mo 2. Mär 17:13:24 CET 2026
30,47.571271,2.49296091,6.8800,30.054055,4.368322,573.5,550,10.534,30.054054999999984,42.295824570629904,12.241769570629920,.407325,42.29582664150373,36.983012291344885,5.312814350158845,.176775,Mo 2. Mär 17:13:30 CET 2026
18,28.542762,1.49577651,6.8800,30.054055,4.368322,573.5,550,10.575,30.054054999999984,35.691164847256424,5.637109847256440,.187565,35.69116526390776,32.456223592863054,3.234941671044706,.107637,Mo 2. Mär 17:13:33 CET 2026
12,19.028508,.99718434,6.8800,30.054055,4.368322,573.5,550,10.575,30.054054999999984,33.38839575878798,3.334340758787996,.110944,33.38839594749112,30.801364352641215,2.587031594849905,.086079,Mo 2. Mär 17:13:37 CET 2026
45,71.356906,3.73944134,6.8800,30.054055,4.368322,573.5,550,10.534,30.054054999999984,51.29406734998392,21.240012349983936,.706727,51.29407714280199,43.49774558099606,7.79633156180593,.259410,Mo 2. Mär 17:13:41 CET 2026
39,61.842652,3.24084917,6.8800,30.054055,4.368322,573.5,550,10.534,30.054054999999984,48.128653983729826,18.074598983729842,.601403,48.12865997933454,41.2729091348776,6.85575084445694,.228114,Mo 2. Mär 17:13:41 CET 2026
33,52.328398,2.74225700,6.8800,30.054055,4.368322,573.5,550,10.534,30.054054999999984,44.29626234419648,14.242207344196496,.473886,44.29626538934217,38.36582447276299,5.93044091657918,.197325,Mo 2. Mär 17:13:42 CET 2026
21,33.299889,1.74507260,6.8800,30.054055,4.368322,573.5,550,10.575,30.054054999999984,37.0720003623048,7.017945362304816,.233510,37.072000978118076,33.42040570039664,3.651595277721436,.121500,Mo 2. Mär 17:14:12 CET 2026
24,38.057016,1.99436868,6.8800,30.054055,4.368322,573.5,550,10.575,30.054054999999984,38.633913630147816,8.579858630147832,.285480,38.633914562383836,34.49552698842381,4.138387573960026,.137698,Mo 2. Mär 17:17:27 CET 2026
27,42.814143,2.24366477,6.8800,30.054055,4.368322,573.5,550,10.575,30.054054999999984,40.38368771594412,10.329632715944136,.343701,40.383689112799,35.69438750881147,4.68930160398753,.156028,Mo 2. Mär 17:17:39 CET 2026
30,47.571271,2.49296091,6.8800,30.054055,4.368322,573.5,550,10.575,30.054054999999984,42.295824570629904,12.241769570629920,.407325,42.29582665621368,36.98883529831433,5.30699135789935,.176581,Mo 2. Mär 17:19:10 CET 2026
33,52.328398,2.74225700,6.8800,30.054055,4.368322,573.5,550,10.575,30.054054999999984,44.29626234419648,14.242207344196496,.473886,44.29626540738604,38.37377990484456,5.92248550254148,.197061,Mo 2. Mär 17:20:14 CET 2026
0,0,0,7.9533,33.103622,4.162250,573.5,450,10.493,33.10362199999998,33.10362199999998,0,0,33.103622107003055,30.468868230987642,2.634753876015413,.079591,Mo 2. Mär 18:07:17 CET 2026
0,0,0,6.8800,30.054055,4.368322,573.5,550,10.616,30.054054999999984,30.054054999999984,0,0,30.054055044694547,28.266079178868008,1.787975865826539,.059492,Mo 2. Mär 18:07:21 CET 2026
6,8.637773,.49859218,7.9533,33.103622,4.162250,573.5,450,10.493,33.10362199999998,34.75548001572077,1.65185801572079,.049899,34.75548024834522,31.671091597024304,3.084388651320916,.093173,Mo 2. Mär 18:07:22 CET 2026
6,9.514254,.49859217,6.8800,30.054055,4.368322,573.5,550,10.616,30.054054999999984,31.55374044912396,1.499685449123976,.049899,31.553740541196625,29.429802383865898,2.123938157330727,.070670,Mo 2. Mär 18:07:26 CET 2026
3,4.318886,.24929606,7.9533,33.103622,4.162250,573.5,450,10.493,33.10362199999998,33.890571404857276,.786949404857296,.023772,33.89057156305844,31.045157214889613,2.845414348168827,.085954,Mo 2. Mär 18:07:29 CET 2026
9,14.271381,.74788825,6.8800,30.054055,4.368322,573.5,550,10.616,30.054054999999984,32.4220302290885,2.367975229088516,.078790,32.42203036055901,30.085726280971265,2.336304079587745,.077736,Mo 2. Mär 18:07:34 CET 2026
3,4.757127,.24929608,6.8800,30.054055,4.368322,573.5,550,10.616,30.054054999999984,30.7685093194144,.714454319414416,.023772,30.768509384130756,28.82555181686346,1.942957567267296,.064648,Mo 2. Mär 18:07:34 CET 2026
36,57.085525,2.99155308,6.8800,30.054055,4.368322,573.5,550,10.575,30.054054999999984,46.27430152172842,16.220246521728436,.539702,46.274305921425636,39.7742644402488,6.500041481176836,.216278,Mo 2. Mär 18:07:37 CET 2026
9,12.956659,.74788824,7.9533,33.103622,4.162250,573.5,450,10.493,33.10362199999998,35.711874651855275,2.608252651855295,.078790,35.71187499241098,32.35567385808561,3.35620113432537,.101384,Mo 2. Mär 18:07:39 CET 2026
18,28.542762,1.49577651,6.8800,30.054055,4.368322,573.5,550,10.616,30.054054999999984,35.691164847256424,5.637109847256440,.187565,35.69116526735226,32.45783313295781,3.23333213439445,.107583,Mo 2. Mär 18:07:43 CET 2026
15,23.785635,1.24648043,6.8800,30.054055,4.368322,573.5,550,10.616,30.054054999999984,34.47100612874058,4.416951128740596,.146966,34.47100641096382,31.58840653656002,2.88259987440380,.095913,Mo 2. Mär 18:07:44 CET 2026
42,66.599779,3.49014525,6.8800,30.054055,4.368322,573.5,550,10.575,30.054054999999984,49.804873851711115,19.750818851711131,.657176,49.80488171927888,42.56507139230849,7.23981032697039,.240892,Mo 2. Mär 18:07:53 CET 2026
12,19.028508,.99718434,6.8800,30.054055,4.368322,573.5,550,10.616,30.054054999999984,33.38839575878798,3.334340758787996,.110944,33.38839594971874,30.80199490724789,2.58640104247085,.086058,Mo 2. Mär 18:07:55 CET 2026
27,42.814143,2.24366477,6.8800,30.054055,4.368322,573.5,550,10.616,30.054054999999984,40.38368771594412,10.329632715944136,.343701,40.3836891235396,35.69887903129592,4.68481009224368,.155879,Mo 2. Mär 18:08:01 CET 2026
21,33.299889,1.74507260,6.8800,30.054055,4.368322,573.5,550,10.616,30.054054999999984,37.0720003623048,7.017945362304816,.233510,37.072000981745674,33.42253782639107,3.649463155354604,.121429,Mo 2. Mär 18:08:03 CET 2026
36,57.085525,2.99155308,6.8800,30.054055,4.368322,573.5,550,10.616,30.054054999999984,46.27430152172842,16.220246521728436,.539702,46.27430595945494,39.78401934304401,6.49028661641093,.215953,Mo 2. Mär 18:08:09 CET 2026
45,71.356906,3.73944134,6.8800,30.054055,4.368322,573.5,550,10.575,30.054054999999984,51.29406734998392,21.240012349983936,.706727,51.294077215565,43.50780973153612,7.78626748402888,.259075,Mo 2. Mär 18:08:21 CET 2026
39,61.842652,3.24084917,6.8800,30.054055,4.368322,573.5,550,10.575,30.054054999999984,48.128653983729826,18.074598983729842,.601403,48.12866003219698,41.299695010701946,6.828965021495034,.227222,Mo 2. Mär 18:08:27 CET 2026
24,38.057016,1.99436868,6.8800,30.054055,4.368322,573.5,550,10.616,30.054054999999984,38.633913630147816,8.579858630147832,.285480,38.633914569268555,34.49859861799084,4.135315951277715,.137595,Mo 2. Mär 18:08:28 CET 2026
30,47.571271,2.49296091,6.8800,30.054055,4.368322,573.5,550,10.616,30.054054999999984,42.295824570629904,12.241769570629920,.407325,42.29582667059256,36.99466327091242,5.30116339968014,.176387,Mo 2. Mär 18:08:56 CET 2026
42,66.599779,3.49014525,6.8800,30.054055,4.368322,573.5,550,10.616,30.054054999999984,49.804873851711115,19.750818851711131,.657176,49.80488177564172,42.573682021423025,7.231199754218695,.240606,Mo 2. Mär 18:09:07 CET 2026
33,52.328398,2.74225700,6.8800,30.054055,4.368322,573.5,550,10.616,30.054054999999984,44.29626234419648,14.242207344196496,.473886,44.29626542488231,38.381737922139685,5.914527502742625,.196796,Mo 2. Mär 18:09:51 CET 2026
39,61.842652,3.24084917,6.8800,30.054055,4.368322,573.5,550,10.616,30.054054999999984,48.128653983729826,18.074598983729842,.601403,48.12866008312582,41.32699773120226,6.80166235192356,.226314,Mo 2. Mär 18:09:52 CET 2026
45,71.356906,3.73944134,6.8800,30.054055,4.368322,573.5,550,10.616,30.054054999999984,51.29406734998392,21.240012349983936,.706727,51.29407728560363,43.51789119406282,7.77618609154081,.258739,Mo 2. Mär 18:10:17 CET 2026
12,17.275546,.99718436,7.9533,33.103622,4.162250,573.5,450,10.493,33.10362199999998,36.77629762729413,3.67267562729415,.110944,36.77629812214969,33.106994140271446,3.669303981878244,.110842,Mo 2. Mär 18:10:51 CET 2026
15,21.594432,1.24648042,7.9533,33.103622,4.162250,573.5,450,10.493,33.10362199999998,37.96875847758653,4.86513647758655,.146966,37.96875920316402,33.93211576063572,4.03664344252830,.121939,Mo 2. Mär 18:11:29 CET 2026
18,25.913319,1.49577654,7.9533,33.103622,4.162250,573.5,450,10.493,33.10362199999998,39.31272626955996,6.20910426955998,.187565,39.31272733751504,34.850320898481826,4.462406439033214,.134801,Mo 2. Mär 18:13:16 CET 2026
21,30.232205,1.74507260,7.9533,33.103622,4.162250,573.5,450,10.493,33.10362199999998,40.83367495839158,7.73005295839160,.233510,40.833676521818795,35.894232057367056,4.939444464451739,.149211,Mo 2. Mär 18:14:48 CET 2026
24,34.551092,1.99436872,7.9533,33.103622,4.162250,573.5,450,10.493,33.10362199999998,42.55407555835839,9.45045355835841,.285480,42.554077842361664,37.07399189564672,5.480085946714944,.165543,Mo 2. Mär 19:01:02 CET 2026
0,0,0,7.9533,33.103622,4.162250,573.5,450,10.534,33.10362199999998,33.10362199999998,0,0,33.1036221079292,30.470010693368565,2.633611414560635,.079556,Mo 2. Mär 19:01:08 CET 2026
6,8.637773,.49859218,7.9533,33.103622,4.162250,573.5,450,10.534,33.10362199999998,34.75548001572077,1.65185801572079,.049899,34.75548025044359,31.672904866016573,3.082575384427017,.093118,Mo 2. Mär 19:01:09 CET 2026
18,25.913319,1.49577654,7.9533,33.103622,4.162250,573.5,450,10.534,33.10362199999998,39.31272626955996,6.20910426955998,.187565,39.312727345577485,34.85499951819875,4.457727827378735,.134659,Mo 2. Mär 19:01:09 CET 2026
9,12.956659,.74788824,7.9533,33.103622,4.162250,573.5,450,10.534,33.10362199999998,35.711874651855275,2.608252651855295,.078790,35.71187499516521,32.35800742507856,3.35386757008665,.101314,Mo 2. Mär 19:01:12 CET 2026
3,4.318886,.24929606,7.9533,33.103622,4.162250,573.5,450,10.534,33.10362199999998,33.890571404857276,.786949404857296,.023772,33.890571564519625,31.046667934592566,2.843903629927059,.085909,Mo 2. Mär 19:01:14 CET 2026
12,17.275546,.99718436,7.9533,33.103622,4.162250,573.5,450,10.534,33.10362199999998,36.77629762729413,3.67267562729415,.110944,36.776298125400004,33.109905914209115,3.666392211190889,.110755,Mo 2. Mär 19:01:18 CET 2026
21,30.232205,1.74507260,7.9533,33.103622,4.162250,573.5,450,10.534,33.10362199999998,40.83367495839158,7.73005295839160,.233510,40.833676536490394,35.9000229912088,4.933653545281594,.149036,Mo 2. Mär 19:01:25 CET 2026
30,43.188865,2.49296090,7.9533,33.103622,4.162250,573.5,450,10.493,33.10362199999998,46.58756096510125,13.48393896510127,.407325,46.587565823608664,39.9151257658645,6.672440057744164,.201562,Mo 2. Mär 19:01:26 CET 2026
33,47.507751,2.74225697,7.9533,33.103622,4.162250,573.5,450,10.493,33.10362199999998,48.79097577350458,15.68735377350460,.473886,48.79098262691803,41.538590386663806,7.252392240254224,.219081,Mo 2. Mär 19:01:28 CET 2026
27,38.869978,2.24366478,7.9533,33.103622,4.162250,573.5,450,10.493,33.10362199999998,44.48139729513049,11.37777529513051,.343701,44.481400642784436,38.4038498527131,6.077550790071336,.183591,Mo 2. Mär 19:01:40 CET 2026
24,34.551092,1.99436872,7.9533,33.103622,4.162250,573.5,450,10.534,33.10362199999998,42.55407555835839,9.45045355835841,.285480,42.554077865204846,37.08137358283564,5.472704282369206,.165320,Mo 2. Mär 19:01:45 CET 2026
15,21.594432,1.24648042,7.9533,33.103622,4.162250,573.5,450,10.534,33.10362199999998,37.96875847758653,4.86513647758655,.146966,37.96875921129595,33.93572557170789,4.03303363958806,.121830,Mo 2. Mär 19:01:45 CET 2026
42,60.464411,3.49014527,7.9533,33.103622,4.162250,573.5,450,10.493,33.10362199999998,54.85853088352939,21.75490888352941,.657176,54.8585456526654,46.26854818864272,8.58999746402268,.259488,Mo 2. Mär 19:01:57 CET 2026
36,51.826638,2.99155309,7.9533,33.103622,4.162250,573.5,450,10.493,33.10362199999998,50.96972697657614,17.86610497657616,.539702,50.96973629528793,43.28578526423007,7.68395103105786,.232118,Mo 2. Mär 19:02:11 CET 2026
39,56.145524,3.24084915,7.9533,33.103622,4.162250,573.5,450,10.493,33.10362199999998,53.012237019338535,19.908615019338555,.601402,53.012249042129554,44.91216766036412,8.100081381765434,.244688,Mo 2. Mär 19:02:23 CET 2026
27,38.869978,2.24366478,7.9533,33.103622,4.162250,573.5,450,10.534,33.10362199999998,44.48139729513049,11.37777529513051,.343701,44.48140067445479,38.41316299243493,6.06823768201986,.183310,Mo 2. Mär 19:02:28 CET 2026
45,64.783297,3.73944133,7.9533,33.103622,4.162250,573.5,450,10.493,33.10362199999998,56.498825093517844,23.395203093517864,.706726,56.49884275553524,48.048847945908,8.44999480962724,.255258,Mo 2. Mär 19:02:32 CET 2026
30,43.188865,2.49296090,7.9533,33.103622,4.162250,573.5,450,10.534,33.10362199999998,46.58756096510125,13.48393896510127,.407325,46.58756586420438,39.92662896402202,6.66093690018236,.201214,Mo 2. Mär 19:02:38 CET 2026
0,0,0,7.9533,33.103622,4.162250,573.5,450,10.575,33.10362199999998,33.10362199999998,0,0,33.10362210882125,30.471203325183232,2.632418783638018,.079520,Mo 2. Mär 19:03:44 CET 2026
33,47.507751,2.74225697,7.9533,33.103622,4.162250,573.5,450,10.534,33.10362199999998,48.79097577350458,15.68735377350460,.473886,48.79098267684812,41.55281015240647,7.23817252444165,.218651,Mo 2. Mär 19:04:02 CET 2026
36,51.826638,2.99155309,7.9533,33.103622,4.162250,573.5,450,10.534,33.10362199999998,50.96972697657614,17.86610497657616,.539702,50.96973635948982,43.30452216131046,7.66521419817936,.231552,Mo 2. Mär 19:04:20 CET 2026
3,4.318886,.24929606,7.9533,33.103622,4.162250,573.5,450,10.575,33.10362199999998,33.890571404857276,.786949404857296,.023772,33.890571565915685,31.048082443527576,2.842489122388109,.085866,Mo 2. Mär 19:05:03 CET 2026
42,60.464411,3.49014527,7.9533,33.103622,4.162250,573.5,450,10.534,33.10362199999998,54.85853088352939,21.75490888352941,.657176,54.85854578274914,46.29126942720803,8.56727635554111,.258801,Mo 2. Mär 19:05:52 CET 2026
39,56.145524,3.24084915,7.9533,33.103622,4.162250,573.5,450,10.534,33.10362199999998,53.012237019338535,19.908615019338555,.601402,53.01224913061012,44.925170264728195,8.087078865881925,.244295,Mo 2. Mär 19:05:58 CET 2026
6,8.637773,.49859218,7.9533,33.103622,4.162250,573.5,450,10.575,33.10362199999998,34.75548001572077,1.65185801572079,.049899,34.755480252446155,31.67471697470543,3.080763277740725,.093064,Mo 2. Mär 19:06:28 CET 2026
45,64.783297,3.73944133,7.9533,33.103622,4.162250,573.5,450,10.534,33.10362199999998,56.498825093517844,23.395203093517864,.706726,56.49884287823268,48.085240625136834,8.413602253095846,.254159,Mo 2. Mär 19:07:32 CET 2026
9,12.956659,.74788824,7.9533,33.103622,4.162250,573.5,450,10.575,33.10362199999998,35.711874651855275,2.608252651855295,.078790,35.71187499778695,32.360259421247804,3.351615576539146,.101246,Mo 2. Mär 19:08:17 CET 2026
0,0,0,7.9533,33.103622,4.162250,573.5,450,10.616,33.10362199999998,33.10362199999998,0,0,33.103622109671576,30.47237719953656,2.631244910135016,.079485,Di 3. Mär 21:40:59 CET 2026
15,21.594432,1.24648042,7.9533,33.103622,4.162250,573.5,450,10.575,33.10362199999998,37.96875847758653,4.86513647758655,.146966,37.96875921921217,33.93931798506703,4.02944123414514,.121722,Di 3. Mär 21:41:02 CET 2026
12,17.275546,.99718436,7.9533,33.103622,4.162250,573.5,450,10.575,33.10362199999998,36.77629762729413,3.67267562729415,.110944,36.776298128499704,33.11280689096082,3.663491237538884,.110667,Di 3. Mär 21:41:04 CET 2026
18,25.913319,1.49577654,7.9533,33.103622,4.162250,573.5,450,10.616,33.10362199999998,39.31272626955996,6.20910426955998,.187565,39.31272736069042,34.86411562232011,4.44861173837031,.134384,Di 3. Mär 21:41:06 CET 2026
18,25.913319,1.49577654,7.9533,33.103622,4.162250,573.5,450,10.575,33.10362199999998,39.31272626955996,6.20910426955998,.187565,39.312727353269345,34.859509082413936,4.453218270855409,.134523,Di 3. Mär 21:41:12 CET 2026
9,12.956659,.74788824,7.9533,33.103622,4.162250,573.5,450,10.616,33.10362199999998,35.711874651855275,2.608252651855295,.078790,35.71187500031547,32.362526161512484,3.349348838802986,.101177,Di 3. Mär 21:41:12 CET 2026
12,17.275546,.99718436,7.9533,33.103622,4.162250,573.5,450,10.616,33.10362199999998,36.77629762729413,3.67267562729415,.110944,36.77629813149195,33.115641327049076,3.660656804442874,.110581,Di 3. Mär 21:41:12 CET 2026
15,21.594432,1.24648042,7.9533,33.103622,4.162250,573.5,450,10.616,33.10362199999998,37.96875847758653,4.86513647758655,.146966,37.96875922686914,33.94291109702784,4.02584812984130,.121613,Di 3. Mär 21:41:13 CET 2026
3,4.318886,.24929606,7.9533,33.103622,4.162250,573.5,450,10.616,33.10362199999998,33.890571404857276,.786949404857296,.023772,33.89057156726985,31.049521043278432,2.841050523991418,.085822,Di 3. Mär 21:41:13 CET 2026
21,30.232205,1.74507260,7.9533,33.103622,4.162250,573.5,450,10.575,33.10362199999998,40.83367495839158,7.73005295839160,.233510,40.8336765506279,35.9057214516041,4.9279550990238,.148864,Di 3. Mär 21:41:14 CET 2026
24,34.551092,1.99436872,7.9533,33.103622,4.162250,573.5,450,10.575,33.10362199999998,42.55407555835839,9.45045355835841,.285480,42.55407788728512,37.0886793542569,5.46539853302822,.165099,Di 3. Mär 21:41:15 CET 2026
6,8.637773,.49859218,7.9533,33.103622,4.162250,573.5,450,10.616,33.10362199999998,34.75548001572077,1.65185801572079,.049899,34.755480254389205,31.676572829922183,3.078907424467022,.093008,Di 3. Mär 21:41:15 CET 2026
24,34.551092,1.99436872,7.9533,33.103622,4.162250,573.5,450,10.616,33.10362199999998,42.55407555835839,9.45045355835841,.285480,42.55407790868489,37.09585557318931,5.45822233549558,.164882,Di 3. Mär 21:41:29 CET 2026
42,60.464411,3.49014527,7.9533,33.103622,4.162250,573.5,450,10.575,33.10362199999998,54.85853088352939,21.75490888352941,.657176,54.85854590824283,46.314436163371546,8.544109744871284,.258101,Di 3. Mär 21:41:30 CET 2026
21,30.232205,1.74507260,7.9533,33.103622,4.162250,573.5,450,10.616,33.10362199999998,40.83367495839158,7.73005295839160,.233510,40.833676564324044,35.911529944490255,4.922146619833789,.148689,Di 3. Mär 21:41:33 CET 2026
27,38.869978,2.24366478,7.9533,33.103622,4.162250,573.5,450,10.575,33.10362199999998,44.48139729513049,11.37777529513051,.343701,44.48140070514209,38.42222247887421,6.05917822626788,.183036,Di 3. Mär 21:41:35 CET 2026
33,47.507751,2.74225697,7.9533,33.103622,4.162250,573.5,450,10.575,33.10362199999998,48.79097577350458,15.68735377350460,.473886,48.79098272560483,41.5666909124009,7.22429181320393,.218232,Di 3. Mär 21:41:36 CET 2026
30,43.188865,2.49296090,7.9533,33.103622,4.162250,573.5,450,10.575,33.10362199999998,46.58756096510125,13.48393896510127,.407325,46.58756590318203,39.93789376547072,6.64967213771131,.200874,Di 3. Mär 21:41:42 CET 2026
33,47.507751,2.74225697,7.9533,33.103622,4.162250,573.5,450,10.616,33.10362199999998,48.79097577350458,15.68735377350460,.473886,48.790982772119534,41.58034006283279,7.210642709286744,.217820,Di 3. Mär 21:41:49 CET 2026
30,43.188865,2.49296090,7.9533,33.103622,4.162250,573.5,450,10.616,33.10362199999998,46.58756096510125,13.48393896510127,.407325,46.58756594087689,39.94912631501085,6.63843962586604,.200535,Di 3. Mär 21:41:51 CET 2026
39,56.145524,3.24084915,7.9533,33.103622,4.162250,573.5,450,10.575,33.10362199999998,53.012237019338535,19.908615019338555,.601402,53.01224921559187,44.938095341883084,8.074153873708786,.243905,Di 3. Mär 21:42:28 CET 2026
27,38.869978,2.24366478,7.9533,33.103622,4.162250,573.5,450,10.616,33.10362199999998,44.48139729513049,11.37777529513051,.343701,44.48140073469465,38.43135840299512,6.05004233169953,.182760,Di 3. Mär 21:42:33 CET 2026
36,51.826638,2.99155309,7.9533,33.103622,4.162250,573.5,450,10.575,33.10362199999998,50.96972697657614,17.86610497657616,.539702,50.969736420845,43.32339412657331,7.64634229427169,.230982,Di 3. Mär 21:42:52 CET 2026
39,56.145524,3.24084915,7.9533,33.103622,4.162250,573.5,450,10.616,33.10362199999998,53.012237019338535,19.908615019338555,.601402,53.01224929692352,44.95121519502134,8.06103410190218,.243509,Di 3. Mär 21:43:04 CET 2026
36,51.826638,2.99155309,7.9533,33.103622,4.162250,573.5,450,10.616,33.10362199999998,50.96972697657614,17.86610497657616,.539702,50.96973647981331,43.342136337074905,7.627600142738405,.230415,Di 3. Mär 21:43:05 CET 2026
45,64.783297,3.73944133,7.9533,33.103622,4.162250,573.5,450,10.575,33.10362199999998,56.498825093517844,23.395203093517864,.706726,56.49884299542434,48.12122148001173,8.37762151541261,.253072,Di 3. Mär 21:43:17 CET 2026
42,60.464411,3.49014527,7.9533,33.103622,4.162250,573.5,450,10.616,33.10362199999998,54.85853088352939,21.75490888352941,.657176,54.85854602890217,46.33760641161001,8.52093961729216,.257402,Di 3. Mär 21:43:45 CET 2026
45,64.783297,3.73944133,7.9533,33.103622,4.162250,573.5,450,10.616,33.10362199999998,56.498825093517844,23.395203093517864,.706726,56.49884310808602,48.157592742247324,8.341250365838696,.251973,Di 3. Mär 21:43:49 CET 2026
0,0,0,7.9533,33.103622,4.162250,573.5,500,10.493,33.10362199999998,33.10362199999998,0,0,33.10362210624397,30.467518988650514,2.636103117593456,.079631,Di 3. Mär 22:34:39 CET 2026
3,4.318886,.24929606,7.9533,33.103622,4.162250,573.5,500,10.493,33.10362199999998,33.890571404857276,.786949404857296,.023772,33.89057156189077,31.04243828125543,2.84813328063534,.086036,Di 3. Mär 22:34:44 CET 2026
9,12.956659,.74788824,7.9533,33.103622,4.162250,573.5,500,10.493,33.10362199999998,35.711874651855275,2.608252651855295,.078790,35.71187498981456,32.34946527851557,3.36240971129899,.101572,Di 3. Mär 22:34:44 CET 2026
15,21.594432,1.24648042,7.9533,33.103622,4.162250,573.5,500,10.493,33.10362199999998,37.96875847758653,4.86513647758655,.146966,37.968759194918995,33.919761293214194,4.048997901704801,.122312,Di 3. Mär 22:34:47 CET 2026
12,17.275546,.99718436,7.9533,33.103622,4.162250,573.5,500,10.493,33.10362199999998,36.77629762729413,3.67267562729415,.110944,36.77629811853523,33.098917603875904,3.677380514659326,.111086,Di 3. Mär 22:34:49 CET 2026
18,25.913319,1.49577654,7.9533,33.103622,4.162250,573.5,500,10.493,33.10362199999998,39.31272626955996,6.20910426955998,.187565,39.312727327660674,34.83301588218849,4.479711445472184,.135323,Di 3. Mär 22:34:51 CET 2026
24,34.551092,1.99436872,7.9533,33.103622,4.162250,573.5,500,10.493,33.10362199999998,42.55407555835839,9.45045355835841,.285480,42.5540778144881,37.059876436717715,5.494201377770385,.165969,Di 3. Mär 22:34:53 CET 2026
6,8.637773,.49859218,7.9533,33.103622,4.162250,573.5,500,10.493,33.10362199999998,34.75548001572077,1.65185801572079,.049899,34.755480246576866,31.666763956871147,3.088716289705719,.093304,Di 3. Mär 22:34:56 CET 2026
0,0,0,7.9533,33.103622,4.162250,573.5,500,10.534,33.10362199999998,33.10362199999998,0,0,33.103622107172896,30.468727245431584,2.634894861741312,.079595,Di 3. Mär 22:34:56 CET 2026
27,38.869978,2.24366478,7.9533,33.103622,4.162250,573.5,500,10.493,33.10362199999998,44.48139729513049,11.37777529513051,.343701,44.48140060426301,38.387353116339696,6.094047487923314,.184090,Di 3. Mär 22:35:08 CET 2026
21,30.232205,1.74507260,7.9533,33.103622,4.162250,573.5,500,10.493,33.10362199999998,40.83367495839158,7.73005295839160,.233510,40.83367650399484,35.87666622583094,4.95701027816390,.149742,Di 3. Mär 22:35:09 CET 2026
30,43.188865,2.49296090,7.9533,33.103622,4.162250,573.5,500,10.493,33.10362199999998,46.58756096510125,13.48393896510127,.407325,46.58756577663042,39.898294702962424,6.689271073667996,.202070,Di 3. Mär 22:35:14 CET 2026
6,8.637773,.49859218,7.9533,33.103622,4.162250,573.5,500,10.534,33.10362199999998,34.75548001572077,1.65185801572079,.049899,34.755480248689736,31.668444904433663,3.087035344256073,.093253,Di 3. Mär 22:35:15 CET 2026
33,47.507751,2.74225697,7.9533,33.103622,4.162250,573.5,500,10.493,33.10362199999998,48.79097577350458,15.68735377350460,.473886,48.79098257494472,41.519482736033076,7.271499838911644,.219658,Di 3. Mär 22:35:19 CET 2026
3,4.318886,.24929606,7.9533,33.103622,4.162250,573.5,500,10.534,33.10362199999998,33.890571404857276,.786949404857296,.023772,33.890571563358534,31.043832530121964,2.846739033236570,.085994,Di 3. Mär 22:35:20 CET 2026
15,21.594432,1.24648042,7.9533,33.103622,4.162250,573.5,500,10.534,33.10362199999998,37.96875847758653,4.86513647758655,.146966,37.96875920315325,33.92337865311708,4.04538055003617,.122203,Di 3. Mär 22:35:26 CET 2026
9,12.956659,.74788824,7.9533,33.103622,4.162250,573.5,500,10.534,33.10362199999998,35.711874651855275,2.608252651855295,.078790,35.71187499258168,32.35175050724612,3.36012448533556,.101503,Di 3. Mär 22:35:28 CET 2026
12,17.275546,.99718436,7.9533,33.103622,4.162250,573.5,500,10.534,33.10362199999998,36.77629762729413,3.67267562729415,.110944,36.77629812182311,33.10177183092347,3.67452629089964,.111000,Di 3. Mär 22:35:35 CET 2026
39,56.145524,3.24084915,7.9533,33.103622,4.162250,573.5,500,10.493,33.10362199999998,53.012237019338535,19.908615019338555,.601402,53.01224899127981,44.928886584459796,8.083362406820014,.244183,Di 3. Mär 22:36:04 CET 2026
36,51.826638,2.99155309,7.9533,33.103622,4.162250,573.5,500,10.493,33.10362199999998,50.96972697657614,17.86610497657616,.539702,50.96973624233286,43.30138114771217,7.66835509462069,.231647,Di 3. Mär 22:36:08 CET 2026
18,25.913319,1.49577654,7.9533,33.103622,4.162250,573.5,500,10.534,33.10362199999998,39.31272626955996,6.20910426955998,.187565,39.31272733576577,34.837543702544515,4.475183633221255,.135187,Di 3. Mär 22:36:42 CET 2026
24,34.551092,1.99436872,7.9533,33.103622,4.162250,573.5,500,10.534,33.10362199999998,42.55407555835839,9.45045355835841,.285480,42.5540778376436,37.067381598840676,5.486696238802924,.165743,Di 3. Mär 22:36:47 CET 2026
45,64.783297,3.73944133,7.9533,33.103622,4.162250,573.5,500,10.493,33.10362199999998,56.498825093517844,23.395203093517864,.706726,56.49884273040854,48.08638662317689,8.41245610723165,.254124,Di 3. Mär 22:37:12 CET 2026
21,30.232205,1.74507260,7.9533,33.103622,4.162250,573.5,500,10.534,33.10362199999998,40.83367495839158,7.73005295839160,.233510,40.833676518793325,35.882327453989134,4.951349064804191,.149571,Di 3. Mär 22:37:19 CET 2026
42,60.464411,3.49014527,7.9533,33.103622,4.162250,573.5,500,10.493,33.10362199999998,54.85853088352939,21.75490888352941,.657176,54.85854560494024,46.29877888220042,8.55976672273982,.258574,Di 3. Mär 22:37:40 CET 2026
27,38.869978,2.24366478,7.9533,33.103622,4.162250,573.5,500,10.534,33.10362199999998,44.48139729513049,11.37777529513051,.343701,44.481400636146354,38.39650129778203,6.084899338364324,.183813,Di 3. Mär 22:38:37 CET 2026
30,43.188865,2.49296090,7.9533,33.103622,4.162250,573.5,500,10.534,33.10362199999998,46.58756096510125,13.48393896510127,.407325,46.587565817417364,39.90960112913706,6.677964688280304,.201729,Di 3. Mär 22:38:52 CET 2026
33,47.507751,2.74225697,7.9533,33.103622,4.162250,573.5,500,10.534,33.10362199999998,48.79097577350458,15.68735377350460,.473886,48.790982625474705,41.53365202309329,7.257330602381415,.219230,Di 3. Mär 22:39:33 CET 2026
0,0,0,7.9533,33.103622,4.162250,573.5,500,10.575,33.10362199999998,33.10362199999998,0,0,33.10362210806217,30.469877168674312,2.633744939387858,.079560,Di 3. Mär 23:28:34 CET 2026
12,17.275546,.99718436,7.9533,33.103622,4.162250,573.5,500,10.575,33.10362199999998,36.77629762729413,3.67267562729415,.110944,36.77629812494107,33.10459497993934,3.67170314500173,.110915,Di 3. Mär 23:28:37 CET 2026
9,12.956659,.74788824,7.9533,33.103622,4.162250,573.5,500,10.575,33.10362199999998,35.711874651855275,2.608252651855295,.078790,35.711874995215474,32.35399466779928,3.357880327416194,.101435,Di 3. Mär 23:28:37 CET 2026
3,4.318886,.24929606,7.9533,33.103622,4.162250,573.5,500,10.575,33.10362199999998,33.890571404857276,.786949404857296,.023772,33.89057156476685,31.045234840269476,2.845336724497374,.085952,Di 3. Mär 23:28:40 CET 2026
6,8.637773,.49859218,7.9533,33.103622,4.162250,573.5,500,10.575,33.10362199999998,34.75548001572077,1.65185801572079,.049899,34.75548025070138,31.670250443247937,3.085229807453443,.093199,Di 3. Mär 23:28:40 CET 2026
18,25.913319,1.49577654,7.9533,33.103622,4.162250,573.5,500,10.575,33.10362199999998,39.31272626955996,6.20910426955998,.187565,39.312727343563814,34.842034830598344,4.470692512965470,.135051,Di 3. Mär 23:28:45 CET 2026
15,21.594432,1.24648042,7.9533,33.103622,4.162250,573.5,500,10.575,33.10362199999998,37.96875847758653,4.86513647758655,.146966,37.96875921113538,33.92691749609523,4.04184171504015,.122096,Di 3. Mär 23:28:54 CET 2026
21,30.232205,1.74507260,7.9533,33.103622,4.162250,573.5,500,10.575,33.10362199999998,40.83367495839158,7.73005295839160,.233510,40.83367653307933,35.88797787479355,4.94569865828578,.149400,Di 3. Mär 23:29:00 CET 2026
36,51.826638,2.99155309,7.9533,33.103622,4.162250,573.5,500,10.534,33.10362199999998,50.96972697657614,17.86610497657616,.539702,50.9697363071279,43.32090589952908,7.64883040759882,.231057,Di 3. Mär 23:29:03 CET 2026
24,34.551092,1.99436872,7.9533,33.103622,4.162250,573.5,500,10.575,33.10362199999998,42.55407555835839,9.45045355835841,.285480,42.55407785979485,37.07466333844973,5.47941452134512,.165523,Di 3. Mär 23:29:15 CET 2026
30,43.188865,2.49296090,7.9533,33.103622,4.162250,573.5,500,10.575,33.10362199999998,46.58756096510125,13.48393896510127,.407325,46.58756585694785,39.92101370057189,6.66655215637596,.201384,Di 3. Mär 23:29:20 CET 2026
39,56.145524,3.24084915,7.9533,33.103622,4.162250,573.5,500,10.534,33.10362199999998,53.012237019338535,19.908615019338555,.601402,53.0122490807597,44.94220596882391,8.07004311193579,.243781,Di 3. Mär 23:29:20 CET 2026
42,60.464411,3.49014527,7.9533,33.103622,4.162250,573.5,500,10.534,33.10362199999998,54.85853088352939,21.75490888352941,.657176,54.85854573654013,46.321628460740904,8.536917275799226,.257884,Di 3. Mär 23:29:24 CET 2026
0,0,0,7.9533,33.103622,4.162250,573.5,500,10.616,33.10362199999998,33.10362199999998,0,0,33.10362210892273,30.471012215727725,2.632609893195005,.079526,Di 3. Mär 23:29:27 CET 2026
27,38.869978,2.24366478,7.9533,33.103622,4.162250,573.5,500,10.575,33.10362199999998,44.48139729513049,11.37777529513051,.343701,44.48140066737471,38.405746733244456,6.075653934130254,.183534,Di 3. Mär 23:29:27 CET 2026
36,51.826638,2.99155309,7.9533,33.103622,4.162250,573.5,500,10.575,33.10362199999998,50.96972697657614,17.86610497657616,.539702,50.969736368937575,43.33980533579195,7.629931033145625,.230486,Di 3. Mär 23:29:30 CET 2026
3,4.318886,.24929606,7.9533,33.103622,4.162250,573.5,500,10.616,33.10362199999998,33.890571404857276,.786949404857296,.023772,33.89057156612242,31.046641952999998,2.843929613122422,.085909,Di 3. Mär 23:29:46 CET 2026
45,64.783297,3.73944133,7.9533,33.103622,4.162250,573.5,500,10.534,33.10362199999998,56.498825093517844,23.395203093517864,.706726,56.49884285380075,48.12229377954284,8.37654907425791,.253040,Di 3. Mär 23:29:47 CET 2026
33,47.507751,2.74225697,7.9533,33.103622,4.162250,573.5,500,10.575,33.10362199999998,48.79097577350458,15.68735377350460,.473886,48.79098267450118,41.547570498568355,7.243412175932825,.218810,Di 3. Mär 23:29:48 CET 2026
6,8.637773,.49859218,7.9533,33.103622,4.162250,573.5,500,10.616,33.10362199999998,34.75548001572077,1.65185801572079,.049899,34.75548025266069,31.67198327276186,3.08349697989883,.093146,Di 3. Mär 23:29:59 CET 2026
9,12.956659,.74788824,7.9533,33.103622,4.162250,573.5,500,10.616,33.10362199999998,35.711874651855275,2.608252651855295,.078790,35.711874997776654,32.35618112591894,3.355693871857714,.101369,Di 3. Mär 23:30:25 CET 2026
39,56.145524,3.24084915,7.9533,33.103622,4.162250,573.5,500,10.575,33.10362199999998,53.012237019338535,19.908615019338555,.601402,53.012249165404704,44.955144853764104,8.057104311640600,.243390,Di 3. Mär 23:30:32 CET 2026
12,17.275546,.99718436,7.9533,33.103622,4.162250,573.5,500,10.616,33.10362199999998,36.77629762729413,3.67267562729415,.110944,36.77629812796974,33.10748607353877,3.66881205443097,.110828,Di 3. Mär 23:30:36 CET 2026
42,60.464411,3.49014527,7.9533,33.103622,4.162250,573.5,500,10.575,33.10362199999998,54.85853088352939,21.75490888352941,.657176,54.8585458634216,46.344731779731895,8.513814083689705,.257186,Di 3. Mär 23:31:03 CET 2026
15,21.594432,1.24648042,7.9533,33.103622,4.162250,573.5,500,10.616,33.10362199999998,37.96875847758653,4.86513647758655,.146966,37.96875921885639,33.930611678841196,4.038147540015194,.121985,Di 3. Mär 23:32:10 CET 2026
45,64.783297,3.73944133,7.9533,33.103622,4.162250,573.5,500,10.575,33.10362199999998,56.498825093517844,23.395203093517864,.706726,56.498842971961665,48.158424193757035,8.340418778204630,.251948,Di 3. Mär 23:33:02 CET 2026
18,25.913319,1.49577654,7.9533,33.103622,4.162250,573.5,500,10.616,33.10362199999998,39.31272626955996,6.20910426955998,.187565,39.31272735104137,34.84655964519781,4.46616770584356,.134914,Di 3. Mär 23:33:31 CET 2026
21,30.232205,1.74507260,7.9533,33.103622,4.162250,573.5,500,10.616,33.10362199999998,40.83367495839158,7.73005295839160,.233510,40.833676546889166,35.89375385626423,4.939922690624936,.149226,Di 3. Mär 23:34:10 CET 2026
12,17.275546,.99718436,7.9533,33.103622,4.162250,573.5,550,10.493,33.10362199999998,36.77629762729413,3.67267562729415,.110944,36.77629811635845,33.090732732843385,3.685565383515065,.111334,Mi 4. Mär 12:43:25 CET 2026
0,0,0,7.9533,33.103622,4.162250,573.5,550,10.534,33.10362199999998,33.10362199999998,0,0,33.10362210664613,30.467750872379632,2.635871234266498,.079624,Mi 4. Mär 12:43:25 CET 2026
9,12.956659,.74788824,7.9533,33.103622,4.162250,573.5,550,10.534,33.10362199999998,35.711874651855275,2.608252651855295,.078790,35.711874991015854,32.34561494340432,3.366260047611534,.101688,Mi 4. Mär 12:43:25 CET 2026
15,21.594432,1.24648042,7.9533,33.103622,4.162250,573.5,550,10.493,33.10362199999998,37.96875847758653,4.86513647758655,.146966,37.968759189966406,33.90951803384076,4.059241156125646,.122622,Mi 4. Mär 12:43:27 CET 2026
3,4.318886,.24929606,7.9533,33.103622,4.162250,573.5,550,10.493,33.10362199999998,33.890571404857276,.786949404857296,.023772,33.890571561133264,31.040060848426187,2.850510712707077,.086108,Mi 4. Mär 12:43:27 CET 2026
9,12.956659,.74788824,7.9533,33.103622,4.162250,573.5,550,10.493,33.10362199999998,35.711874651855275,2.608252651855295,.078790,35.71187498823094,32.343402175450386,3.368472812780554,.101755,Mi 4. Mär 12:43:27 CET 2026
6,8.637773,.49859218,7.9533,33.103622,4.162250,573.5,550,10.493,33.10362199999998,34.75548001572077,1.65185801572079,.049899,34.7554802454724,31.662648868920424,3.092831376551976,.093428,Mi 4. Mär 12:43:27 CET 2026
0,0,0,7.9533,33.103622,4.162250,573.5,550,10.493,33.10362199999998,33.10362199999998,0,0,33.10362210571816,30.466625496214224,2.636996609503936,.079658,Mi 4. Mär 12:43:28 CET 2026
24,34.551092,1.99436872,7.9533,33.103622,4.162250,573.5,500,10.616,33.10362199999998,42.55407555835839,9.45045355835841,.285480,42.55407788142086,37.08201805755234,5.47205982386852,.165300,Mi 4. Mär 12:43:30 CET 2026
6,8.637773,.49859218,7.9533,33.103622,4.162250,573.5,550,10.534,33.10362199999998,34.75548001572077,1.65185801572079,.049899,34.75548024758772,31.664381013237843,3.091099234349877,.093376,Mi 4. Mär 12:43:30 CET 2026
18,25.913319,1.49577654,7.9533,33.103622,4.162250,573.5,550,10.493,33.10362199999998,39.31272626955996,6.20910426955998,.187565,39.31272732173534,34.82272739888323,4.48999992285211,.135634,Mi 4. Mär 12:43:35 CET 2026
3,4.318886,.24929606,7.9533,33.103622,4.162250,573.5,550,10.534,33.10362199999998,33.890571404857276,.786949404857296,.023772,33.89057156260513,31.041476015616666,2.849095546988464,.086065,Mi 4. Mär 12:43:37 CET 2026
21,30.232205,1.74507260,7.9533,33.103622,4.162250,573.5,550,10.493,33.10362199999998,40.83367495839158,7.73005295839160,.233510,40.833676493159125,35.867781001688975,4.965895491470150,.150010,Mi 4. Mär 12:43:38 CET 2026
27,38.869978,2.24366478,7.9533,33.103622,4.162250,573.5,500,10.616,33.10362199999998,44.48139729513049,11.37777529513051,.343701,44.481400696862245,38.41495688844579,6.066443808416455,.183256,Mi 4. Mär 12:43:42 CET 2026
33,47.507751,2.74225697,7.9533,33.103622,4.162250,573.5,500,10.616,33.10362199999998,48.79097577350458,15.68735377350460,.473886,48.79098272161727,41.56150117927787,7.22948154233940,.218389,Mi 4. Mär 12:43:43 CET 2026
27,38.869978,2.24366478,7.9533,33.103622,4.162250,573.5,550,10.493,33.10362199999998,44.48139729513049,11.37777529513051,.343701,44.48140058037561,38.37495837488755,6.10644220548806,.184464,Mi 4. Mär 12:43:49 CET 2026
24,34.551092,1.99436872,7.9533,33.103622,4.162250,573.5,550,10.493,33.10362199999998,42.55407555835839,9.45045355835841,.285480,42.55407779728249,37.050644991699215,5.503432805583275,.166248,Mi 4. Mär 12:43:53 CET 2026
36,51.826638,2.99155309,7.9533,33.103622,4.162250,573.5,500,10.616,33.10362199999998,50.96972697657614,17.86610497657616,.539702,50.969736428476445,43.358613609548854,7.611122818927591,.229918,Mi 4. Mär 12:44:07 CET 2026
30,43.188865,2.49296090,7.9533,33.103622,4.162250,573.5,500,10.616,33.10362199999998,46.58756096510125,13.48393896510127,.407325,46.587565895018685,39.93250975673996,6.655056138278725,.201037,Mi 4. Mär 12:44:12 CET 2026
33,47.507751,2.74225697,7.9533,33.103622,4.162250,573.5,550,10.493,33.10362199999998,48.79097577350458,15.68735377350460,.473886,48.79098254361063,41.500907760042395,7.290074783568235,.220219,Mi 4. Mär 12:44:15 CET 2026
30,43.188865,2.49296090,7.9533,33.103622,4.162250,573.5,550,10.493,33.10362199999998,46.58756096510125,13.48393896510127,.407325,46.58756574784613,39.8833326137319,6.70423313411423,.202522,Mi 4. Mär 12:44:18 CET 2026
36,51.826638,2.99155309,7.9533,33.103622,4.162250,573.5,550,10.493,33.10362199999998,50.96972697657614,17.86610497657616,.539702,50.969736211496254,43.31899288418738,7.650743327308874,.231114,Mi 4. Mär 12:44:27 CET 2026
39,56.145524,3.24084915,7.9533,33.103622,4.162250,573.5,500,10.616,33.10362199999998,53.012237019338535,19.908615019338555,.601402,53.012249247387636,44.96802723111329,8.044222016274346,.243001,Mi 4. Mär 12:44:31 CET 2026
39,56.145524,3.24084915,7.9533,33.103622,4.162250,573.5,550,10.493,33.10362199999998,53.012237019338535,19.908615019338555,.601402,53.01224896265638,44.94735875479387,8.06489020786251,.243625,Mi 4. Mär 12:45:04 CET 2026
42,60.464411,3.49014527,7.9533,33.103622,4.162250,573.5,550,10.493,33.10362199999998,54.85853088352939,21.75490888352941,.657176,54.8585455814483,46.33274369653406,8.52580188491424,.257548,Mi 4. Mär 12:45:34 CET 2026
45,64.783297,3.73944133,7.9533,33.103622,4.162250,573.5,500,10.616,33.10362199999998,56.498825093517844,23.395203093517864,.706726,56.4988430848355,48.19444545763347,8.30439762720203,.250860,Mi 4. Mär 12:46:03 CET 2026
45,64.783297,3.73944133,7.9533,33.103622,4.162250,573.5,550,10.493,33.10362199999998,56.498825093517844,23.395203093517864,.706726,56.4988427159371,48.124941503083,8.3739012128541,.252960,Mi 4. Mär 12:46:11 CET 2026
42,60.464411,3.49014527,7.9533,33.103622,4.162250,573.5,500,10.616,33.10362199999998,54.85853088352939,21.75490888352941,.657176,54.85854598400254,46.36802530029436,8.49052068370818,.256483,Mi 4. Mär 12:46:26 CET 2026
0,0,0,7.9533,33.103622,4.162250,573.5,550,10.575,33.10362199999998,33.10362199999998,0,0,33.1036221075437,30.468878346575803,2.634743760967897,.079590,Mi 4. Mär 13:37:11 CET 2026
12,17.275546,.99718436,7.9533,33.103622,4.162250,573.5,550,10.534,33.10362199999998,36.77629762729413,3.67267562729415,.110944,36.776298119663636,33.09346215196806,3.682835967695576,.111251,Mi 4. Mär 13:37:17 CET 2026
18,25.913319,1.49577654,7.9533,33.103622,4.162250,573.5,550,10.534,33.10362199999998,39.31272626955996,6.20910426955998,.187565,39.31272732990415,34.827220125487585,4.485507204416565,.135498,Mi 4. Mär 13:37:23 CET 2026
6,8.637773,.49859218,7.9533,33.103622,4.162250,573.5,550,10.575,33.10362199999998,34.75548001572077,1.65185801572079,.049899,34.75548024960484,31.666141650876508,3.089338598728332,.093323,Mi 4. Mär 13:37:24 CET 2026
27,38.869978,2.24366478,7.9533,33.103622,4.162250,573.5,550,10.534,33.10362199999998,44.48139729513049,11.37777529513051,.343701,44.48140061279698,38.38405081224786,6.09734980054912,.184189,Mi 4. Mär 13:37:24 CET 2026
30,43.188865,2.49296090,7.9533,33.103622,4.162250,573.5,550,10.534,33.10362199999998,46.58756096510125,13.48393896510127,.407325,46.58756578905629,39.89498969065072,6.69257609840557,.202170,Mi 4. Mär 13:37:24 CET 2026
21,30.232205,1.74507260,7.9533,33.103622,4.162250,573.5,550,10.534,33.10362199999998,40.83367495839158,7.73005295839160,.233510,40.833676508027295,35.87339786267157,4.960278645355725,.149840,Mi 4. Mär 13:37:25 CET 2026
15,21.594432,1.24648042,7.9533,33.103622,4.162250,573.5,550,10.534,33.10362199999998,37.96875847758653,4.86513647758655,.146966,37.96875919824666,33.91305000870424,4.05570918954242,.122515,Mi 4. Mär 13:37:25 CET 2026
9,12.956659,.74788824,7.9533,33.103622,4.162250,573.5,550,10.575,33.10362199999998,35.711874651855275,2.608252651855295,.078790,35.711874993670996,32.34782061254276,3.364054381128236,.101621,Mi 4. Mär 13:37:32 CET 2026
12,17.275546,.99718436,7.9533,33.103622,4.162250,573.5,550,10.575,33.10362199999998,36.77629762729413,3.67267562729415,.110944,36.77629812280373,33.09628340496866,3.68001471783507,.111166,Mi 4. Mär 13:37:34 CET 2026
24,34.551092,1.99436872,7.9533,33.103622,4.162250,573.5,550,10.534,33.10362199999998,42.55407555835839,9.45045355835841,.285480,42.55407782049195,37.05812409369671,5.49595372679524,.166022,Mi 4. Mär 13:37:34 CET 2026
3,4.318886,.24929606,7.9533,33.103622,4.162250,573.5,550,10.575,33.10362199999998,33.890571404857276,.786949404857296,.023772,33.890571564015744,31.04292526871028,2.847646295305464,.086022,Mi 4. Mär 13:37:38 CET 2026
36,51.826638,2.99155309,7.9533,33.103622,4.162250,573.5,550,10.534,33.10362199999998,50.96972697657614,17.86610497657616,.539702,50.96973627644876,43.33854786703426,7.63118840941450,.230524,Mi 4. Mär 13:37:46 CET 2026
24,34.551092,1.99436872,7.9533,33.103622,4.162250,573.5,550,10.575,33.10362199999998,42.55407555835839,9.45045355835841,.285480,42.55407784288419,37.06545314145666,5.48862470142753,.165801,Mi 4. Mär 13:37:49 CET 2026
33,47.507751,2.74225697,7.9533,33.103622,4.162250,573.5,550,10.534,33.10362199999998,48.79097577350458,15.68735377350460,.473886,48.79098259518137,41.51524081394422,7.27574178123715,.219786,Mi 4. Mär 13:37:52 CET 2026
18,25.913319,1.49577654,7.9533,33.103622,4.162250,573.5,550,10.575,33.10362199999998,39.31272626955996,6.20910426955998,.187565,39.312727337731246,34.83168625357508,4.481041084156166,.135364,Mi 4. Mär 13:37:56 CET 2026
15,21.594432,1.24648042,7.9533,33.103622,4.162250,573.5,550,10.575,33.10362199999998,37.96875847758653,4.86513647758655,.146966,37.968759206252564,33.916702534690195,4.052056671562369,.122405,Mi 4. Mär 13:37:58 CET 2026
39,56.145524,3.24084915,7.9533,33.103622,4.162250,573.5,550,10.534,33.10362199999998,53.012237019338535,19.908615019338555,.601402,53.012249051698554,44.960334502974575,8.051914548723979,.243233,Mi 4. Mär 13:38:16 CET 2026
21,30.232205,1.74507260,7.9533,33.103622,4.162250,573.5,550,10.575,33.10362199999998,40.83367495839158,7.73005295839160,.233510,40.83367652241488,35.878973277444764,4.954703244970116,.149672,Mi 4. Mär 13:38:30 CET 2026
30,43.188865,2.49296090,7.9533,33.103622,4.162250,573.5,550,10.575,33.10362199999998,46.58756096510125,13.48393896510127,.407325,46.58756582859237,39.90642854698461,6.68113728160776,.201824,Mi 4. Mär 13:38:39 CET 2026
27,38.869978,2.24366478,7.9533,33.103622,4.162250,573.5,550,10.575,33.10362199999998,44.48139729513049,11.37777529513051,.343701,44.48140064389847,38.39298258181598,6.08841806208249,.183919,Mi 4. Mär 13:38:57 CET 2026
42,60.464411,3.49014527,7.9533,33.103622,4.162250,573.5,550,10.534,33.10362199999998,54.85853088352939,21.75490888352941,.657176,54.858545712725665,46.356005251281196,8.502540461444469,.256846,Mi 4. Mär 13:39:27 CET 2026
45,64.783297,3.73944133,7.9533,33.103622,4.162250,573.5,550,10.534,33.10362199999998,56.498825093517844,23.395203093517864,.706726,56.49884283927259,48.16084428918619,8.33799855008640,.251875,Mi 4. Mär 13:39:31 CET 2026
36,51.826638,2.99155309,7.9533,33.103622,4.162250,573.5,550,10.575,33.10362199999998,50.96972697657614,17.86610497657616,.539702,50.969736338597194,43.35787339785504,7.611862940742154,.229940,Mi 4. Mär 13:41:28 CET 2026
33,47.507751,2.74225697,7.9533,33.103622,4.162250,573.5,550,10.575,33.10362199999998,48.79097577350458,15.68735377350460,.473886,48.790982644038806,41.529443229563974,7.261539414474832,.219357,Mi 4. Mär 13:41:41 CET 2026
45,64.783297,3.73944133,7.9533,33.103622,4.162250,573.5,550,10.575,33.10362199999998,56.498825093517844,23.395203093517864,.706726,56.49884295753057,48.19673196065745,8.30211099687312,.250791,Mi 4. Mär 13:42:23 CET 2026
39,56.145524,3.24084915,7.9533,33.103622,4.162250,573.5,550,10.575,33.10362199999998,53.012237019338535,19.908615019338555,.601402,53.01224913734225,44.97337667735759,8.03887245998466,.242839,Mi 4. Mär 13:42:28 CET 2026
42,60.464411,3.49014527,7.9533,33.103622,4.162250,573.5,550,10.575,33.10362199999998,54.85853088352939,21.75490888352941,.657176,54.85854583886724,46.37919261889169,8.47935321997555,.256145,Mi 4. Mär 13:42:30 CET 2026
15,21.594432,1.24648042,7.9533,33.103622,4.162250,573.5,550,10.616,33.10362199999998,37.96875847758653,4.86513647758655,.146966,37.968759214046074,33.92019662466657,4.048562589379504,.122299,Mi 4. Mär 14:31:03 CET 2026
0,0,0,7.9533,33.103622,4.162250,573.5,550,10.616,33.10362199999998,33.10362199999998,0,0,33.103622108400735,30.470011015008048,2.633611093392687,.079556,Mi 4. Mär 14:31:05 CET 2026
6,8.637773,.49859218,7.9533,33.103622,4.162250,573.5,550,10.616,33.10362199999998,34.75548001572077,1.65185801572079,.049899,34.75548025157186,31.66785022894115,3.08763002263071,.093271,Mi 4. Mär 14:31:08 CET 2026
12,17.275546,.99718436,7.9533,33.103622,4.162250,573.5,550,10.616,33.10362199999998,36.77629762729413,3.67267562729415,.110944,36.77629812584244,33.09909895959611,3.67719916624633,.111081,Mi 4. Mär 14:31:16 CET 2026
24,34.551092,1.99436872,7.9533,33.103622,4.162250,573.5,550,10.616,33.10362199999998,42.55407555835839,9.45045355835841,.285480,42.55407786459824,37.07282754407037,5.48125032052787,.165578,Mi 4. Mär 14:31:19 CET 2026
3,4.318886,.24929606,7.9533,33.103622,4.162250,573.5,550,10.616,33.10362199999998,33.890571404857276,.786949404857296,.023772,33.89057156537112,31.044237372262373,2.846334193108747,.085982,Mi 4. Mär 14:31:22 CET 2026
18,25.913319,1.49577654,7.9533,33.103622,4.162250,573.5,550,10.616,33.10362199999998,39.31272626955996,6.20910426955998,.187565,39.312727345245946,34.83627762697032,4.476449718275626,.135225,Mi 4. Mär 14:31:24 CET 2026
9,12.956659,.74788824,7.9533,33.103622,4.162250,573.5,550,10.616,33.10362199999998,35.711874651855275,2.608252651855295,.078790,35.71187499622361,32.34998745241139,3.36188754381222,.101556,Mi 4. Mär 14:31:25 CET 2026
21,30.232205,1.74507260,7.9533,33.103622,4.162250,573.5,550,10.616,33.10362199999998,40.83367495839158,7.73005295839160,.233510,40.833676536345685,35.88456457879783,4.949111957547855,.149503,Mi 4. Mär 14:31:37 CET 2026
30,43.188865,2.49296090,7.9533,33.103622,4.162250,573.5,550,10.616,33.10362199999998,46.58756096510125,13.48393896510127,.407325,46.587565866922844,39.917717104302966,6.669848762619878,.201483,Mi 4. Mär 14:31:38 CET 2026
27,38.869978,2.24366478,7.9533,33.103622,4.162250,573.5,550,10.616,33.10362199999998,44.48139729513049,11.37777529513051,.343701,44.481400673653916,38.40219579719934,6.079204876454576,.183641,Mi 4. Mär 14:31:39 CET 2026
33,47.507751,2.74225697,7.9533,33.103622,4.162250,573.5,550,10.616,33.10362199999998,48.79097577350458,15.68735377350460,.473886,48.79098269123092,41.54340608006883,7.24757661116209,.218936,Mi 4. Mär 14:31:54 CET 2026
36,51.826638,2.99155309,7.9533,33.103622,4.162250,573.5,550,10.616,33.10362199999998,50.96972697657614,17.86610497657616,.539702,50.96973639827215,43.37695984776674,7.59277655050541,.229363,Mi 4. Mär 14:31:54 CET 2026
0,0,0,9.0267,36.018897,3.990262,573.5,450,10.493,36.01889700000001,36.01889700000001,0,0,36.0188973548339,32.591860561457246,3.427036793376654,.095145,Mi 4. Mär 14:32:16 CET 2026
9,11.908019,.74788826,9.0267,36.018897,3.990262,573.5,450,10.493,36.01889700000001,38.856845636835565,2.837948636835555,.078790,38.85684655808339,34.556336175115376,4.300510382968014,.119395,Mi 4. Mär 14:32:42 CET 2026
6,7.938679,.49859215,9.0267,36.018897,3.990262,573.5,450,10.493,36.01889700000001,37.8162255960778,1.79732859607779,.049899,37.81622627368603,33.84090800638358,3.97531826730245,.110367,Mi 4. Mär 14:32:44 CET 2026
42,60.464411,3.49014527,7.9533,33.103622,4.162250,573.5,550,10.616,33.10362199999998,54.85853088352939,21.75490888352941,.657176,54.858545960751044,46.40303034416522,8.455515616585824,.255425,Mi 4. Mär 14:32:56 CET 2026
39,56.145524,3.24084915,7.9533,33.103622,4.162250,573.5,550,10.616,33.10362199999998,53.012237019338535,19.908615019338555,.601402,53.01224921954022,44.98626394493408,8.02598527460614,.242450,Mi 4. Mär 14:32:56 CET 2026
3,3.969339,.24929604,9.0267,36.018897,3.990262,573.5,450,10.493,36.01889700000001,36.87514915035943,.85625215035942,.023772,36.87514964374094,33.19170473800325,3.68344490573769,.102264,Mi 4. Mär 14:32:56 CET 2026
45,64.783297,3.73944133,7.9533,33.103622,4.162250,573.5,550,10.616,33.10362199999998,56.498825093517844,23.395203093517864,.706726,56.49884307036389,48.23270145769132,8.26614161267257,.249705,Mi 4. Mär 14:33:03 CET 2026
12,15.877358,.99718430,9.0267,36.018897,3.990262,573.5,450,10.493,36.01889700000001,40.01500630067212,3.99610930067211,.110944,40.015007570782856,35.35853659954111,4.656470971241746,.129278,Mi 4. Mär 14:33:14 CET 2026
15,19.846698,1.24648041,9.0267,36.018897,3.990262,573.5,450,10.493,36.01889700000001,41.31248136214163,5.29358436214162,.146966,41.31248312583626,36.25086855166337,5.06161457417289,.140526,Mi 4. Mär 14:34:25 CET 2026
18,23.816038,1.49577652,9.0267,36.018897,3.990262,573.5,450,10.493,36.01889700000001,42.77480630856828,6.75590930856827,.187565,42.77480868738143,37.241721949611524,5.533086737769906,.153616,Mi 4. Mär 14:34:47 CET 2026
24,31.754717,1.99436867,9.0267,36.018897,3.990262,573.5,450,10.493,36.01889700000001,46.301603540882894,10.282706540882884,.285480,46.301608014719115,39.74249567142758,6.559112343291535,.182101,Mi 4. Mär 14:37:57 CET 2026
21,27.785378,1.74507263,9.0267,36.018897,3.990262,573.5,450,10.493,36.01889700000001,44.42969694639882,8.41079994639881,.233510,44.429700210563745,38.39860387334166,6.031096337222085,.167442,Mi 4. Mär 14:37:59 CET 2026
27,35.724057,2.24366478,9.0267,36.018897,3.990262,573.5,450,10.493,36.01889700000001,48.398655591531025,12.379758591531015,.343701,48.398661702893214,41.2759624243874,7.122699278505814,.197748,Mi 4. Mär 14:38:31 CET 2026
30,39.693397,2.49296089,9.0267,36.018897,3.990262,573.5,450,10.493,36.01889700000001,50.690294767619605,14.671397767619595,.407325,50.69030303509337,43.2852397220624,7.40506331303097,.205588,Mi 4. Mär 14:38:51 CET 2026
33,43.662737,2.74225700,9.0267,36.018897,3.990262,573.5,450,10.493,36.01889700000001,53.08775918417492,17.06886218417491,.473886,53.08777013787764,44.87483970023155,8.21293043764609,.228017,Mi 4. Mär 14:39:02 CET 2026
0,0,0,9.0267,36.018897,3.990262,573.5,450,10.534,36.01889700000001,36.01889700000001,0,0,36.018897357169955,32.59415576664399,3.424741590525965,.095081,Mi 4. Mär 15:26:08 CET 2026
9,11.908019,.74788826,9.0267,36.018897,3.990262,573.5,450,10.534,36.01889700000001,38.856845636835565,2.837948636835555,.078790,38.856846567197124,34.56041266341678,4.296433903780344,.119282,Mi 4. Mär 15:26:15 CET 2026
6,7.938679,.49859215,9.0267,36.018897,3.990262,573.5,450,10.534,36.01889700000001,37.8162255960778,1.79732859607779,.049899,37.8162262781336,33.84434390059139,3.97188237754221,.110272,Mi 4. Mär 15:26:18 CET 2026
36,47.632076,2.99155304,9.0267,36.018897,3.990262,573.5,450,10.493,36.01889700000001,55.45838080981401,19.43948380981400,.539702,55.458394895568,46.59555810619352,8.86283678937448,.246060,Mi 4. Mär 15:26:23 CET 2026
3,3.969339,.24929604,9.0267,36.018897,3.990262,573.5,450,10.534,36.01889700000001,36.87514915035943,.85625215035942,.023772,36.87514964712152,33.19450398354284,3.68064566357868,.102186,Mi 4. Mär 15:26:24 CET 2026
18,23.816038,1.49577652,9.0267,36.018897,3.990262,573.5,450,10.534,36.01889700000001,42.77480630856828,6.75590930856827,.187565,42.77480871294103,37.249078173024714,5.525730539916316,.153411,Mi 4. Mär 15:26:24 CET 2026
15,19.846698,1.24648041,9.0267,36.018897,3.990262,573.5,450,10.534,36.01889700000001,41.31248136214163,5.29358436214162,.146966,41.31248313957926,36.257075471902866,5.055407667676394,.140354,Mi 4. Mär 15:26:30 CET 2026
42,55.570756,3.49014526,9.0267,36.018897,3.990262,573.5,450,10.493,36.01889700000001,59.68965352263672,23.67075652263671,.657176,59.68967447432506,52.56125423181187,7.12842024251319,.197907,Mi 4. Mär 15:26:36 CET 2026
12,15.877358,.99718430,9.0267,36.018897,3.990262,573.5,450,10.534,36.01889700000001,40.01500630067212,3.99610930067211,.110944,40.01500758453784,35.36343647388659,4.65157111065125,.129142,Mi 4. Mär 15:26:36 CET 2026
24,31.754717,1.99436867,9.0267,36.018897,3.990262,573.5,450,10.534,36.01889700000001,46.301603540882894,10.282706540882884,.285480,46.301608047389045,39.75356877546155,6.548039271927495,.181794,Mi 4. Mär 15:26:44 CET 2026
39,51.601416,3.24084915,9.0267,36.018897,3.990262,573.5,450,10.493,36.01889700000001,57.68076922637326,21.66187222637325,.601402,57.680786726129426,49.2686499839192,8.412136742210226,.233547,Mi 4. Mär 15:26:50 CET 2026
45,59.540096,3.73944137,9.0267,36.018897,3.990262,573.5,450,10.493,36.01889700000001,61.47438248222683,25.45548548222682,.706725,61.47440686851464,55.77450736199942,5.69989950651522,.158247,Mi 4. Mär 15:27:01 CET 2026
21,27.785378,1.74507263,9.0267,36.018897,3.990262,573.5,450,10.534,36.01889700000001,44.42969694639882,8.41079994639881,.233510,44.4297002322923,38.407566713132084,6.022133519160216,.167193,Mi 4. Mär 15:27:02 CET 2026
0,0,0,9.0267,36.018897,3.990262,573.5,450,10.575,36.01889700000001,36.01889700000001,0,0,36.01889735940601,32.596422062999515,3.422475296406495,.095018,Mi 4. Mär 15:27:08 CET 2026
30,39.693397,2.49296089,9.0267,36.018897,3.990262,573.5,450,10.534,36.01889700000001,50.690294767619605,14.671397767619595,.407325,50.69030309020922,43.29484480910762,7.39545828110160,.205321,Mi 4. Mär 15:27:34 CET 2026
27,35.724057,2.24366478,9.0267,36.018897,3.990262,573.5,450,10.534,36.01889700000001,48.398655591531025,12.379758591531015,.343701,48.39866174698168,41.289175277801796,7.109486469179884,.197382,Mi 4. Mär 15:27:34 CET 2026
33,43.662737,2.74225700,9.0267,36.018897,3.990262,573.5,450,10.534,36.01889700000001,53.08775918417492,17.06886218417491,.473886,53.08777020460357,44.886655954769225,8.201114249834345,.227689,Mi 4. Mär 15:27:37 CET 2026
36,47.632076,2.99155304,9.0267,36.018897,3.990262,573.5,450,10.534,36.01889700000001,55.45838080981401,19.43948380981400,.539702,55.45839497848309,46.62086264447581,8.83753233400728,.245358,Mi 4. Mär 15:27:58 CET 2026
3,3.969339,.24929604,9.0267,36.018897,3.990262,573.5,450,10.575,36.01889700000001,36.87514915035943,.85625215035942,.023772,36.87514965033858,33.19732654560883,3.67782310472975,.102108,Mi 4. Mär 15:28:15 CET 2026
39,51.601416,3.24084915,9.0267,36.018897,3.990262,573.5,450,10.534,36.01889700000001,57.68076922637326,21.66187222637325,.601402,57.68078683725234,49.31468132353321,8.36610551371913,.232269,Mi 4. Mär 15:28:41 CET 2026
45,59.540096,3.73944137,9.0267,36.018897,3.990262,573.5,450,10.534,36.01889700000001,61.47438248222683,25.45548548222682,.706725,61.47440701276754,55.82414884410316,5.65025816866438,.156869,Mi 4. Mär 15:28:42 CET 2026
42,55.570756,3.49014526,9.0267,36.018897,3.990262,573.5,450,10.534,36.01889700000001,59.68965352263672,23.67075652263671,.657176,59.689674631637345,52.61817270449148,7.071501927145865,.196327,Mi 4. Mär 15:28:46 CET 2026
6,7.938679,.49859215,9.0267,36.018897,3.990262,573.5,450,10.575,36.01889700000001,37.8162255960778,1.79732859607779,.049899,37.81622628234787,33.84767049601351,3.96855578633436,.110179,Mi 4. Mär 15:29:41 CET 2026
15,19.846698,1.24648041,9.0267,36.018897,3.990262,573.5,450,10.575,36.01889700000001,41.31248136214163,5.29358436214162,.146966,41.31248315267178,36.26309958272742,5.04938356994436,.140187,Mi 4. Mär 15:33:29 CET 2026
12,15.877358,.99718430,9.0267,36.018897,3.990262,573.5,450,10.575,36.01889700000001,40.01500630067212,3.99610930067211,.110944,40.015007597783686,35.368240839258426,4.646766758525260,.129009,Mi 4. Mär 15:33:31 CET 2026
9,11.908019,.74788826,9.0267,36.018897,3.990262,573.5,450,10.575,36.01889700000001,38.856845636835565,2.837948636835555,.078790,38.85684657928427,34.56446327997195,4.29238329931232,.119170,Mi 4. Mär 15:33:46 CET 2026
18,23.816038,1.49577652,9.0267,36.018897,3.990262,573.5,450,10.575,36.01889700000001,42.77480630856828,6.75590930856827,.187565,42.77480873762457,37.256473355310845,5.518335382313725,.153206,Mi 4. Mär 15:34:16 CET 2026
21,27.785378,1.74507263,9.0267,36.018897,3.990262,573.5,450,10.575,36.01889700000001,44.42969694639882,8.41079994639881,.233510,44.42970025306586,38.41653444582848,6.01316580723738,.166944,Mi 4. Mär 15:36:02 CET 2026
9,11.908019,.74788826,9.0267,36.018897,3.990262,573.5,450,10.616,36.01889700000001,38.856845636835565,2.837948636835555,.078790,38.85684659094448,34.5684849592856,4.28836163165888,.119058,Do 5. Mär 00:29:48 CET 2026
12,15.877358,.99718430,9.0267,36.018897,3.990262,573.5,450,10.616,36.01889700000001,40.01500630067212,3.99610930067211,.110944,40.01500761060263,35.3730619529418,4.64194565766083,.128875,Do 5. Mär 00:29:51 CET 2026
0,0,0,9.0267,36.018897,3.990262,573.5,450,10.616,36.01889700000001,36.01889700000001,0,0,36.01889736218831,32.598660101046946,3.420237261141364,.094956,Do 5. Mär 00:29:52 CET 2026
6,7.938679,.49859215,9.0267,36.018897,3.990262,573.5,450,10.616,36.01889700000001,37.8162255960778,1.79732859607779,.049899,37.81622628729001,33.85099904028538,3.96522724700463,.110087,Do 5. Mär 00:29:53 CET 2026
6,7.938679,.49859215,9.0267,36.018897,3.990262,573.5,500,10.493,36.01889700000001,37.8162255960778,1.79732859607779,.049899,37.81622626886405,33.83779438255436,3.97843188630969,.110454,Do 5. Mär 00:29:55 CET 2026
9,11.908019,.74788826,9.0267,36.018897,3.990262,573.5,500,10.493,36.01889700000001,38.856845636835565,2.837948636835555,.078790,38.85684655147528,34.55078755537207,4.30605899610321,.119549,Do 5. Mär 00:29:56 CET 2026
24,31.754717,1.99436867,9.0267,36.018897,3.990262,573.5,450,10.575,36.01889700000001,46.301603540882894,10.282706540882884,.285480,46.30160807895153,39.76495552245032,6.53665255650121,.181478,Do 5. Mär 00:29:57 CET 2026
0,0,0,9.0267,36.018897,3.990262,573.5,500,10.493,36.01889700000001,36.01889700000001,0,0,36.018897352882206,32.593067624697134,3.425829728185072,.095112,Do 5. Mär 00:29:57 CET 2026
18,23.816038,1.49577652,9.0267,36.018897,3.990262,573.5,450,10.616,36.01889700000001,42.77480630856828,6.75590930856827,.187565,42.77480876164405,37.26369071701907,5.51111804462498,.153006,Do 5. Mär 00:29:59 CET 2026
36,47.632076,2.99155304,9.0267,36.018897,3.990262,573.5,450,10.575,36.01889700000001,55.45838080981401,19.43948380981400,.539702,55.458395056918306,46.646244441863885,8.812150615054421,.244653,Do 5. Mär 00:30:01 CET 2026
24,31.754717,1.99436867,9.0267,36.018897,3.990262,573.5,450,10.616,36.01889700000001,46.301603540882894,10.282706540882884,.285480,46.30160810905691,39.77610449403623,6.52550361502068,.181168,Do 5. Mär 00:30:01 CET 2026
3,3.969339,.24929604,9.0267,36.018897,3.990262,573.5,500,10.493,36.01889700000001,36.87514915035943,.85625215035942,.023772,36.87514964052906,33.190990282199074,3.684159358329986,.102284,Do 5. Mär 00:30:02 CET 2026
15,19.846698,1.24648041,9.0267,36.018897,3.990262,573.5,450,10.616,36.01889700000001,41.31248136214163,5.29358436214162,.146966,41.31248316530094,36.26896353362061,5.04351963168033,.140024,Do 5. Mär 00:30:03 CET 2026
27,35.724057,2.24366478,9.0267,36.018897,3.990262,573.5,450,10.575,36.01889700000001,48.398655591531025,12.379758591531015,.343701,48.398661789121846,41.30250604765169,7.096155741470156,.197012,Do 5. Mär 00:30:06 CET 2026
30,39.693397,2.49296089,9.0267,36.018897,3.990262,573.5,450,10.616,36.01889700000001,50.690294767619605,14.671397767619595,.407325,50.690303193143855,43.31404193538451,7.376261257759345,.204788,Do 5. Mär 00:30:11 CET 2026
27,35.724057,2.24366478,9.0267,36.018897,3.990262,573.5,450,10.616,36.01889700000001,48.398655591531025,12.379758591531015,.343701,48.398661829850624,41.31594321927033,7.082718610580294,.196638,Do 5. Mär 00:30:14 CET 2026
30,39.693397,2.49296089,9.0267,36.018897,3.990262,573.5,450,10.575,36.01889700000001,50.690294767619605,14.671397767619595,.407325,50.690303142607014,43.304468895826886,7.385834246780128,.205054,Do 5. Mär 00:30:14 CET 2026
3,3.969339,.24929604,9.0267,36.018897,3.990262,573.5,450,10.616,36.01889700000001,36.87514915035943,.85625215035942,.023772,36.87514965340766,33.200049928114524,3.675099725293136,.102032,Do 5. Mär 00:30:19 CET 2026
39,51.601416,3.24084915,9.0267,36.018897,3.990262,573.5,450,10.616,36.01889700000001,57.68076922637326,21.66187222637325,.601402,57.680787043821326,49.40618543477769,8.274601609043636,.229729,Do 5. Mär 00:30:23 CET 2026
42,55.570756,3.49014526,9.0267,36.018897,3.990262,573.5,450,10.575,36.01889700000001,59.68965352263672,23.67075652263671,.657176,59.68967478331588,52.675019069498745,7.014655713817135,.194749,Do 5. Mär 00:30:27 CET 2026
45,59.540096,3.73944137,9.0267,36.018897,3.990262,573.5,450,10.575,36.01889700000001,61.47438248222683,25.45548548222682,.706725,61.47440715059508,55.8726901523762,5.60171699821888,.155521,Do 5. Mär 00:30:29 CET 2026
33,43.662737,2.74225700,9.0267,36.018897,3.990262,573.5,450,10.575,36.01889700000001,53.08775918417492,17.06886218417491,.473886,53.08777026810917,44.89842180499327,8.18934846311590,.227362,Do 5. Mär 00:30:32 CET 2026
33,43.662737,2.74225700,9.0267,36.018897,3.990262,573.5,450,10.616,36.01889700000001,53.08775918417492,17.06886218417491,.473886,53.08777032893547,44.910120360796256,8.177649968139214,.227037,Do 5. Mär 00:30:42 CET 2026
36,47.632076,2.99155304,9.0267,36.018897,3.990262,573.5,450,10.616,36.01889700000001,55.45838080981401,19.43948380981400,.539702,55.45839514884037,46.67217637141364,8.78621877742673,.243933,Do 5. Mär 00:30:43 CET 2026
21,27.785378,1.74507263,9.0267,36.018897,3.990262,573.5,450,10.616,36.01889700000001,44.42969694639882,8.41079994639881,.233510,44.42970027296101,38.42554914241908,6.00415113054193,.166694,Do 5. Mär 00:30:57 CET 2026
45,59.540096,3.73944137,9.0267,36.018897,3.990262,573.5,450,10.616,36.01889700000001,61.47438248222683,25.45548548222682,.706725,61.4744072819884,55.92041369656418,5.55399358542422,.154196,Do 5. Mär 00:31:10 CET 2026
42,55.570756,3.49014526,9.0267,36.018897,3.990262,573.5,450,10.616,36.01889700000001,59.68965352263672,23.67075652263671,.657176,59.68967492760473,52.73111310867721,6.95856181892752,.193191,Do 5. Mär 00:31:37 CET 2026
39,51.601416,3.24084915,9.0267,36.018897,3.990262,573.5,450,10.575,36.01889700000001,57.68076922637326,21.66187222637325,.601402,57.68078694279793,49.36053701856083,8.32024992423710,.230996,Do 5. Mär 00:32:29 CET 2026
12,15.877358,.99718430,9.0267,36.018897,3.990262,573.5,500,10.493,36.01889700000001,40.01500630067212,3.99610930067211,.110944,40.01500755460988,35.350021865114726,4.664985689495154,.129514,Do 5. Mär 01:25:10 CET 2026
18,23.816038,1.49577652,9.0267,36.018897,3.990262,573.5,500,10.493,36.01889700000001,42.77480630856828,6.75590930856827,.187565,42.77480865426562,37.223740969627045,5.551067684638575,.154115,Do 5. Mär 01:25:12 CET 2026
15,19.846698,1.24648041,9.0267,36.018897,3.990262,573.5,500,10.493,36.01889700000001,41.31248136214163,5.29358436214162,.146966,41.31248310770667,36.23818849283894,5.07429461486773,.140878,Do 5. Mär 01:25:15 CET 2026
0,0,0,9.0267,36.018897,3.990262,573.5,500,10.534,36.01889700000001,36.01889700000001,0,0,36.018897355269694,32.595310731997586,3.423586623272108,.095049,Do 5. Mär 01:25:17 CET 2026
30,39.693397,2.49296089,9.0267,36.018897,3.990262,573.5,500,10.493,36.01889700000001,50.690294767619605,14.671397767619595,.407325,50.69030298739378,43.285477636262556,7.404825351131224,.205581,Do 5. Mär 01:25:18 CET 2026
24,31.754717,1.99436867,9.0267,36.018897,3.990262,573.5,500,10.493,36.01889700000001,46.301603540882894,10.282706540882884,.285480,46.30160797298823,39.72361061240014,6.57799736058809,.182626,Do 5. Mär 01:25:18 CET 2026
6,7.938679,.49859215,9.0267,36.018897,3.990262,573.5,500,10.534,36.01889700000001,37.8162255960778,1.79732859607779,.049899,37.816226273396566,33.8411115608546,3.975114712541966,.110361,Do 5. Mär 01:25:19 CET 2026
12,15.877358,.99718430,9.0267,36.018897,3.990262,573.5,500,10.534,36.01889700000001,40.01500630067212,3.99610930067211,.110944,40.015007568578994,35.35488885293756,4.660118715641434,.129379,Do 5. Mär 01:25:21 CET 2026
9,11.908019,.74788826,9.0267,36.018897,3.990262,573.5,500,10.534,36.01889700000001,38.856845636835565,2.837948636835555,.078790,38.85684655691123,34.55463465243246,4.30221190447877,.119443,Do 5. Mär 01:25:22 CET 2026
3,3.969339,.24929604,9.0267,36.018897,3.990262,573.5,500,10.534,36.01889700000001,36.87514915035943,.85625215035942,.023772,36.87514964396924,33.193665852369115,3.681483791600125,.102209,Do 5. Mär 01:25:22 CET 2026
15,19.846698,1.24648041,9.0267,36.018897,3.990262,573.5,500,10.534,36.01889700000001,41.31248136214163,5.29358436214162,.146966,41.31248312174068,36.24416212165561,5.06832100008507,.140712,Do 5. Mär 01:25:23 CET 2026
33,43.662737,2.74225700,9.0267,36.018897,3.990262,573.5,500,10.493,36.01889700000001,53.08775918417492,17.06886218417491,.473886,53.08777010428159,44.87170170936657,8.21606839491502,.228104,Do 5. Mär 01:25:25 CET 2026
18,23.816038,1.49577652,9.0267,36.018897,3.990262,573.5,500,10.534,36.01889700000001,42.77480630856828,6.75590930856827,.187565,42.77480868038112,37.23106838039146,5.54374029998966,.153911,Do 5. Mär 01:25:29 CET 2026
45,59.540096,3.73944137,9.0267,36.018897,3.990262,573.5,500,10.493,36.01889700000001,61.47438248222683,25.45548548222682,.706725,61.474407000389505,55.90590250414057,5.568504496248935,.154599,Do 5. Mär 01:25:29 CET 2026
36,47.632076,2.99155304,9.0267,36.018897,3.990262,573.5,500,10.493,36.01889700000001,55.45838080981401,19.43948380981400,.539702,55.45839488688368,46.600817444955595,8.857577441928085,.245914,Do 5. Mär 01:25:33 CET 2026
27,35.724057,2.24366478,9.0267,36.018897,3.990262,573.5,500,10.493,36.01889700000001,48.398655591531025,12.379758591531015,.343701,48.39866165337646,41.256358988876926,7.142302664499534,.198293,Do 5. Mär 01:25:35 CET 2026
21,27.785378,1.74507263,9.0267,36.018897,3.990262,573.5,500,10.493,36.01889700000001,44.42969694639882,8.41079994639881,.233510,44.4297001805133,38.380066578287995,6.049633602225305,.167957,Do 5. Mär 01:25:42 CET 2026
24,31.754717,1.99436867,9.0267,36.018897,3.990262,573.5,500,10.534,36.01889700000001,46.301603540882894,10.282706540882884,.285480,46.301608006448184,39.73475213440272,6.566855872045464,.182316,Do 5. Mär 01:25:45 CET 2026
21,27.785378,1.74507263,9.0267,36.018897,3.990262,573.5,500,10.534,36.01889700000001,44.42969694639882,8.41079994639881,.233510,44.429700202782705,38.38907192081407,6.040628281968635,.167707,Do 5. Mär 01:25:49 CET 2026
36,47.632076,2.99155304,9.0267,36.018897,3.990262,573.5,500,10.534,36.01889700000001,55.45838080981401,19.43948380981400,.539702,55.45839497203594,46.626162682498716,8.832232289537224,.245211,Do 5. Mär 01:26:03 CET 2026
39,51.601416,3.24084915,9.0267,36.018897,3.990262,573.5,500,10.493,36.01889700000001,57.68076922637326,21.66187222637325,.601402,57.680786748961836,49.31461494174894,8.366171807212896,.232271,Do 5. Mär 01:26:08 CET 2026
30,39.693397,2.49296089,9.0267,36.018897,3.990262,573.5,500,10.534,36.01889700000001,50.690294767619605,14.671397767619595,.407325,50.690303043973046,43.295008812342274,7.395294231630772,.205317,Do 5. Mär 01:26:21 CET 2026
27,35.724057,2.24366478,9.0267,36.018897,3.990262,573.5,500,10.534,36.01889700000001,48.398655591531025,12.379758591531015,.343701,48.3986616986575,41.26965211532894,7.12900958332856,.197924,Do 5. Mär 01:26:26 CET 2026
33,43.662737,2.74225700,9.0267,36.018897,3.990262,573.5,500,10.534,36.01889700000001,53.08775918417492,17.06886218417491,.473886,53.08777017262442,44.883463984922464,8.204306187701956,.227777,Do 5. Mär 01:26:45 CET 2026
42,55.570756,3.49014526,9.0267,36.018897,3.990262,573.5,500,10.493,36.01889700000001,59.68965352263672,23.67075652263671,.657176,59.68967452870317,52.689747100882116,6.999927427821054,.194340,Do 5. Mär 01:27:42 CET 2026
39,51.601416,3.24084915,9.0267,36.018897,3.990262,573.5,500,10.534,36.01889700000001,57.68076922637326,21.66187222637325,.601402,57.680786862143414,49.36153434198335,8.319252520160064,.230969,Do 5. Mär 01:28:31 CET 2026
42,55.570756,3.49014526,9.0267,36.018897,3.990262,573.5,500,10.534,36.01889700000001,59.68965352263672,23.67075652263671,.657176,59.689674688880075,52.74759622840861,6.942078460471465,.192734,Do 5. Mär 01:29:49 CET 2026
45,59.540096,3.73944137,9.0267,36.018897,3.990262,573.5,500,10.534,36.01889700000001,61.47438248222683,25.45548548222682,.706725,61.47440714721166,55.95365232762944,5.52075481958222,.153273,Do 5. Mär 01:30:27 CET 2026
12,15.877358,.99718430,9.0267,36.018897,3.990262,573.5,500,10.575,36.01889700000001,40.01500630067212,3.99610930067211,.110944,40.015007582083314,35.35972563443883,4.655281947644484,.129245,Do 5. Mär 02:20:04 CET 2026
9,11.908019,.74788826,9.0267,36.018897,3.990262,573.5,500,10.575,36.01889700000001,38.856845636835565,2.837948636835555,.078790,38.85684656634182,34.558581311371825,4.298265254969995,.119333,Do 5. Mär 02:20:06 CET 2026
6,7.938679,.49859215,9.0267,36.018897,3.990262,573.5,500,10.575,36.01889700000001,37.8162255960778,1.79732859607779,.049899,37.816226277707294,33.8444324022312,3.971793875476094,.110269,Do 5. Mär 02:20:07 CET 2026
3,3.969339,.24929604,9.0267,36.018897,3.990262,573.5,500,10.575,36.01889700000001,36.87514915035943,.85625215035942,.023772,36.8751496472399,33.19635851189219,3.67879113534771,.102135,Do 5. Mär 02:20:11 CET 2026
0,0,0,9.0267,36.018897,3.990262,573.5,500,10.575,36.01889700000001,36.01889700000001,0,0,36.01889735753418,32.59754093339512,3.42135642413906,.094987,Do 5. Mär 02:20:13 CET 2026
18,23.816038,1.49577652,9.0267,36.018897,3.990262,573.5,500,10.575,36.01889700000001,42.77480630856828,6.75590930856827,.187565,42.77480870579569,37.238368641118626,5.536440064677064,.153709,Do 5. Mär 02:20:17 CET 2026
15,19.846698,1.24648041,9.0267,36.018897,3.990262,573.5,500,10.575,36.01889700000001,41.31248136214163,5.29358436214162,.146966,41.31248313512467,36.25024423741002,5.06223889771465,.140543,Do 5. Mär 02:20:19 CET 2026
30,39.693397,2.49296089,9.0267,36.018897,3.990262,573.5,500,10.575,36.01889700000001,50.690294767619605,14.671397767619595,.407325,50.690303097763625,43.304445584856055,7.385857512907570,.205055,Do 5. Mär 02:20:24 CET 2026
27,35.724057,2.24366478,9.0267,36.018897,3.990262,573.5,500,10.575,36.01889700000001,48.398655591531025,12.379758591531015,.343701,48.39866174184755,41.28292311068702,7.11573863116053,.197555,Do 5. Mär 02:20:25 CET 2026
3,3.969339,.24929604,9.0267,36.018897,3.990262,573.5,500,10.616,36.01889700000001,36.87514915035943,.85625215035942,.023772,36.87514965037309,33.19905062210984,3.67609902826325,.102060,Do 5. Mär 02:20:25 CET 2026
0,0,0,9.0267,36.018897,3.990262,573.5,500,10.616,36.01889700000001,36.01889700000001,0,0,36.018897359699935,32.59978214041807,3.419115219281865,.094925,Do 5. Mär 02:20:26 CET 2026
24,31.754717,1.99436867,9.0267,36.018897,3.990262,573.5,500,10.575,36.01889700000001,46.301603540882894,10.282706540882884,.285480,46.30160803861511,39.74579344711205,6.55581459150306,.182010,Do 5. Mär 02:20:32 CET 2026
21,27.785378,1.74507263,9.0267,36.018897,3.990262,573.5,500,10.575,36.01889700000001,44.42969694639882,8.41079994639881,.233510,44.429700224135104,38.39807028317938,6.031629940955724,.167457,Do 5. Mär 02:20:32 CET 2026
6,7.938679,.49859215,9.0267,36.018897,3.990262,573.5,500,10.616,36.01889700000001,37.8162255960778,1.79732859607779,.049899,37.816226281829046,33.84768702878707,3.968539253041976,.110179,Do 5. Mär 02:20:40 CET 2026
12,15.877358,.99718430,9.0267,36.018897,3.990262,573.5,500,10.616,36.01889700000001,40.01500630067212,3.99610930067211,.110944,40.01500759512712,35.36447655007576,4.65053104505136,.129113,Do 5. Mär 02:20:49 CET 2026
9,11.908019,.74788826,9.0267,36.018897,3.990262,573.5,500,10.616,36.01889700000001,38.856845636835565,2.837948636835555,.078790,38.85684657817474,34.56263076117042,4.29421581700432,.119221,Do 5. Mär 02:20:52 CET 2026
33,43.662737,2.74225700,9.0267,36.018897,3.990262,573.5,500,10.575,36.01889700000001,53.08775918417492,17.06886218417491,.473886,53.087770237865215,44.8951026721548,8.192667565710415,.227454,Do 5. Mär 02:20:54 CET 2026
36,47.632076,2.99155304,9.0267,36.018897,3.990262,573.5,500,10.575,36.01889700000001,55.45838080981401,19.43948380981400,.539702,55.45839505297029,46.651818033761174,8.806577019209116,.244498,Do 5. Mär 02:20:57 CET 2026
15,19.846698,1.24648041,9.0267,36.018897,3.990262,573.5,500,10.616,36.01889700000001,41.31248136214163,5.29358436214162,.146966,41.31248314804996,36.256261379065506,5.056221768984454,.140376,Do 5. Mär 02:20:59 CET 2026
45,59.540096,3.73944137,9.0267,36.018897,3.990262,573.5,500,10.575,36.01889700000001,61.47438248222683,25.45548548222682,.706725,61.47440728750399,56.000620389806016,5.473786897697974,.151969,Do 5. Mär 02:21:17 CET 2026
39,51.601416,3.24084915,9.0267,36.018897,3.990262,573.5,500,10.575,36.01889700000001,57.68076922637326,21.66187222637325,.601402,57.680786970124856,49.408324593717786,8.272462376407070,.229670,Do 5. Mär 02:21:42 CET 2026
18,23.816038,1.49577652,9.0267,36.018897,3.990262,573.5,500,10.616,36.01889700000001,42.77480630856828,6.75590930856827,.187565,42.774808729829964,37.24562052279785,5.529188207032114,.153507,Do 5. Mär 02:21:53 CET 2026
42,55.570756,3.49014526,9.0267,36.018897,3.990262,573.5,500,10.575,36.01889700000001,59.68965352263672,23.67075652263671,.657176,59.689674843466534,52.80503126189094,6.884643581575594,.191139,Do 5. Mär 02:22:28 CET 2026
21,27.785378,1.74507263,9.0267,36.018897,3.990262,573.5,500,10.616,36.01889700000001,44.42969694639882,8.41079994639881,.233510,44.42970024456092,38.40700259411906,6.02269765044186,.167209,Do 5. Mär 02:23:04 CET 2026
24,31.754717,1.99436867,9.0267,36.018897,3.990262,573.5,500,10.616,36.01889700000001,46.301603540882894,10.282706540882884,.285480,46.30160806953236,39.75717392379773,6.54443414573463,.181694,Do 5. Mär 02:24:00 CET 2026
27,35.724057,2.24366478,9.0267,36.018897,3.990262,573.5,500,10.616,36.01889700000001,48.398655591531025,12.379758591531015,.343701,48.398661783634054,41.2961499624312,7.102511821202854,.197188,Do 5. Mär 02:24:25 CET 2026
30,39.693397,2.49296089,9.0267,36.018897,3.990262,573.5,500,10.616,36.01889700000001,50.690294767619605,14.671397767619595,.407325,50.690303149523714,43.3140327272114,7.376270422312314,.204788,Do 5. Mär 02:26:23 CET 2026
33,43.662737,2.74225700,9.0267,36.018897,3.990262,573.5,500,10.616,36.01889700000001,53.08775918417492,17.06886218417491,.473886,53.08777030018982,44.90661335645547,8.18115694373435,.227135,Do 5. Mär 02:27:41 CET 2026
6,7.938679,.49859215,9.0267,36.018897,3.990262,573.5,550,10.493,36.01889700000001,37.8162255960778,1.79732859607779,.049899,37.816226266499264,33.8354746002926,3.980751666206664,.110518,Do 5. Mär 03:15:10 CET 2026
15,19.846698,1.24648041,9.0267,36.018897,3.990262,573.5,550,10.493,36.01889700000001,41.31248136214163,5.29358436214162,.146966,41.31248309810281,36.228237989797314,5.084245108305496,.141154,Do 5. Mär 03:15:16 CET 2026
9,11.908019,.74788826,9.0267,36.018897,3.990262,573.5,550,10.493,36.01889700000001,38.856845636835565,2.837948636835555,.078790,38.856846548248335,34.54634215795202,4.310504390296315,.119673,Do 5. Mär 03:15:17 CET 2026
36,47.632076,2.99155304,9.0267,36.018897,3.990262,573.5,500,10.616,36.01889700000001,55.45838080981401,19.43948380981400,.539702,55.45839513007624,46.67777600795015,8.78061912212609,.243778,Do 5. Mär 03:15:18 CET 2026
0,0,0,9.0267,36.018897,3.990262,573.5,550,10.493,36.01889700000001,36.01889700000001,0,0,36.018897351935934,32.594907556380285,3.423989795555649,.095060,Do 5. Mär 03:15:21 CET 2026
3,3.969339,.24929604,9.0267,36.018897,3.990262,573.5,550,10.493,36.01889700000001,36.87514915035943,.85625215035942,.023772,36.875149638970406,33.190873563489504,3.684276075480902,.102287,Do 5. Mär 03:15:25 CET 2026
12,15.877358,.99718430,9.0267,36.018897,3.990262,573.5,550,10.493,36.01889700000001,40.01500630067212,3.99610930067211,.110944,40.01500754569961,35.34280699445341,4.67220055124620,.129715,Do 5. Mär 03:15:28 CET 2026
27,35.724057,2.24366478,9.0267,36.018897,3.990262,573.5,550,10.493,36.01889700000001,48.398655591531025,12.379758591531015,.343701,48.39866163359186,41.24136171715649,7.15729991643537,.198709,Do 5. Mär 03:15:35 CET 2026
42,55.570756,3.49014526,9.0267,36.018897,3.990262,573.5,500,10.616,36.01889700000001,59.68965352263672,23.67075652263671,.657176,59.68967499143563,52.862380525172256,6.827294466263374,.189547,Do 5. Mär 03:15:36 CET 2026
18,23.816038,1.49577652,9.0267,36.018897,3.990262,573.5,550,10.493,36.01889700000001,42.77480630856828,6.75590930856827,.187565,42.77480864423004,37.21457705012,5.56023159411004,.154369,Do 5. Mär 03:15:36 CET 2026
24,31.754717,1.99436867,9.0267,36.018897,3.990262,573.5,550,10.493,36.01889700000001,46.301603540882894,10.282706540882884,.285480,46.30160795317803,39.710364966148454,6.591242987029576,.182994,Do 5. Mär 03:15:47 CET 2026
30,39.693397,2.49296089,9.0267,36.018897,3.990262,573.5,550,10.493,36.01889700000001,50.690294767619605,14.671397767619595,.407325,50.69030297616477,43.28932144324355,7.40098153292122,.205474,Do 5. Mär 03:15:51 CET 2026
45,59.540096,3.73944137,9.0267,36.018897,3.990262,573.5,500,10.616,36.01889700000001,61.47438248222683,25.45548548222682,.706725,61.47440742119693,56.04658017714184,5.42782724405509,.150693,Do 5. Mär 03:15:54 CET 2026
39,51.601416,3.24084915,9.0267,36.018897,3.990262,573.5,500,10.616,36.01889700000001,57.68076922637326,21.66187222637325,.601402,57.68078707369228,49.454965983923266,8.225821089769014,.228375,Do 5. Mär 03:16:00 CET 2026
21,27.785378,1.74507263,9.0267,36.018897,3.990262,573.5,550,10.493,36.01889700000001,44.42969694639882,8.41079994639881,.233510,44.429700165875026,38.37107959594084,6.058620569934186,.168206,Do 5. Mär 03:16:09 CET 2026
3,3.969339,.24929604,9.0267,36.018897,3.990262,573.5,550,10.534,36.01889700000001,36.87514915035943,.85625215035942,.023772,36.8751496424485,33.193519230375465,3.681630412073035,.102213,Do 5. Mär 03:16:12 CET 2026
0,0,0,9.0267,36.018897,3.990262,573.5,550,10.534,36.01889700000001,36.01889700000001,0,0,36.018897354354614,32.59709515348479,3.421802200869824,.095000,Do 5. Mär 03:16:14 CET 2026
36,47.632076,2.99155304,9.0267,36.018897,3.990262,573.5,550,10.493,36.01889700000001,55.45838080981401,19.43948380981400,.539702,55.45839492316473,46.609464888948075,8.848930034216655,.245674,Do 5. Mär 03:16:18 CET 2026
33,43.662737,2.74225700,9.0267,36.018897,3.990262,573.5,550,10.493,36.01889700000001,53.08775918417492,17.06886218417491,.473886,53.087770112143915,44.87319678180113,8.214573330342785,.228062,Do 5. Mär 03:16:24 CET 2026
42,55.570756,3.49014526,9.0267,36.018897,3.990262,573.5,550,10.493,36.01889700000001,59.68965352263672,23.67075652263671,.657176,59.689674644119386,52.825298836711454,6.864375807407932,.190577,Do 5. Mär 03:16:24 CET 2026
39,51.601416,3.24084915,9.0267,36.018897,3.990262,573.5,550,10.493,36.01889700000001,57.68076922637326,21.66187222637325,.601402,57.68078682135962,49.36624570756061,8.31454111379901,.230838,Do 5. Mär 03:16:43 CET 2026
45,59.540096,3.73944137,9.0267,36.018897,3.990262,573.5,550,10.493,36.01889700000001,61.47438248222683,25.45548548222682,.706725,61.47440715975346,56.02986496972574,5.44454219002772,.151157,Do 5. Mär 03:17:39 CET 2026
9,11.908019,.74788826,9.0267,36.018897,3.990262,573.5,550,10.534,36.01889700000001,38.856845636835565,2.837948636835555,.078790,38.85684655375494,34.55010421773177,4.30674233602317,.119568,Do 5. Mär 03:17:57 CET 2026
6,7.938679,.49859215,9.0267,36.018897,3.990262,573.5,550,10.534,36.01889700000001,37.8162255960778,1.79732859607779,.049899,37.81622627107871,33.838710185321304,3.977516085757406,.110428,Do 5. Mär 03:18:19 CET 2026
12,15.877358,.99718430,9.0267,36.018897,3.990262,573.5,550,10.534,36.01889700000001,40.01500630067212,3.99610930067211,.110944,40.01500755979421,35.347600649914845,4.667406909879365,.129582,Do 5. Mär 03:19:29 CET 2026
15,19.846698,1.24648041,9.0267,36.018897,3.990262,573.5,550,10.534,36.01889700000001,41.31248136214163,5.29358436214162,.146966,41.31248311234889,36.234266388498774,5.078216723850116,.140987,Do 5. Mär 03:20:51 CET 2026
18,23.816038,1.49577652,9.0267,36.018897,3.990262,573.5,550,10.534,36.01889700000001,42.77480630856828,6.75590930856827,.187565,42.77480866231085,37.22184300626907,5.55296565604178,.154168,Do 5. Mär 03:22:52 CET 2026
21,27.785378,1.74507263,9.0267,36.018897,3.990262,573.5,550,10.534,36.01889700000001,44.42969694639882,8.41079994639881,.233510,44.42970018845417,38.379916521496725,6.049783666957445,.167961,Do 5. Mär 03:25:17 CET 2026
24,31.754717,1.99436867,9.0267,36.018897,3.990262,573.5,550,10.534,36.01889700000001,46.301603540882894,10.282706540882884,.285480,46.30160798717568,39.72170293697019,6.57990505020549,.182679,Do 5. Mär 04:10:16 CET 2026
0,0,0,9.0267,36.018897,3.990262,573.5,550,10.575,36.01889700000001,36.01889700000001,0,0,36.018897356639414,32.59927874687637,3.419618609763044,.094939,Do 5. Mär 04:10:31 CET 2026
27,35.724057,2.24366478,9.0267,36.018897,3.990262,573.5,550,10.534,36.01889700000001,48.398655591531025,12.379758591531015,.343701,48.39866167938417,41.254679781401855,7.143981897982315,.198339,Do 5. Mär 04:10:32 CET 2026
30,39.693397,2.49296089,9.0267,36.018897,3.990262,573.5,550,10.534,36.01889700000001,50.690294767619605,14.671397767619595,.407325,50.69030303352551,43.298748719930764,7.391554313594746,.205213,Do 5. Mär 04:10:34 CET 2026
33,43.662737,2.74225700,9.0267,36.018897,3.990262,573.5,550,10.534,36.01889700000001,53.08775918417492,17.06886218417491,.473886,53.08777018134461,44.884718250592194,8.203051930752416,.227743,Do 5. Mär 04:10:34 CET 2026
6,7.938679,.49859215,9.0267,36.018897,3.990262,573.5,550,10.575,36.01889700000001,37.8162255960778,1.79732859607779,.049899,37.816226275452465,33.841970700785474,3.974255574666991,.110338,Do 5. Mär 04:10:34 CET 2026
3,3.969339,.24929604,9.0267,36.018897,3.990262,573.5,550,10.575,36.01889700000001,36.87514915035943,.85625215035942,.023772,36.87514964574778,33.19622713344983,3.67892251229795,.102138,Do 5. Mär 04:10:38 CET 2026
12,15.877358,.99718430,9.0267,36.018897,3.990262,573.5,550,10.575,36.01889700000001,40.01500630067212,3.99610930067211,.110944,40.0150075734555,35.352337351611865,4.662670221843635,.129450,Do 5. Mär 04:10:41 CET 2026
36,47.632076,2.99155304,9.0267,36.018897,3.990262,573.5,550,10.534,36.01889700000001,55.45838080981401,19.43948380981400,.539702,55.45839500954711,46.63497709359289,8.82341791595422,.244966,Do 5. Mär 04:10:41 CET 2026
9,11.908019,.74788826,9.0267,36.018897,3.990262,573.5,550,10.575,36.01889700000001,38.856845636835565,2.837948636835555,.078790,38.85684655921339,34.554028365211046,4.302818194002344,.119460,Do 5. Mär 04:10:43 CET 2026
42,55.570756,3.49014526,9.0267,36.018897,3.990262,573.5,550,10.534,36.01889700000001,59.68965352263672,23.67075652263671,.657176,59.68967480481588,52.88408034818128,6.80559445663460,.188945,Do 5. Mär 04:10:58 CET 2026
39,51.601416,3.24084915,9.0267,36.018897,3.990262,573.5,550,10.534,36.01889700000001,57.68076922637326,21.66187222637325,.601402,57.68078693565664,49.414196915149496,8.266590020507144,.229507,Do 5. Mär 04:10:59 CET 2026
27,35.724057,2.24366478,9.0267,36.018897,3.990262,573.5,550,10.575,36.01889700000001,48.398655591531025,12.379758591531015,.343701,48.39866172333882,41.268174021746525,7.130487701592295,.197965,Do 5. Mär 04:11:04 CET 2026
15,19.846698,1.24648041,9.0267,36.018897,3.990262,573.5,550,10.575,36.01889700000001,41.31248136214163,5.29358436214162,.146966,41.31248312595405,36.24016336663193,5.07231975932212,.140823,Do 5. Mär 04:11:05 CET 2026
24,31.754717,1.99436867,9.0267,36.018897,3.990262,573.5,550,10.575,36.01889700000001,46.301603540882894,10.282706540882884,.285480,46.301608020000515,39.73273970259851,6.568868317402005,.182372,Do 5. Mär 04:11:12 CET 2026
45,59.540096,3.73944137,9.0267,36.018897,3.990262,573.5,550,10.534,36.01889700000001,61.47438248222683,25.45548548222682,.706725,61.4744073071026,56.07558989740979,5.39881740969281,.149888,Do 5. Mär 04:11:12 CET 2026
18,23.816038,1.49577652,9.0267,36.018897,3.990262,573.5,550,10.575,36.01889700000001,42.77480630856828,6.75590930856827,.187565,42.774808687598735,37.22917719104749,5.545631496551245,.153964,Do 5. Mär 04:11:23 CET 2026
30,39.693397,2.49296089,9.0267,36.018897,3.990262,573.5,550,10.575,36.01889700000001,50.690294767619605,14.671397767619595,.407325,50.69030308799013,43.30778969248504,7.38251339550509,.204962,Do 5. Mär 04:11:26 CET 2026
21,27.785378,1.74507263,9.0267,36.018897,3.990262,573.5,550,10.575,36.01889700000001,44.42969694639882,8.41079994639881,.233510,44.42970021008598,38.388683647307445,6.041016562778535,.167717,Do 5. Mär 04:11:57 CET 2026
33,43.662737,2.74225700,9.0267,36.018897,3.990262,573.5,550,10.575,36.01889700000001,53.08775918417492,17.06886218417491,.473886,53.08777024741617,44.89616965267474,8.19160059474143,.227425,Do 5. Mär 04:12:08 CET 2026
36,47.632076,2.99155304,9.0267,36.018897,3.990262,573.5,550,10.575,36.01889700000001,55.45838080981401,19.43948380981400,.539702,55.458395091114724,46.66086681946493,8.797528271649794,.244247,Do 5. Mär 04:12:49 CET 2026
42,55.570756,3.49014526,9.0267,36.018897,3.990262,573.5,550,10.575,36.01889700000001,59.68965352263672,23.67075652263671,.657176,59.68967495981592,52.942217521458545,6.747457438357375,.187331,Do 5. Mär 04:14:16 CET 2026
0,0,0,9.0267,36.018897,3.990262,573.5,550,10.616,36.01889700000001,36.01889700000001,0,0,36.01889735881797,32.6014126028797,3.41748475593827,.094880,Do 5. Mär 04:14:27 CET 2026
39,51.601416,3.24084915,9.0267,36.018897,3.990262,573.5,550,10.575,36.01889700000001,57.68076922637326,21.66187222637325,.601402,57.68078704452235,49.4620148447975,8.21877219972485,.228179,Do 5. Mär 04:14:51 CET 2026
45,59.540096,3.73944137,9.0267,36.018897,3.990262,573.5,550,10.575,36.01889700000001,61.47438248222683,25.45548548222682,.706725,61.4744074479731,56.120433297321995,5.353974150651105,.148643,Do 5. Mär 04:15:08 CET 2026
3,3.969339,.24929604,9.0267,36.018897,3.990262,573.5,550,10.616,36.01889700000001,36.87514915035943,.85625215035942,.023772,36.87514964892084,33.19884948179868,3.67630016712216,.102065,Do 5. Mär 04:16:05 CET 2026
6,7.938679,.49859215,9.0267,36.018897,3.990262,573.5,550,10.616,36.01889700000001,37.8162255960778,1.79732859607779,.049899,37.81622627961657,33.84519175231389,3.97103452730268,.110248,Do 5. Mär 04:17:46 CET 2026
9,11.908019,.74788826,9.0267,36.018897,3.990262,573.5,550,10.616,36.01889700000001,38.856845636835565,2.837948636835555,.078790,38.85684657119937,34.55787012446392,4.29897644673545,.119353,Do 5. Mär 04:20:14 CET 2026
12,15.877358,.99718430,9.0267,36.018897,3.990262,573.5,550,10.616,36.01889700000001,40.01500630067212,3.99610930067211,.110944,40.01500758666591,35.357090103087565,4.657917483578345,.129318,Do 5. Mär 05:05:33 CET 2026
15,19.846698,1.24648041,9.0267,36.018897,3.990262,573.5,550,10.616,36.01889700000001,41.31248136214163,5.29358436214162,.146966,41.31248313901312,36.24626260107559,5.06622053793753,.140654,Do 5. Mär 05:05:48 CET 2026
18,23.816038,1.49577652,9.0267,36.018897,3.990262,573.5,550,10.616,36.01889700000001,42.77480630856828,6.75590930856827,.187565,42.7748087125627,37.2363687982055,5.5384399143572,.153764,Do 5. Mär 05:05:51 CET 2026
24,31.754717,1.99436867,9.0267,36.018897,3.990262,573.5,550,10.616,36.01889700000001,46.301603540882894,10.282706540882884,.285480,46.30160805134732,39.74378779661255,6.55782025473477,.182066,Do 5. Mär 05:06:03 CET 2026
30,39.693397,2.49296089,9.0267,36.018897,3.990262,573.5,550,10.616,36.01889700000001,50.690294767619605,14.671397767619595,.407325,50.690303140494535,43.31716753242715,7.373135608067385,.204701,Do 5. Mär 05:06:07 CET 2026
21,27.785378,1.74507263,9.0267,36.018897,3.990262,573.5,550,10.616,36.01889700000001,44.42969694639882,8.41079994639881,.233510,44.429700230835415,38.39758355494968,6.032116675885735,.167470,Do 5. Mär 05:06:19 CET 2026
27,35.724057,2.24366478,9.0267,36.018897,3.990262,573.5,550,10.616,36.01889700000001,48.398655591531025,12.379758591531015,.343701,48.39866176557629,41.28244894691927,7.11621281865702,.197568,Do 5. Mär 05:06:20 CET 2026
36,47.632076,2.99155304,9.0267,36.018897,3.990262,573.5,550,10.616,36.01889700000001,55.45838080981401,19.43948380981400,.539702,55.45839516938282,46.68694214527907,8.77145302410375,.243523,Do 5. Mär 05:06:29 CET 2026
6,7.365794,.49859217,10.1000,38.820259,3.843590,573.5,450,10.493,38.820258999999986,40.75737472347337,1.937115723473384,.049899,40.75737624246852,35.855038853614985,4.902337388853535,.126282,Do 5. Mär 05:06:29 CET 2026
3,3.682897,.24929608,10.1000,38.820259,3.843590,573.5,450,10.493,38.820258999999986,39.74310619954318,.922847199543194,.023772,39.74310739351994,35.15401410612743,4.58909328739251,.118213,Do 5. Mär 05:06:30 CET 2026
39,51.601416,3.24084915,9.0267,36.018897,3.990262,573.5,550,10.616,36.01889700000001,57.68076922637326,21.66187222637325,.601402,57.68078714867608,49.50984868511046,8.17093846356562,.226851,Do 5. Mär 05:06:38 CET 2026
0,0,0,10.1000,38.820259,3.843590,573.5,450,10.493,38.820258999999986,38.820258999999986,0,0,38.82025993791408,34.512849138649365,4.307410799264715,.110957,Do 5. Mär 05:06:50 CET 2026
33,43.662737,2.74225700,9.0267,36.018897,3.990262,573.5,550,10.616,36.01889700000001,53.08775918417492,17.06886218417491,.473886,53.08777031046554,44.90755387019245,8.18021644027309,.227109,Do 5. Mär 05:06:52 CET 2026
42,55.570756,3.49014526,9.0267,36.018897,3.990262,573.5,550,10.616,36.01889700000001,59.68965352263672,23.67075652263671,.657176,59.6896751088107,52.999900888976946,6.689774219833754,.185729,Do 5. Mär 05:06:53 CET 2026
12,14.731588,.99718435,10.1000,38.820259,3.843590,573.5,450,10.493,38.820258999999986,43.12716592238089,4.306906922380904,.110944,43.12716837400331,37.46677178158734,5.66039659241597,.145810,Do 5. Mär 05:07:04 CET 2026
9,11.048691,.74788826,10.1000,38.820259,3.843590,573.5,450,10.493,38.820258999999986,41.878928595780955,3.058669595780969,.078790,41.87893052785571,36.61279329849547,5.26613722936024,.135654,Do 5. Mär 05:07:04 CET 2026
45,59.540096,3.73944137,9.0267,36.018897,3.990262,573.5,550,10.616,36.01889700000001,61.47438248222683,25.45548548222682,.706725,61.474407581538536,56.164496063203636,5.309911518334900,.147420,Do 5. Mär 05:07:25 CET 2026
18,22.097382,1.49577653,10.1000,38.820259,3.843590,573.5,450,10.493,38.820258999999986,46.10160772844655,7.281348728446564,.187565,46.10161179301421,39.58761765149962,6.51399414151459,.167798,Do 5. Mär 05:07:29 CET 2026
15,18.414485,1.24648044,10.1000,38.820259,3.843590,573.5,450,10.493,38.820258999999986,44.525551883941816,5.705292883941830,.146966,44.52555504262319,38.46127730259255,6.06427774003064,.156214,Do 5. Mär 05:07:34 CET 2026
21,25.780279,1.74507262,10.1000,38.820259,3.843590,573.5,450,10.493,38.820258999999986,47.88520722654688,9.064948226546894,.233510,47.88521250509345,40.87265728863304,7.01255521646041,.180641,Do 5. Mär 05:08:23 CET 2026
24,29.463176,1.99436871,10.1000,38.820259,3.843590,573.5,450,10.493,38.820258999999986,49.9027019509071,11.082442950907114,.285480,49.90270880811844,42.65244182407224,7.25026698404620,.186765,Do 5. Mär 05:09:48 CET 2026
30,36.828970,2.49296089,10.1000,38.820259,3.843590,573.5,450,10.493,38.820258999999986,54.63272283953816,15.812463839538174,.407325,54.63273443932299,45.88683906345486,8.74589537586813,.225292,Do 5. Mär 05:11:14 CET 2026
27,33.146073,2.24366480,10.1000,38.820259,3.843590,573.5,450,10.493,38.820258999999986,52.16284867961454,13.342589679614554,.343701,52.16285761479294,44.240771277284765,7.922086337508175,.204070,Do 5. Mär 05:11:42 CET 2026
36,44.194764,2.99155307,10.1000,38.820259,3.843590,573.5,450,10.493,38.820258999999986,59.771647274807,20.951388274807014,.539702,59.77166579550847,52.62729782277483,7.14436797273364,.184037,Do 5. Mär 05:12:02 CET 2026
33,40.511867,2.74225698,10.1000,38.820259,3.843590,573.5,450,10.493,38.820258999999986,57.2166495121716,18.396390512171614,.473886,57.21666434875088,48.53072131965591,8.68594302909497,.223747,Do 5. Mär 05:12:37 CET 2026
39,47.877661,3.24084916,10.1000,38.820259,3.843590,573.5,450,10.493,38.820258999999986,62.1668708065582,23.346611806558214,.601402,62.16689325667913,56.928345590508755,5.238547666170375,.134943,Do 5. Mär 05:13:32 CET 2026
42,51.560558,3.49014525,10.1000,38.820259,3.843590,573.5,450,10.493,38.820258999999986,64.33200473008084,25.511745730080854,.657176,64.33203108824019,59.95949564374294,4.37253544449725,.112635,Do 5. Mär 05:15:46 CET 2026
45,55.243455,3.73944134,10.1000,38.820259,3.843590,573.5,450,10.493,38.820258999999986,66.25556099997567,27.435301999975684,.706726,66.25559134225479,62.07733590970178,4.17825543255301,.107630,Do 5. Mär 05:19:06 CET 2026
3,3.682897,.24929608,10.1000,38.820259,3.843590,573.5,450,10.534,38.820258999999986,39.74310619954318,.922847199543194,.023772,39.74310740423033,35.158700343675044,4.584407060555286,.118093,Do 5. Mär 06:01:41 CET 2026
0,0,0,10.1000,38.820259,3.843590,573.5,450,10.534,38.820258999999986,38.820258999999986,0,0,38.82025994626319,34.51689829617258,4.30336165009061,.110853,Do 5. Mär 06:01:45 CET 2026
6,7.365794,.49859217,10.1000,38.820259,3.843590,573.5,450,10.534,38.820258999999986,40.75737472347337,1.937115723473384,.049899,40.75737625545422,35.86068331156784,4.89669294388638,.126137,Do 5. Mär 06:01:47 CET 2026
9,11.048691,.74788826,10.1000,38.820259,3.843590,573.5,450,10.534,38.820258999999986,41.878928595780955,3.058669595780969,.078790,41.87893054242047,36.61925439827423,5.25967614414624,.135487,Do 5. Mär 06:01:53 CET 2026
18,22.097382,1.49577653,10.1000,38.820259,3.843590,573.5,450,10.534,38.820258999999986,46.10160772844655,7.281348728446564,.187565,46.101611819959246,39.598559804619605,6.503052015339641,.167516,Do 5. Mär 06:02:25 CET 2026
30,36.828970,2.49296089,10.1000,38.820259,3.843590,573.5,450,10.534,38.820258999999986,54.63272283953816,15.812463839538174,.407325,54.63273453038443,45.90024691237114,8.73248761801329,.224946,Do 5. Mär 06:02:36 CET 2026
12,14.731588,.99718435,10.1000,38.820259,3.843590,573.5,450,10.534,38.820258999999986,43.12716592238089,4.306906922380904,.110944,43.127168389223385,37.47442757394719,5.652740815276195,.145613,Do 5. Mär 06:02:36 CET 2026
21,25.780279,1.74507262,10.1000,38.820259,3.843590,573.5,450,10.534,38.820258999999986,47.88520722654688,9.064948226546894,.233510,47.88521254788024,40.885485370602424,6.999727177277816,.180311,Do 5. Mär 06:02:37 CET 2026
15,18.414485,1.24648044,10.1000,38.820259,3.843590,573.5,450,10.534,38.820258999999986,44.525551883941816,5.705292883941830,.146966,44.52555507239365,38.470468163214626,6.055086909179024,.155977,Do 5. Mär 06:02:37 CET 2026
24,29.463176,1.99436871,10.1000,38.820259,3.843590,573.5,450,10.534,38.820258999999986,49.9027019509071,11.082442950907114,.285480,49.90270886798573,42.678517134915545,7.224191733070185,.186093,Do 5. Mär 06:02:50 CET 2026
6,7.365794,.49859217,10.1000,38.820259,3.843590,573.5,450,10.575,38.820258999999986,40.75737472347337,1.937115723473384,.049899,40.75737626785061,35.866259080535244,4.891117187315366,.125993,Do 5. Mär 06:02:56 CET 2026
33,40.511867,2.74225698,10.1000,38.820259,3.843590,573.5,450,10.534,38.820258999999986,57.2166495121716,18.396390512171614,.473886,57.21666445368985,48.573593096007336,8.643071357682514,.222643,Do 5. Mär 06:03:00 CET 2026
27,33.146073,2.24366480,10.1000,38.820259,3.843590,573.5,450,10.534,38.820258999999986,52.16284867961454,13.342589679614554,.343701,52.1628576909936,44.2512688821964,7.9115888087972,.203800,Do 5. Mär 06:03:01 CET 2026
0,0,0,10.1000,38.820259,3.843590,573.5,450,10.575,38.820258999999986,38.820258999999986,0,0,38.82025995421689,34.520934002645006,4.299325951571884,.110749,Do 5. Mär 06:03:01 CET 2026
3,3.682897,.24929608,10.1000,38.820259,3.843590,573.5,450,10.575,38.820258999999986,39.74310619954318,.922847199543194,.023772,39.74310741456788,35.163421919459246,4.579685495108634,.117971,Do 5. Mär 06:03:01 CET 2026
36,44.194764,2.99155307,10.1000,38.820259,3.843590,573.5,450,10.534,38.820258999999986,59.771647274807,20.951388274807014,.539702,59.77166591999818,52.68463666756189,7.08702925243629,.182560,Do 5. Mär 06:03:26 CET 2026
42,51.560558,3.49014525,10.1000,38.820259,3.843590,573.5,450,10.534,38.820258999999986,64.33200473008084,25.511745730080854,.657176,64.33203129693229,59.97903730658357,4.35299399034872,.112132,Do 5. Mär 06:03:36 CET 2026
9,11.048691,.74788826,10.1000,38.820259,3.843590,573.5,450,10.575,38.820258999999986,41.878928595780955,3.058669595780969,.078790,41.878930556349495,36.62573126107967,5.253199295269825,.135321,Do 5. Mär 06:03:38 CET 2026
39,47.877661,3.24084916,10.1000,38.820259,3.843590,573.5,450,10.534,38.820258999999986,62.1668708065582,23.346611806558214,.601402,62.16689341230531,56.97372826160803,5.19316515069728,.133774,Do 5. Mär 06:03:43 CET 2026
45,55.243455,3.73944134,10.1000,38.820259,3.843590,573.5,450,10.534,38.820258999999986,66.25556099997567,27.435301999975684,.706726,66.25559153233353,62.09936878289182,4.15622274944171,.107063,Do 5. Mär 06:03:48 CET 2026
12,14.731588,.99718435,10.1000,38.820259,3.843590,573.5,450,10.575,38.820258999999986,43.12716592238089,4.306906922380904,.110944,43.12716840800905,37.4820133698312,5.64515503817785,.145417,Do 5. Mär 06:04:40 CET 2026
15,18.414485,1.24648044,10.1000,38.820259,3.843590,573.5,450,10.575,38.820258999999986,44.525551883941816,5.705292883941830,.146966,44.52555510139331,38.479576416919926,6.045978684473384,.155742,Do 5. Mär 06:07:13 CET 2026
18,22.097382,1.49577653,10.1000,38.820259,3.843590,573.5,450,10.575,38.820258999999986,46.10160772844655,7.281348728446564,.187565,46.10161184566643,39.6095411185639,6.49207072710253,.167234,Do 5. Mär 06:07:43 CET 2026
21,25.780279,1.74507262,10.1000,38.820259,3.843590,573.5,450,10.575,38.820258999999986,47.88520722654688,9.064948226546894,.233510,47.88521258882394,40.898191087227445,6.987021501596495,.179983,Do 5. Mär 06:08:16 CET 2026
24,29.463176,1.99436871,10.1000,38.820259,3.843590,573.5,450,10.575,38.820258999999986,49.9027019509071,11.082442950907114,.285480,49.90270892523811,42.70426527597121,7.19844364926690,.185430,Do 5. Mär 06:10:08 CET 2026
27,33.146073,2.24366480,10.1000,38.820259,3.843590,573.5,450,10.575,38.820258999999986,52.16284867961454,13.342589679614554,.343701,52.16285776374142,44.26173321896564,7.90112454477578,.203530,Do 5. Mär 06:10:58 CET 2026
30,36.828970,2.49296089,10.1000,38.820259,3.843590,573.5,450,10.575,38.820258999999986,54.63272283953816,15.812463839538174,.407325,54.63273461635843,45.91412017078047,8.71861444557796,.224589,Do 5. Mär 06:13:02 CET 2026
33,40.511867,2.74225698,10.1000,38.820259,3.843590,573.5,450,10.575,38.820258999999986,57.2166495121716,18.396390512171614,.473886,57.21666455448267,48.61638232521666,8.60028222926601,.221541,Do 5. Mär 06:16:27 CET 2026
36,44.194764,2.99155307,10.1000,38.820259,3.843590,573.5,450,10.575,38.820258999999986,59.771647274807,20.951388274807014,.539702,59.77166603889935,52.74179049257063,7.02987554632872,.181087,Do 5. Mär 06:58:04 CET 2026
42,51.560558,3.49014525,10.1000,38.820259,3.843590,573.5,450,10.575,38.820258999999986,64.33200473008084,25.511745730080854,.657176,64.33203149748263,59.99808293935662,4.33394855812601,.111641,Do 5. Mär 06:58:11 CET 2026
39,47.877661,3.24084916,10.1000,38.820259,3.843590,573.5,450,10.575,38.820258999999986,62.1668708065582,23.346611806558214,.601402,62.16689356251371,57.01831569962568,5.14857786288803,.132626,Do 5. Mär 06:58:11 CET 2026
0,0,0,10.1000,38.820259,3.843590,573.5,450,10.616,38.820258999999986,38.820258999999986,0,0,38.820259961866974,34.524981226989965,4.295278734877009,.110645,Do 5. Mär 06:58:13 CET 2026
3,3.682897,.24929608,10.1000,38.820259,3.843590,573.5,450,10.616,38.820258999999986,39.74310619954318,.922847199543194,.023772,39.7431074244133,35.168134467436076,4.574972956977224,.117850,Do 5. Mär 06:58:14 CET 2026
9,11.048691,.74788826,10.1000,38.820259,3.843590,573.5,450,10.616,38.820258999999986,41.878928595780955,3.058669595780969,.078790,41.87893056973041,36.632377005483754,5.246553564246656,.135149,Do 5. Mär 06:58:22 CET 2026
45,55.243455,3.73944134,10.1000,38.820259,3.843590,573.5,450,10.575,38.820258999999986,66.25556099997567,27.435301999975684,.706726,66.25559171400688,62.12179721249555,4.13379450151133,.106485,Do 5. Mär 06:58:24 CET 2026
12,14.731588,.99718435,10.1000,38.820259,3.843590,573.5,450,10.616,38.820258999999986,43.12716592238089,4.306906922380904,.110944,43.12716843591786,37.489715428621416,5.637453007296444,.145219,Do 5. Mär 06:58:37 CET 2026
6,7.365794,.49859217,10.1000,38.820259,3.843590,573.5,450,10.616,38.820258999999986,40.75737472347337,1.937115723473384,.049899,40.757376279774554,35.871964132603864,4.885412147170690,.125846,Do 5. Mär 06:58:40 CET 2026
21,25.780279,1.74507262,10.1000,38.820259,3.843590,573.5,450,10.616,38.820258999999986,47.88520722654688,9.064948226546894,.233510,47.88521262810212,40.91128823574733,6.97392439235479,.179646,Do 5. Mär 06:58:50 CET 2026
18,22.097382,1.49577653,10.1000,38.820259,3.843590,573.5,450,10.616,38.820258999999986,46.10160772844655,7.281348728446564,.187565,46.10161187040236,39.620534618046456,6.481077252355904,.166950,Do 5. Mär 06:58:52 CET 2026
15,18.414485,1.24648044,10.1000,38.820259,3.843590,573.5,450,10.616,38.820258999999986,44.525551883941816,5.705292883941830,.146966,44.52555512912909,38.48864636470962,6.03690876441947,.155509,Do 5. Mär 06:58:55 CET 2026
30,36.828970,2.49296089,10.1000,38.820259,3.843590,573.5,450,10.616,38.820258999999986,54.63272283953816,15.812463839538174,.407325,54.632734700613426,45.92834272169401,8.704391978919416,.224222,Do 5. Mär 06:59:04 CET 2026
27,33.146073,2.24366480,10.1000,38.820259,3.843590,573.5,450,10.616,38.820258999999986,52.16284867961454,13.342589679614554,.343701,52.16285783424748,44.27236614554694,7.89049168870054,.203257,Do 5. Mär 06:59:14 CET 2026
24,29.463176,1.99436871,10.1000,38.820259,3.843590,573.5,450,10.616,38.820258999999986,49.9027019509071,11.082442950907114,.285480,49.902708980735234,42.73011840106984,7.172590579665394,.184764,Do 5. Mär 06:59:21 CET 2026
36,44.194764,2.99155307,10.1000,38.820259,3.843590,573.5,450,10.616,38.820258999999986,59.771647274807,20.951388274807014,.539702,59.77166615331905,52.798754264637275,6.972911888681775,.179620,Do 5. Mär 06:59:25 CET 2026
0,0,0,10.1000,38.820259,3.843590,573.5,500,10.493,38.820258999999986,38.820258999999986,0,0,38.82025992397688,34.507403634339816,4.312856289637064,.111098,Do 5. Mär 06:59:33 CET 2026
39,47.877661,3.24084916,10.1000,38.820259,3.843590,573.5,450,10.616,38.820258999999986,62.1668708065582,23.346611806558214,.601402,62.1668937058153,57.061865666391405,5.105028039423895,.131504,Do 5. Mär 06:59:49 CET 2026
33,40.511867,2.74225698,10.1000,38.820259,3.843590,573.5,450,10.616,38.820258999999986,57.2166495121716,18.396390512171614,.473886,57.216664651381386,48.65912007500801,8.557544576373376,.220440,Do 5. Mär 06:59:54 CET 2026
42,51.560558,3.49014525,10.1000,38.820259,3.843590,573.5,450,10.616,38.820258999999986,64.33200473008084,25.511745730080854,.657176,64.33203168978956,60.01665221492866,4.31537947486090,.111163,Do 5. Mär 07:00:03 CET 2026
45,55.243455,3.73944134,10.1000,38.820259,3.843590,573.5,450,10.616,38.820258999999986,66.25556099997567,27.435301999975684,.706726,66.2555918867543,62.144737447141644,4.110854439612656,.105894,Do 5. Mär 07:00:35 CET 2026
3,3.682897,.24929608,10.1000,38.820259,3.843590,573.5,500,10.493,38.820258999999986,39.74310619954318,.922847199543194,.023772,39.74310737404553,35.14657804561944,4.59652932842609,.118405,Do 5. Mär 07:02:37 CET 2026
6,7.365794,.49859217,10.1000,38.820259,3.843590,573.5,500,10.493,38.820258999999986,40.75737472347337,1.937115723473384,.049899,40.75737621726071,35.845956676741125,4.911419540519585,.126516,Do 5. Mär 07:03:41 CET 2026
9,11.048691,.74788826,10.1000,38.820259,3.843590,573.5,500,10.493,38.820258999999986,41.878928595780955,3.058669595780969,.078790,41.87893049705296,36.59910598182744,5.27982451522552,.136006,Do 5. Mär 07:04:51 CET 2026
12,14.731588,.99718435,10.1000,38.820259,3.843590,573.5,500,10.493,38.820258999999986,43.12716592238089,4.306906922380904,.110944,43.12716833960876,37.447413903665826,5.679754435942934,.146309,Do 5. Mär 07:07:01 CET 2026
15,18.414485,1.24648044,10.1000,38.820259,3.843590,573.5,500,10.493,38.820258999999986,44.525551883941816,5.705292883941830,.146966,44.5255549795166,38.43700862644964,6.08854635306696,.156839,Do 5. Mär 07:08:05 CET 2026
18,22.097382,1.49577653,10.1000,38.820259,3.843590,573.5,500,10.493,38.820258999999986,46.10160772844655,7.281348728446564,.187565,46.10161173230777,39.55847822318478,6.54313350912299,.168549,Do 5. Mär 07:10:53 CET 2026
21,25.780279,1.74507262,10.1000,38.820259,3.843590,573.5,500,10.493,38.820258999999986,47.88520722654688,9.064948226546894,.233510,47.88521241534304,40.842040823828235,7.043171591514805,.181430,Do 5. Mär 07:13:38 CET 2026
0,0,0,10.1000,38.820259,3.843590,573.5,500,10.534,38.820258999999986,38.820258999999986,0,0,38.820259932598205,34.51140175731254,4.308858175285665,.110995,Do 5. Mär 07:54:15 CET 2026
24,29.463176,1.99436871,10.1000,38.820259,3.843590,573.5,500,10.493,38.820258999999986,49.9027019509071,11.082442950907114,.285480,49.90270869090163,42.68029192348083,7.22241676742080,.186047,Do 5. Mär 07:54:16 CET 2026
3,3.682897,.24929608,10.1000,38.820259,3.843590,573.5,500,10.534,38.820258999999986,39.74310619954318,.922847199543194,.023772,39.74310738511767,35.15119588494544,4.59191150017223,.118286,Do 5. Mär 07:54:18 CET 2026
27,33.146073,2.24366480,10.1000,38.820259,3.843590,573.5,500,10.493,38.820258999999986,52.16284867961454,13.342589679614554,.343701,52.162857478387615,44.23018025311913,7.932677225268485,.204343,Do 5. Mär 07:54:25 CET 2026
33,40.511867,2.74225698,10.1000,38.820259,3.843590,573.5,500,10.493,38.820258999999986,57.2166495121716,18.396390512171614,.473886,57.21666423083262,48.55553951284758,8.66112471798504,.223108,Do 5. Mär 07:54:25 CET 2026
30,36.828970,2.49296089,10.1000,38.820259,3.843590,573.5,500,10.493,38.820258999999986,54.63272283953816,15.812463839538174,.407325,54.63273430084119,45.876873425159665,8.755860875681525,.225548,Do 5. Mär 07:54:37 CET 2026
12,14.731588,.99718435,10.1000,38.820259,3.843590,573.5,500,10.534,38.820258999999986,43.12716592238089,4.306906922380904,.110944,43.1271683552266,37.4550241510651,5.6721442041615,.146112,Do 5. Mär 07:54:45 CET 2026
36,44.194764,2.99155307,10.1000,38.820259,3.843590,573.5,500,10.493,38.820258999999986,59.771647274807,20.951388274807014,.539702,59.77166571501331,52.74939143100183,7.02227428401148,.180891,Do 5. Mär 07:54:48 CET 2026
42,51.560558,3.49014525,10.1000,38.820259,3.843590,573.5,500,10.493,38.820258999999986,64.33200473008084,25.511745730080854,.657176,64.33203114100981,60.02236352236675,4.30966761864306,.111015,Do 5. Mär 07:54:49 CET 2026
45,55.243455,3.73944134,10.1000,38.820259,3.843590,573.5,500,10.493,38.820258999999986,66.25556099997567,27.435301999975684,.706726,66.25559149915465,62.16947091295243,4.08612058620222,.105257,Do 5. Mär 07:54:53 CET 2026
39,47.877661,3.24084916,10.1000,38.820259,3.843590,573.5,500,10.493,38.820258999999986,62.1668708065582,23.346611806558214,.601402,62.16689321833772,57.05336820188023,5.11352501645749,.131723,Do 5. Mär 07:54:53 CET 2026
6,7.365794,.49859217,10.1000,38.820259,3.843590,573.5,500,10.534,38.820258999999986,40.75737472347337,1.937115723473384,.049899,40.757376230611484,35.851484227840075,4.905892002771409,.126374,Do 5. Mär 07:54:57 CET 2026
21,25.780279,1.74507262,10.1000,38.820259,3.843590,573.5,500,10.534,38.820258999999986,47.88520722654688,9.064948226546894,.233510,47.88521245936502,40.8548665246511,7.03034593471392,.181099,Do 5. Mär 07:54:58 CET 2026
15,18.414485,1.24648044,10.1000,38.820259,3.843590,573.5,500,10.534,38.820258999999986,44.525551883941816,5.705292883941830,.146966,44.52555501036587,38.445926018257325,6.079628992108545,.156609,Do 5. Mär 07:55:01 CET 2026
9,11.048691,.74788826,10.1000,38.820259,3.843590,573.5,500,10.534,38.820258999999986,41.878928595780955,3.058669595780969,.078790,41.87893051215835,36.605662069508206,5.273268442650144,.135838,Do 5. Mär 07:55:03 CET 2026
18,22.097382,1.49577653,10.1000,38.820259,3.843590,573.5,500,10.534,38.820258999999986,46.10160772844655,7.281348728446564,.187565,46.10161176034612,39.56914807109833,6.53246368924779,.168274,Do 5. Mär 07:55:09 CET 2026
24,29.463176,1.99436871,10.1000,38.820259,3.843590,573.5,500,10.534,38.820258999999986,49.9027019509071,11.082442950907114,.285480,49.9027087525979,42.707337900151806,7.195370852446094,.185350,Do 5. Mär 07:55:26 CET 2026
33,40.511867,2.74225698,10.1000,38.820259,3.843590,573.5,500,10.534,38.820258999999986,57.2166495121716,18.396390512171614,.473886,57.21666434046996,48.59938694769595,8.61727739277401,.221978,Do 5. Mär 07:55:48 CET 2026
27,33.146073,2.24366480,10.1000,38.820259,3.843590,573.5,500,10.534,38.820258999999986,52.16284867961454,13.342589679614554,.343701,52.16285755678161,44.24064900246029,7.92220855432132,.204074,Do 5. Mär 07:55:58 CET 2026
30,36.828970,2.49296089,10.1000,38.820259,3.843590,573.5,500,10.534,38.820258999999986,54.63272283953816,15.812463839538174,.407325,54.632734395109935,45.890337728262665,8.742396666847270,.225201,Do 5. Mär 07:56:33 CET 2026
36,44.194764,2.99155307,10.1000,38.820259,3.843590,573.5,500,10.534,38.820258999999986,59.771647274807,20.951388274807014,.539702,59.7716658448225,52.80778277213787,6.96388307268463,.179387,Do 5. Mär 07:57:22 CET 2026
39,47.877661,3.24084916,10.1000,38.820259,3.843590,573.5,500,10.534,38.820258999999986,62.1668708065582,23.346611806558214,.601402,62.16689338202393,57.096672414196675,5.070220967827255,.130607,Do 5. Mär 07:59:40 CET 2026
42,51.560558,3.49014525,10.1000,38.820259,3.843590,573.5,500,10.534,38.820258999999986,64.33200473008084,25.511745730080854,.657176,64.33203130206806,60.0415496985949,4.29048160347316,.110521,Do 5. Mär 08:00:22 CET 2026
45,55.243455,3.73944134,10.1000,38.820259,3.843590,573.5,500,10.534,38.820258999999986,66.25556099997567,27.435301999975684,.706726,66.25559169592174,62.19270152306556,4.06289017285618,.104659,Do 5. Mär 08:02:07 CET 2026
0,0,0,10.1000,38.820259,3.843590,573.5,500,10.575,38.820258999999986,38.820258999999986,0,0,38.82025994078568,34.51530271119509,4.30495722959059,.110894,Do 5. Mär 08:02:47 CET 2026
3,3.682897,.24929608,10.1000,38.820259,3.843590,573.5,500,10.575,38.820258999999986,39.74310619954318,.922847199543194,.023772,39.74310739575959,35.155649605765845,4.587457789993745,.118171,Do 5. Mär 08:04:28 CET 2026
6,7.365794,.49859217,10.1000,38.820259,3.843590,573.5,500,10.575,38.820258999999986,40.75737472347337,1.937115723473384,.049899,40.7573762434466,35.85683897818139,4.90053726526521,.126236,Do 5. Mär 08:07:18 CET 2026
9,11.048691,.74788826,10.1000,38.820259,3.843590,573.5,500,10.575,38.820258999999986,41.878928595780955,3.058669595780969,.078790,41.87893052662079,36.61225801502453,5.26667251159626,.135668,Do 5. Mär 08:10:28 CET 2026
24,29.463176,1.99436871,10.1000,38.820259,3.843590,573.5,500,10.575,38.820258999999986,49.9027019509071,11.082442950907114,.285480,49.902708811933095,42.734047517509595,7.168661294423500,.184662,Do 5. Mär 08:50:19 CET 2026
12,14.731588,.99718435,10.1000,38.820259,3.843590,573.5,500,10.575,38.820258999999986,43.12716592238089,4.306906922380904,.110944,43.12716837032482,37.46271015485329,5.66445821547153,.145915,Do 5. Mär 08:50:22 CET 2026
15,18.414485,1.24648044,10.1000,38.820259,3.843590,573.5,500,10.575,38.820258999999986,44.525551883941816,5.705292883941830,.146966,44.52555504023921,38.455163508967686,6.070391531271524,.156371,Do 5. Mär 08:50:25 CET 2026
21,25.780279,1.74507262,10.1000,38.820259,3.843590,573.5,500,10.575,38.820258999999986,47.88520722654688,9.064948226546894,.233510,47.88521250164496,40.867591494698544,7.017621006946416,.180772,Do 5. Mär 08:50:28 CET 2026
0,0,0,10.1000,38.820259,3.843590,573.5,500,10.616,38.820258999999986,38.820258999999986,0,0,38.82025994870108,34.51922033433509,4.30103961436599,.110793,Do 5. Mär 08:50:31 CET 2026
6,7.365794,.49859217,10.1000,38.820259,3.843590,573.5,500,10.616,38.820258999999986,40.75737472347337,1.937115723473384,.049899,40.757376255759,35.862429687669476,4.894946568089524,.126092,Do 5. Mär 08:50:33 CET 2026
3,3.682897,.24929608,10.1000,38.820259,3.843590,573.5,500,10.616,38.820258999999986,39.74310619954318,.922847199543194,.023772,39.743107405927134,35.1603825684867,4.582724837440434,.118049,Do 5. Mär 08:50:39 CET 2026
18,22.097382,1.49577653,10.1000,38.820259,3.843590,573.5,500,10.575,38.820258999999986,46.10160772844655,7.281348728446564,.187565,46.10161178698866,39.58014467423957,6.52146711274909,.167991,Do 5. Mär 08:50:41 CET 2026
30,36.828970,2.49296089,10.1000,38.820259,3.843590,573.5,500,10.575,38.820258999999986,54.63272283953816,15.812463839538174,.407325,54.63273448542648,45.90424993718024,8.72848454824624,.224843,Do 5. Mär 08:50:51 CET 2026
33,40.511867,2.74225698,10.1000,38.820259,3.843590,573.5,500,10.575,38.820258999999986,57.2166495121716,18.396390512171614,.473886,57.21666444534057,48.643553796081804,8.573110649258766,.220841,Do 5. Mär 08:51:00 CET 2026
9,11.048691,.74788826,10.1000,38.820259,3.843590,573.5,500,10.616,38.820258999999986,41.878928595780955,3.058669595780969,.078790,41.87893054048149,36.61874412033019,5.26018642015130,.135501,Do 5. Mär 08:51:02 CET 2026
27,33.146073,2.24366480,10.1000,38.820259,3.843590,573.5,500,10.575,38.820258999999986,52.16284867961454,13.342589679614554,.343701,52.16285763264117,44.25131477460504,7.91154285803613,.203799,Do 5. Mär 08:51:08 CET 2026
39,47.877661,3.24084916,10.1000,38.820259,3.843590,573.5,500,10.575,38.820258999999986,62.1668708065582,23.346611806558214,.601402,62.16689353724993,57.13894127703563,5.02795226021430,.129518,Do 5. Mär 08:51:23 CET 2026
12,14.731588,.99718435,10.1000,38.820259,3.843590,573.5,500,10.616,38.820258999999986,43.12716592238089,4.306906922380904,.110944,43.12716838467775,37.47039524467307,5.65677314000468,.145717,Do 5. Mär 08:51:28 CET 2026
15,18.414485,1.24648044,10.1000,38.820259,3.843590,573.5,500,10.616,38.820258999999986,44.525551883941816,5.705292883941830,.146966,44.52555506889651,38.46408439044232,6.06147067845419,.156141,Do 5. Mär 08:51:30 CET 2026
36,44.194764,2.99155307,10.1000,38.820259,3.843590,573.5,500,10.575,38.820258999999986,59.771647274807,20.951388274807014,.539702,59.77166596910978,52.86591908700325,6.90574688210653,.177890,Do 5. Mär 08:51:36 CET 2026
42,51.560558,3.49014525,10.1000,38.820259,3.843590,573.5,500,10.575,38.820258999999986,64.33200473008084,25.511745730080854,.657176,64.33203151041657,60.060428030930524,4.271603479486046,.110035,Do 5. Mär 08:51:38 CET 2026
18,22.097382,1.49577653,10.1000,38.820259,3.843590,573.5,500,10.616,38.820258999999986,46.10160772844655,7.281348728446564,.187565,46.101611812706835,39.59102542651553,6.510586386191305,.167711,Do 5. Mär 08:51:50 CET 2026
45,55.243455,3.73944134,10.1000,38.820259,3.843590,573.5,500,10.575,38.820258999999986,66.25556099997567,27.435301999975684,.706726,66.25559188387922,62.216018927719496,4.039572956159724,.104058,Do 5. Mär 08:51:51 CET 2026
21,25.780279,1.74507262,10.1000,38.820259,3.843590,573.5,500,10.616,38.820258999999986,47.88520722654688,9.064948226546894,.233510,47.88521254246696,40.88045853522382,7.00475400724314,.180440,Do 5. Mär 08:52:49 CET 2026
24,29.463176,1.99436871,10.1000,38.820259,3.843590,573.5,500,10.616,38.820258999999986,49.9027019509071,11.082442950907114,.285480,49.90270886886492,42.76040411631499,7.14230475254993,.183983,Do 5. Mär 08:54:10 CET 2026
27,33.146073,2.24366480,10.1000,38.820259,3.843590,573.5,500,10.616,38.820258999999986,52.16284867961454,13.342589679614554,.343701,52.16285770563712,44.262138333612,7.90071937202512,.203520,Do 5. Mär 08:56:58 CET 2026
30,36.828970,2.49296089,10.1000,38.820259,3.843590,573.5,500,10.616,38.820258999999986,54.63272283953816,15.812463839538174,.407325,54.63273457286426,45.918374803262665,8.714359769601595,.224479,Do 5. Mär 08:57:12 CET 2026
33,40.511867,2.74225698,10.1000,38.820259,3.843590,573.5,500,10.616,38.820258999999986,57.2166495121716,18.396390512171614,.473886,57.21666454605667,48.687695372241144,8.528969173815526,.219704,Do 5. Mär 08:59:32 CET 2026
36,44.194764,2.99155307,10.1000,38.820259,3.843590,573.5,500,10.616,38.820258999999986,59.771647274807,20.951388274807014,.539702,59.77166608826523,52.92388964915937,6.84777643910586,.176396,Do 5. Mär 08:59:51 CET 2026
39,47.877661,3.24084916,10.1000,38.820259,3.843590,573.5,500,10.616,38.820258999999986,62.1668708065582,23.346611806558214,.601402,62.16689368772002,57.18043821031148,4.98645547740854,.128449,Do 5. Mär 09:01:40 CET 2026
42,51.560558,3.49014525,10.1000,38.820259,3.843590,573.5,500,10.616,38.820258999999986,64.33200473008084,25.511745730080854,.657176,64.33203171079076,60.07889379875815,4.25313791203261,.109559,Do 5. Mär 09:05:46 CET 2026
45,55.243455,3.73944134,10.1000,38.820259,3.843590,573.5,500,10.616,38.820258999999986,66.25556099997567,27.435301999975684,.706726,66.2555920652174,62.239680701386035,4.015911363831365,.103448,Do 5. Mär 09:08:17 CET 2026
0,0,0,10.1000,38.820259,3.843590,573.5,550,10.493,38.820258999999986,38.820258999999986,0,0,38.82025991664806,34.50293613532131,4.31732378132675,.111213,Do 5. Mär 09:45:48 CET 2026
3,3.682897,.24929608,10.1000,38.820259,3.843590,573.5,550,10.493,38.820258999999986,39.74310619954318,.922847199543194,.023772,39.743107363433566,35.14040994914882,4.602697414284746,.118564,Do 5. Mär 09:45:54 CET 2026
9,11.048691,.74788826,10.1000,38.820259,3.843590,573.5,550,10.493,38.820258999999986,41.878928595780955,3.058669595780969,.078790,41.878930480287906,36.58678387001169,5.292146610276216,.136324,Do 5. Mär 09:45:56 CET 2026
6,7.365794,.49859217,10.1000,38.820259,3.843590,573.5,550,10.493,38.820258999999986,40.75737472347337,1.937115723473384,.049899,40.757376203248,35.837257206843844,4.920118996404156,.126741,Do 5. Mär 09:46:03 CET 2026
12,14.731588,.99718435,10.1000,38.820259,3.843590,573.5,550,10.493,38.820258999999986,43.12716592238089,4.306906922380904,.110944,43.127168321395835,37.43026869463416,5.696899626761675,.146750,Do 5. Mär 09:46:22 CET 2026
6,7.365794,.49859217,10.1000,38.820259,3.843590,573.5,550,10.534,38.820258999999986,40.75737472347337,1.937115723473384,.049899,40.757376216953396,35.842689437538,4.914686779415396,.126601,Do 5. Mär 09:46:28 CET 2026
15,18.414485,1.24648044,10.1000,38.820259,3.843590,573.5,550,10.493,38.820258999999986,44.525551883941816,5.705292883941830,.146966,44.52555494225168,38.41620557283165,6.10934936942003,.157375,Do 5. Mär 09:46:32 CET 2026
18,22.097382,1.49577653,10.1000,38.820259,3.843590,573.5,550,10.493,38.820258999999986,46.10160772844655,7.281348728446564,.187565,46.1016117002576,39.5375793756087,6.5640323246489,.169087,Do 5. Mär 09:46:41 CET 2026
21,25.780279,1.74507262,10.1000,38.820259,3.843590,573.5,550,10.493,38.820258999999986,47.88520722654688,9.064948226546894,.233510,47.8852123668163,40.8220065250428,7.0632058417735,.181946,Do 5. Mär 09:46:45 CET 2026
24,29.463176,1.99436871,10.1000,38.820259,3.843590,573.5,550,10.493,38.820258999999986,49.9027019509071,11.082442950907114,.285480,49.90270863001023,42.71425515175929,7.18845347825094,.185172,Do 5. Mär 09:47:02 CET 2026
36,44.194764,2.99155307,10.1000,38.820259,3.843590,573.5,550,10.493,38.820258999999986,59.771647274807,20.951388274807014,.539702,59.771665771713266,52.87869725759284,6.892968514120426,.177561,Do 5. Mär 09:47:05 CET 2026
3,3.682897,.24929608,10.1000,38.820259,3.843590,573.5,550,10.534,38.820258999999986,39.74310619954318,.922847199543194,.023772,39.743107374778695,35.14503717611979,4.598070198658905,.118445,Do 5. Mär 09:47:07 CET 2026
0,0,0,10.1000,38.820259,3.843590,573.5,550,10.534,38.820258999999986,38.820258999999986,0,0,38.82025992546147,34.50681485388131,4.31344507158016,.111113,Do 5. Mär 09:47:07 CET 2026
33,40.511867,2.74225698,10.1000,38.820259,3.843590,573.5,550,10.493,38.820258999999986,57.2166495121716,18.396390512171614,.473886,57.216664227639505,48.585574764542436,8.631089463097069,.222334,Do 5. Mär 09:47:08 CET 2026
30,36.828970,2.49296089,10.1000,38.820259,3.843590,573.5,550,10.493,38.820258999999986,54.63272283953816,15.812463839538174,.407325,54.6327342572412,45.87118241937102,8.76155183787018,.225695,Do 5. Mär 09:47:10 CET 2026
27,33.146073,2.24366480,10.1000,38.820259,3.843590,573.5,550,10.493,38.820258999999986,52.16284867961454,13.342589679614554,.343701,52.16285741643458,44.22556075932442,7.93729665711016,.204462,Do 5. Mär 09:47:16 CET 2026
42,51.560558,3.49014525,10.1000,38.820259,3.843590,573.5,550,10.493,38.820258999999986,64.33200473008084,25.511745730080854,.657176,64.33203139256821,60.0876110096995,4.24442038286871,.109335,Do 5. Mär 09:47:24 CET 2026
39,47.877661,3.24084916,10.1000,38.820259,3.843590,573.5,550,10.493,38.820258999999986,62.1668708065582,23.346611806558214,.601402,62.16689334674099,57.16702927492475,4.99986407181624,.128795,Do 5. Mär 09:47:34 CET 2026
9,11.048691,.74788826,10.1000,38.820259,3.843590,573.5,550,10.534,38.820258999999986,41.878928595780955,3.058669595780969,.078790,41.87893049579901,36.593335495962954,5.285594999836056,.136155,Do 5. Mär 09:47:44 CET 2026
45,55.243455,3.73944134,10.1000,38.820259,3.843590,573.5,550,10.493,38.820258999999986,66.25556099997567,27.435301999975684,.706726,66.25559183099483,62.26167597806047,3.99391585293436,.102882,Do 5. Mär 09:47:47 CET 2026
12,14.731588,.99718435,10.1000,38.820259,3.843590,573.5,550,10.534,38.820258999999986,43.12716592238089,4.306906922380904,.110944,43.12716833763244,37.437854235401076,5.689314102231364,.146555,Do 5. Mär 09:50:28 CET 2026
15,18.414485,1.24648044,10.1000,38.820259,3.843590,573.5,550,10.534,38.820258999999986,44.525551883941816,5.705292883941830,.146966,44.52555497388283,38.42515125449866,6.10040371938417,.157144,Do 5. Mär 09:53:37 CET 2026
18,22.097382,1.49577653,10.1000,38.820259,3.843590,573.5,550,10.534,38.820258999999986,46.10160772844655,7.281348728446564,.187565,46.101611729359156,39.54856952703235,6.553042202326806,.168804,Do 5. Mär 09:53:54 CET 2026
21,25.780279,1.74507262,10.1000,38.820259,3.843590,573.5,550,10.534,38.820258999999986,47.88520722654688,9.064948226546894,.233510,47.88521241236296,40.83473301462419,7.05047939773877,.181618,Do 5. Mär 09:56:03 CET 2026
24,29.463176,1.99436871,10.1000,38.820259,3.843590,573.5,550,10.534,38.820258999999986,49.9027019509071,11.082442950907114,.285480,49.902708693309734,42.74154792344596,7.161160769863774,.184469,Do 5. Mär 09:57:19 CET 2026
27,33.146073,2.24366480,10.1000,38.820259,3.843590,573.5,550,10.534,38.820258999999986,52.16284867961454,13.342589679614554,.343701,52.16285749702894,44.23615074686511,7.92670675016383,.204189,Do 5. Mär 09:59:43 CET 2026
30,36.828970,2.49296089,10.1000,38.820259,3.843590,573.5,550,10.534,38.820258999999986,54.63272283953816,15.812463839538174,.407325,54.63273435387919,45.884417861243364,8.748316492635826,.225354,Do 5. Mär 10:02:43 CET 2026
33,40.511867,2.74225698,10.1000,38.820259,3.843590,573.5,550,10.534,38.820258999999986,57.2166495121716,18.396390512171614,.473886,57.216664340372375,48.63041555481323,8.586248785559145,.221179,Do 5. Mär 10:04:25 CET 2026
6,7.365794,.49859217,10.1000,38.820259,3.843590,573.5,550,10.575,38.820258999999986,40.75737472347337,1.937115723473384,.049899,40.75737623007826,35.84824303188413,4.90913319819413,.126458,Do 5. Mär 11:38:40 CET 2026
3,3.682897,.24929608,10.1000,38.820259,3.843590,573.5,550,10.575,38.820258999999986,39.74310619954318,.922847199543194,.023772,39.74310738567746,35.14958808794948,4.59351929772798,.118327,Do 5. Mär 11:38:40 CET 2026
9,11.048691,.74788826,10.1000,38.820259,3.843590,573.5,550,10.575,38.820258999999986,41.878928595780955,3.058669595780969,.078790,41.87893051064804,36.59995496133545,5.27897554931259,.135985,Do 5. Mär 11:38:42 CET 2026
12,14.731588,.99718435,10.1000,38.820259,3.843590,573.5,550,10.575,38.820258999999986,43.12716592238089,4.306906922380904,.110944,43.12716835317947,37.44541404853086,5.68175430464861,.146360,Do 5. Mär 11:38:44 CET 2026
9,11.048691,.74788826,10.1000,38.820259,3.843590,573.5,550,10.616,38.820258999999986,41.878928595780955,3.058669595780969,.078790,41.87893052489393,36.60634066163474,5.27258986325919,.135820,Do 5. Mär 11:38:44 CET 2026
3,3.682897,.24929608,10.1000,38.820259,3.843590,573.5,550,10.616,38.820258999999986,39.74310619954318,.922847199543194,.023772,39.743107396109785,35.15422805184876,4.588879344261025,.118208,Do 5. Mär 11:38:44 CET 2026
15,18.414485,1.24648044,10.1000,38.820259,3.843590,573.5,550,10.575,38.820258999999986,44.525551883941816,5.705292883941830,.146966,44.52555500443434,38.43431764936593,6.09123735506841,.156908,Do 5. Mär 11:38:46 CET 2026
0,0,0,10.1000,38.820259,3.843590,573.5,550,10.575,38.820258999999986,38.820258999999986,0,0,38.82025993385419,34.51059134575653,4.30966858809766,.111015,Do 5. Mär 11:38:46 CET 2026
0,0,0,10.1000,38.820259,3.843590,573.5,550,10.616,38.820258999999986,38.820258999999986,0,0,38.820259941954,34.51453187582968,4.30572806612432,.110914,Do 5. Mär 11:38:46 CET 2026
36,44.194764,2.99155307,10.1000,38.820259,3.843590,573.5,550,10.534,38.820258999999986,59.771647274807,20.951388274807014,.539702,59.771665905087204,52.93848805655216,6.833177848535044,.176020,Do 5. Mär 11:38:48 CET 2026
6,7.365794,.49859217,10.1000,38.820259,3.843590,573.5,550,10.616,38.820258999999986,40.75737472347337,1.937115723473384,.049899,40.75737624272077,35.853748026574465,4.903628216146305,.126316,Do 5. Mär 11:38:49 CET 2026
42,51.560558,3.49014525,10.1000,38.820259,3.843590,573.5,550,10.534,38.820258999999986,64.33200473008084,25.511745730080854,.657176,64.33203152757136,60.10689966444398,4.22513186312738,.108838,Do 5. Mär 11:38:55 CET 2026
45,55.243455,3.73944134,10.1000,38.820259,3.843590,573.5,550,10.534,38.820258999999986,66.25556099997567,27.435301999975684,.706726,66.25559203179984,62.284774885836605,3.970817145963235,.102287,Do 5. Mär 11:38:55 CET 2026
12,14.731588,.99718435,10.1000,38.820259,3.843590,573.5,550,10.616,38.820258999999986,43.12716592238089,4.306906922380904,.110944,43.1271683679576,37.45297336989879,5.67419499805881,.146165,Do 5. Mär 11:38:56 CET 2026
18,22.097382,1.49577653,10.1000,38.820259,3.843590,573.5,550,10.575,38.820258999999986,46.10160772844655,7.281348728446564,.187565,46.101611756896915,39.559560621119566,6.542051135777349,.168521,Do 5. Mär 11:38:57 CET 2026
30,36.828970,2.49296089,10.1000,38.820259,3.843590,573.5,550,10.575,38.820258999999986,54.63272283953816,15.812463839538174,.407325,54.63273444716111,45.89802349138939,8.73471095577172,.225003,Do 5. Mär 11:38:57 CET 2026
21,25.780279,1.74507262,10.1000,38.820259,3.843590,573.5,550,10.575,38.820258999999986,47.88520722654688,9.064948226546894,.233510,47.88521245563759,40.84763708272901,7.03757537290858,.181286,Do 5. Mär 11:38:58 CET 2026
27,33.146073,2.24366480,10.1000,38.820259,3.843590,573.5,550,10.575,38.820258999999986,52.16284867961454,13.342589679614554,.343701,52.16285757499234,44.24656952864139,7.91628804635095,.203921,Do 5. Mär 11:39:00 CET 2026
21,25.780279,1.74507262,10.1000,38.820259,3.843590,573.5,550,10.616,38.820258999999986,47.88520722654688,9.064948226546894,.233510,47.88521249810558,40.860417755578965,7.024794742526615,.180956,Do 5. Mär 11:39:03 CET 2026
39,47.877661,3.24084916,10.1000,38.820259,3.843590,573.5,550,10.534,38.820258999999986,62.1668708065582,23.346611806558214,.601402,62.16689351308106,57.20819076999442,4.95870274308664,.127734,Do 5. Mär 11:39:07 CET 2026
33,40.511867,2.74225698,10.1000,38.820259,3.843590,573.5,550,10.575,38.820258999999986,57.2166495121716,18.396390512171614,.473886,57.21666444822823,48.67545579639304,8.54120865183519,.220019,Do 5. Mär 11:39:13 CET 2026
24,29.463176,1.99436871,10.1000,38.820259,3.843590,573.5,550,10.575,38.820258999999986,49.9027019509071,11.082442950907114,.285480,49.90270875448959,42.76846267889213,7.13424607559746,.183776,Do 5. Mär 11:39:23 CET 2026
18,22.097382,1.49577653,10.1000,38.820259,3.843590,573.5,550,10.616,38.820258999999986,46.10160772844655,7.281348728446564,.187565,46.10161178333287,39.57048309181632,6.53112869151655,.168240,Do 5. Mär 11:39:29 CET 2026
36,44.194764,2.99155307,10.1000,38.820259,3.843590,573.5,550,10.575,38.820258999999986,59.771647274807,20.951388274807014,.539702,59.771666032760876,52.99790446366279,6.773761569098086,.174490,Do 5. Mär 11:39:41 CET 2026
39,47.877661,3.24084916,10.1000,38.820259,3.843590,573.5,550,10.575,38.820258999999986,62.1668708065582,23.346611806558214,.601402,62.1668936730549,57.248370252365696,4.918523420689204,.126699,Do 5. Mär 11:39:58 CET 2026
15,18.414485,1.24648044,10.1000,38.820259,3.843590,573.5,550,10.616,38.820258999999986,44.525551883941816,5.705292883941830,.146966,44.52555503389755,38.44341683421,6.08213819968755,.156674,Do 5. Mär 11:39:59 CET 2026
42,51.560558,3.49014525,10.1000,38.820259,3.843590,573.5,550,10.575,38.820258999999986,64.33200473008084,25.511745730080854,.657176,64.33203172187487,60.12574963540774,4.20628208646713,.108352,Do 5. Mär 11:40:15 CET 2026
45,55.243455,3.73944134,10.1000,38.820259,3.843590,573.5,550,10.575,38.820258999999986,66.25556099997567,27.435301999975684,.706726,66.25559222351413,62.30799351052753,3.94759871298660,.101689,Do 5. Mär 11:40:28 CET 2026
24,29.463176,1.99436871,10.1000,38.820259,3.843590,573.5,550,10.616,38.820258999999986,49.9027019509071,11.082442950907114,.285480,49.90270881272548,42.794839258699064,7.107869554026416,.183096,Do 5. Mär 12:37:55 CET 2026
30,36.828970,2.49296089,10.1000,38.820259,3.843590,573.5,550,10.616,38.820258999999986,54.63272283953816,15.812463839538174,.407325,54.63273453655041,45.91231679729689,8.72041773925352,.224635,Do 5. Mär 12:37:56 CET 2026
33,40.511867,2.74225698,10.1000,38.820259,3.843590,573.5,550,10.616,38.820258999999986,57.2166495121716,18.396390512171614,.473886,57.21666455196026,48.720431888147694,8.496232663812566,.218860,Do 5. Mär 12:38:00 CET 2026
36,44.194764,2.99155307,10.1000,38.820259,3.843590,573.5,550,10.616,38.820258999999986,59.771647274807,20.951388274807014,.539702,59.77166615529082,53.05688819745468,6.71477795783614,.172970,Do 5. Mär 12:38:01 CET 2026
39,47.877661,3.24084916,10.1000,38.820259,3.843590,573.5,550,10.616,38.820258999999986,62.1668708065582,23.346611806558214,.601402,62.16689382698437,57.28762978936791,4.87926403761646,.125688,Do 5. Mär 12:38:05 CET 2026
42,51.560558,3.49014525,10.1000,38.820259,3.843590,573.5,550,10.616,38.820258999999986,64.33200473008084,25.511745730080854,.657176,64.33203192677692,60.144364153106,4.18766777367092,.107873,Do 5. Mär 12:38:06 CET 2026
27,33.146073,2.24366480,10.1000,38.820259,3.843590,573.5,550,10.616,38.820258999999986,52.16284867961454,13.342589679614554,.343701,52.162857650052885,44.256821130692394,7.906036519360491,.203657,Do 5. Mär 12:38:12 CET 2026
45,55.243455,3.73944134,10.1000,38.820259,3.843590,573.5,550,10.616,38.820258999999986,66.25556099997567,27.435301999975684,.706726,66.25559240512054,62.3309949094143,3.92459749570624,.101096,Do 5. Mär 12:38:17 CET 2026
0,0,0,6.8800,31.983544,4.648771,691.2,450,10.493,31.983544000000016,31.983544000000016,0,0,32.07020480340947,30.494300384674094,1.575904418735376,.049272,Do 5. Mär 12:50:05 CET 2026
0,0,0,6.8800,31.983544,4.648771,691.2,450,10.534,31.983544000000016,31.983544000000016,0,0,32.07038676550156,30.496267028688404,1.574119736813156,.049216,Do 5. Mär 12:50:42 CET 2026
3,5.387555,.24929606,6.8800,31.983544,4.648771,691.2,450,10.493,31.983544000000016,32.74386653297627,.760322532976254,.023772,32.85777549316162,31.101068976901374,1.756706516260246,.054925,Do 5. Mär 12:51:00 CET 2026
6,10.775111,.49859217,6.8800,31.983544,4.648771,691.2,450,10.493,31.983544000000016,33.57951060091258,1.595966600912564,.049899,33.71496135528747,31.766274963841862,1.948686391445608,.060927,Do 5. Mär 12:51:35 CET 2026
3,5.387555,.24929606,6.8800,31.983544,4.648771,691.2,450,10.534,31.983544000000016,32.74386653297627,.760322532976254,.023772,32.857696673680124,31.104482434060365,1.753214239619759,.054816,Do 5. Mär 12:52:23 CET 2026
9,16.162666,.74788824,6.8800,31.983544,4.648771,691.2,450,10.493,31.983544000000016,34.50354608427846,2.520002084278444,.078790,34.621822180248756,32.492347060878,2.129475119370756,.066580,Do 5. Mär 12:53:10 CET 2026
6,10.775111,.49859217,6.8800,31.983544,4.648771,691.2,450,10.534,31.983544000000016,33.57951060091258,1.595966600912564,.049899,33.714183703122515,31.769476840912453,1.944706862210062,.060803,Do 5. Mär 12:53:17 CET 2026
12,21.550222,.99718435,6.8800,31.983544,4.648771,691.2,450,10.493,31.983544000000016,35.53195258936078,3.548408589360764,.110944,35.73662010441592,33.2847468559913,2.45187324842462,.076660,Do 5. Mär 12:53:59 CET 2026
9,16.162666,.74788824,6.8800,31.983544,4.648771,691.2,450,10.534,31.983544000000016,34.50354608427846,2.520002084278444,.078790,34.62092378436665,32.49597984388648,2.12494394048017,.066438,Do 5. Mär 12:55:31 CET 2026
15,26.937777,1.24648042,6.8800,31.983544,4.648771,691.2,450,10.493,31.983544000000016,36.68406593956317,4.700521939563154,.146966,36.91979285874026,33.945275804014685,2.974517054725575,.093001,Do 5. Mär 12:55:49 CET 2026
18,32.325333,1.49577653,6.8800,31.983544,4.648771,691.2,450,10.493,31.983544000000016,37.98256019345788,5.999016193457864,.187565,38.171104120835054,35.06568593765608,3.105418183178974,.097094,Do 5. Mär 12:57:20 CET 2026
21,37.712888,1.74507260,6.8800,31.983544,4.648771,691.2,450,10.493,31.983544000000016,39.45204624113059,7.468502241130574,.233510,39.592965179909704,36.02661794900898,3.566347230900724,.111505,Do 5. Mär 12:58:40 CET 2026
42,75.425777,3.49014525,6.8800,31.983544,4.648771,691.2,450,10.493,31.983544000000016,53.00236355748706,21.018819557487044,.657176,5422.106203789892,0.15641273090072388,5421.94979105899127612,169.523108,Do 5. Mär 13:02:24 CET 2026
39,70.038221,3.24084914,6.8800,31.983544,4.648771,691.2,450,10.493,31.983544000000016,51.21854277080697,19.234998770806954,.601402,3820.9893661346846,0.2146511991646139,3820.7747149355199861,119.460642,Do 5. Mär 13:03:56 CET 2026
24,43.100444,1.99436871,6.8800,31.983544,4.648771,691.2,450,10.493,31.983544000000016,41.1142376613202,9.130693661320184,.285480,41.11423839624309,36.29630471376906,4.81793368247403,.150637,Do 5. Mär 13:04:17 CET 2026
45,80.813333,3.73944137,6.8800,31.983544,4.648771,691.2,450,10.493,31.983544000000016,54.5871588528404,22.603614852840384,.706726,3041.8049144759516,0.22880011995358018,3041.57611435599801982,95.098157,Do 5. Mär 13:05:38 CET 2026
33,59.263110,2.74225696,6.8800,31.983544,4.648771,691.2,450,10.493,31.983544000000016,47.140107624016466,15.156563624016450,.473886,2605.143245233286,42.351010830710806,2562.792234402575194,80.128463,Do 5. Mär 13:09:08 CET 2026
36,64.650666,2.99155307,6.8800,31.983544,4.648771,691.2,450,10.493,31.983544000000016,49.24513912224897,17.261595122248954,.539702,551.0815406167402,0.06758658467989336,551.01395403206030664,17.228045,Do 5. Mär 13:10:17 CET 2026
30,53.875555,2.49296089,6.8800,31.983544,4.648771,691.2,450,10.493,31.983544000000016,45.01124077773982,13.027696777739804,.407324,899.9109976397042,40.22179906810453,859.68919857159967,26.879110,Do 5. Mär 13:10:41 CET 2026
27,48.487999,2.24366478,6.8800,31.983544,4.648771,691.2,450,10.493,31.983544000000016,42.9763471083231,10.992803108323084,.343701,42.976348237661306,36.49119217140265,6.485156066258656,.202765,Do 5. Mär 13:12:35 CET 2026
12,21.550222,.99718435,6.8800,31.983544,4.648771,691.2,450,10.534,31.983544000000016,35.53195258936078,3.548408589360764,.110944,35.73597264879387,33.29022690374965,2.44574574504422,.076468,Do 5. Mär 13:52:27 CET 2026
15,26.937777,1.24648042,6.8800,31.983544,4.648771,691.2,450,10.534,31.983544000000016,36.68406593956317,4.700521939563154,.146966,36.9188184491243,33.95567170921378,2.96314673991052,.092645,Do 5. Mär 13:54:09 CET 2026
18,32.325333,1.49577653,6.8800,31.983544,4.648771,691.2,450,10.534,31.983544000000016,37.98256019345788,5.999016193457864,.187565,38.168240682888424,35.07014877094047,3.098091911947954,.096865,Do 5. Mär 13:54:51 CET 2026
21,37.712888,1.74507260,6.8800,31.983544,4.648771,691.2,450,10.534,31.983544000000016,39.45204624113059,7.468502241130574,.233510,39.59157586213473,36.02568640220397,3.56588945993076,.111491,Do 5. Mär 13:57:30 CET 2026
0,0,0,6.8800,31.983544,4.648771,691.2,450,10.575,31.983544000000016,31.983544000000016,0,0,32.070556693096556,30.498513732588304,1.572042960508252,.049151,Do 5. Mär 14:03:07 CET 2026
24,43.100444,1.99436871,6.8800,31.983544,4.648771,691.2,450,10.534,31.983544000000016,41.1142376613202,9.130693661320184,.285480,41.114238399202115,36.29608191756991,4.818156481632205,.150644,Do 5. Mär 14:03:10 CET 2026
3,5.387555,.24929606,6.8800,31.983544,4.648771,691.2,450,10.575,31.983544000000016,32.74386653297627,.760322532976254,.023772,32.85750549226335,31.108207635815976,1.749297856447374,.054693,Do 5. Mär 14:04:42 CET 2026
6,10.775111,.49859217,6.8800,31.983544,4.648771,691.2,450,10.575,31.983544000000016,33.57951060091258,1.595966600912564,.049899,33.713411355599916,31.77349517346885,1.939916182131066,.060653,Do 5. Mär 14:05:18 CET 2026
33,59.263110,2.74225696,6.8800,31.983544,4.648771,691.2,450,10.534,31.983544000000016,47.140107624016466,15.156563624016450,.473886,99.64726714097465,38.72865655276373,60.91861058821092,1.904686,Do 5. Mär 14:06:41 CET 2026
9,16.162666,.74788824,6.8800,31.983544,4.648771,691.2,450,10.575,31.983544000000016,34.50354608427846,2.520002084278444,.078790,34.61962016137388,32.50097495869325,2.11864520268063,.066241,Do 5. Mär 14:08:07 CET 2026
30,53.875555,2.49296089,6.8800,31.983544,4.648771,691.2,450,10.534,31.983544000000016,45.01124077773982,13.027696777739804,.407324,616.1726552016486,40.21680815533862,575.95584704630998,18.007880,Do 5. Mär 14:08:21 CET 2026
12,21.550222,.99718435,6.8800,31.983544,4.648771,691.2,450,10.575,31.983544000000016,35.53195258936078,3.548408589360764,.110944,35.735125064176806,33.29568753386947,2.439437530307336,.076271,Do 5. Mär 14:09:28 CET 2026
27,48.487999,2.24366478,6.8800,31.983544,4.648771,691.2,450,10.534,31.983544000000016,42.9763471083231,10.992803108323084,.343701,42.976348238419504,36.5212896918129,6.455058546606604,.201824,Do 5. Mär 14:11:01 CET 2026
15,26.937777,1.24648042,6.8800,31.983544,4.648771,691.2,450,10.575,31.983544000000016,36.68406593956317,4.700521939563154,.146966,36.917578956082984,33.964319740213135,2.953259215869849,.092336,Do 5. Mär 14:11:34 CET 2026
18,32.325333,1.49577653,6.8800,31.983544,4.648771,691.2,450,10.575,31.983544000000016,37.98256019345788,5.999016193457864,.187565,38.16573458039155,35.07589803066398,3.08983654972757,.096607,Do 5. Mär 14:11:41 CET 2026
21,37.712888,1.74507260,6.8800,31.983544,4.648771,691.2,450,10.575,31.983544000000016,39.45204624113059,7.468502241130574,.233510,39.5895289695337,36.030530131913004,3.558998837620696,.111275,Do 5. Mär 14:15:17 CET 2026
42,75.425777,3.49014525,6.8800,31.983544,4.648771,691.2,450,10.534,31.983544000000016,53.00236355748706,21.018819557487044,.657176,3372.574938674102,0.09748939091510919,3372.47744928318689081,105.444144,Do 5. Mär 14:25:39 CET 2026
36,64.650666,2.99155307,6.8800,31.983544,4.648771,691.2,450,10.534,31.983544000000016,49.24513912224897,17.261595122248954,.539702,534.7372324969956,0.03997903225767345,534.69725346473792655,16.717886,Do 5. Mär 14:26:35 CET 2026
24,43.100444,1.99436871,6.8800,31.983544,4.648771,691.2,450,10.575,31.983544000000016,41.1142376613202,9.130693661320184,.285480,41.11423840196371,36.299948060323075,4.814290341640635,.150523,Do 5. Mär 14:26:39 CET 2026
39,70.038221,3.24084914,6.8800,31.983544,4.648771,691.2,450,10.534,31.983544000000016,51.21854277080697,19.234998770806954,.601402,3795.7350921770603,0.026591857184159837,3795.708500319876140163,118.676920,Do 5. Mär 14:28:22 CET 2026
45,80.813333,3.73944137,6.8800,31.983544,4.648771,691.2,450,10.534,31.983544000000016,54.5871588528404,22.603614852840384,.706726,3019.23291953027,0.13700691244337576,3019.09591261782662424,94.395290,Do 5. Mär 14:32:07 CET 2026
27,48.487999,2.24366478,6.8800,31.983544,4.648771,691.2,450,10.575,31.983544000000016,42.9763471083231,10.992803108323084,.343701,42.97634823907697,36.53892775296959,6.43742048610738,.201272,Do 5. Mär 14:34:00 CET 2026
30,53.875555,2.49296089,6.8800,31.983544,4.648771,691.2,450,10.575,31.983544000000016,45.01124077773982,13.027696777739804,.407324,848.1493409419393,40.22596446292527,807.92337647901403,25.260595,Do 5. Mär 14:34:06 CET 2026
36,64.650666,2.99155307,6.8800,31.983544,4.648771,691.2,450,10.575,31.983544000000016,49.24513912224897,17.261595122248954,.539702,3926.7327835026967,0.27467164396606836,3926.45811185873063164,122.764947,Do 5. Mär 14:39:00 CET 2026
33,59.263110,2.74225696,6.8800,31.983544,4.648771,691.2,450,10.575,31.983544000000016,47.140107624016466,15.156563624016450,.473886,1968.0707935948155,0.03889120826831885,1968.03190238654718115,61.532640,Do 5. Mär 14:41:26 CET 2026
0,0,0,6.8800,31.983544,4.648771,691.2,450,10.616,31.983544000000016,31.983544000000016,0,0,32.07092086329722,30.501380877437462,1.569539985859758,.049073,Do 5. Mär 21:36:28 CET 2026
0,0,0,6.8800,31.983544,4.648771,691.2,500,10.493,31.983544000000016,31.983544000000016,0,0,32.08065279676682,30.495482647270748,1.585170149496072,.049562,Do 5. Mär 21:36:32 CET 2026
6,10.775111,.49859217,6.8800,31.983544,4.648771,691.2,450,10.616,31.983544000000016,33.57951060091258,1.595966600912564,.049899,33.712615125847464,31.77683886790692,1.935776257940544,.060524,Do 5. Mär 21:36:35 CET 2026
3,5.387555,.24929606,6.8800,31.983544,4.648771,691.2,450,10.616,31.983544000000016,32.74386653297627,.760322532976254,.023772,32.857038541092095,31.11188257160826,1.745155969483835,.054564,Do 5. Mär 21:36:40 CET 2026
3,5.387555,.24929606,6.8800,31.983544,4.648771,691.2,500,10.493,31.983544000000016,32.74386653297627,.760322532976254,.023772,32.87533431749558,31.091209698905587,1.784124618589993,.055782,Do 5. Mär 21:37:09 CET 2026
6,10.775111,.49859217,6.8800,31.983544,4.648771,691.2,500,10.493,31.983544000000016,33.57951060091258,1.595966600912564,.049899,33.73634126087416,31.742881442754356,1.993459818119804,.062327,Do 5. Mär 21:37:58 CET 2026
9,16.162666,.74788824,6.8800,31.983544,4.648771,691.2,450,10.616,31.983544000000016,34.50354608427846,2.520002084278444,.078790,34.61784087716267,32.5058020661694,2.11203881099327,.066035,Do 5. Mär 21:38:16 CET 2026
12,21.550222,.99718435,6.8800,31.983544,4.648771,691.2,450,10.616,31.983544000000016,35.53195258936078,3.548408589360764,.110944,35.735170069773964,33.299863847136564,2.435306222637400,.076142,Do 5. Mär 21:38:55 CET 2026
9,16.162666,.74788824,6.8800,31.983544,4.648771,691.2,500,10.493,31.983544000000016,34.50354608427846,2.520002084278444,.078790,34.63836183955493,32.462568659452835,2.175793180102095,.068028,Do 5. Mär 21:39:28 CET 2026
12,21.550222,.99718435,6.8800,31.983544,4.648771,691.2,500,10.493,31.983544000000016,35.53195258936078,3.548408589360764,.110944,35.76862870643442,33.16516093532906,2.60346777110536,.081400,Do 5. Mär 21:39:53 CET 2026
15,26.937777,1.24648042,6.8800,31.983544,4.648771,691.2,450,10.616,31.983544000000016,36.68406593956317,4.700521939563154,.146966,36.916849595598556,33.978226561688764,2.938623033909792,.091879,Do 5. Mär 21:41:18 CET 2026
15,26.937777,1.24648042,6.8800,31.983544,4.648771,691.2,500,10.493,31.983544000000016,36.68406593956317,4.700521939563154,.146966,36.952423144228504,33.8573738541993,3.095049290029204,.096770,Do 5. Mär 21:41:45 CET 2026
18,32.325333,1.49577653,6.8800,31.983544,4.648771,691.2,450,10.616,31.983544000000016,37.98256019345788,5.999016193457864,.187565,38.16312849699389,35.08047501708613,3.08265347990776,.096382,Do 5. Mär 21:42:05 CET 2026
21,37.712888,1.74507260,6.8800,31.983544,4.648771,691.2,450,10.616,31.983544000000016,39.45204624113059,7.468502241130574,.233510,39.588702778502984,36.04082749535013,3.547875283152854,.110928,Do 5. Mär 21:44:07 CET 2026
18,32.325333,1.49577653,6.8800,31.983544,4.648771,691.2,500,10.493,31.983544000000016,37.98256019345788,5.999016193457864,.187565,38.226352215926255,34.983580022402464,3.242772193523791,.101388,Do 5. Mär 21:44:33 CET 2026
21,37.712888,1.74507260,6.8800,31.983544,4.648771,691.2,500,10.493,31.983544000000016,39.45204624113059,7.468502241130574,.233510,39.67981471456685,35.74110523649967,3.93870947806718,.123148,Do 5. Mär 21:44:59 CET 2026
24,43.100444,1.99436871,6.8800,31.983544,4.648771,691.2,450,10.616,31.983544000000016,41.1142376613202,9.130693661320184,.285480,41.11423840464207,36.307807343059096,4.806431061582974,.150278,Do 5. Mär 21:46:21 CET 2026
24,43.100444,1.99436871,6.8800,31.983544,4.648771,691.2,500,10.493,31.983544000000016,41.1142376613202,9.130693661320184,.285480,41.114238565526264,36.03016176056127,5.084076804964994,.158959,Do 5. Mär 21:49:41 CET 2026
27,48.487999,2.24366478,6.8800,31.983544,4.648771,691.2,450,10.616,31.983544000000016,42.9763471083231,10.992803108323084,.343701,42.97634823945931,36.570977151909965,6.405371087549345,.200270,Do 5. Mär 21:53:26 CET 2026
45,80.813333,3.73944137,6.8800,31.983544,4.648771,691.2,450,10.575,31.983544000000016,54.5871588528404,22.603614852840384,.706726,2996.972124546984,0.04276735572033204,2996.92935719126366796,93.702228,Do 5. Mär 21:53:51 CET 2026
36,64.650666,2.99155307,6.8800,31.983544,4.648771,691.2,450,10.616,31.983544000000016,49.24513912224897,17.261595122248954,.539702,2905.0167592290736,0.04750466612831332,2904.96925456294528668,90.826996,Do 5. Mär 22:06:53 CET 2026
30,53.875555,2.49296089,6.8800,31.983544,4.648771,691.2,450,10.616,31.983544000000016,45.01124077773982,13.027696777739804,.407324,769.8645581330424,40.21507253596789,729.64948559707451,22.813278,Do 5. Mär 22:08:26 CET 2026
42,75.425777,3.49014525,6.8800,31.983544,4.648771,691.2,450,10.616,31.983544000000016,53.00236355748706,21.018819557487044,.657176,3266.6531216669914,0.04170003723822447,3266.61142162975317553,102.134129,Do 5. Mär 22:08:53 CET 2026
45,80.813333,3.73944137,6.8800,31.983544,4.648771,691.2,450,10.616,31.983544000000016,54.5871588528404,22.603614852840384,.706726,2975.0012500733137,0.05178518030800433,2974.94946489300569567,93.015003,Do 5. Mär 22:09:04 CET 2026
39,70.038221,3.24084914,6.8800,31.983544,4.648771,691.2,450,10.575,31.983544000000016,51.21854277080697,19.234998770806954,.601402,3770.6560937770237,0.15973136705402793,3770.49636240996967207,117.888635,Do 5. Mär 22:09:57 CET 2026
33,59.263110,2.74225696,6.8800,31.983544,4.648771,691.2,450,10.616,31.983544000000016,47.140107624016466,15.156563624016450,.473886,1136.7203662070103,0.16540573120917457,1136.55496047580112543,35.535616,Do 5. Mär 22:12:44 CET 2026
42,75.425777,3.49014525,6.8800,31.983544,4.648771,691.2,450,10.575,31.983544000000016,53.00236355748706,21.018819557487044,.657176,3289.2171189262504,0.1820116331484155,3289.0351072931019845,102.835230,Do 5. Mär 22:13:40 CET 2026
39,70.038221,3.24084914,6.8800,31.983544,4.648771,691.2,450,10.616,31.983544000000016,51.21854277080697,19.234998770806954,.601402,3745.7657987013954,0.14630787608345372,3745.61949082531194628,117.110833,Do 5. Mär 22:16:23 CET 2026
0,0,0,6.8800,31.983544,4.648771,691.2,500,10.534,31.983544000000016,31.983544000000016,0,0,32.080706207880105,30.497629677666755,1.583076530213350,.049496,Do 5. Mär 22:42:44 CET 2026
3,5.387555,.24929606,6.8800,31.983544,4.648771,691.2,500,10.534,31.983544000000016,32.74386653297627,.760322532976254,.023772,32.87486895672384,31.094672572578734,1.780196384145106,.055659,Do 5. Mär 22:44:07 CET 2026
6,10.775111,.49859217,6.8800,31.983544,4.648771,691.2,500,10.534,31.983544000000016,33.57951060091258,1.595966600912564,.049899,33.73624597884789,31.745962294243405,1.990283684604485,.062228,Do 5. Mär 22:45:42 CET 2026
9,16.162666,.74788824,6.8800,31.983544,4.648771,691.2,500,10.534,31.983544000000016,34.50354608427846,2.520002084278444,.078790,34.63776683299631,32.46782822804397,2.16993860495234,.067845,Do 5. Mär 22:50:03 CET 2026
12,21.550222,.99718435,6.8800,31.983544,4.648771,691.2,500,10.534,31.983544000000016,35.53195258936078,3.548408589360764,.110944,35.76849749941733,33.16090313149071,2.60759436792662,.081529,Do 5. Mär 22:51:03 CET 2026
15,26.937777,1.24648042,6.8800,31.983544,4.648771,691.2,500,10.534,31.983544000000016,36.68406593956317,4.700521939563154,.146966,36.95058607508981,33.86846221448628,3.08212386060353,.096365,Do 5. Mär 22:53:09 CET 2026
18,32.325333,1.49577653,6.8800,31.983544,4.648771,691.2,500,10.534,31.983544000000016,37.98256019345788,5.999016193457864,.187565,38.22381055693371,34.991296835181885,3.232513721751825,.101068,Do 5. Mär 22:56:29 CET 2026
36,64.650666,2.99155307,6.8800,31.983544,4.648771,691.2,500,10.493,31.983544000000016,49.24513912224897,17.261595122248954,.539702,522.857982430999,0.08096443317929924,522.77701799781970076,16.345187,Do 5. Mär 22:56:34 CET 2026
30,53.875555,2.49296089,6.8800,31.983544,4.648771,691.2,500,10.493,31.983544000000016,45.01124077773982,13.027696777739804,.407324,208.79943620000725,39.92317999530823,168.87625620469902,5.280098,Do 5. Mär 22:56:58 CET 2026
21,37.712888,1.74507260,6.8800,31.983544,4.648771,691.2,500,10.534,31.983544000000016,39.45204624113059,7.468502241130574,.233510,39.67977466861078,35.74522222571862,3.93455244289216,.123018,Do 5. Mär 22:59:31 CET 2026
33,59.263110,2.74225696,6.8800,31.983544,4.648771,691.2,500,10.493,31.983544000000016,47.140107624016466,15.156563624016450,.473886,4797.855889909022,0.05548624161639623,4797.80040366740560377,150.008404,Do 5. Mär 22:59:52 CET 2026
27,48.487999,2.24366478,6.8800,31.983544,4.648771,691.2,500,10.493,31.983544000000016,42.9763471083231,10.992803108323084,.343701,42.97634848851732,35.22840895430631,7.74793953421101,.242247,Do 5. Mär 23:05:38 CET 2026
24,43.100444,1.99436871,6.8800,31.983544,4.648771,691.2,500,10.534,31.983544000000016,41.1142376613202,9.130693661320184,.285480,41.11423856829162,36.035051090390596,5.079187477901024,.158806,Do 5. Mär 23:06:11 CET 2026
42,75.425777,3.49014525,6.8800,31.983544,4.648771,691.2,500,10.493,31.983544000000016,53.00236355748706,21.018819557487044,.657176,5349.419698418757,0.29688156368251045,5349.12281685507448955,167.246094,Do 5. Mär 23:13:40 CET 2026
27,48.487999,2.24366478,6.8800,31.983544,4.648771,691.2,500,10.534,31.983544000000016,42.9763471083231,10.992803108323084,.343701,42.97634849343847,35.267521499199276,7.708826994239194,.241024,Do 5. Mär 23:14:45 CET 2026
39,70.038221,3.24084914,6.8800,31.983544,4.648771,691.2,500,10.493,31.983544000000016,51.21854277080697,19.234998770806954,.601402,3816.416129305614,0.12904295566924703,3816.28708634994475297,119.320331,Do 5. Mär 23:16:59 CET 2026
45,80.813333,3.73944137,6.8800,31.983544,4.648771,691.2,500,10.493,31.983544000000016,54.5871588528404,22.603614852840384,.706726,3028.3465608177,0.1722917410685409,3028.1742690766314591,94.679134,Do 5. Mär 23:17:35 CET 2026
0,0,0,6.8800,31.983544,4.648771,691.2,500,10.575,31.983544000000016,31.983544000000016,0,0,32.08079644327215,30.499861526165272,1.580934917106878,.049429,Do 5. Mär 23:18:27 CET 2026
3,5.387555,.24929606,6.8800,31.983544,4.648771,691.2,500,10.575,31.983544000000016,32.74386653297627,.760322532976254,.023772,32.874322161282926,31.098437769732083,1.775884391550843,.055524,Do 5. Mär 23:19:58 CET 2026
30,53.875555,2.49296089,6.8800,31.983544,4.648771,691.2,500,10.534,31.983544000000016,45.01124077773982,13.027696777739804,.407324,197.1070353106141,39.876354477172484,157.230680833441616,4.915986,Do 5. Mär 23:22:44 CET 2026
36,64.650666,2.99155307,6.8800,31.983544,4.648771,691.2,500,10.534,31.983544000000016,49.24513912224897,17.261595122248954,.539702,5697.175089792749,0.30584919586165343,5696.86924059688734657,178.118761,Do 5. Mär 23:24:11 CET 2026
33,59.263110,2.74225696,6.8800,31.983544,4.648771,691.2,500,10.534,31.983544000000016,47.140107624016466,15.156563624016450,.473886,4615.455321886396,0.250041769389297,4615.205280117006703,144.299370,Do 5. Mär 23:24:24 CET 2026
6,10.775111,.49859217,6.8800,31.983544,4.648771,691.2,500,10.575,31.983544000000016,33.57951060091258,1.595966600912564,.049899,33.735520759115836,31.74961000259056,1.985910756525276,.062091,Do 5. Mär 23:25:06 CET 2026
9,16.162666,.74788824,6.8800,31.983544,4.648771,691.2,500,10.575,31.983544000000016,34.50354608427846,2.520002084278444,.078790,34.63679730605824,32.47287101140718,2.16392629465106,.067657,Do 5. Mär 23:28:45 CET 2026
12,21.550222,.99718435,6.8800,31.983544,4.648771,691.2,500,10.575,31.983544000000016,35.53195258936078,3.548408589360764,.110944,35.768212564639185,33.15699537510192,2.611217189537265,.081642,Do 5. Mär 23:30:54 CET 2026
42,75.425777,3.49014525,6.8800,31.983544,4.648771,691.2,500,10.534,31.983544000000016,53.00236355748706,21.018819557487044,.657176,3330.6660520584683,0.1089913602826482,3330.5570606981856518,104.133458,Do 5. Mär 23:42:40 CET 2026
45,80.813333,3.73944137,6.8800,31.983544,4.648771,691.2,500,10.534,31.983544000000016,54.5871588528404,22.603614852840384,.706726,3004.9696098690874,0.21051220585423153,3004.75909766323316847,93.947034,Do 5. Mär 23:43:42 CET 2026
39,70.038221,3.24084914,6.8800,31.983544,4.648771,691.2,500,10.534,31.983544000000016,51.21854277080697,19.234998770806954,.601402,3790.0337504913505,0.04474391774252126,3789.98900657360797874,118.498094,Do 5. Mär 23:44:29 CET 2026
15,26.937777,1.24648042,6.8800,31.983544,4.648771,691.2,500,10.575,31.983544000000016,36.68406593956317,4.700521939563154,.146966,36.949047104973374,33.88342290680484,3.065624198168534,.095850,Do 5. Mär 23:57:32 CET 2026
18,32.325333,1.49577653,6.8800,31.983544,4.648771,691.2,500,10.575,31.983544000000016,37.98256019345788,5.999016193457864,.187565,38.22189328291783,34.99638682193191,3.22550646098592,.100848,Fr 6. Mär 00:00:11 CET 2026
21,37.712888,1.74507260,6.8800,31.983544,4.648771,691.2,500,10.575,31.983544000000016,39.45204624113059,7.468502241130574,.233510,39.679964255973275,35.75065830166043,3.929305954312845,.122853,Fr 6. Mär 00:02:11 CET 2026
24,43.100444,1.99436871,6.8800,31.983544,4.648771,691.2,500,10.575,31.983544000000016,41.1142376613202,9.130693661320184,.285480,41.11423857087603,36.047776274541846,5.066462296334184,.158408,Fr 6. Mär 00:16:02 CET 2026
0,0,0,6.8800,31.983544,4.648771,691.2,500,10.616,31.983544000000016,31.983544000000016,0,0,32.0808893843029,30.502124743917918,1.578764640384982,.049361,Fr 6. Mär 00:16:29 CET 2026
3,5.387555,.24929606,6.8800,31.983544,4.648771,691.2,500,10.616,31.983544000000016,32.74386653297627,.760322532976254,.023772,32.87395708189687,31.10048256428671,1.77347451761016,.055449,Fr 6. Mär 00:16:37 CET 2026
30,53.875555,2.49296089,6.8800,31.983544,4.648771,691.2,500,10.575,31.983544000000016,45.01124077773982,13.027696777739804,.407324,730.1974986473391,40.19042643858667,690.00707220875243,21.573815,Fr 6. Mär 00:19:08 CET 2026
36,64.650666,2.99155307,6.8800,31.983544,4.648771,691.2,500,10.575,31.983544000000016,49.24513912224897,17.261595122248954,.539702,6584.771245399381,0.49845162293001266,6584.27279377645098734,205.864390,Fr 6. Mär 00:20:46 CET 2026
27,48.487999,2.24366478,6.8800,31.983544,4.648771,691.2,500,10.575,31.983544000000016,42.9763471083231,10.992803108323084,.343701,42.976348497592944,35.307054410291755,7.669294087301189,.239788,Fr 6. Mär 00:23:09 CET 2026
6,10.775111,.49859217,6.8800,31.983544,4.648771,691.2,500,10.616,31.983544000000016,33.57951060091258,1.595966600912564,.049899,33.73483151481284,31.753128657217598,1.981702857595242,.061960,Fr 6. Mär 00:25:20 CET 2026
33,59.263110,2.74225696,6.8800,31.983544,4.648771,691.2,500,10.575,31.983544000000016,47.140107624016466,15.156563624016450,.473886,2954.4199297701857,0.2381155108994085,2954.1818142592862915,92.365680,Fr 6. Mär 00:25:34 CET 2026
9,16.162666,.74788824,6.8800,31.983544,4.648771,691.2,500,10.616,31.983544000000016,34.50354608427846,2.520002084278444,.078790,34.63598479310627,32.476502633605975,2.159482159500295,.067518,Fr 6. Mär 00:27:29 CET 2026
12,21.550222,.99718435,6.8800,31.983544,4.648771,691.2,500,10.616,31.983544000000016,35.53195258936078,3.548408589360764,.110944,35.76797056532881,33.153683676169585,2.614286889159225,.081738,Fr 6. Mär 00:29:27 CET 2026
15,26.937777,1.24648042,6.8800,31.983544,4.648771,691.2,500,10.616,31.983544000000016,36.68406593956317,4.700521939563154,.146966,36.94708615776342,33.89822328621076,3.04886287155266,.095325,Fr 6. Mär 00:32:06 CET 2026
18,32.325333,1.49577653,6.8800,31.983544,4.648771,691.2,500,10.616,31.983544000000016,37.98256019345788,5.999016193457864,.187565,38.218201365841644,35.00191870816353,3.216282657678114,.100560,Fr 6. Mär 00:33:47 CET 2026
39,70.038221,3.24084914,6.8800,31.983544,4.648771,691.2,500,10.575,31.983544000000016,51.21854277080697,19.234998770806954,.601402,3763.960528170882,0.2182572644540187,3763.7422709064279813,117.677461,Fr 6. Mär 00:38:48 CET 2026
42,75.425777,3.49014525,6.8800,31.983544,4.648771,691.2,500,10.575,31.983544000000016,53.00236355748706,21.018819557487044,.657176,3306.773050197023,0.23618279097629966,3306.53686740604670034,103.382441,Fr 6. Mär 00:41:23 CET 2026
21,37.712888,1.74507260,6.8800,31.983544,4.648771,691.2,500,10.616,31.983544000000016,39.45204624113059,7.468502241130574,.233510,39.68023843755977,35.75758285366097,3.92265558389880,.122646,Fr 6. Mär 00:41:50 CET 2026
45,80.813333,3.73944137,6.8800,31.983544,4.648771,691.2,500,10.575,31.983544000000016,54.5871588528404,22.603614852840384,.706726,2981.7597475188777,0.13434176179355745,2981.62540575708414255,93.223734,Fr 6. Mär 00:42:15 CET 2026
24,43.100444,1.99436871,6.8800,31.983544,4.648771,691.2,500,10.616,31.983544000000016,41.1142376613202,9.130693661320184,.285480,41.11423857333889,36.05658355006752,5.05765502327137,.158133,Fr 6. Mär 00:48:52 CET 2026
30,53.875555,2.49296089,6.8800,31.983544,4.648771,691.2,500,10.616,31.983544000000016,45.01124077773982,13.027696777739804,.407324,718.5263551692577,40.188806786494204,678.337548382763496,21.208955,Fr 6. Mär 00:53:35 CET 2026
33,59.263110,2.74225696,6.8800,31.983544,4.648771,691.2,500,10.616,31.983544000000016,47.140107624016466,15.156563624016450,.473886,3447.3827302361724,0.3226420800231449,3447.0600881561492551,107.776051,Fr 6. Mär 00:54:42 CET 2026
0,0,0,6.8800,31.983544,4.648771,691.2,550,10.493,31.983544000000016,31.983544000000016,0,0,32.087188189648664,30.475477039409654,1.611711150239010,.050391,Fr 6. Mär 00:54:46 CET 2026
39,70.038221,3.24084914,6.8800,31.983544,4.648771,691.2,500,10.616,31.983544000000016,51.21854277080697,19.234998770806954,.601402,3738.050707225199,0.10366642333988012,3737.94704080185911988,116.870945,Fr 6. Mär 00:58:04 CET 2026
27,48.487999,2.24366478,6.8800,31.983544,4.648771,691.2,500,10.616,31.983544000000016,42.9763471083231,10.992803108323084,.343701,42.976348501683354,35.35474943756194,7.621599064121414,.238297,Fr 6. Mär 00:58:33 CET 2026
36,64.650666,2.99155307,6.8800,31.983544,4.648771,691.2,500,10.616,31.983544000000016,49.24513912224897,17.261595122248954,.539702,461.86947483471187,0.05778790382422358,461.81168693088764642,14.439040,Fr 6. Mär 00:59:15 CET 2026
3,5.387555,.24929606,6.8800,31.983544,4.648771,691.2,550,10.493,31.983544000000016,32.74386653297627,.760322532976254,.023772,32.889062488781434,31.075911686404382,1.813150802377052,.056690,Fr 6. Mär 01:07:54 CET 2026
42,75.425777,3.49014525,6.8800,31.983544,4.648771,691.2,500,10.616,31.983544000000016,53.00236355748706,21.018819557487044,.657176,3283.2874973029107,0.10550481727608713,3283.18199248563461287,102.652226,Fr 6. Mär 01:07:58 CET 2026
45,80.813333,3.73944137,6.8800,31.983544,4.648771,691.2,500,10.616,31.983544000000016,54.5871588528404,22.603614852840384,.706726,2907.5930907833813,0.03905009777445457,2907.55404068560684543,90.907813,Fr 6. Mär 01:10:02 CET 2026
6,10.775111,.49859217,6.8800,31.983544,4.648771,691.2,550,10.493,31.983544000000016,33.57951060091258,1.595966600912564,.049899,33.73937471523121,31.721013423751938,2.018361291479272,.063106,Fr 6. Mär 01:11:58 CET 2026
9,16.162666,.74788824,6.8800,31.983544,4.648771,691.2,550,10.493,31.983544000000016,34.50354608427846,2.520002084278444,.078790,34.655862498156964,32.41777353162331,2.238088966533654,.069976,Fr 6. Mär 01:15:30 CET 2026
12,21.550222,.99718435,6.8800,31.983544,4.648771,691.2,550,10.493,31.983544000000016,35.53195258936078,3.548408589360764,.110944,35.795740703345295,33.05962775790901,2.736112945436285,.085547,Fr 6. Mär 01:29:45 CET 2026
15,26.937777,1.24648042,6.8800,31.983544,4.648771,691.2,550,10.493,31.983544000000016,36.68406593956317,4.700521939563154,.146966,36.97716933201437,33.87236589106299,3.10480344095138,.097075,Fr 6. Mär 01:33:36 CET 2026
18,32.325333,1.49577653,6.8800,31.983544,4.648771,691.2,550,10.493,31.983544000000016,37.98256019345788,5.999016193457864,.187565,38.24146218684306,34.91391749275864,3.32754469408442,.104039,Fr 6. Mär 01:36:40 CET 2026
21,37.712888,1.74507260,6.8800,31.983544,4.648771,691.2,550,10.493,31.983544000000016,39.45204624113059,7.468502241130574,.233510,39.67642433313525,35.48921578918063,4.18720854395462,.130917,Fr 6. Mär 01:40:21 CET 2026
0,0,0,6.8800,31.983544,4.648771,691.2,550,10.534,31.983544000000016,31.983544000000016,0,0,32.08716778964245,30.47696310130242,1.61020468834003,.050344,Fr 6. Mär 01:49:32 CET 2026
24,43.100444,1.99436871,6.8800,31.983544,4.648771,691.2,550,10.493,31.983544000000016,41.1142376613202,9.130693661320184,.285480,41.11423867864355,35.94744013849635,5.16679854014720,.161545,Fr 6. Mär 01:49:46 CET 2026
27,48.487999,2.24366478,6.8800,31.983544,4.648771,691.2,550,10.493,31.983544000000016,42.9763471083231,10.992803108323084,.343701,1370.1422809354149,39.03099049992718,1331.11129043548772,41.618630,Fr 6. Mär 01:49:47 CET 2026
3,5.387555,.24929606,6.8800,31.983544,4.648771,691.2,550,10.534,31.983544000000016,32.74386653297627,.760322532976254,.023772,32.889068329256425,31.077721627904513,1.811346701351912,.056633,Fr 6. Mär 01:50:23 CET 2026
6,10.775111,.49859217,6.8800,31.983544,4.648771,691.2,550,10.534,31.983544000000016,33.57951060091258,1.595966600912564,.049899,33.738636153265354,31.724274961065106,2.014361192200248,.062981,Fr 6. Mär 01:52:32 CET 2026
33,59.263110,2.74225696,6.8800,31.983544,4.648771,691.2,550,10.493,31.983544000000016,47.140107624016466,15.156563624016450,.473886,3259.385304578126,44.92329943295495,3214.46200514517105,100.503621,Fr 6. Mär 01:52:35 CET 2026
9,16.162666,.74788824,6.8800,31.983544,4.648771,691.2,550,10.534,31.983544000000016,34.50354608427846,2.520002084278444,.078790,34.65595198046561,32.423893032760134,2.232058947705476,.069787,Fr 6. Mär 01:53:01 CET 2026
30,53.875555,2.49296089,6.8800,31.983544,4.648771,691.2,550,10.493,31.983544000000016,45.01124077773982,13.027696777739804,.407324,389.19009918212873,0.06105512453788378,389.12904405759084622,12.166539,Fr 6. Mär 01:54:55 CET 2026
36,64.650666,2.99155307,6.8800,31.983544,4.648771,691.2,550,10.493,31.983544000000016,49.24513912224897,17.261595122248954,.539702,2483.158032302102,0.02620978511131739,2483.13182251699068261,77.637794,Fr 6. Mär 01:58:57 CET 2026
39,70.038221,3.24084914,6.8800,31.983544,4.648771,691.2,550,10.493,31.983544000000016,51.21854277080697,19.234998770806954,.601402,2785.603699427373,0.07607299061459827,2785.52762643675840173,87.092525,Fr 6. Mär 02:01:34 CET 2026
12,21.550222,.99718435,6.8800,31.983544,4.648771,691.2,550,10.534,31.983544000000016,35.53195258936078,3.548408589360764,.110944,35.79569481983534,33.05186233509462,2.74383248474072,.085788,Fr 6. Mär 02:03:13 CET 2026
42,75.425777,3.49014525,6.8800,31.983544,4.648771,691.2,550,10.493,31.983544000000016,53.00236355748706,21.018819557487044,.657176,3442.501361954177,0.004599135790258515,3442.496762818386741485,107.633374,Fr 6. Mär 02:11:09 CET 2026
45,80.813333,3.73944137,6.8800,31.983544,4.648771,691.2,550,10.493,31.983544000000016,54.5871588528404,22.603614852840384,.706726,3098.98267933936,0.15831578390608683,3098.82436355545391317,96.888086,Fr 6. Mär 02:11:23 CET 2026
15,26.937777,1.24648042,6.8800,31.983544,4.648771,691.2,550,10.534,31.983544000000016,36.68406593956317,4.700521939563154,.146966,36.97563234127348,33.90121189791589,3.07442044335759,.096125,Fr 6. Mär 02:12:50 CET 2026
18,32.325333,1.49577653,6.8800,31.983544,4.648771,691.2,550,10.534,31.983544000000016,37.98256019345788,5.999016193457864,.187565,38.23983157119155,34.9185300721052,3.32130149908635,.103844,Fr 6. Mär 02:14:52 CET 2026
21,37.712888,1.74507260,6.8800,31.983544,4.648771,691.2,550,10.534,31.983544000000016,39.45204624113059,7.468502241130574,.233510,39.68279228927892,35.52070962640419,4.16208266287473,.130132,Fr 6. Mär 02:15:30 CET 2026
24,43.100444,1.99436871,6.8800,31.983544,4.648771,691.2,550,10.534,31.983544000000016,41.1142376613202,9.130693661320184,.285480,41.11423868574829,35.95282222863662,5.16141645711167,.161377,Fr 6. Mär 02:26:10 CET 2026
27,48.487999,2.24366478,6.8800,31.983544,4.648771,691.2,550,10.534,31.983544000000016,42.9763471083231,10.992803108323084,.343701,1360.6971008461164,39.0284094267917,1321.6686914193247,41.323397,Fr 6. Mär 02:26:49 CET 2026
30,53.875555,2.49296089,6.8800,31.983544,4.648771,691.2,550,10.534,31.983544000000016,45.01124077773982,13.027696777739804,.407324,620.2542407095448,0.14524882662925734,620.10899188291554266,19.388376,Fr 6. Mär 02:28:34 CET 2026
36,64.650666,2.99155307,6.8800,31.983544,4.648771,691.2,550,10.534,31.983544000000016,49.24513912224897,17.261595122248954,.539702,2050.129105622516,0.14967071449429056,2049.97943490802170944,64.094818,Fr 6. Mär 02:33:23 CET 2026
33,59.263110,2.74225696,6.8800,31.983544,4.648771,691.2,550,10.534,31.983544000000016,47.140107624016466,15.156563624016450,.473886,3190.8064840822126,44.93350436675149,3145.87297971546111,98.359111,Fr 6. Mär 02:34:40 CET 2026
0,0,0,6.8800,31.983544,4.648771,691.2,550,10.575,31.983544000000016,31.983544000000016,0,0,32.08715599041558,30.478128526449158,1.609027463966422,.050307,Fr 6. Mär 02:35:42 CET 2026
3,5.387555,.24929606,6.8800,31.983544,4.648771,691.2,550,10.575,31.983544000000016,32.74386653297627,.760322532976254,.023772,32.88932182273486,31.08093860223445,1.80838322050041,.056541,Fr 6. Mär 02:42:09 CET 2026
42,75.425777,3.49014525,6.8800,31.983544,4.648771,691.2,550,10.534,31.983544000000016,53.00236355748706,21.018819557487044,.657176,4938.486251255538,0.08498353907923274,4938.40126771645876726,154.404442,Fr 6. Mär 02:43:50 CET 2026
39,70.038221,3.24084914,6.8800,31.983544,4.648771,691.2,550,10.534,31.983544000000016,51.21854277080697,19.234998770806954,.601402,11431.087429402429,0.01994079279650123,11431.06748860963249877,357.404654,Fr 6. Mär 02:49:36 CET 2026
6,10.775111,.49859217,6.8800,31.983544,4.648771,691.2,550,10.575,31.983544000000016,33.57951060091258,1.595966600912564,.049899,33.73863644472915,31.728286849584276,2.010349595144874,.062855,Fr 6. Mär 02:49:38 CET 2026
45,80.813333,3.73944137,6.8800,31.983544,4.648771,691.2,550,10.534,31.983544000000016,54.5871588528404,22.603614852840384,.706726,3073.6514414445096,0.21638533258067127,3073.43505611192892873,96.094261,Fr 6. Mär 02:51:25 CET 2026
9,16.162666,.74788824,6.8800,31.983544,4.648771,691.2,550,10.575,31.983544000000016,34.50354608427846,2.520002084278444,.078790,34.656236959234086,32.42836952941916,2.227867429814926,.069656,Fr 6. Mär 02:53:13 CET 2026
12,21.550222,.99718435,6.8800,31.983544,4.648771,691.2,550,10.575,31.983544000000016,35.53195258936078,3.548408589360764,.110944,35.79427794045303,33.0571183373876,2.73715960306543,.085580,Fr 6. Mär 03:05:00 CET 2026
15,26.937777,1.24648042,6.8800,31.983544,4.648771,691.2,550,10.575,31.983544000000016,36.68406593956317,4.700521939563154,.146966,36.97324827807753,33.93601484795148,3.03723343012605,.094962,Fr 6. Mär 03:08:24 CET 2026
18,32.325333,1.49577653,6.8800,31.983544,4.648771,691.2,550,10.575,31.983544000000016,37.98256019345788,5.999016193457864,.187565,38.237879227627054,34.92380369333006,3.314075534296994,.103618,Fr 6. Mär 03:10:50 CET 2026
21,37.712888,1.74507260,6.8800,31.983544,4.648771,691.2,550,10.575,31.983544000000016,39.45204624113059,7.468502241130574,.233510,39.68400866343286,35.52427778218807,4.15973088124479,.130058,Fr 6. Mär 03:11:47 CET 2026
33,59.263110,2.74225696,6.8800,31.983544,4.648771,691.2,550,10.575,31.983544000000016,47.140107624016466,15.156563624016450,.473886,3834.522815962493,44.936892017241746,3789.585923945251254,118.485491,Fr 6. Mär 03:18:46 CET 2026
27,48.487999,2.24366478,6.8800,31.983544,4.648771,691.2,550,10.575,31.983544000000016,42.9763471083231,10.992803108323084,.343701,1342.9660157560063,39.022269858904934,1303.943745897101366,40.769207,Fr 6. Mär 03:19:44 CET 2026
24,43.100444,1.99436871,6.8800,31.983544,4.648771,691.2,550,10.575,31.983544000000016,41.1142376613202,9.130693661320184,.285480,41.1142386925755,35.96177740957401,5.15246128300149,.161097,Fr 6. Mär 03:20:05 CET 2026
30,53.875555,2.49296089,6.8800,31.983544,4.648771,691.2,550,10.575,31.983544000000016,45.01124077773982,13.027696777739804,.407324,173.02508221525164,0.08243221125369928,172.94265000399794072,5.407238,Fr 6. Mär 03:20:42 CET 2026
0,0,0,6.8800,31.983544,4.648771,691.2,550,10.616,31.983544000000016,31.983544000000016,0,0,32.08712956884517,30.479633754030473,1.607495814814697,.050260,Fr 6. Mär 03:21:26 CET 2026
3,5.387555,.24929606,6.8800,31.983544,4.648771,691.2,550,10.616,31.983544000000016,32.74386653297627,.760322532976254,.023772,32.8893084890973,31.082841138966224,1.806467350131076,.056481,Fr 6. Mär 03:22:39 CET 2026
36,64.650666,2.99155307,6.8800,31.983544,4.648771,691.2,550,10.575,31.983544000000016,49.24513912224897,17.261595122248954,.539702,2072.000788372313,0.14812654442546885,2071.85266182788753115,64.778708,Fr 6. Mär 03:23:24 CET 2026
6,10.775111,.49859217,6.8800,31.983544,4.648771,691.2,550,10.616,31.983544000000016,33.57951060091258,1.595966600912564,.049899,33.73742334418103,31.731934731037658,2.005488613143372,.062703,Fr 6. Mär 03:26:57 CET 2026
9,16.162666,.74788824,6.8800,31.983544,4.648771,691.2,550,10.616,31.983544000000016,34.50354608427846,2.520002084278444,.078790,34.656509372202066,32.43145628867916,2.225053083522906,.069568,Fr 6. Mär 03:28:09 CET 2026
42,75.425777,3.49014525,6.8800,31.983544,4.648771,691.2,550,10.575,31.983544000000016,53.00236355748706,21.018819557487044,.657176,4943.302569703371,0.14340858228521028,4943.15916112108578972,154.553202,Fr 6. Mär 03:31:08 CET 2026
39,70.038221,3.24084914,6.8800,31.983544,4.648771,691.2,550,10.575,31.983544000000016,51.21854277080697,19.234998770806954,.601402,3873.867587969765,0.21692667063732415,3873.65066129912767585,121.113865,Fr 6. Mär 03:34:30 CET 2026
45,80.813333,3.73944137,6.8800,31.983544,4.648771,691.2,550,10.575,31.983544000000016,54.5871588528404,22.603614852840384,.706726,3048.894393728125,0.18751799270597302,3048.70687573541902698,95.321108,Fr 6. Mär 03:37:52 CET 2026
12,21.550222,.99718435,6.8800,31.983544,4.648771,691.2,550,10.616,31.983544000000016,35.53195258936078,3.548408589360764,.110944,35.793814901263424,33.05360437205795,2.740210529205474,.085675,Fr 6. Mär 03:41:06 CET 2026
15,26.937777,1.24648042,6.8800,31.983544,4.648771,691.2,550,10.616,31.983544000000016,36.68406593956317,4.700521939563154,.146966,36.971741300614134,33.97120073221533,3.000540568398804,.093815,Fr 6. Mär 03:43:50 CET 2026
18,32.325333,1.49577653,6.8800,31.983544,4.648771,691.2,550,10.616,31.983544000000016,37.98256019345788,5.999016193457864,.187565,38.23507611033902,34.929270742818375,3.305805367520645,.103359,Fr 6. Mär 03:47:04 CET 2026
21,37.712888,1.74507260,6.8800,31.983544,4.648771,691.2,550,10.616,31.983544000000016,39.45204624113059,7.468502241130574,.233510,39.6864632565611,35.53338034924886,4.15308290731224,.129850,Fr 6. Mär 03:55:45 CET 2026
0,0,0,7.9533,35.228903,4.429470,691.2,450,10.493,35.22890299999998,35.22890299999998,0,0,35.22890313012307,32.49169759641879,2.73720553370428,.077697,Fr 6. Mär 04:00:53 CET 2026
27,48.487999,2.24366478,6.8800,31.983544,4.648771,691.2,550,10.616,31.983544000000016,42.9763471083231,10.992803108323084,.343701,1315.6200187268378,39.02577569948007,1276.59424302735773,39.914095,Fr 6. Mär 04:02:27 CET 2026
24,43.100444,1.99436871,6.8800,31.983544,4.648771,691.2,550,10.616,31.983544000000016,41.1142376613202,9.130693661320184,.285480,41.11423869919456,35.96704142089726,5.14719727829730,.160932,Fr 6. Mär 04:03:36 CET 2026
3,4.891240,.24929608,7.9533,35.228903,4.429470,691.2,450,10.493,35.22890299999998,36.06637533605234,.83747233605236,.023772,36.06637553892577,33.11373596956948,2.95263956935629,.083812,Fr 6. Mär 04:03:37 CET 2026
6,9.782480,.49859216,7.9533,35.228903,4.429470,691.2,450,10.493,35.22890299999998,36.98681134378149,1.75790834378151,.049899,36.98681165279035,33.79139594516875,3.19541570762160,.090704,Fr 6. Mär 04:04:27 CET 2026
9,14.673720,.74788824,7.9533,35.228903,4.429470,691.2,450,10.493,35.22890299999998,38.004607654956786,2.775704654956806,.078790,38.00460811600901,34.534852156657756,3.469755959351254,.098491,Fr 6. Mär 04:05:58 CET 2026
33,59.263110,2.74225696,6.8800,31.983544,4.648771,691.2,550,10.616,31.983544000000016,47.140107624016466,15.156563624016450,.473886,3057.8845462353797,44.932836135113746,3012.951710100265954,94.203184,Fr 6. Mär 04:06:29 CET 2026
30,53.875555,2.49296089,6.8800,31.983544,4.648771,691.2,550,10.616,31.983544000000016,45.01124077773982,13.027696777739804,.407324,145.67725298296835,0.0327598295588723,145.6444931534094777,4.553732,Fr 6. Mär 04:08:46 CET 2026
39,70.038221,3.24084914,6.8800,31.983544,4.648771,691.2,550,10.616,31.983544000000016,51.21854277080697,19.234998770806954,.601402,3846.001423837043,0.05278679406619631,3845.94863704297680369,120.247732,Fr 6. Mär 04:12:39 CET 2026
12,19.564960,.99718433,7.9533,35.228903,4.429470,691.2,450,10.493,35.22890299999998,39.13736695836892,3.90846395836894,.110944,39.13736763806822,35.351419622003476,3.785948016064744,.107467,Fr 6. Mär 04:13:19 CET 2026
15,24.456200,1.24648041,7.9533,35.228903,4.429470,691.2,450,10.493,35.22890299999998,40.40638487765341,5.17748187765343,.146966,40.406385891146634,36.248986346905816,4.157399544240818,.118011,Fr 6. Mär 04:13:50 CET 2026
36,64.650666,2.99155307,6.8800,31.983544,4.648771,691.2,550,10.616,31.983544000000016,49.24513912224897,17.261595122248954,.539702,2585.7460937989104,0.0998299075024417,2585.6462638914079583,80.843019,Fr 6. Mär 04:13:59 CET 2026
18,29.347441,1.49577654,7.9533,35.228903,4.429470,691.2,450,10.493,35.22890299999998,41.83663693432878,6.60773393432880,.187565,41.836638394725185,37.25948084483344,4.577157549891745,.129926,Fr 6. Mär 04:14:02 CET 2026
24,39.129921,1.99436871,7.9533,35.228903,4.429470,691.2,450,10.493,35.22890299999998,45.286082076999534,10.057179076999554,.285480,45.28608518591226,39.711609142653295,5.574476043258965,.158235,Fr 6. Mär 04:14:44 CET 2026
21,34.238681,1.74507263,7.9533,35.228903,4.429470,691.2,450,10.493,35.22890299999998,43.455231174656,8.22632817465602,.233510,43.45523331985803,38.4181146728478,5.03711864701023,.142982,Fr 6. Mär 04:14:45 CET 2026
30,48.912401,2.49296087,7.9533,35.228903,4.429470,691.2,450,10.493,35.22890299999998,49.57851691380409,14.34961391380411,.407325,49.57852323593426,42.89849658536071,6.68002665057355,.189617,Fr 6. Mär 04:18:39 CET 2026
27,44.021161,2.24366479,7.9533,35.228903,4.429470,691.2,450,10.493,35.22890299999998,47.33713986350372,12.10823686350374,.343701,47.33714433301805,41.20172036031594,6.13542397270211,.174158,Fr 6. Mär 04:18:44 CET 2026
42,75.425777,3.49014525,6.8800,31.983544,4.648771,691.2,550,10.616,31.983544000000016,53.00236355748706,21.018819557487044,.657176,8382.168040612309,0.068590691392385,8382.099449920916615,262.075380,Fr 6. Mär 04:20:21 CET 2026
45,80.813333,3.73944137,6.8800,31.983544,4.648771,691.2,550,10.616,31.983544000000016,54.5871588528404,22.603614852840384,.706726,2969.9227111001064,0.13290607770248472,2969.78980502240391528,92.853681,Fr 6. Mär 04:20:56 CET 2026
33,53.803641,2.74225696,7.9533,35.228903,4.429470,691.2,450,10.493,35.22890299999998,51.92339808392912,16.69449508392914,.473886,51.92340684615364,44.92875743541311,6.99464941074053,.198548,Fr 6. Mär 04:22:52 CET 2026
36,58.694882,2.99155309,7.9533,35.228903,4.429470,691.2,450,10.493,35.22890299999998,54.24202669604151,19.01312369604153,.539702,54.24203837152302,46.61034060775833,7.63169776376469,.216631,Fr 6. Mär 04:23:54 CET 2026
39,63.586122,3.24084917,7.9533,35.228903,4.429470,691.2,450,10.493,35.22890299999998,56.41567137525824,21.18676837525826,.601403,56.41568620862695,48.12091290932011,8.29477329930684,.235453,Fr 6. Mär 04:27:40 CET 2026
42,68.477362,3.49014526,7.9533,35.228903,4.429470,691.2,450,10.493,35.22890299999998,58.380495118302036,23.151592118302056,.657176,58.380513268292624,49.95061909506706,8.429894173225564,.239289,Fr 6. Mär 04:31:47 CET 2026
45,73.368602,3.73944134,7.9533,35.228903,4.429470,691.2,450,10.493,35.22890299999998,60.12609853649567,24.89719553649569,.706726,60.12611995387188,52.20753819189583,7.91858176197605,.224775,Fr 6. Mär 04:35:04 CET 2026
0,0,0,7.9533,35.228903,4.429470,691.2,450,10.534,35.22890299999998,35.22890299999998,0,0,35.22890313142782,32.49302901991106,2.73587411151676,.077659,Fr 6. Mär 04:36:55 CET 2026
3,4.891240,.24929608,7.9533,35.228903,4.429470,691.2,450,10.534,35.22890299999998,36.06637533605234,.83747233605236,.023772,36.06637554086023,33.11539258984659,2.95098295101364,.083765,Fr 6. Mär 04:38:18 CET 2026
6,9.782480,.49859216,7.9533,35.228903,4.429470,691.2,450,10.534,35.22890299999998,36.98681134378149,1.75790834378151,.049899,36.98681165538661,33.793387641284205,3.193424014102405,.090647,Fr 6. Mär 04:40:59 CET 2026
9,14.673720,.74788824,7.9533,35.228903,4.429470,691.2,450,10.534,35.22890299999998,38.004607654956786,2.775704654956806,.078790,38.00460811920086,34.537404319138496,3.467203800062364,.098419,Fr 6. Mär 04:52:11 CET 2026
12,19.564960,.99718433,7.9533,35.228903,4.429470,691.2,450,10.534,35.22890299999998,39.13736695836892,3.90846395836894,.110944,39.13736764705838,35.3545740931121,3.78279355394628,.107377,Fr 6. Mär 04:56:27 CET 2026
15,24.456200,1.24648041,7.9533,35.228903,4.429470,691.2,450,10.534,35.22890299999998,40.40638487765341,5.17748187765343,.146966,40.40638590048275,36.252982325168865,4.153403575313885,.117897,Fr 6. Mär 04:58:13 CET 2026
18,29.347441,1.49577654,7.9533,35.228903,4.429470,691.2,450,10.534,35.22890299999998,41.83663693432878,6.60773393432880,.187565,41.83663840687508,37.26440334063439,4.57223506624069,.129786,Fr 6. Mär 04:58:55 CET 2026
21,34.238681,1.74507263,7.9533,35.228903,4.429470,691.2,450,10.534,35.22890299999998,43.455231174656,8.22632817465602,.233510,43.45523333508326,38.42426962905915,5.03096370602411,.142807,Fr 6. Mär 04:59:30 CET 2026
24,39.129921,1.99436871,7.9533,35.228903,4.429470,691.2,450,10.534,35.22890299999998,45.286082076999534,10.057179076999554,.285480,45.28608520924084,39.719622820553475,5.566462388687365,.158008,Fr 6. Mär 05:00:02 CET 2026
30,48.912401,2.49296087,7.9533,35.228903,4.429470,691.2,450,10.534,35.22890299999998,49.57851691380409,14.34961391380411,.407325,49.578523273519544,42.910918643225315,6.667604630294229,.189265,Fr 6. Mär 05:01:49 CET 2026
27,44.021161,2.24366479,7.9533,35.228903,4.429470,691.2,450,10.534,35.22890299999998,47.33713986350372,12.10823686350374,.343701,47.33714436394384,41.21140157183292,6.12574279211092,.173884,Fr 6. Mär 05:01:53 CET 2026
33,53.803641,2.74225696,7.9533,35.228903,4.429470,691.2,450,10.534,35.22890299999998,51.92339808392912,16.69449508392914,.473886,51.9234069265686,44.94927264932745,6.97413427724115,.197966,Fr 6. Mär 05:04:51 CET 2026
3,4.891240,.24929608,7.9533,35.228903,4.429470,691.2,450,10.575,35.22890299999998,36.06637533605234,.83747233605236,.023772,36.066375542702744,33.117076313278865,2.949299229423879,.083718,Fr 6. Mär 05:08:52 CET 2026
36,58.694882,2.99155309,7.9533,35.228903,4.429470,691.2,450,10.534,35.22890299999998,54.24202669604151,19.01312369604153,.539702,54.2420384688944,46.62102925144894,7.62100921744546,.216328,Fr 6. Mär 05:08:53 CET 2026
0,0,0,7.9533,35.228903,4.429470,691.2,450,10.575,35.22890299999998,35.22890299999998,0,0,35.22890313266697,32.49433146903077,2.73457166363620,.077622,Fr 6. Mär 05:09:15 CET 2026
6,9.782480,.49859216,7.9533,35.228903,4.429470,691.2,450,10.575,35.22890299999998,36.98681134378149,1.75790834378151,.049899,36.98681165788046,33.79541674197667,3.19139491590379,.090590,Fr 6. Mär 05:09:51 CET 2026
39,63.586122,3.24084917,7.9533,35.228903,4.429470,691.2,450,10.534,35.22890299999998,56.41567137525824,21.18676837525826,.601403,56.41568633473409,48.13321993043903,8.28246640429506,.235104,Fr 6. Mär 05:10:11 CET 2026
45,73.368602,3.73944134,7.9533,35.228903,4.429470,691.2,450,10.534,35.22890299999998,60.12609853649567,24.89719553649569,.706726,60.1261201162796,52.25058775046328,7.87553236581632,.223553,Fr 6. Mär 05:10:30 CET 2026
42,68.477362,3.49014526,7.9533,35.228903,4.429470,691.2,450,10.534,35.22890299999998,58.380495118302036,23.151592118302056,.657176,58.38051337298241,49.98556402574208,8.39494934724033,.238297,Fr 6. Mär 05:10:32 CET 2026
9,14.673720,.74788824,7.9533,35.228903,4.429470,691.2,450,10.575,35.22890299999998,38.004607654956786,2.775704654956806,.078790,38.00460812224582,34.53993869445596,3.46466942778986,.098347,Fr 6. Mär 05:14:11 CET 2026
12,19.564960,.99718433,7.9533,35.228903,4.429470,691.2,450,10.575,35.22890299999998,39.13736695836892,3.90846395836894,.110944,39.13736765569246,35.35775105452173,3.77961660117073,.107287,Fr 6. Mär 05:14:42 CET 2026
15,24.456200,1.24648041,7.9533,35.228903,4.429470,691.2,450,10.575,35.22890299999998,40.40638487765341,5.17748187765343,.146966,40.40638590929293,36.25704345510363,4.14934245418930,.117782,Fr 6. Mär 05:15:08 CET 2026
18,29.347441,1.49577654,7.9533,35.228903,4.429470,691.2,450,10.575,35.22890299999998,41.83663693432878,6.60773393432880,.187565,41.836638424388674,37.269335322727116,4.567303101661558,.129646,Fr 6. Mär 05:15:56 CET 2026
21,34.238681,1.74507263,7.9533,35.228903,4.429470,691.2,450,10.575,35.22890299999998,43.455231174656,8.22632817465602,.233510,43.4552333497344,38.43051377041027,5.02471957932413,.142630,Fr 6. Mär 05:17:36 CET 2026
24,39.129921,1.99436871,7.9533,35.228903,4.429470,691.2,450,10.575,35.22890299999998,45.286082076999534,10.057179076999554,.285480,45.28608523159662,39.72765612946592,5.55842910213070,.157780,Fr 6. Mär 05:18:57 CET 2026
27,44.021161,2.24366479,7.9533,35.228903,4.429470,691.2,450,10.575,35.22890299999998,47.33713986350372,12.10823686350374,.343701,47.33714439369504,41.221138442759155,6.116005950935885,.173607,Fr 6. Mär 05:23:53 CET 2026
30,48.912401,2.49296087,7.9533,35.228903,4.429470,691.2,450,10.575,35.22890299999998,49.57851691380409,14.34961391380411,.407325,49.57852330963281,42.923316503224825,6.655206806407985,.188913,Fr 6. Mär 05:27:13 CET 2026
33,53.803641,2.74225696,7.9533,35.228903,4.429470,691.2,450,10.575,35.22890299999998,51.92339808392912,16.69449508392914,.473886,51.92340700380032,44.969422316532565,6.953984687267755,.197394,Fr 6. Mär 05:31:44 CET 2026
36,58.694882,2.99155309,7.9533,35.228903,4.429470,691.2,450,10.575,35.22890299999998,54.24202669604151,19.01312369604153,.539702,54.242038562589514,46.63185108330722,7.610187479282294,.216021,Fr 6. Mär 05:34:18 CET 2026
39,63.586122,3.24084917,7.9533,35.228903,4.429470,691.2,450,10.575,35.22890299999998,56.41567137525824,21.18676837525826,.601403,56.41568645595254,48.145924924427945,8.269761531524595,.234743,Fr 6. Mär 05:34:45 CET 2026
42,68.477362,3.49014526,7.9533,35.228903,4.429470,691.2,450,10.575,35.22890299999998,58.380495118302036,23.151592118302056,.657176,58.380513472429186,50.02014853661632,8.360364935812866,.237315,Fr 6. Mär 05:37:57 CET 2026
45,73.368602,3.73944134,7.9533,35.228903,4.429470,691.2,450,10.575,35.22890299999998,60.12609853649567,24.89719553649569,.706726,60.126120270332684,52.29371181142834,7.832408458904344,.222329,Fr 6. Mär 05:49:30 CET 2026
0,0,0,7.9533,35.228903,4.429470,691.2,450,10.616,35.22890299999998,35.22890299999998,0,0,35.228903133830144,32.49563536460532,2.733267769224824,.077585,Fr 6. Mär 05:52:01 CET 2026
3,4.891240,.24929608,7.9533,35.228903,4.429470,691.2,450,10.616,35.22890299999998,36.06637533605234,.83747233605236,.023772,36.066375544440504,33.11873572305494,2.947639821385564,.083671,Fr 6. Mär 05:53:03 CET 2026
6,9.782480,.49859216,7.9533,35.228903,4.429470,691.2,450,10.616,35.22890299999998,36.98681134378149,1.75790834378151,.049899,36.98681166024002,33.79752484305353,3.18928681718649,.090530,Fr 6. Mär 05:53:11 CET 2026
9,14.673720,.74788824,7.9533,35.228903,4.429470,691.2,450,10.616,35.22890299999998,38.004607654956786,2.775704654956806,.078790,38.00460812512139,34.542497225863315,3.462110899258075,.098274,Fr 6. Mär 05:55:28 CET 2026
12,19.564960,.99718433,7.9533,35.228903,4.429470,691.2,450,10.616,35.22890299999998,39.13736695836892,3.90846395836894,.110944,39.13736766403607,35.360902903590635,3.776464760445435,.107197,Fr 6. Mär 05:55:29 CET 2026
15,24.456200,1.24648041,7.9533,35.228903,4.429470,691.2,450,10.616,35.22890299999998,40.40638487765341,5.17748187765343,.146966,40.40638591785045,36.261012928051564,4.145372989798886,.117669,Fr 6. Mär 05:55:35 CET 2026
18,29.347441,1.49577654,7.9533,35.228903,4.429470,691.2,450,10.616,35.22890299999998,41.83663693432878,6.60773393432880,.187565,41.83663844114198,37.274274345373485,4.562364095768495,.129506,Fr 6. Mär 05:57:14 CET 2026
21,34.238681,1.74507263,7.9533,35.228903,4.429470,691.2,450,10.616,35.22890299999998,43.455231174656,8.22632817465602,.233510,43.45523336386096,38.43678144816114,5.01845191569982,.142452,Fr 6. Mär 05:59:38 CET 2026
30,48.912401,2.49296087,7.9533,35.228903,4.429470,691.2,450,10.616,35.22890299999998,49.57851691380409,14.34961391380411,.407325,49.57852336426719,42.93552940642134,6.64299395784585,.188566,Fr 6. Mär 06:04:54 CET 2026
24,39.129921,1.99436871,7.9533,35.228903,4.429470,691.2,450,10.616,35.22890299999998,45.286082076999534,10.057179076999554,.285480,45.28608525311348,39.73566610195206,5.55041915116142,.157552,Fr 6. Mär 06:05:19 CET 2026
27,44.021161,2.24366479,7.9533,35.228903,4.429470,691.2,450,10.616,35.22890299999998,47.33713986350372,12.10823686350374,.343701,47.33714442218012,41.23082878612189,6.10631563605823,.173332,Fr 6. Mär 06:05:54 CET 2026
33,53.803641,2.74225696,7.9533,35.228903,4.429470,691.2,450,10.616,35.22890299999998,51.92339808392912,16.69449508392914,.473886,51.923407078218986,44.98942111352616,6.933985964692826,.196826,Fr 6. Mär 06:06:14 CET 2026
39,63.586122,3.24084917,7.9533,35.228903,4.429470,691.2,450,10.616,35.22890299999998,56.41567137525824,21.18676837525826,.601403,56.415686572285566,48.158469347638984,8.257217224646582,.234387,Fr 6. Mär 06:06:34 CET 2026
36,58.694882,2.99155309,7.9533,35.228903,4.429470,691.2,450,10.616,35.22890299999998,54.24202669604151,19.01312369604153,.539702,54.242038652739915,46.6425015277468,7.599537124993115,.215718,Fr 6. Mär 06:06:41 CET 2026
42,68.477362,3.49014526,7.9533,35.228903,4.429470,691.2,450,10.616,35.22890299999998,58.380495118302036,23.151592118302056,.657176,58.38051358800709,50.055036958765356,8.325476629241734,.236325,Fr 6. Mär 06:06:56 CET 2026
0,0,0,7.9533,35.228903,4.429470,691.2,500,10.493,35.22890299999998,35.22890299999998,0,0,35.22890312952102,32.494646081328135,2.734257048192885,.077614,Fr 6. Mär 06:09:40 CET 2026
3,4.891240,.24929608,7.9533,35.228903,4.429470,691.2,500,10.493,35.22890299999998,36.06637533605234,.83747233605236,.023772,36.06637553797484,33.11609623428053,2.95027930369431,.083745,Fr 6. Mär 06:10:11 CET 2026
45,73.368602,3.73944134,7.9533,35.228903,4.429470,691.2,450,10.616,35.22890299999998,60.12609853649567,24.89719553649569,.706726,60.12612041977156,52.33695809018249,7.78916232958907,.221101,Fr 6. Mär 06:10:43 CET 2026
6,9.782480,.49859216,7.9533,35.228903,4.429470,691.2,500,10.493,35.22890299999998,36.98681134378149,1.75790834378151,.049899,36.986811651301394,33.792901433666636,3.193910217634758,.090661,Fr 6. Mär 06:11:02 CET 2026
9,14.673720,.74788824,7.9533,35.228903,4.429470,691.2,500,10.493,35.22890299999998,38.004607654956786,2.775704654956806,.078790,38.00460811376611,34.53518861150301,3.46941950226310,.098482,Fr 6. Mär 06:12:51 CET 2026
12,19.564960,.99718433,7.9533,35.228903,4.429470,691.2,500,10.493,35.22890299999998,39.13736695836892,3.90846395836894,.110944,39.13736763178515,35.34913297785309,3.78823465393206,.107532,Fr 6. Mär 06:13:33 CET 2026
15,24.456200,1.24648041,7.9533,35.228903,4.429470,691.2,500,10.493,35.22890299999998,40.40638487765341,5.17748187765343,.146966,40.40638588343199,36.24277930617691,4.16360657725508,.118187,Fr 6. Mär 06:19:21 CET 2026
18,29.347441,1.49577654,7.9533,35.228903,4.429470,691.2,500,10.493,35.22890299999998,41.83663693432878,6.60773393432880,.187565,41.836638386149346,37.24987524419933,4.586763141950016,.130198,Fr 6. Mär 06:21:58 CET 2026
21,34.238681,1.74507263,7.9533,35.228903,4.429470,691.2,500,10.493,35.22890299999998,43.455231174656,8.22632817465602,.233510,43.45523330390762,38.409255307008046,5.045977996899574,.143234,Fr 6. Mär 06:27:05 CET 2026
24,39.129921,1.99436871,7.9533,35.228903,4.429470,691.2,500,10.493,35.22890299999998,45.286082076999534,10.057179076999554,.285480,45.28608516153874,39.70270911295112,5.58337604858762,.158488,Fr 6. Mär 06:30:03 CET 2026
27,44.021161,2.24366479,7.9533,35.228903,4.429470,691.2,500,10.493,35.22890299999998,47.33713986350372,12.10823686350374,.343701,47.33714430100279,41.19202928807745,6.14511501292534,.174433,Fr 6. Mär 06:30:40 CET 2026
30,48.912401,2.49296087,7.9533,35.228903,4.429470,691.2,500,10.493,35.22890299999998,49.57851691380409,14.34961391380411,.407325,49.57852320184551,42.88341040893693,6.69511279290858,.190046,Fr 6. Mär 06:32:14 CET 2026
33,53.803641,2.74225696,7.9533,35.228903,4.429470,691.2,500,10.493,35.22890299999998,51.92339808392912,16.69449508392914,.473886,51.923406788615296,44.95283744043207,6.970569348183226,.197865,Fr 6. Mär 06:46:00 CET 2026
36,58.694882,2.99155309,7.9533,35.228903,4.429470,691.2,500,10.493,35.22890299999998,54.24202669604151,19.01312369604153,.539702,54.242038325151476,46.613902289514414,7.628136035637062,.216530,Fr 6. Mär 06:48:09 CET 2026
42,68.477362,3.49014526,7.9533,35.228903,4.429470,691.2,500,10.493,35.22890299999998,58.380495118302036,23.151592118302056,.657176,58.380513290316884,49.97508700533686,8.405426284980024,.238594,Fr 6. Mär 06:49:13 CET 2026
39,63.586122,3.24084917,7.9533,35.228903,4.429470,691.2,500,10.493,35.22890299999998,56.41567137525824,21.18676837525826,.601403,56.41568617902759,48.12255620050487,8.29312997852272,.235406,Fr 6. Mär 06:49:38 CET 2026
3,4.891240,.24929608,7.9533,35.228903,4.429470,691.2,500,10.534,35.22890299999998,36.06637533605234,.83747233605236,.023772,36.06637553992619,33.117662461351664,2.948713078574526,.083701,Fr 6. Mär 06:50:08 CET 2026
0,0,0,7.9533,35.228903,4.429470,691.2,500,10.534,35.22890299999998,35.22890299999998,0,0,35.22890313082021,32.495972135205804,2.732930995614406,.077576,Fr 6. Mär 06:50:49 CET 2026
45,73.368602,3.73944134,7.9533,35.228903,4.429470,691.2,500,10.493,35.22890299999998,60.12609853649567,24.89719553649569,.706726,60.1261199986737,52.26642705495919,7.85969294371451,.223103,Fr 6. Mär 06:51:08 CET 2026
6,9.782480,.49859216,7.9533,35.228903,4.429470,691.2,500,10.534,35.22890299999998,36.98681134378149,1.75790834378151,.049899,36.98681165391662,33.79486516243882,3.19194649147780,.090605,Fr 6. Mär 06:52:03 CET 2026
9,14.673720,.74788824,7.9533,35.228903,4.429470,691.2,500,10.534,35.22890299999998,38.004607654956786,2.775704654956806,.078790,38.00460811700059,34.53761848991479,3.46698962708580,.098413,Fr 6. Mär 06:53:23 CET 2026
12,19.564960,.99718433,7.9533,35.228903,4.429470,691.2,500,10.534,35.22890299999998,39.13736695836892,3.90846395836894,.110944,39.137367640862216,35.3523231607847,3.785044480077516,.107441,Fr 6. Mär 07:01:06 CET 2026
15,24.456200,1.24648041,7.9533,35.228903,4.429470,691.2,500,10.534,35.22890299999998,40.40638487765341,5.17748187765343,.146966,40.40638589281886,36.246781623500226,4.159604269318634,.118073,Fr 6. Mär 07:01:10 CET 2026
18,29.347441,1.49577654,7.9533,35.228903,4.429470,691.2,500,10.534,35.22890299999998,41.83663693432878,6.60773393432880,.187565,41.8366383945719,37.254814448728354,4.581823945843546,.130058,Fr 6. Mär 07:01:23 CET 2026
24,39.129921,1.99436871,7.9533,35.228903,4.429470,691.2,500,10.534,35.22890299999998,45.286082076999534,10.057179076999554,.285480,45.286085185181534,39.71069502252391,5.575390162657624,.158261,Fr 6. Mär 07:01:49 CET 2026
21,34.238681,1.74507263,7.9533,35.228903,4.429470,691.2,500,10.534,35.22890299999998,43.455231174656,8.22632817465602,.233510,43.455233319399596,38.415456632837326,5.039776686562270,.143058,Fr 6. Mär 07:02:09 CET 2026
30,48.912401,2.49296087,7.9533,35.228903,4.429470,691.2,500,10.534,35.22890299999998,49.57851691380409,14.34961391380411,.407325,49.57852324040245,42.89570272704278,6.68282051335967,.189697,Fr 6. Mär 07:02:19 CET 2026
27,44.021161,2.24366479,7.9533,35.228903,4.429470,691.2,500,10.534,35.22890299999998,47.33713986350372,12.10823686350374,.343701,47.337144332670576,41.20177501049876,6.135369322171816,.174157,Fr 6. Mär 07:02:41 CET 2026
33,53.803641,2.74225696,7.9533,35.228903,4.429470,691.2,500,10.534,35.22890299999998,51.92339808392912,16.69449508392914,.473886,51.92340687006477,44.97367858476674,6.94972828529803,.197273,Fr 6. Mär 07:05:19 CET 2026
36,58.694882,2.99155309,7.9533,35.228903,4.429470,691.2,500,10.534,35.22890299999998,54.24202669604151,19.01312369604153,.539702,54.242038423880196,46.62439449729809,7.617643926582106,.216232,Fr 6. Mär 07:05:33 CET 2026
39,63.586122,3.24084917,7.9533,35.228903,4.429470,691.2,500,10.534,35.22890299999998,56.41567137525824,21.18676837525826,.601403,56.41568630640137,48.135018172197185,8.280668134204185,.235053,Fr 6. Mär 07:06:57 CET 2026
42,68.477362,3.49014526,7.9533,35.228903,4.429470,691.2,500,10.534,35.22890299999998,58.380495118302036,23.151592118302056,.657176,58.380513396547585,50.01030674967478,8.370206646872805,.237594,Fr 6. Mär 07:07:09 CET 2026
0,0,0,7.9533,35.228903,4.429470,691.2,500,10.575,35.22890299999998,35.22890299999998,0,0,35.22890313207743,32.497224393271246,2.731678738806184,.077540,Fr 6. Mär 07:09:09 CET 2026
45,73.368602,3.73944134,7.9533,35.228903,4.429470,691.2,500,10.534,35.22890299999998,60.12609853649567,24.89719553649569,.706726,60.126120162303835,52.31100399928953,7.815116163014305,.221838,Fr 6. Mär 07:09:40 CET 2026
3,4.891240,.24929608,7.9533,35.228903,4.429470,691.2,500,10.575,35.22890299999998,36.06637533605234,.83747233605236,.023772,36.06637554177892,33.11926622829712,2.94710931348180,.083656,Fr 6. Mär 07:13:43 CET 2026
6,9.782480,.49859216,7.9533,35.228903,4.429470,691.2,500,10.575,35.22890299999998,36.98681134378149,1.75790834378151,.049899,36.986811656434114,33.79677075751349,3.190040898920624,.090551,Fr 6. Mär 07:15:51 CET 2026
9,14.673720,.74788824,7.9533,35.228903,4.429470,691.2,500,10.575,35.22890299999998,38.004607654956786,2.775704654956806,.078790,38.00460812006395,34.540027259008916,3.464580861055034,.098344,Fr 6. Mär 07:23:05 CET 2026
12,19.564960,.99718433,7.9533,35.228903,4.429470,691.2,500,10.575,35.22890299999998,39.13736695836892,3.90846395836894,.110944,39.13736764958009,35.355489243978106,3.781878405601984,.107351,Fr 6. Mär 07:25:59 CET 2026
15,24.456200,1.24648041,7.9533,35.228903,4.429470,691.2,500,10.575,35.22890299999998,40.40638487765341,5.17748187765343,.146966,40.406385901803695,36.25071508536623,4.155670816437465,.117961,Fr 6. Mär 07:26:28 CET 2026
18,29.347441,1.49577654,7.9533,35.228903,4.429470,691.2,500,10.575,35.22890299999998,41.83663693432878,6.60773393432880,.187565,41.836638408731,37.259736113943106,4.576902294787894,.129918,Fr 6. Mär 07:28:27 CET 2026
21,34.238681,1.74507263,7.9533,35.228903,4.429470,691.2,500,10.575,35.22890299999998,43.455231174656,8.22632817465602,.233510,43.455233334379756,38.42155996949234,5.033673364887416,.142884,Fr 6. Mär 07:42:17 CET 2026
24,39.129921,1.99436871,7.9533,35.228903,4.429470,691.2,500,10.575,35.22890299999998,45.286082076999534,10.057179076999554,.285480,45.286085207856104,39.71859507173188,5.567490136124224,.158037,Fr 6. Mär 07:43:51 CET 2026
30,48.912401,2.49296087,7.9533,35.228903,4.429470,691.2,500,10.575,35.22890299999998,49.57851691380409,14.34961391380411,.407325,49.578523277023095,42.90813308294642,6.670390194076675,.189344,Fr 6. Mär 07:46:04 CET 2026
33,53.803641,2.74225696,7.9533,35.228903,4.429470,691.2,500,10.575,35.22890299999998,51.92339808392912,16.69449508392914,.473886,51.92340694876416,44.99391319495197,6.92949375381219,.196699,Fr 6. Mär 07:46:15 CET 2026
27,44.021161,2.24366479,7.9533,35.228903,4.429470,691.2,500,10.575,35.22890299999998,47.33713986350372,12.10823686350374,.343701,47.33714436294495,41.211455863774,6.12568849917095,.173882,Fr 6. Mär 07:46:23 CET 2026
39,63.586122,3.24084917,7.9533,35.228903,4.429470,691.2,500,10.575,35.22890299999998,56.41567137525824,21.18676837525826,.601403,56.41568642936202,48.14745884765789,8.26822758170413,.234700,Fr 6. Mär 07:46:30 CET 2026
36,58.694882,2.99155309,7.9533,35.228903,4.429470,691.2,500,10.575,35.22890299999998,54.24202669604151,19.01312369604153,.539702,54.24203851909281,46.635072159884274,7.606966359208536,.215929,Fr 6. Mär 07:46:52 CET 2026
42,68.477362,3.49014526,7.9533,35.228903,4.429470,691.2,500,10.575,35.22890299999998,58.380495118302036,23.151592118302056,.657176,58.3805134974866,50.04546322622276,8.33505027126384,.236596,Fr 6. Mär 07:48:55 CET 2026
45,73.368602,3.73944134,7.9533,35.228903,4.429470,691.2,500,10.575,35.22890299999998,60.12609853649567,24.89719553649569,.706726,60.126120318567146,52.355799258014265,7.770321060552881,.220566,Fr 6. Mär 07:49:45 CET 2026
0,0,0,7.9533,35.228903,4.429470,691.2,500,10.616,35.22890299999998,35.22890299999998,0,0,35.22890313324658,32.4985625407119,2.73034059253468,.077502,Fr 6. Mär 07:56:17 CET 2026
3,4.891240,.24929608,7.9533,35.228903,4.429470,691.2,500,10.616,35.22890299999998,36.06637533605234,.83747233605236,.023772,36.066375543527506,33.12088047348781,2.945495070039696,.083610,Fr 6. Mär 07:56:37 CET 2026
6,9.782480,.49859216,7.9533,35.228903,4.429470,691.2,500,10.616,35.22890299999998,36.98681134378149,1.75790834378151,.049899,36.986811658822305,33.79872243915065,3.188089219671655,.090496,Fr 6. Mär 07:56:40 CET 2026
9,14.673720,.74788824,7.9533,35.228903,4.429470,691.2,500,10.616,35.22890299999998,38.004607654956786,2.775704654956806,.078790,38.004608122984074,34.542492724555096,3.462115398428978,.098274,Fr 6. Mär 07:57:12 CET 2026
15,24.456200,1.24648041,7.9533,35.228903,4.429470,691.2,500,10.616,35.22890299999998,40.40638487765341,5.17748187765343,.146966,40.40638591044604,36.25459586338746,4.15179004705858,.117851,Fr 6. Mär 07:57:12 CET 2026
12,19.564960,.99718433,7.9533,35.228903,4.429470,691.2,500,10.616,35.22890299999998,39.13736695836892,3.90846395836894,.110944,39.13736765804038,35.3586659179977,3.77870174004268,.107261,Fr 6. Mär 07:57:31 CET 2026
18,29.347441,1.49577654,7.9533,35.228903,4.429470,691.2,500,10.616,35.22890299999998,41.83663693432878,6.60773393432880,.187565,41.83663842571859,37.26468823806466,4.57195018765393,.129778,Fr 6. Mär 07:58:19 CET 2026
21,34.238681,1.74507263,7.9533,35.228903,4.429470,691.2,500,10.616,35.22890299999998,43.455231174656,8.22632817465602,.233510,43.45523334867316,38.427733977450536,5.027499371222624,.142709,Fr 6. Mär 08:01:14 CET 2026
24,39.129921,1.99436871,7.9533,35.228903,4.429470,691.2,500,10.616,35.22890299999998,45.286082076999534,10.057179076999554,.285480,45.286085229744856,39.72638853091455,5.559696698830306,.157816,Fr 6. Mär 08:01:40 CET 2026
27,44.021161,2.24366479,7.9533,35.228903,4.429470,691.2,500,10.616,35.22890299999998,47.33713986350372,12.10823686350374,.343701,47.337144392076596,41.22119786185817,6.115946530218426,.173605,Fr 6. Mär 08:02:22 CET 2026
30,48.912401,2.49296087,7.9533,35.228903,4.429470,691.2,500,10.616,35.22890299999998,49.57851691380409,14.34961391380411,.407325,49.57852331195808,42.9205282439565,6.65799506800158,.188992,Fr 6. Mär 08:02:30 CET 2026
33,53.803641,2.74225696,7.9533,35.228903,4.429470,691.2,500,10.616,35.22890299999998,51.92339808392912,16.69449508392914,.473886,51.92340702406132,45.01404225272453,6.90936477133679,.196127,Fr 6. Mär 08:04:34 CET 2026
36,58.694882,2.99155309,7.9533,35.228903,4.429470,691.2,500,10.616,35.22890299999998,54.24202669604151,19.01312369604153,.539702,54.242038610657076,46.64566144264901,7.596377168008066,.215629,Fr 6. Mär 08:04:41 CET 2026
39,63.586122,3.24084917,7.9533,35.228903,4.429470,691.2,500,10.616,35.22890299999998,56.41567137525824,21.18676837525826,.601403,56.41568654764748,48.159866708912396,8.255819838735084,.234347,Fr 6. Mär 08:09:52 CET 2026
42,68.477362,3.49014526,7.9533,35.228903,4.429470,691.2,500,10.616,35.22890299999998,58.380495118302036,23.151592118302056,.657176,58.38051359338901,50.08074755105644,8.29976604233257,.235595,Fr 6. Mär 08:11:53 CET 2026
45,73.368602,3.73944134,7.9533,35.228903,4.429470,691.2,500,10.616,35.22890299999998,60.12609853649567,24.89719553649569,.706726,60.12612046897412,52.40069590707647,7.72542456189765,.219292,Fr 6. Mär 08:18:53 CET 2026
0,0,0,7.9533,35.228903,4.429470,691.2,550,10.493,35.22890299999998,35.22890299999998,0,0,35.228903129049385,32.49793962908932,2.730963499960065,.077520,Fr 6. Mär 08:20:39 CET 2026
3,4.891240,.24929608,7.9533,35.228903,4.429470,691.2,550,10.493,35.22890299999998,36.06637533605234,.83747233605236,.023772,36.06637553735377,33.11877433136031,2.94760120599346,.083669,Fr 6. Mär 08:20:59 CET 2026
6,9.782480,.49859216,7.9533,35.228903,4.429470,691.2,550,10.493,35.22890299999998,36.98681134378149,1.75790834378151,.049899,36.986811650410445,33.79489047735915,3.191921173051295,.090605,Fr 6. Mär 08:22:43 CET 2026
9,14.673720,.74788824,7.9533,35.228903,4.429470,691.2,550,10.493,35.22890299999998,38.004607654956786,2.775704654956806,.078790,38.00460811253371,34.53575069937278,3.46885741316093,.098466,Fr 6. Mär 08:38:33 CET 2026
12,19.564960,.99718433,7.9533,35.228903,4.429470,691.2,550,10.493,35.22890299999998,39.13736695836892,3.90846395836894,.110944,39.13736762842317,35.34724610427518,3.79012152414799,.107585,Fr 6. Mär 08:39:15 CET 2026
15,24.456200,1.24648041,7.9533,35.228903,4.429470,691.2,550,10.493,35.22890299999998,40.40638487765341,5.17748187765343,.146966,40.40638587937299,36.238801627418276,4.167584251954714,.118300,Fr 6. Mär 08:41:19 CET 2026
18,29.347441,1.49577654,7.9533,35.228903,4.429470,691.2,550,10.493,35.22890299999998,41.83663693432878,6.60773393432880,.187565,41.83663838172175,37.2473176595602,4.58932072216155,.130271,Fr 6. Mär 08:41:19 CET 2026
21,34.238681,1.74507263,7.9533,35.228903,4.429470,691.2,550,10.493,35.22890299999998,43.455231174656,8.22632817465602,.233510,43.455233295827426,38.407405751420264,5.047827544407162,.143286,Fr 6. Mär 08:41:53 CET 2026
24,39.129921,1.99436871,7.9533,35.228903,4.429470,691.2,550,10.493,35.22890299999998,45.286082076999534,10.057179076999554,.285480,45.2860851490764,39.69939564507622,5.58668950400018,.158582,Fr 6. Mär 08:42:17 CET 2026
27,44.021161,2.24366479,7.9533,35.228903,4.429470,691.2,550,10.493,35.22890299999998,47.33713986350372,12.10823686350374,.343701,47.337144286146206,41.18661562670664,6.150528659439566,.174587,Fr 6. Mär 08:43:11 CET 2026
30,48.912401,2.49296087,7.9533,35.228903,4.429470,691.2,550,10.493,35.22890299999998,49.57851691380409,14.34961391380411,.407325,49.5785231883059,42.87143024420141,6.70709294410449,.190386,Fr 6. Mär 08:45:00 CET 2026
33,53.803641,2.74225696,7.9533,35.228903,4.429470,691.2,550,10.493,35.22890299999998,51.92339808392912,16.69449508392914,.473886,51.92340677887445,44.979027539904855,6.944379238969595,.197121,Fr 6. Mär 08:45:33 CET 2026
36,58.694882,2.99155309,7.9533,35.228903,4.429470,691.2,550,10.493,35.22890299999998,54.24202669604151,19.01312369604153,.539702,54.24203831912801,46.62047303879272,7.62156528033529,.216344,Fr 6. Mär 08:52:53 CET 2026
0,0,0,7.9533,35.228903,4.429470,691.2,550,10.534,35.22890299999998,35.22890299999998,0,0,35.22890313035327,32.49916512821027,2.72973800214300,.077485,Fr 6. Mär 08:53:00 CET 2026
39,63.586122,3.24084917,7.9533,35.228903,4.429470,691.2,550,10.493,35.22890299999998,56.41567137525824,21.18676837525826,.601403,56.415686193005705,48.12929715490132,8.286389038104385,.235215,Fr 6. Mär 08:53:07 CET 2026
3,4.891240,.24929608,7.9533,35.228903,4.429470,691.2,550,10.534,35.22890299999998,36.06637533605234,.83747233605236,.023772,36.0663755393028,33.12032641895711,2.94604912034569,.083625,Fr 6. Mär 08:53:09 CET 2026
6,9.782480,.49859216,7.9533,35.228903,4.429470,691.2,550,10.534,35.22890299999998,36.98681134378149,1.75790834378151,.049899,36.986811653052854,33.79671551638347,3.190096136669384,.090553,Fr 6. Mär 08:53:12 CET 2026
42,68.477362,3.49014526,7.9533,35.228903,4.429470,691.2,550,10.493,35.22890299999998,58.380495118302036,23.151592118302056,.657176,58.38051333375113,50.00268360262732,8.37782973112381,.237811,Fr 6. Mär 08:53:12 CET 2026
45,73.368602,3.73944134,7.9533,35.228903,4.429470,691.2,550,10.493,35.22890299999998,60.12609853649567,24.89719553649569,.706726,60.126120069168344,52.33756737438659,7.788552694781754,.221084,Fr 6. Mär 08:54:04 CET 2026
9,14.673720,.74788824,7.9533,35.228903,4.429470,691.2,550,10.534,35.22890299999998,38.004607654956786,2.775704654956806,.078790,38.00460811578051,34.53809027973908,3.46651783604143,.098399,Fr 6. Mär 08:56:17 CET 2026
15,24.456200,1.24648041,7.9533,35.228903,4.429470,691.2,550,10.534,35.22890299999998,40.40638487765341,5.17748187765343,.146966,40.406385888797324,36.24274733175057,4.163638557046754,.118188,Fr 6. Mär 08:56:39 CET 2026
12,19.564960,.99718433,7.9533,35.228903,4.429470,691.2,550,10.534,35.22890299999998,39.13736695836892,3.90846395836894,.110944,39.13736763752863,35.35035159301505,3.78701604451358,.107497,Fr 6. Mär 08:56:55 CET 2026
18,29.347441,1.49577654,7.9533,35.228903,4.429470,691.2,550,10.534,35.22890299999998,41.83663693432878,6.60773393432880,.187565,41.83663839022583,37.25204950784624,4.58458888237959,.130137,Fr 6. Mär 08:57:33 CET 2026
24,39.129921,1.99436871,7.9533,35.228903,4.429470,691.2,550,10.534,35.22890299999998,45.286082076999534,10.057179076999554,.285480,45.286085173011195,39.70736320622091,5.578721966790285,.158356,Fr 6. Mär 09:00:34 CET 2026
21,34.238681,1.74507263,7.9533,35.228903,4.429470,691.2,550,10.534,35.22890299999998,43.455231174656,8.22632817465602,.233510,43.45523331144727,38.41350108083037,5.04173223061690,.143113,Fr 6. Mär 09:00:55 CET 2026
27,44.021161,2.24366479,7.9533,35.228903,4.429470,691.2,550,10.534,35.22890299999998,47.33713986350372,12.10823686350374,.343701,47.33714431793162,41.19636767522134,6.14077664271028,.174310,Fr 6. Mär 09:06:42 CET 2026
30,48.912401,2.49296087,7.9533,35.228903,4.429470,691.2,550,10.534,35.22890299999998,49.57851691380409,14.34961391380411,.407325,49.57852322700689,42.88377655532068,6.69474667168621,.190035,Fr 6. Mär 09:07:13 CET 2026
33,53.803641,2.74225696,7.9533,35.228903,4.429470,691.2,550,10.534,35.22890299999998,51.92339808392912,16.69449508392914,.473886,51.92340685012106,44.9994513586312,6.92395549148986,.196541,Fr 6. Mär 09:14:13 CET 2026
36,58.694882,2.99155309,7.9533,35.228903,4.429470,691.2,550,10.534,35.22890299999998,54.24202669604151,19.01312369604153,.539702,54.24203841882174,46.63127629512341,7.61076212369833,.216037,Fr 6. Mär 09:16:39 CET 2026
42,68.477362,3.49014526,7.9533,35.228903,4.429470,691.2,550,10.534,35.22890299999998,58.380495118302036,23.151592118302056,.657176,58.380513440056454,50.03809009981995,8.342423340236504,.236806,Fr 6. Mär 09:17:45 CET 2026
39,63.586122,3.24084917,7.9533,35.228903,4.429470,691.2,550,10.534,35.22890299999998,56.41567137525824,21.18676837525826,.601403,56.415686321515224,48.14158126316461,8.274105058350614,.234866,Fr 6. Mär 09:17:49 CET 2026
0,0,0,7.9533,35.228903,4.429470,691.2,550,10.575,35.22890299999998,35.22890299999998,0,0,35.22890313160888,32.500382875562,2.72852025604688,.077451,Fr 6. Mär 09:34:43 CET 2026
45,73.368602,3.73944134,7.9533,35.228903,4.429470,691.2,550,10.534,35.22890299999998,60.12609853649567,24.89719553649569,.706726,60.126120234111546,52.384068972576834,7.742051261534712,.219764,Fr 6. Mär 09:35:24 CET 2026
6,9.782480,.49859216,7.9533,35.228903,4.429470,691.2,550,10.575,35.22890299999998,36.98681134378149,1.75790834378151,.049899,36.986811655579174,33.798666484762535,3.188145170816639,.090497,Fr 6. Mär 09:35:27 CET 2026
3,4.891240,.24929608,7.9533,35.228903,4.429470,691.2,550,10.575,35.22890299999998,36.06637533605234,.83747233605236,.023772,36.0663755411593,33.12184994576006,2.94452559539924,.083582,Fr 6. Mär 09:36:24 CET 2026
12,19.564960,.99718433,7.9533,35.228903,4.429470,691.2,550,10.575,35.22890299999998,39.13736695836892,3.90846395836894,.110944,39.13736764633486,35.35346600230826,3.78390164402660,.107409,Fr 6. Mär 09:37:06 CET 2026
9,14.673720,.74788824,7.9533,35.228903,4.429470,691.2,550,10.575,35.22890299999998,38.004607654956786,2.775704654956806,.078790,38.00460811885563,34.5405150692723,3.46409304958333,.098330,Fr 6. Mär 09:37:26 CET 2026
15,24.456200,1.24648041,7.9533,35.228903,4.429470,691.2,550,10.575,35.22890299999998,40.40638487765341,5.17748187765343,.146966,40.406385897851344,36.24660189814807,4.159783999703274,.118078,Fr 6. Mär 09:37:34 CET 2026
18,29.347441,1.49577654,7.9533,35.228903,4.429470,691.2,550,10.575,35.22890299999998,41.83663693432878,6.60773393432880,.187565,41.836638400362496,37.25684000578781,4.579798394574686,.130001,Fr 6. Mär 09:39:24 CET 2026
21,34.238681,1.74507263,7.9533,35.228903,4.429470,691.2,550,10.575,35.22890299999998,43.455231174656,8.22632817465602,.233510,43.45523332646718,38.41956869452909,5.03566463193809,.142941,Fr 6. Mär 09:40:52 CET 2026
24,39.129921,1.99436871,7.9533,35.228903,4.429470,691.2,550,10.575,35.22890299999998,45.286082076999534,10.057179076999554,.285480,45.28608519598623,39.71524422327474,5.57084097271149,.158132,Fr 6. Mär 09:48:24 CET 2026
30,48.912401,2.49296087,7.9533,35.228903,4.429470,691.2,550,10.575,35.22890299999998,49.57851691380409,14.34961391380411,.407325,49.57852326395738,42.89602364426473,6.68249961969265,.189687,Fr 6. Mär 09:49:15 CET 2026
36,58.694882,2.99155309,7.9533,35.228903,4.429470,691.2,550,10.575,35.22890299999998,54.24202669604151,19.01312369604153,.539702,54.24203851469082,46.64180235555282,7.60023615913800,.215738,Fr 6. Mär 09:49:25 CET 2026
27,44.021161,2.24366479,7.9533,35.228903,4.429470,691.2,550,10.575,35.22890299999998,47.33713986350372,12.10823686350374,.343701,47.33714434843075,41.20605268858971,6.13109165984104,.174035,Fr 6. Mär 09:49:26 CET 2026
33,53.803641,2.74225696,7.9533,35.228903,4.429470,691.2,550,10.575,35.22890299999998,51.92339808392912,16.69449508392914,.473886,51.923406929431096,45.02001679609962,6.903390133331476,.195958,Fr 6. Mär 09:49:30 CET 2026
39,63.586122,3.24084917,7.9533,35.228903,4.429470,691.2,550,10.575,35.22890299999998,56.41567137525824,21.18676837525826,.601403,56.41568644488695,48.15380838264676,8.26187806224019,.234519,Fr 6. Mär 09:50:11 CET 2026
42,68.477362,3.49014526,7.9533,35.228903,4.429470,691.2,550,10.575,35.22890299999998,58.380495118302036,23.151592118302056,.657176,58.38051354114496,50.07339484155192,8.30711869959304,.235804,Fr 6. Mär 09:50:32 CET 2026
0,0,0,7.9533,35.228903,4.429470,691.2,550,10.616,35.22890299999998,35.22890299999998,0,0,35.2289031327797,32.501619359828034,2.727283772951666,.077416,Fr 6. Mär 09:51:00 CET 2026
3,4.891240,.24929608,7.9533,35.228903,4.429470,691.2,550,10.616,35.22890299999998,36.06637533605234,.83747233605236,.023772,36.06637554291452,33.12340190117652,2.94297364173800,.083538,Fr 6. Mär 09:51:51 CET 2026
6,9.782480,.49859216,7.9533,35.228903,4.429470,691.2,550,10.616,35.22890299999998,36.98681134378149,1.75790834378151,.049899,36.986811657969696,33.80059713264696,3.186214525322736,.090443,Fr 6. Mär 09:52:03 CET 2026
45,73.368602,3.73944134,7.9533,35.228903,4.429470,691.2,550,10.575,35.22890299999998,60.12609853649567,24.89719553649569,.706726,60.1261203896382,52.43060064422927,7.69551974540893,.218443,Fr 6. Mär 09:52:28 CET 2026
12,19.564960,.99718433,7.9533,35.228903,4.429470,691.2,550,10.616,35.22890299999998,39.13736695836892,3.90846395836894,.110944,39.137367654816245,35.35655482144239,3.780812833373855,.107321,Fr 6. Mär 09:55:43 CET 2026
9,14.673720,.74788824,7.9533,35.228903,4.429470,691.2,550,10.616,35.22890299999998,38.004607654956786,2.775704654956806,.078790,38.00460812178916,34.54298640519167,3.46162171659749,.098260,Fr 6. Mär 09:56:08 CET 2026
15,24.456200,1.24648041,7.9533,35.228903,4.429470,691.2,550,10.616,35.22890299999998,40.40638487765341,5.17748187765343,.146966,40.40638590656242,36.25049456563514,4.15589134092728,.117968,Fr 6. Mär 10:02:34 CET 2026
18,29.347441,1.49577654,7.9533,35.228903,4.429470,691.2,550,10.616,35.22890299999998,41.83663693432878,6.60773393432880,.187565,41.8366384173597,37.261683375673236,4.574955041686464,.129863,Fr 6. Mär 10:03:11 CET 2026
21,34.238681,1.74507263,7.9533,35.228903,4.429470,691.2,550,10.616,35.22890299999998,43.455231174656,8.22632817465602,.233510,43.45523334091425,38.42571917257353,5.02951416834072,.142766,Fr 6. Mär 10:10:35 CET 2026
30,48.912401,2.49296087,7.9533,35.228903,4.429470,691.2,550,10.616,35.22890299999998,49.57851691380409,14.34961391380411,.407325,49.57852329943196,42.90823439332581,6.67028890610615,.189341,Fr 6. Mär 10:12:30 CET 2026
24,39.129921,1.99436871,7.9533,35.228903,4.429470,691.2,550,10.616,35.22890299999998,45.286082076999534,10.057179076999554,.285480,45.28608521801701,39.72284272446701,5.56324249355000,.157916,Fr 6. Mär 10:13:00 CET 2026
27,44.021161,2.24366479,7.9533,35.228903,4.429470,691.2,550,10.616,35.22890299999998,47.33713986350372,12.10823686350374,.343701,47.337144377912416,41.21570045923033,6.121443918682086,.173761,Fr 6. Mär 10:13:07 CET 2026
33,53.803641,2.74225696,7.9533,35.228903,4.429470,691.2,550,10.616,35.22890299999998,51.92339808392912,16.69449508392914,.473886,51.923407005765,45.04021084116666,6.88319616459834,.195384,Fr 6. Mär 10:31:17 CET 2026
36,58.694882,2.99155309,7.9533,35.228903,4.429470,691.2,550,10.616,35.22890299999998,54.24202669604151,19.01312369604153,.539702,54.24203860688583,46.6522652704707,7.58977333641513,.215441,Fr 6. Mär 10:32:06 CET 2026
39,63.586122,3.24084917,7.9533,35.228903,4.429470,691.2,550,10.616,35.22890299999998,56.41567137525824,21.18676837525826,.601403,56.41568656393526,48.16633112326337,8.24935544067189,.234164,Fr 6. Mär 10:32:22 CET 2026
42,68.477362,3.49014526,7.9533,35.228903,4.429470,691.2,550,10.616,35.22890299999998,58.380495118302036,23.151592118302056,.657176,58.38051363749424,50.10862227295741,8.27189136453683,.234804,Fr 6. Mär 10:32:56 CET 2026
3,4.495359,.24929606,9.0267,38.331294,4.246435,691.2,450,10.493,38.331293999999986,39.24251750673426,.911223506734274,.023772,39.2425182118187,35.403516341755896,3.839001870062804,.100153,Fr 6. Mär 10:33:28 CET 2026
45,73.368602,3.73944134,7.9533,35.228903,4.429470,691.2,550,10.616,35.22890299999998,60.12609853649567,24.89719553649569,.706726,60.12612054144738,52.477127253313995,7.648993288133385,.217122,Fr 6. Mär 10:33:38 CET 2026
0,0,0,9.0267,38.331294,4.246435,691.2,450,10.493,38.331293999999986,38.331293999999986,0,0,38.33129451479841,34.751149186809926,3.580145327988484,.093400,Fr 6. Mär 10:33:41 CET 2026
6,8.990718,.49859213,9.0267,38.331294,4.246435,691.2,450,10.493,38.331293999999986,40.24401033075171,1.912716330751724,.049899,40.244011283168746,36.10983482102868,4.134176462140066,.107853,Fr 6. Mär 10:35:37 CET 2026
9,13.486078,.74788825,9.0267,38.331294,4.246435,691.2,450,10.493,38.331293999999986,41.351437948250805,3.020143948250819,.078790,41.351439244034445,36.89212765100218,4.459311593032265,.116336,Fr 6. Mär 10:36:17 CET 2026
12,17.981437,.99718431,9.0267,38.331294,4.246435,691.2,450,10.493,38.331293999999986,42.583952511707494,4.252658511707508,.110944,42.58395428554092,37.77535800850741,4.80859627703351,.125448,Fr 6. Mär 10:45:14 CET 2026
15,22.476797,1.24648043,9.0267,38.331294,4.246435,691.2,450,10.493,38.331293999999986,43.964725368934296,5.633431368934310,.146966,43.96472772431529,38.75709419030212,5.20763353401317,.135858,Fr 6. Mär 10:46:00 CET 2026
21,31.467516,1.74507262,9.0267,38.331294,4.246435,691.2,450,10.493,38.331293999999986,47.282063897755876,8.950769897755890,.233510,47.282068122716865,41.13536487717852,6.146703245538345,.160357,Fr 6. Mär 10:46:26 CET 2026
24,35.962875,1.99436868,9.0267,38.331294,4.246435,691.2,450,10.493,38.331293999999986,49.27414616584068,10.942852165840694,.285480,49.274151831009064,42.629057923111375,6.645093907897689,.173359,Fr 6. Mär 10:46:27 CET 2026
18,26.972156,1.49577650,9.0267,38.331294,4.246435,691.2,450,10.493,38.331293999999986,45.52092984645216,7.189635846452174,.187565,45.52093301310714,39.84689986813277,5.67403314497437,.148026,Fr 6. Mär 10:46:35 CET 2026
27,40.458235,2.24366480,9.0267,38.331294,4.246435,691.2,450,10.493,38.331293999999986,51.50582890163039,13.174534901630404,.343701,51.505836530082206,44.55067921989992,6.955157310182286,.181448,Fr 6. Mär 10:47:38 CET 2026
33,49.448954,2.74225699,9.0267,38.331294,4.246435,691.2,450,10.493,38.331293999999986,56.49597033091435,18.164676330914364,.473886,56.49598368189411,48.11855457297111,8.37742910892300,.218553,Fr 6. Mär 10:47:50 CET 2026
30,44.953594,2.49296087,9.0267,38.331294,4.246435,691.2,450,10.493,38.331293999999986,53.944589761129365,15.613295761129379,.407325,53.94459995942429,46.37461321718118,7.56998674224311,.197488,Fr 6. Mär 10:47:50 CET 2026
36,53.944313,2.99155305,9.0267,38.331294,4.246435,691.2,450,10.493,38.331293999999986,59.01879569622758,20.687501696227594,.539702,59.01881265381095,50.60681676114032,8.41199589267063,.219455,Fr 6. Mär 10:48:10 CET 2026
42,62.935032,3.49014524,9.0267,38.331294,4.246435,691.2,450,10.493,38.331293999999986,63.52170347669757,25.190409476697584,.657176,63.52172818170967,57.91180197359771,5.60992620811196,.146353,Fr 6. Mär 10:48:52 CET 2026
39,58.439673,3.24084918,9.0267,38.331294,4.246435,691.2,450,10.493,38.331293999999986,61.38384989017302,23.052555890173034,.601403,61.38387071476803,54.0357926945649,7.34807802020313,.191699,Fr 6. Mär 10:48:59 CET 2026
0,0,0,9.0267,38.331294,4.246435,691.2,450,10.534,38.331293999999986,38.331293999999986,0,0,38.33129451820175,34.75384550875427,3.57744900944748,.093329,Fr 6. Mär 10:50:42 CET 2026
45,67.430392,3.73944136,9.0267,38.331294,4.246435,691.2,450,10.493,38.331293999999986,65.42102257482107,27.089728574821084,.706726,65.42105116064873,60.8735659312812,4.54748522936753,.118636,Fr 6. Mär 10:53:42 CET 2026
3,4.495359,.24929606,9.0267,38.331294,4.246435,691.2,450,10.534,38.331293999999986,39.24251750673426,.911223506734274,.023772,39.24251821609589,35.40669317815929,3.83582503793660,.100070,Fr 6. Mär 10:58:20 CET 2026
6,8.990718,.49859213,9.0267,38.331294,4.246435,691.2,450,10.534,38.331293999999986,40.24401033075171,1.912716330751724,.049899,40.24401129623503,36.11381604828238,4.13019524795265,.107749,Fr 6. Mär 10:58:52 CET 2026
9,13.486078,.74788825,9.0267,38.331294,4.246435,691.2,450,10.534,38.331293999999986,41.351437948250805,3.020143948250819,.078790,41.35143925898239,36.89674653279392,4.45469272618847,.116215,Fr 6. Mär 12:58:32 CET 2026
15,22.476797,1.24648043,9.0267,38.331294,4.246435,691.2,450,10.534,38.331293999999986,43.964725368934296,5.633431368934310,.146966,43.96472773933423,38.763860752122376,5.200866987211854,.135682,Fr 6. Mär 12:58:34 CET 2026
12,17.981437,.99718431,9.0267,38.331294,4.246435,691.2,450,10.575,38.331293999999986,42.583952511707494,4.252658511707508,.110944,42.58395431610298,37.786485248851875,4.797469067251105,.125158,Fr 6. Mär 12:58:34 CET 2026
9,13.486078,.74788825,9.0267,38.331294,4.246435,691.2,450,10.575,38.331293999999986,41.351437948250805,3.020143948250819,.078790,41.35143927330857,36.901479080367466,4.449960192941104,.116092,Fr 6. Mär 12:58:36 CET 2026
12,17.981437,.99718431,9.0267,38.331294,4.246435,691.2,450,10.534,38.331293999999986,42.583952511707494,4.252658511707508,.110944,42.58395430121377,37.78098697740048,4.80296732381329,.125301,Fr 6. Mär 12:58:36 CET 2026
6,8.990718,.49859213,9.0267,38.331294,4.246435,691.2,450,10.575,38.331293999999986,40.24401033075171,1.912716330751724,.049899,40.244011308809,36.11777076042815,4.12624054838085,.107646,Fr 6. Mär 12:58:37 CET 2026
15,22.476797,1.24648043,9.0267,38.331294,4.246435,691.2,450,10.575,38.331293999999986,43.964725368934296,5.633431368934310,.146966,43.96472775342377,38.77056873599157,5.19415901743220,.135507,Fr 6. Mär 12:58:38 CET 2026
27,40.458235,2.24366480,9.0267,38.331294,4.246435,691.2,450,10.534,38.331293999999986,51.50582890163039,13.174534901630404,.343701,51.50583660193124,44.57411197832413,6.93172462360711,.180837,Fr 6. Mär 12:58:38 CET 2026
3,4.495359,.24929606,9.0267,38.331294,4.246435,691.2,450,10.575,38.331293999999986,39.24251750673426,.911223506734274,.023772,39.24251822539732,35.4100451743472,3.83247305105012,.099982,Fr 6. Mär 12:58:43 CET 2026
21,31.467516,1.74507262,9.0267,38.331294,4.246435,691.2,450,10.534,38.331293999999986,47.282063897755876,8.950769897755890,.233510,47.28206816465991,41.14513730700053,6.13693085765938,.160102,Fr 6. Mär 12:58:44 CET 2026
0,0,0,9.0267,38.331294,4.246435,691.2,450,10.575,38.331293999999986,38.331293999999986,0,0,38.3312945262865,34.756494721483335,3.574799804803165,.093260,Fr 6. Mär 12:58:44 CET 2026
24,35.962875,1.99436868,9.0267,38.331294,4.246435,691.2,450,10.534,38.331293999999986,49.27414616584068,10.942852165840694,.285480,49.274151888630314,42.64138918956664,6.632762699063674,.173037,Fr 6. Mär 12:58:45 CET 2026
33,49.448954,2.74225699,9.0267,38.331294,4.246435,691.2,450,10.534,38.331293999999986,56.49597033091435,18.164676330914364,.473886,56.49598377824775,48.13134746905984,8.36463630918791,.218219,Fr 6. Mär 12:58:45 CET 2026
30,44.953594,2.49296087,9.0267,38.331294,4.246435,691.2,450,10.575,38.331293999999986,53.944589761129365,15.613295761129379,.407325,53.944600124726705,46.394995884812175,7.549604239914530,.196956,Fr 6. Mär 12:58:47 CET 2026
30,44.953594,2.49296087,9.0267,38.331294,4.246435,691.2,450,10.534,38.331293999999986,53.944589761129365,15.613295761129379,.407325,53.94460004362787,46.38492350239241,7.55967654123546,.197219,Fr 6. Mär 12:58:48 CET 2026
36,53.944313,2.99155305,9.0267,38.331294,4.246435,691.2,450,10.534,38.331293999999986,59.01879569622758,20.687501696227594,.539702,59.01881276562215,50.646127354954004,8.372685410668146,.218429,Fr 6. Mär 12:58:48 CET 2026
18,26.972156,1.49577650,9.0267,38.331294,4.246435,691.2,450,10.575,38.331293999999986,45.52092984645216,7.189635846452174,.187565,45.52093306646459,39.863399582113054,5.657533484351536,.147595,Fr 6. Mär 12:58:49 CET 2026
27,40.458235,2.24366480,9.0267,38.331294,4.246435,691.2,450,10.575,38.331293999999986,51.50582890163039,13.174534901630404,.343701,51.505836671035446,44.59747341459021,6.908363256445236,.180227,Fr 6. Mär 12:58:51 CET 2026
21,31.467516,1.74507262,9.0267,38.331294,4.246435,691.2,450,10.575,38.331293999999986,47.282063897755876,8.950769897755890,.233510,47.282068204919625,41.15489992634782,6.127168278571805,.159847,Fr 6. Mär 12:58:53 CET 2026
24,35.962875,1.99436868,9.0267,38.331294,4.246435,691.2,450,10.575,38.331293999999986,49.27414616584068,10.942852165840694,.285480,49.27415194360622,42.653391812654206,6.620760130952014,.172724,Fr 6. Mär 12:58:57 CET 2026
39,58.439673,3.24084918,9.0267,38.331294,4.246435,691.2,450,10.534,38.331293999999986,61.38384989017302,23.052555890173034,.601403,61.38387085512974,54.08963109020372,7.29423976492602,.190294,Fr 6. Mär 12:58:57 CET 2026
18,26.972156,1.49577650,9.0267,38.331294,4.246435,691.2,450,10.534,38.331293999999986,45.52092984645216,7.189635846452174,.187565,45.52093304050661,39.85506204143131,5.66587099907530,.147813,Fr 6. Mär 12:59:09 CET 2026
42,62.935032,3.49014524,9.0267,38.331294,4.246435,691.2,450,10.534,38.331293999999986,63.52170347669757,25.190409476697584,.657176,63.521728369480506,57.96238936650154,5.559339002978966,.145033,Fr 6. Mär 12:59:23 CET 2026
45,67.430392,3.73944136,9.0267,38.331294,4.246435,691.2,450,10.534,38.331293999999986,65.42102257482107,27.089728574821084,.706726,65.42105132991311,60.90710290974137,4.51394842017174,.117761,Fr 6. Mär 12:59:28 CET 2026
36,53.944313,2.99155305,9.0267,38.331294,4.246435,691.2,450,10.575,38.331293999999986,59.01879569622758,20.687501696227594,.539702,59.01881287324655,50.68522327384836,8.33358959939819,.217409,Fr 6. Mär 12:59:33 CET 2026
39,58.439673,3.24084918,9.0267,38.331294,4.246435,691.2,450,10.575,38.331293999999986,61.38384989017302,23.052555890173034,.601403,61.383870988913934,54.143453873392126,7.240417115521808,.188890,Fr 6. Mär 12:59:57 CET 2026
33,49.448954,2.74225699,9.0267,38.331294,4.246435,691.2,450,10.575,38.331293999999986,56.49597033091435,18.164676330914364,.473886,56.49598387008607,48.14400935621403,8.35197451387204,.217889,Fr 6. Mär 13:00:01 CET 2026
42,62.935032,3.49014524,9.0267,38.331294,4.246435,691.2,450,10.575,38.331293999999986,63.52170347669757,25.190409476697584,.657176,63.521728549225415,58.01192036916868,5.509808180056735,.143741,Fr 6. Mär 13:00:37 CET 2026
12,17.981437,.99718431,9.0267,38.331294,4.246435,691.2,450,10.616,38.331293999999986,42.583952511707494,4.252658511707508,.110944,42.58395433054364,37.791949818912684,4.792004511630956,.125015,Fr 6. Mär 15:21:37 CET 2026
0,0,0,9.0267,38.331294,4.246435,691.2,450,10.616,38.331293999999986,38.331293999999986,0,0,38.3312945340861,34.75916612719724,3.57212840688886,.093190,Fr 6. Mär 15:21:42 CET 2026
3,4.495359,.24929606,9.0267,38.331294,4.246435,691.2,450,10.616,38.331293999999986,39.24251750673426,.911223506734274,.023772,39.24251823548048,35.4132833567475,3.82923487873298,.099898,Fr 6. Mär 15:21:42 CET 2026
9,13.486078,.74788825,9.0267,38.331294,4.246435,691.2,450,10.616,38.331293999999986,41.351437948250805,3.020143948250819,.078790,41.35143928711786,36.905959724136984,4.445479562980876,.115975,Fr 6. Mär 15:21:47 CET 2026
0,0,0,9.0267,38.331294,4.246435,691.2,500,10.493,38.331293999999986,38.331293999999986,0,0,38.33129451327264,34.75152812746134,3.57976638581130,.093390,Fr 6. Mär 15:21:47 CET 2026
15,22.476797,1.24648043,9.0267,38.331294,4.246435,691.2,450,10.616,38.331293999999986,43.964725368934296,5.633431368934310,.146966,43.96472777255368,38.77744306464053,5.18728470791315,.135327,Fr 6. Mär 15:21:48 CET 2026
6,8.990718,.49859213,9.0267,38.331294,4.246435,691.2,450,10.616,38.331293999999986,40.24401033075171,1.912716330751724,.049899,40.244011320937396,36.121599722648114,4.122411598289282,.107546,Fr 6. Mär 15:21:48 CET 2026
9,13.486078,.74788825,9.0267,38.331294,4.246435,691.2,500,10.493,38.331293999999986,41.351437948250805,3.020143948250819,.078790,41.35143922531216,36.88456890574776,4.46687031956440,.116533,Fr 6. Mär 15:21:49 CET 2026
3,4.495359,.24929606,9.0267,38.331294,4.246435,691.2,500,10.493,38.331293999999986,39.24251750673426,.911223506734274,.023772,39.24251820845951,35.401278826831316,3.841239381628194,.100211,Fr 6. Mär 15:21:49 CET 2026
15,22.476797,1.24648043,9.0267,38.331294,4.246435,691.2,500,10.493,38.331293999999986,43.964725368934296,5.633431368934310,.146966,43.964727700769245,38.743278260676036,5.221449440093209,.136218,Fr 6. Mär 15:21:50 CET 2026
6,8.990718,.49859213,9.0267,38.331294,4.246435,691.2,500,10.493,38.331293999999986,40.24401033075171,1.912716330751724,.049899,40.24401127745897,36.10491796868715,4.13909330877182,.107982,Fr 6. Mär 15:21:53 CET 2026
27,40.458235,2.24366480,9.0267,38.331294,4.246435,691.2,450,10.616,38.331293999999986,51.50582890163039,13.174534901630404,.343701,51.50583673735631,44.62023391081752,6.88560282653879,.179633,Fr 6. Mär 15:21:54 CET 2026
30,44.953594,2.49296087,9.0267,38.331294,4.246435,691.2,450,10.616,38.331293999999986,53.944589761129365,15.613295761129379,.407325,53.94460020164941,46.40501500183882,7.53958519981059,.196695,Fr 6. Mär 15:21:59 CET 2026
24,35.962875,1.99436868,9.0267,38.331294,4.246435,691.2,450,10.616,38.331293999999986,49.27414616584068,10.942852165840694,.285480,49.27415199721982,42.665432468784964,6.608719528434856,.172410,Fr 6. Mär 15:22:00 CET 2026
18,26.972156,1.49577650,9.0267,38.331294,4.246435,691.2,450,10.616,38.331293999999986,45.52092984645216,7.189635846452174,.187565,45.52093309191056,39.87135655348617,5.64957653842439,.147388,Fr 6. Mär 15:22:00 CET 2026
12,17.981437,.99718431,9.0267,38.331294,4.246435,691.2,500,10.493,38.331293999999986,42.583952511707494,4.252658511707508,.110944,42.583954263428865,37.76515809698365,4.818796166445215,.125714,Fr 6. Mär 15:22:01 CET 2026
36,53.944313,2.99155305,9.0267,38.331294,4.246435,691.2,450,10.616,38.331293999999986,59.01879569622758,20.687501696227594,.539702,59.018812976779,50.72430408802874,8.29450888875026,.216390,Fr 6. Mär 15:22:01 CET 2026
18,26.972156,1.49577650,9.0267,38.331294,4.246435,691.2,500,10.493,38.331293999999986,45.52092984645216,7.189635846452174,.187565,45.52093296879978,39.826425639889315,5.694507328910465,.148560,Fr 6. Mär 15:22:02 CET 2026
39,58.439673,3.24084918,9.0267,38.331294,4.246435,691.2,450,10.616,38.331293999999986,61.38384989017302,23.052555890173034,.601403,61.383871117128386,54.19696950146532,7.186901615663066,.187494,Fr 6. Mär 15:22:03 CET 2026
21,31.467516,1.74507262,9.0267,38.331294,4.246435,691.2,450,10.616,38.331293999999986,47.282063897755876,8.950769897755890,.233510,47.28206824383508,41.16449855527575,6.11756968855933,.159597,Fr 6. Mär 15:22:05 CET 2026
21,31.467516,1.74507262,9.0267,38.331294,4.246435,691.2,500,10.493,38.331293999999986,47.282063897755876,8.950769897755890,.233510,47.28206805359214,41.11355591293545,6.16851214065669,.160926,Fr 6. Mär 15:22:06 CET 2026
27,40.458235,2.24366480,9.0267,38.331294,4.246435,691.2,500,10.493,38.331293999999986,51.50582890163039,13.174534901630404,.343701,51.505836439628744,44.57428701538443,6.931549424244314,.180832,Fr 6. Mär 15:22:07 CET 2026
24,35.962875,1.99436868,9.0267,38.331294,4.246435,691.2,500,10.493,38.331293999999986,49.27414616584068,10.942852165840694,.285480,49.27415177695213,42.6072945380979,6.66685723885423,.173927,Fr 6. Mär 15:22:08 CET 2026
33,49.448954,2.74225699,9.0267,38.331294,4.246435,691.2,450,10.616,38.331293999999986,56.49597033091435,18.164676330914364,.473886,56.49598395864691,48.15637221891812,8.33961173972879,.217566,Fr 6. Mär 15:22:24 CET 2026
30,44.953594,2.49296087,9.0267,38.331294,4.246435,691.2,500,10.493,38.331293999999986,53.944589761129365,15.613295761129379,.407325,53.94459984699463,46.37137574782471,7.57322409916992,.197572,Fr 6. Mär 15:22:42 CET 2026
42,62.935032,3.49014524,9.0267,38.331294,4.246435,691.2,450,10.616,38.331293999999986,63.52170347669757,25.190409476697584,.657176,63.52172872212122,58.06036197488499,5.46136674723623,.142478,Fr 6. Mär 15:22:52 CET 2026
45,67.430392,3.73944136,9.0267,38.331294,4.246435,691.2,450,10.575,38.331293999999986,65.42102257482107,27.089728574821084,.706726,65.42105149093636,60.94007718423477,4.48097430670159,.116901,Fr 6. Mär 15:23:15 CET 2026
45,67.430392,3.73944136,9.0267,38.331294,4.246435,691.2,450,10.616,38.331293999999986,65.42102257482107,27.089728574821084,.706726,65.42105164454465,60.972334831441785,4.448716813102865,.116059,Fr 6. Mär 15:24:43 CET 2026
3,4.495359,.24929606,9.0267,38.331294,4.246435,691.2,500,10.534,38.331293999999986,39.24251750673426,.911223506734274,.023772,39.24251821287762,35.404551277444696,3.837966935432924,.100126,Fr 6. Mär 16:44:54 CET 2026
3,4.495359,.24929606,9.0267,38.331294,4.246435,691.2,500,10.575,38.331293999999986,39.24251750673426,.911223506734274,.023772,39.24251821700565,35.40777683073718,3.83474138626847,.100042,Fr 6. Mär 16:44:55 CET 2026
0,0,0,9.0267,38.331294,4.246435,691.2,500,10.534,38.331293999999986,38.331293999999986,0,0,38.331294516447734,34.75427833813918,3.577016178308554,.093318,Fr 6. Mär 16:44:55 CET 2026
12,17.981437,.99718431,9.0267,38.331294,4.246435,691.2,500,10.534,38.331293999999986,42.583952511707494,4.252658511707508,.110944,42.583954279453536,37.77070283542346,4.813251444030076,.125569,Fr 6. Mär 16:44:55 CET 2026
33,49.448954,2.74225699,9.0267,38.331294,4.246435,691.2,500,10.493,38.331293999999986,56.49597033091435,18.164676330914364,.473886,56.495983586586,48.10840087673384,8.38758270985216,.218818,Fr 6. Mär 16:44:56 CET 2026
0,0,0,9.0267,38.331294,4.246435,691.2,500,10.575,38.331293999999986,38.331293999999986,0,0,38.33129452014713,34.756950863913275,3.574343656233855,.093248,Fr 6. Mär 16:44:57 CET 2026
39,58.439673,3.24084918,9.0267,38.331294,4.246435,691.2,500,10.493,38.331293999999986,61.38384989017302,23.052555890173034,.601403,61.38387069212364,54.14471163044672,7.23915906167692,.188857,Fr 6. Mär 16:44:58 CET 2026
21,31.467516,1.74507262,9.0267,38.331294,4.246435,691.2,500,10.534,38.331293999999986,47.282063897755876,8.950769897755890,.233510,47.28206809668176,41.12318945697433,6.15887863970743,.160674,Fr 6. Mär 16:44:58 CET 2026
15,22.476797,1.24648043,9.0267,38.331294,4.246435,691.2,500,10.575,38.331293999999986,43.964725368934296,5.633431368934310,.146966,43.964727731022094,38.756725221413475,5.208002509608619,.135868,Fr 6. Mär 16:44:59 CET 2026
24,35.962875,1.99436868,9.0267,38.331294,4.246435,691.2,500,10.534,38.331293999999986,49.27414616584068,10.942852165840694,.285480,49.27415180916761,42.6194837548158,6.65466805435181,.173609,Fr 6. Mär 16:45:02 CET 2026
27,40.458235,2.24366480,9.0267,38.331294,4.246435,691.2,500,10.534,38.331293999999986,51.50582890163039,13.174534901630404,.343701,51.505836493471406,44.598192365904936,6.907644127566470,.180208,Fr 6. Mär 16:45:02 CET 2026
33,49.448954,2.74225699,9.0267,38.331294,4.246435,691.2,500,10.534,38.331293999999986,56.49597033091435,18.164676330914364,.473886,56.49598368619919,48.12089208747387,8.37509159872532,.218492,Fr 6. Mär 16:45:03 CET 2026
18,26.972156,1.49577650,9.0267,38.331294,4.246435,691.2,500,10.575,38.331293999999986,45.52092984645216,7.189635846452174,.187565,45.52093302395212,39.84254503041071,5.67838799354141,.148139,Fr 6. Mär 16:45:04 CET 2026
12,17.981437,.99718431,9.0267,38.331294,4.246435,691.2,500,10.575,38.331293999999986,42.583952511707494,4.252658511707508,.110944,42.583954294843224,37.77626458687482,4.807689707968404,.125424,Fr 6. Mär 16:45:04 CET 2026
9,13.486078,.74788825,9.0267,38.331294,4.246435,691.2,500,10.575,38.331293999999986,41.351437948250805,3.020143948250819,.078790,41.351439255268026,36.89352517150757,4.457914083760456,.116299,Fr 6. Mär 16:45:05 CET 2026
36,53.944313,2.99155305,9.0267,38.331294,4.246435,691.2,500,10.534,38.331293999999986,59.01879569622758,20.687501696227594,.539702,59.01881270844621,50.66924457317284,8.34956813527337,.217826,Fr 6. Mär 16:45:05 CET 2026
6,8.990718,.49859213,9.0267,38.331294,4.246435,691.2,500,10.534,38.331293999999986,40.24401033075171,1.912716330751724,.049899,40.244011283050995,36.10871141340943,4.135299869641565,.107883,Fr 6. Mär 16:45:05 CET 2026
18,26.972156,1.49577650,9.0267,38.331294,4.246435,691.2,500,10.534,38.331293999999986,45.52092984645216,7.189635846452174,.187565,45.52093299683108,39.8345307354145,5.68640226141658,.148348,Fr 6. Mär 16:45:05 CET 2026
9,13.486078,.74788825,9.0267,38.331294,4.246435,691.2,500,10.534,38.331293999999986,41.351437948250805,3.020143948250819,.078790,41.35143924061315,36.88898662473685,4.46245261587630,.116418,Fr 6. Mär 16:45:06 CET 2026
6,8.990718,.49859213,9.0267,38.331294,4.246435,691.2,500,10.575,38.331293999999986,40.24401033075171,1.912716330751724,.049899,40.24401129512498,36.112545132244456,4.131466162880524,.107783,Fr 6. Mär 16:45:15 CET 2026
39,58.439673,3.24084918,9.0267,38.331294,4.246435,691.2,500,10.534,38.331293999999986,61.38384989017302,23.052555890173034,.601403,61.38387083750492,54.20065892081934,7.18321191668558,.187398,Fr 6. Mär 16:45:21 CET 2026
36,53.944313,2.99155305,9.0267,38.331294,4.246435,691.2,500,10.493,38.331293999999986,59.01879569622758,20.687501696227594,.539702,59.01881259161428,50.629736683241674,8.389075908372606,.218857,Fr 6. Mär 16:45:32 CET 2026
15,22.476797,1.24648043,9.0267,38.331294,4.246435,691.2,500,10.534,38.331293999999986,43.964725368934296,5.633431368934310,.146966,43.96472771627484,38.749939270106026,5.214788446168814,.136045,Fr 6. Mär 16:45:33 CET 2026
45,67.430392,3.73944136,9.0267,38.331294,4.246435,691.2,500,10.493,38.331293999999986,65.42102257482107,27.089728574821084,.706726,65.42105130722119,60.97276704402868,4.44828426319251,.116048,Fr 6. Mär 16:45:43 CET 2026
30,44.953594,2.49296087,9.0267,38.331294,4.246435,691.2,500,10.534,38.331293999999986,53.944589761129365,15.613295761129379,.407325,53.94459993426254,46.381344449228216,7.563255485034324,.197312,Fr 6. Mär 16:45:44 CET 2026
42,62.935032,3.49014524,9.0267,38.331294,4.246435,691.2,500,10.534,38.331293999999986,63.52170347669757,25.190409476697584,.657176,63.52172838850729,58.09916791200885,5.42256047649844,.141465,Fr 6. Mär 16:47:17 CET 2026
45,67.430392,3.73944136,9.0267,38.331294,4.246435,691.2,500,10.534,38.331293999999986,65.42102257482107,27.089728574821084,.706726,65.42105148225724,61.004991890071544,4.416059592185696,.115207,Fr 6. Mär 16:47:33 CET 2026
42,62.935032,3.49014524,9.0267,38.331294,4.246435,691.2,500,10.493,38.331293999999986,63.52170347669757,25.190409476697584,.657176,63.521728195135545,58.05075208940627,5.470976105729275,.142728,Fr 6. Mär 16:48:05 CET 2026
3,4.495359,.24929606,9.0267,38.331294,4.246435,691.2,500,10.616,38.331293999999986,39.24251750673426,.911223506734274,.023772,39.24251822591573,35.41097064482821,3.83154758108752,.099958,Fr 6. Mär 17:41:16 CET 2026
27,40.458235,2.24366480,9.0267,38.331294,4.246435,691.2,500,10.575,38.331293999999986,51.50582890163039,13.174534901630404,.343701,51.50583656466964,44.62186687849543,6.88396968617421,.179591,Fr 6. Mär 17:41:18 CET 2026
36,53.944313,2.99155305,9.0267,38.331294,4.246435,691.2,500,10.575,38.331293999999986,59.01879569622758,20.687501696227594,.539702,59.01881281961587,50.70862689813367,8.31018592148220,.216798,Fr 6. Mär 17:41:20 CET 2026
0,0,0,9.0267,38.331294,4.246435,691.2,500,10.616,38.331293999999986,38.331293999999986,0,0,38.33129452809115,34.759587480528374,3.571707047562776,.093179,Fr 6. Mär 17:41:20 CET 2026
9,13.486078,.74788825,9.0267,38.331294,4.246435,691.2,500,10.616,38.331293999999986,41.351437948250805,3.020143948250819,.078790,41.35143926944947,36.89804118732203,4.45339808212744,.116181,Fr 6. Mär 17:41:21 CET 2026
30,44.953594,2.49296087,9.0267,38.331294,4.246435,691.2,500,10.575,38.331293999999986,53.944589761129365,15.613295761129379,.407325,53.94460001812506,46.3913364988142,7.55326351931086,.197052,Fr 6. Mär 17:41:21 CET 2026
12,17.981437,.99718431,9.0267,38.331294,4.246435,691.2,500,10.616,38.331293999999986,42.583952511707494,4.252658511707508,.110944,42.58395430972389,37.78161553350899,4.80233877621490,.125285,Fr 6. Mär 17:41:21 CET 2026
6,8.990718,.49859213,9.0267,38.331294,4.246435,691.2,500,10.616,38.331293999999986,40.24401033075171,1.912716330751724,.049899,40.24401130744784,36.116434097997946,4.127577209449894,.107681,Fr 6. Mär 17:41:21 CET 2026
24,35.962875,1.99436868,9.0267,38.331294,4.246435,691.2,500,10.575,38.331293999999986,49.27414616584068,10.942852165840694,.285480,49.27415185359384,42.631621053427914,6.642530800165926,.173292,Fr 6. Mär 17:41:22 CET 2026
21,31.467516,1.74507262,9.0267,38.331294,4.246435,691.2,500,10.575,38.331293999999986,47.282063897755876,8.950769897755890,.233510,47.282068138176555,41.13296122302781,6.149106915148745,.160420,Fr 6. Mär 17:41:22 CET 2026
21,31.467516,1.74507262,9.0267,38.331294,4.246435,691.2,500,10.616,38.331293999999986,47.282063897755876,8.950769897755890,.233510,47.28206817823628,41.14271390214094,6.13935427609534,.160165,Fr 6. Mär 17:41:23 CET 2026
42,62.935032,3.49014524,9.0267,38.331294,4.246435,691.2,500,10.575,38.331293999999986,63.52170347669757,25.190409476697584,.657176,63.52172857499572,58.146645419858885,5.375083155136835,.140227,Fr 6. Mär 17:41:23 CET 2026
33,49.448954,2.74225699,9.0267,38.331294,4.246435,691.2,500,10.575,38.331293999999986,56.49597033091435,18.164676330914364,.473886,56.4959837818195,48.13358997195935,8.36239380986015,.218161,Fr 6. Mär 17:41:26 CET 2026
15,22.476797,1.24648043,9.0267,38.331294,4.246435,691.2,500,10.616,38.331293999999986,43.964725368934296,5.633431368934310,.146966,43.96472774508552,38.76339344576284,5.20133429932268,.135694,Fr 6. Mär 17:41:27 CET 2026
24,35.962875,1.99436868,9.0267,38.331294,4.246435,691.2,500,10.616,38.331293999999986,49.27414616584068,10.942852165840694,.285480,49.27415190860606,42.643521992024134,6.630629916581926,.172982,Fr 6. Mär 17:41:34 CET 2026
33,49.448954,2.74225699,9.0267,38.331294,4.246435,691.2,500,10.616,38.331293999999986,56.49597033091435,18.164676330914364,.473886,56.495983873351506,48.14577243883046,8.350211434521046,.217843,Fr 6. Mär 17:41:37 CET 2026
30,44.953594,2.49296087,9.0267,38.331294,4.246435,691.2,500,10.616,38.331293999999986,53.944589761129365,15.613295761129379,.407325,53.94460009888219,46.401444983848634,7.543155115033556,.196788,Fr 6. Mär 17:41:42 CET 2026
18,26.972156,1.49577650,9.0267,38.331294,4.246435,691.2,500,10.616,38.331293999999986,45.52092984645216,7.189635846452174,.187565,45.52093304993523,39.850768526338676,5.670164523596554,.147925,Fr 6. Mär 17:41:50 CET 2026
27,40.458235,2.24366480,9.0267,38.331294,4.246435,691.2,500,10.616,38.331293999999986,51.50582890163039,13.174534901630404,.343701,51.50583663340986,44.64520311308447,6.86063352032539,.178982,Fr 6. Mär 17:41:52 CET 2026
39,58.439673,3.24084918,9.0267,38.331294,4.246435,691.2,500,10.575,38.331293999999986,61.38384989017302,23.052555890173034,.601403,61.38387097676583,54.25672331775044,7.12714765901539,.185935,Fr 6. Mär 17:41:53 CET 2026
36,53.944313,2.99155305,9.0267,38.331294,4.246435,691.2,500,10.616,38.331293999999986,59.01879569622758,20.687501696227594,.539702,59.018812926365506,50.74759754147973,8.271215384885776,.215782,Fr 6. Mär 17:41:54 CET 2026
45,67.430392,3.73944136,9.0267,38.331294,4.246435,691.2,500,10.575,38.331293999999986,65.42102257482107,27.089728574821084,.706726,65.42105164828804,61.03650652224799,4.38454512604005,.114385,Fr 6. Mär 17:41:58 CET 2026
39,58.439673,3.24084918,9.0267,38.331294,4.246435,691.2,500,10.616,38.331293999999986,61.38384989017302,23.052555890173034,.601403,61.38387110987274,54.31274162342846,7.07112948644428,.184474,Fr 6. Mär 17:42:18 CET 2026
45,67.430392,3.73944136,9.0267,38.331294,4.246435,691.2,500,10.616,38.331293999999986,65.42102257482107,27.089728574821084,.706726,65.42105180737946,61.06734589568838,4.35370591169108,.113580,Fr 6. Mär 17:43:04 CET 2026
42,62.935032,3.49014524,9.0267,38.331294,4.246435,691.2,500,10.616,38.331293999999986,63.52170347669757,25.190409476697584,.657176,63.52172875333088,58.19315369194423,5.32857506138665,.139013,Fr 6. Mär 17:43:10 CET 2026
0,0,0,9.0267,38.331294,4.246435,691.2,550,10.493,38.331293999999986,38.331293999999986,0,0,38.33129451369523,34.752670149325056,3.578624364370174,.093360,Fr 6. Mär 17:43:51 CET 2026
6,8.990718,.49859213,9.0267,38.331294,4.246435,691.2,550,10.493,38.331293999999986,40.24401033075171,1.912716330751724,.049899,40.24401127629774,36.101427880027636,4.142583396270104,.108073,Fr 6. Mär 17:44:45 CET 2026
3,4.495359,.24929606,9.0267,38.331294,4.246435,691.2,550,10.493,38.331293999999986,39.24251750673426,.911223506734274,.023772,39.24251820814406,35.400445636164584,3.842072571979476,.100233,Fr 6. Mär 17:45:02 CET 2026
12,17.981437,.99718431,9.0267,38.331294,4.246435,691.2,550,10.534,38.331293999999986,42.583952511707494,4.252658511707508,.110944,42.58395426938904,37.76146612189642,4.82248814749262,.125810,Fr 6. Mär 22:42:13 CET 2026
12,17.981437,.99718431,9.0267,38.331294,4.246435,691.2,550,10.493,38.331293999999986,42.583952511707494,4.252658511707508,.110944,42.58395425299467,37.75614180223281,4.82781245076186,.125949,Fr 6. Mär 22:42:15 CET 2026
18,26.972156,1.49577650,9.0267,38.331294,4.246435,691.2,550,10.493,38.331293999999986,45.52092984645216,7.189635846452174,.187565,45.520932946563406,39.81471710375137,5.706215842812036,.148865,Fr 6. Mär 22:42:19 CET 2026
6,8.990718,.49859213,9.0267,38.331294,4.246435,691.2,550,10.534,38.331293999999986,40.24401033075171,1.912716330751724,.049899,40.24401128198221,36.10510019223268,4.13891108974953,.107977,Fr 6. Mär 22:42:20 CET 2026
0,0,0,9.0267,38.331294,4.246435,691.2,550,10.534,38.331293999999986,38.331293999999986,0,0,38.331294516933916,34.75526126947283,3.576033247461086,.093292,Fr 6. Mär 22:42:20 CET 2026
15,22.476797,1.24648043,9.0267,38.331294,4.246435,691.2,550,10.534,38.331293999999986,43.964725368934296,5.633431368934310,.146966,43.964727706704025,38.73862047280101,5.226107233903015,.136340,Fr 6. Mär 22:42:20 CET 2026
3,4.495359,.24929606,9.0267,38.331294,4.246435,691.2,550,10.534,38.331293999999986,39.24251750673426,.911223506734274,.023772,39.242518212674874,35.4035935702539,3.838924642420974,.100151,Fr 6. Mär 22:42:21 CET 2026
15,22.476797,1.24648043,9.0267,38.331294,4.246435,691.2,550,10.493,38.331293999999986,43.964725368934296,5.633431368934310,.146966,43.964727690808694,38.731675821279765,5.233051869528929,.136521,Fr 6. Mär 22:42:21 CET 2026
9,13.486078,.74788825,9.0267,38.331294,4.246435,691.2,550,10.493,38.331293999999986,41.351437948250805,3.020143948250819,.078790,41.35143921623409,36.87852443029141,4.47291478594268,.116690,Fr 6. Mär 22:42:22 CET 2026
24,35.962875,1.99436868,9.0267,38.331294,4.246435,691.2,550,10.534,38.331293999999986,49.27414616584068,10.942852165840694,.285480,49.27415179186417,42.603712555645416,6.670439236218754,.174020,Fr 6. Mär 22:42:22 CET 2026
39,58.439673,3.24084918,9.0267,38.331294,4.246435,691.2,550,10.493,38.331293999999986,61.38384989017302,23.052555890173034,.601403,61.38387079572538,54.269115425082326,7.114755370643054,.185612,Fr 6. Mär 22:42:23 CET 2026
27,40.458235,2.24366480,9.0267,38.331294,4.246435,691.2,550,10.493,38.331293999999986,51.50582890163039,13.174534901630404,.343701,51.50583642494578,44.60142710752831,6.90440931741747,.180124,Fr 6. Mär 22:42:23 CET 2026
24,35.962875,1.99436868,9.0267,38.331294,4.246435,691.2,550,10.493,38.331293999999986,49.27414616584068,10.942852165840694,.285480,49.27415175881362,42.59173858117515,6.68241317763847,.174333,Fr 6. Mär 22:42:23 CET 2026
27,40.458235,2.24366480,9.0267,38.331294,4.246435,691.2,550,10.534,38.331293999999986,51.50582890163039,13.174534901630404,.343701,51.50583646713406,44.6256613933721,6.88017507376196,.179492,Fr 6. Mär 22:42:23 CET 2026
21,31.467516,1.74507262,9.0267,38.331294,4.246435,691.2,550,10.534,38.331293999999986,47.282063897755876,8.950769897755890,.233510,47.28206806222408,41.1104880096552,6.17158005256888,.161006,Fr 6. Mär 22:42:24 CET 2026
36,53.944313,2.99155305,9.0267,38.331294,4.246435,691.2,550,10.493,38.331293999999986,59.01879569622758,20.687501696227594,.539702,59.01881263683191,50.653586075551466,8.365226561280444,.218234,Fr 6. Mär 22:42:25 CET 2026
33,49.448954,2.74225699,9.0267,38.331294,4.246435,691.2,550,10.493,38.331293999999986,56.49597033091435,18.164676330914364,.473886,56.49598358315614,48.10413623157706,8.39184735157908,.218929,Fr 6. Mär 22:42:25 CET 2026
9,13.486078,.74788825,9.0267,38.331294,4.246435,691.2,550,10.534,38.331293999999986,41.351437948250805,3.020143948250819,.078790,41.351439231766356,36.882896366853906,4.468542864912450,.116576,Fr 6. Mär 22:42:25 CET 2026
30,44.953594,2.49296087,9.0267,38.331294,4.246435,691.2,550,10.534,38.331293999999986,53.944589761129365,15.613295761129379,.407325,53.94459989947369,46.38186416842971,7.56273573104398,.197299,Fr 6. Mär 22:42:26 CET 2026
18,26.972156,1.49577650,9.0267,38.331294,4.246435,691.2,550,10.534,38.331293999999986,45.52092984645216,7.189635846452174,.187565,45.5209329755184,39.822636546849644,5.698296428668756,.148659,Fr 6. Mär 22:42:30 CET 2026
21,31.467516,1.74507262,9.0267,38.331294,4.246435,691.2,550,10.493,38.331293999999986,47.282063897755876,8.950769897755890,.233510,47.28206803919414,41.10080641382481,6.18126162536933,.161258,Fr 6. Mär 22:42:33 CET 2026
42,62.935032,3.49014524,9.0267,38.331294,4.246435,691.2,550,10.493,38.331293999999986,63.52170347669757,25.190409476697584,.657176,63.52172836297479,58.18176343329712,5.33996492967767,.139310,Fr 6. Mär 22:42:38 CET 2026
42,62.935032,3.49014524,9.0267,38.331294,4.246435,691.2,550,10.534,38.331293999999986,63.52170347669757,25.190409476697584,.657176,63.52172855999573,58.228231377389875,5.293497182605855,.138098,Fr 6. Mär 22:42:43 CET 2026
33,49.448954,2.74225699,9.0267,38.331294,4.246435,691.2,550,10.534,38.331293999999986,56.49597033091435,18.164676330914364,.473886,56.49598368414842,48.116308121508816,8.379675562639604,.218611,Fr 6. Mär 22:42:47 CET 2026
36,53.944313,2.99155305,9.0267,38.331294,4.246435,691.2,550,10.534,38.331293999999986,59.01879569622758,20.687501696227594,.539702,59.01881275592605,50.69316668237425,8.32564607355180,.217202,Fr 6. Mär 22:43:02 CET 2026
39,58.439673,3.24084918,9.0267,38.331294,4.246435,691.2,550,10.534,38.331293999999986,61.38384989017302,23.052555890173034,.601403,61.38387094460034,54.3270906184819,7.05678032611844,.184099,Fr 6. Mär 22:43:07 CET 2026
30,44.953594,2.49296087,9.0267,38.331294,4.246435,691.2,550,10.493,38.331293999999986,53.944589761129365,15.613295761129379,.407325,53.94459981105504,46.37178695094777,7.57281286010727,.197562,Fr 6. Mär 22:43:15 CET 2026
45,67.430392,3.73944136,9.0267,38.331294,4.246435,691.2,550,10.493,38.331293999999986,65.42102257482107,27.089728574821084,.706726,65.42105157678473,61.06729154388746,4.35376003289727,.113582,Fr 6. Mär 22:43:22 CET 2026
12,17.981437,.99718431,9.0267,38.331294,4.246435,691.2,550,10.616,38.331293999999986,42.583952511707494,4.252658511707508,.110944,42.58395430020834,37.77238248698015,4.81157181322819,.125525,Fr 6. Mär 23:38:33 CET 2026
0,0,0,9.0267,38.331294,4.246435,691.2,550,10.616,38.331293999999986,38.331293999999986,0,0,38.33129452588536,34.76044068772643,3.57085383815893,.093157,Fr 6. Mär 23:38:37 CET 2026
3,4.495359,.24929606,9.0267,38.331294,4.246435,691.2,550,10.575,38.331293999999986,39.24251750673426,.911223506734274,.023772,39.242518216877414,35.406750318107996,3.835767898769418,.100068,Fr 6. Mär 23:38:37 CET 2026
0,0,0,9.0267,38.331294,4.246435,691.2,550,10.575,38.331293999999986,38.331293999999986,0,0,38.3312945199749,34.757866335043026,3.573428184931874,.093224,Fr 6. Mär 23:38:38 CET 2026
12,17.981437,.99718431,9.0267,38.331294,4.246435,691.2,550,10.575,38.331293999999986,42.583952511707494,4.252658511707508,.110944,42.58395428509129,37.76690271180096,4.81705157329033,.125668,Fr 6. Mär 23:38:38 CET 2026
6,8.990718,.49859213,9.0267,38.331294,4.246435,691.2,550,10.575,38.331293999999986,40.24401033075171,1.912716330751724,.049899,40.24401128841139,36.10892507692873,4.13508621148266,.107877,Fr 6. Mär 23:38:39 CET 2026
36,53.944313,2.99155305,9.0267,38.331294,4.246435,691.2,550,10.575,38.331293999999986,59.01879569622758,20.687501696227594,.539702,59.01881286998524,50.73257112631986,8.28624174366538,.216174,Fr 6. Mär 23:38:42 CET 2026
3,4.495359,.24929606,9.0267,38.331294,4.246435,691.2,550,10.616,38.331293999999986,39.24251750673426,.911223506734274,.023772,39.24251822181297,35.40979061706194,3.83272760475103,.099989,Fr 6. Mär 23:38:43 CET 2026
15,22.476797,1.24648043,9.0267,38.331294,4.246435,691.2,550,10.575,38.331293999999986,43.964725368934296,5.633431368934310,.146966,43.964727721741674,38.74535674571716,5.219370976024514,.136164,Fr 6. Mär 23:38:43 CET 2026
33,49.448954,2.74225699,9.0267,38.331294,4.246435,691.2,550,10.575,38.331293999999986,56.49597033091435,18.164676330914364,.473886,56.495983781902645,48.128466679727666,8.367517102174979,.218294,Fr 6. Mär 23:38:44 CET 2026
24,35.962875,1.99436868,9.0267,38.331294,4.246435,691.2,550,10.575,38.331293999999986,49.27414616584068,10.942852165840694,.285480,49.27415182288428,42.615830642470335,6.658321180413945,.173704,Fr 6. Mär 23:38:47 CET 2026
30,44.953594,2.49296087,9.0267,38.331294,4.246435,691.2,550,10.575,38.331293999999986,53.944589761129365,15.613295761129379,.407325,53.94459998439711,46.3920670715725,7.55253291282461,.197033,Fr 6. Mär 23:38:49 CET 2026
18,26.972156,1.49577650,9.0267,38.331294,4.246435,691.2,550,10.616,38.331293999999986,45.52092984645216,7.189635846452174,.187565,45.520933029505976,39.83852329564289,5.682409733863086,.148244,Fr 6. Mär 23:38:49 CET 2026
9,13.486078,.74788825,9.0267,38.331294,4.246435,691.2,550,10.616,38.331293999999986,41.351437948250805,3.020143948250819,.078790,41.351439261143014,36.89156194957514,4.459877311567874,.116350,Fr 6. Mär 23:38:51 CET 2026
6,8.990718,.49859213,9.0267,38.331294,4.246435,691.2,550,10.616,38.331293999999986,40.24401033075171,1.912716330751724,.049899,40.244011301147786,36.112734259232546,4.131277041915240,.107778,Fr 6. Mär 23:38:53 CET 2026
15,22.476797,1.24648043,9.0267,38.331294,4.246435,691.2,550,10.616,38.331293999999986,43.964725368934296,5.633431368934310,.146966,43.96472773627068,38.752083407817494,5.212644328453186,.135989,Fr 6. Mär 23:38:54 CET 2026
27,40.458235,2.24366480,9.0267,38.331294,4.246435,691.2,550,10.575,38.331293999999986,51.50582890163039,13.174534901630404,.343701,51.50583651778233,44.64944561629968,6.85639090148265,.178871,Fr 6. Mär 23:38:55 CET 2026
45,67.430392,3.73944136,9.0267,38.331294,4.246435,691.2,550,10.534,38.331293999999986,65.42102257482107,27.089728574821084,.706726,65.42105175305325,61.09839414830309,4.32265760475016,.112770,Fr 6. Mär 23:38:58 CET 2026
39,58.439673,3.24084918,9.0267,38.331294,4.246435,691.2,550,10.575,38.331293999999986,61.38384989017302,23.052555890173034,.601403,61.38387108575043,54.384895359782305,6.998975725968125,.182591,Fr 6. Mär 23:38:59 CET 2026
27,40.458235,2.24366480,9.0267,38.331294,4.246435,691.2,550,10.616,38.331293999999986,51.50582890163039,13.174534901630404,.343701,51.505836588022106,44.67306128628759,6.832775301734516,.178255,Fr 6. Mär 23:38:59 CET 2026
21,31.467516,1.74507262,9.0267,38.331294,4.246435,691.2,550,10.575,38.331293999999986,47.282063897755876,8.950769897755890,.233510,47.28206810380363,41.120155290954884,6.161912812848746,.160754,Fr 6. Mär 23:39:00 CET 2026
9,13.486078,.74788825,9.0267,38.331294,4.246435,691.2,550,10.575,38.331293999999986,41.351437948250805,3.020143948250819,.078790,41.35143924672716,36.88719084620673,4.46424840052043,.116464,Fr 6. Mär 23:39:02 CET 2026
18,26.972156,1.49577650,9.0267,38.331294,4.246435,691.2,550,10.575,38.331293999999986,45.52092984645216,7.189635846452174,.187565,45.52093300282158,39.83058645276938,5.69034655005220,.148451,Fr 6. Mär 23:39:13 CET 2026
42,62.935032,3.49014524,9.0267,38.331294,4.246435,691.2,550,10.575,38.331293999999986,63.52170347669757,25.190409476697584,.657176,63.52172874960911,58.27387388030376,5.24785486930535,.136907,Fr 6. Mär 23:39:24 CET 2026
21,31.467516,1.74507262,9.0267,38.331294,4.246435,691.2,550,10.616,38.331293999999986,47.282063897755876,8.950769897755890,.233510,47.28206814483424,41.129637201682186,6.152430943152054,.160506,Fr 6. Mär 23:39:28 CET 2026
30,44.953594,2.49296087,9.0267,38.331294,4.246435,691.2,550,10.616,38.331293999999986,53.944589761129365,15.613295761129379,.407325,53.94460006693064,46.402208587488175,7.542391479442465,.196768,Fr 6. Mär 23:39:39 CET 2026
24,35.962875,1.99436868,9.0267,38.331294,4.246435,691.2,550,10.616,38.331293999999986,49.27414616584068,10.942852165840694,.285480,49.27415186445386,42.62780052645137,6.64635133800249,.173392,Fr 6. Mär 23:39:47 CET 2026
45,67.430392,3.73944136,9.0267,38.331294,4.246435,691.2,550,10.575,38.331293999999986,65.42102257482107,27.089728574821084,.706726,65.42105192164907,61.128642901426474,4.292409020222596,.111981,Fr 6. Mär 23:39:51 CET 2026
33,49.448954,2.74225699,9.0267,38.331294,4.246435,691.2,550,10.616,38.331293999999986,56.49597033091435,18.164676330914364,.473886,56.49598387577916,48.14081924272737,8.35516463305179,.217972,Sa 7. Mär 00:35:28 CET 2026
3,4.170965,.24929605,10.1000,41.312545,4.090351,691.2,450,10.534,41.312545,42.29463938891587,.98209438891587,.023772,42.29464101724075,37.561998265753076,4.732642751487674,.114557,Sa 7. Mär 00:35:29 CET 2026
9,12.512897,.74788827,10.1000,41.312545,4.090351,691.2,450,10.493,41.312545,44.56758299110224,3.25503799110224,.078790,44.567585518285284,39.16190199119257,5.405683527092714,.130848,Sa 7. Mär 00:35:30 CET 2026
42,62.935032,3.49014524,9.0267,38.331294,4.246435,691.2,550,10.616,38.331293999999986,63.52170347669757,25.190409476697584,.657176,63.52172893102989,58.319028627272964,5.202700303756926,.135729,Sa 7. Mär 00:35:31 CET 2026
3,4.170965,.24929605,10.1000,41.312545,4.090351,691.2,450,10.493,41.312545,42.29463938891587,.98209438891587,.023772,42.29464100462328,37.55679920772213,4.73784179690115,.114682,Sa 7. Mär 00:35:33 CET 2026
39,58.439673,3.24084918,9.0267,38.331294,4.246435,691.2,550,10.616,38.331293999999986,61.38384989017302,23.052555890173034,.601403,61.383871221664656,54.44278458676923,6.941086634895426,.181081,Sa 7. Mär 00:35:33 CET 2026
6,8.341931,.49859216,10.1000,41.312545,4.090351,691.2,450,10.493,41.312545,43.374024756160814,2.061479756160814,.049899,43.374026778988046,38.330211948742324,5.043814830245722,.122089,Sa 7. Mär 00:35:35 CET 2026
21,29.196759,1.74507259,10.1000,41.312545,4.090351,691.2,450,10.493,41.312545,50.9594688793249,9.6469238793249,.233510,50.95947541156053,43.99293448342518,6.96654092813535,.168630,Sa 7. Mär 00:35:40 CET 2026
45,67.430392,3.73944136,9.0267,38.331294,4.246435,691.2,550,10.616,38.331293999999986,65.42102257482107,27.089728574821084,.706726,65.42105208267235,61.158194971519094,4.262857111153256,.111210,Sa 7. Mär 00:35:41 CET 2026
18,25.025794,1.49577654,10.1000,41.312545,4.090351,691.2,450,10.493,41.312545,49.06136147040178,7.74881647040178,.187565,49.06136660313655,42.467534837996645,6.593831765139905,.159608,Sa 7. Mär 00:35:42 CET 2026
0,0,0,10.1000,41.312545,4.090351,691.2,450,10.493,41.312545,41.312545,0,0,41.31254628824548,36.85050906610234,4.46203722214314,.108006,Sa 7. Mär 00:35:42 CET 2026
36,53.944313,2.99155305,9.0267,38.331294,4.246435,691.2,550,10.616,38.331293999999986,59.01879569622758,20.687501696227594,.539702,59.018812977901376,50.77168004000052,8.247132937900856,.215154,Sa 7. Mär 00:35:42 CET 2026
0,0,0,10.1000,41.312545,4.090351,691.2,450,10.534,41.312545,41.312545,0,0,41.31254629845285,36.85511691756643,4.45742938088642,.107895,Sa 7. Mär 00:35:42 CET 2026
24,33.367725,1.99436870,10.1000,41.312545,4.090351,691.2,450,10.493,41.312545,53.10648765555672,11.79394265555672,.285480,53.10649605957636,45.82089064199198,7.28560541758438,.176353,Sa 7. Mär 00:35:44 CET 2026
15,20.854828,1.24648043,10.1000,41.312545,4.090351,691.2,450,10.493,41.312545,47.38412138449248,6.07157638449248,.146966,47.384125432671496,41.21645453486688,6.167670897804616,.149292,Sa 7. Mär 00:35:44 CET 2026
9,12.512897,.74788827,10.1000,41.312545,4.090351,691.2,450,10.534,41.312545,44.56758299110224,3.25503799110224,.078790,44.56758553429288,39.16929911741541,5.39828641687747,.130669,Sa 7. Mär 00:35:45 CET 2026
12,16.683862,.99718432,10.1000,41.312545,4.090351,691.2,450,10.493,41.312545,45.89595731658542,4.58341231658542,.110944,45.89596051199384,40.10608762886628,5.78987288312756,.140148,Sa 7. Mär 00:35:46 CET 2026
27,37.538691,2.24366481,10.1000,41.312545,4.090351,691.2,450,10.493,41.312545,55.5117405849974,14.1991955849974,.343701,55.511751380055486,47.43305515622763,8.078696223827856,.195550,Sa 7. Mär 00:35:58 CET 2026
6,8.341931,.49859216,10.1000,41.312545,4.090351,691.2,450,10.534,41.312545,43.374024756160814,2.061479756160814,.049899,43.37402679370823,38.33658022104432,5.03744657266391,.121935,Sa 7. Mär 00:36:03 CET 2026
30,41.709656,2.49296086,10.1000,41.312545,4.090351,691.2,450,10.493,41.312545,58.140178846849565,16.827633846849565,.407325,58.14019271537148,49.52523587404733,8.61495684132415,.208531,Sa 7. Mär 00:36:19 CET 2026
15,20.854828,1.24648043,10.1000,41.312545,4.090351,691.2,450,10.534,41.312545,47.38412138449248,6.07157638449248,.146966,47.384125462818545,41.22632697241349,6.157798490405055,.149053,Sa 7. Mär 00:36:32 CET 2026
12,16.683862,.99718432,10.1000,41.312545,4.090351,691.2,450,10.534,41.312545,45.89595731658542,4.58341231658542,.110944,45.895960543940184,40.11462769013369,5.781332853806494,.139941,Sa 7. Mär 00:37:04 CET 2026
33,45.880622,2.74225697,10.1000,41.312545,4.090351,691.2,450,10.493,41.312545,60.88999530335008,19.57745030335008,.473886,60.890012867225416,53.14455198653984,7.745460880685576,.187484,Sa 7. Mär 00:37:06 CET 2026
45,62.564485,3.73944136,10.1000,41.312545,4.090351,691.2,450,10.493,41.312545,70.50921171593562,29.19666671593562,.706726,70.5092464529826,66.74967113100269,3.75957532197991,.091003,Sa 7. Mär 00:37:40 CET 2026
18,25.025794,1.49577654,10.1000,41.312545,4.090351,691.2,450,10.534,41.312545,49.06136147040178,7.74881647040178,.187565,49.06136665184831,42.47944384840538,6.58192280344293,.159320,Sa 7. Mär 00:37:58 CET 2026
36,50.051588,2.99155309,10.1000,41.312545,4.090351,691.2,450,10.493,41.312545,63.60902490328535,22.29647990328535,.539702,63.60904660432218,58.0053579984174,5.60368860590478,.135641,Sa 7. Mär 00:38:10 CET 2026
42,58.393519,3.49014525,10.1000,41.312545,4.090351,691.2,450,10.493,41.312545,68.46216116580547,27.14961616580547,.657176,68.46219162978258,64.47027631370092,3.99191531608166,.096627,Sa 7. Mär 00:38:52 CET 2026
39,54.222553,3.24084914,10.1000,41.312545,4.090351,691.2,450,10.493,41.312545,66.1580334883135,24.8454884883135,.601402,66.15805956425093,61.869406293205756,4.288653271045174,.103809,Sa 7. Mär 00:39:20 CET 2026
0,0,0,10.1000,41.312545,4.090351,691.2,450,10.575,41.312545,41.312545,0,0,41.312546308148164,36.85969702644751,4.452849281700654,.107784,Sa 7. Mär 01:32:41 CET 2026
6,8.341931,.49859216,10.1000,41.312545,4.090351,691.2,450,10.575,41.312545,43.374024756160814,2.061479756160814,.049899,43.374026807701895,38.34282017576824,5.031206631933655,.121783,Sa 7. Mär 01:32:44 CET 2026
12,16.683862,.99718432,10.1000,41.312545,4.090351,691.2,450,10.575,41.312545,45.89595731658542,4.58341231658542,.110944,45.89596057469807,40.12317539179847,5.77278518289960,.139734,Sa 7. Mär 01:32:46 CET 2026
27,37.538691,2.24366481,10.1000,41.312545,4.090351,691.2,450,10.534,41.312545,55.5117405849974,14.1991955849974,.343701,55.51175146840934,47.44509473936306,8.06665672904628,.195259,Sa 7. Mär 01:32:47 CET 2026
3,4.170965,.24929605,10.1000,41.312545,4.090351,691.2,450,10.575,41.312545,42.29463938891587,.98209438891587,.023772,42.29464102933768,37.567467023854554,4.727174005483126,.114424,Sa 7. Mär 01:32:48 CET 2026
21,29.196759,1.74507259,10.1000,41.312545,4.090351,691.2,450,10.534,41.312545,50.9594688793249,9.6469238793249,.233510,50.95947546351846,44.015673073239114,6.943802390279346,.168079,Sa 7. Mär 01:32:48 CET 2026
21,29.196759,1.74507259,10.1000,41.312545,4.090351,691.2,450,10.575,41.312545,50.9594688793249,9.6469238793249,.233510,50.95947552984528,44.03821018893252,6.92126534091276,.167534,Sa 7. Mär 01:32:48 CET 2026
24,33.367725,1.99436870,10.1000,41.312545,4.090351,691.2,450,10.534,41.312545,53.10648765555672,11.79394265555672,.285480,53.106496111288926,45.83039864402372,7.276097467265206,.176123,Sa 7. Mär 01:32:52 CET 2026
9,12.512897,.74788827,10.1000,41.312545,4.090351,691.2,450,10.575,41.312545,44.56758299110224,3.25503799110224,.078790,44.56758555850732,39.176646870468005,5.390938688039315,.130491,Sa 7. Mär 01:32:56 CET 2026
30,41.709656,2.49296086,10.1000,41.312545,4.090351,691.2,450,10.534,41.312545,58.140178846849565,16.827633846849565,.407325,58.1401928338325,49.555941198016754,8.584251635815746,.207788,Sa 7. Mär 01:33:00 CET 2026
15,20.854828,1.24648043,10.1000,41.312545,4.090351,691.2,450,10.575,41.312545,47.38412138449248,6.07157638449248,.146966,47.38412549171163,41.236266968205435,6.147858523506195,.148813,Sa 7. Mär 01:33:04 CET 2026
24,33.367725,1.99436870,10.1000,41.312545,4.090351,691.2,450,10.575,41.312545,53.10648765555672,11.79394265555672,.285480,53.10649617846058,45.83983654809138,7.26665963036920,.175894,Sa 7. Mär 01:33:08 CET 2026
27,37.538691,2.24366481,10.1000,41.312545,4.090351,691.2,450,10.575,41.312545,55.5117405849974,14.1991955849974,.343701,55.5117515699674,47.4565356749441,8.0552158950233,.194982,Sa 7. Mär 01:33:09 CET 2026
18,25.025794,1.49577654,10.1000,41.312545,4.090351,691.2,450,10.575,41.312545,49.06136147040178,7.74881647040178,.187565,49.061366698176215,42.4913270377705,6.570039660405715,.159032,Sa 7. Mär 01:33:17 CET 2026
33,45.880622,2.74225697,10.1000,41.312545,4.090351,691.2,450,10.534,41.312545,60.88999530335008,19.57745030335008,.473886,60.8900129963754,53.19230081802913,7.69771217834627,.186328,Sa 7. Mär 01:33:18 CET 2026
30,41.709656,2.49296086,10.1000,41.312545,4.090351,691.2,450,10.575,41.312545,58.140178846849565,16.827633846849565,.407325,58.140192947498896,49.587656644302804,8.552536303196092,.207020,Sa 7. Mär 01:33:27 CET 2026
36,50.051588,2.99155309,10.1000,41.312545,4.090351,691.2,450,10.534,41.312545,63.60902490328535,22.29647990328535,.539702,63.60904674822701,58.058384734849945,5.550662013377065,.134357,Sa 7. Mär 01:33:43 CET 2026
33,45.880622,2.74225697,10.1000,41.312545,4.090351,691.2,450,10.575,41.312545,60.88999530335008,19.57745030335008,.473886,60.89001312047191,53.23965419631311,7.65035892415880,.185182,Sa 7. Mär 01:33:45 CET 2026
45,62.564485,3.73944136,10.1000,41.312545,4.090351,691.2,450,10.534,41.312545,70.50921171593562,29.19666671593562,.706726,70.5092466444973,66.75590820729853,3.75333843719877,.090852,Sa 7. Mär 01:33:45 CET 2026
39,54.222553,3.24084914,10.1000,41.312545,4.090351,691.2,450,10.534,41.312545,66.1580334883135,24.8454884883135,.601402,66.1580597362986,61.89381955156655,4.26424018473205,.103219,Sa 7. Mär 01:33:46 CET 2026
0,0,0,10.1000,41.312545,4.090351,691.2,450,10.616,41.312545,41.312545,0,0,41.31254631745034,36.8643657790616,4.44818053838874,.107671,Sa 7. Mär 01:34:22 CET 2026
42,58.393519,3.49014525,10.1000,41.312545,4.090351,691.2,450,10.534,41.312545,68.46216116580547,27.14961616580547,.657176,68.46219184757484,64.4911313618958,3.97106048567904,.096122,Sa 7. Mär 01:34:37 CET 2026
3,4.170965,.24929605,10.1000,41.312545,4.090351,691.2,450,10.616,41.312545,42.29463938891587,.98209438891587,.023772,42.29464104089756,37.572905450500386,4.721735590397174,.114293,Sa 7. Mär 01:35:00 CET 2026
39,54.222553,3.24084914,10.1000,41.312545,4.090351,691.2,450,10.575,41.312545,66.1580334883135,24.8454884883135,.601402,66.15805989976765,61.917517273465045,4.240542626302605,.102645,Sa 7. Mär 01:35:51 CET 2026
6,8.341931,.49859216,10.1000,41.312545,4.090351,691.2,450,10.616,41.312545,43.374024756160814,2.061479756160814,.049899,43.37402682106446,38.349071937802776,5.024954883261684,.121632,Sa 7. Mär 01:36:09 CET 2026
36,50.051588,2.99155309,10.1000,41.312545,4.090351,691.2,450,10.575,41.312545,63.60902490328535,22.29647990328535,.539702,63.60904688683962,58.11033874097314,5.49870814586648,.133100,Sa 7. Mär 01:36:27 CET 2026
42,58.393519,3.49014525,10.1000,41.312545,4.090351,691.2,450,10.575,41.312545,68.46216116580547,27.14961616580547,.657176,68.46219205737495,64.51209886867146,3.95009318870349,.095614,Sa 7. Mär 01:36:38 CET 2026
45,62.564485,3.73944136,10.1000,41.312545,4.090351,691.2,450,10.575,41.312545,70.50921171593562,29.19666671593562,.706726,70.5092468672235,66.76201172074703,3.74723514647647,.090704,Sa 7. Mär 01:37:00 CET 2026
9,12.512897,.74788827,10.1000,41.312545,4.090351,691.2,450,10.616,41.312545,44.56758299110224,3.25503799110224,.078790,44.56758558771659,39.18403626071279,5.38354932700380,.130312,Sa 7. Mär 02:29:35 CET 2026
15,20.854828,1.24648043,10.1000,41.312545,4.090351,691.2,450,10.616,41.312545,47.38412138449248,6.07157638449248,.146966,47.38412551939118,41.24616054984241,6.13796496954877,.148573,Sa 7. Mär 02:29:43 CET 2026
18,25.025794,1.49577654,10.1000,41.312545,4.090351,691.2,450,10.616,41.312545,49.06136147040178,7.74881647040178,.187565,49.0613667427623,42.503208948982795,6.558157793779505,.158744,Sa 7. Mär 02:29:44 CET 2026
12,16.683862,.99718432,10.1000,41.312545,4.090351,691.2,450,10.616,41.312545,45.89595731658542,4.58341231658542,.110944,45.89596060442671,40.131621740211905,5.764338864214805,.139529,Sa 7. Mär 02:29:52 CET 2026
21,29.196759,1.74507259,10.1000,41.312545,4.090351,691.2,450,10.616,41.312545,50.9594688793249,9.6469238793249,.233510,50.95947559346129,44.061276315948334,6.898199277512956,.166975,Sa 7. Mär 02:29:53 CET 2026
27,37.538691,2.24366481,10.1000,41.312545,4.090351,691.2,450,10.616,41.312545,55.5117405849974,14.1991955849974,.343701,55.51175166805395,47.46813642954261,8.04361523851134,.194701,Sa 7. Mär 02:29:53 CET 2026
30,41.709656,2.49296086,10.1000,41.312545,4.090351,691.2,450,10.616,41.312545,58.140178846849565,16.827633846849565,.407325,58.14019305717359,49.6192801565325,8.52091290064109,.206254,Sa 7. Mär 02:29:55 CET 2026
6,8.341931,.49859216,10.1000,41.312545,4.090351,691.2,500,10.493,41.312545,43.374024756160814,2.061479756160814,.049899,43.37402673781159,38.31960006968014,5.05442666813145,.122346,Sa 7. Mär 02:29:57 CET 2026
3,4.170965,.24929605,10.1000,41.312545,4.090351,691.2,500,10.493,41.312545,42.29463938891587,.98209438891587,.023772,42.29464097164562,37.54650252308786,4.74813844855776,.114932,Sa 7. Mär 02:30:02 CET 2026
0,0,0,10.1000,41.312545,4.090351,691.2,500,10.493,41.312545,41.312545,0,0,41.312546263498824,36.84181772525505,4.470728538243774,.108217,Sa 7. Mär 02:30:06 CET 2026
24,33.367725,1.99436870,10.1000,41.312545,4.090351,691.2,450,10.616,41.312545,53.10648765555672,11.79394265555672,.285480,53.10649626046416,45.849340841413365,7.257155419050795,.175664,Sa 7. Mär 02:30:13 CET 2026
9,12.512897,.74788827,10.1000,41.312545,4.090351,691.2,500,10.493,41.312545,44.56758299110224,3.25503799110224,.078790,44.56758546959336,39.14590148974457,5.42168397984879,.131235,Sa 7. Mär 02:30:32 CET 2026
33,45.880622,2.74225697,10.1000,41.312545,4.090351,691.2,450,10.616,41.312545,60.88999530335008,19.57745030335008,.473886,60.89001323984066,53.28744738467282,7.60256585516784,.184025,Sa 7. Mär 02:30:32 CET 2026
45,62.564485,3.73944136,10.1000,41.312545,4.090351,691.2,450,10.616,41.312545,70.50921171593562,29.19666671593562,.706726,70.50924713715847,66.76821501213114,3.74103212502733,.090554,Sa 7. Mär 02:30:34 CET 2026
18,25.025794,1.49577654,10.1000,41.312545,4.090351,691.2,500,10.493,41.312545,49.06136147040178,7.74881647040178,.187565,49.06136646482141,42.43592736466523,6.62543910015618,.160373,Sa 7. Mär 02:30:34 CET 2026
21,29.196759,1.74507259,10.1000,41.312545,4.090351,691.2,500,10.493,41.312545,50.9594688793249,9.6469238793249,.233510,50.959475285631406,43.9925616830948,6.966913602536606,.168639,Sa 7. Mär 02:30:44 CET 2026
12,16.683862,.99718432,10.1000,41.312545,4.090351,691.2,500,10.493,41.312545,45.89595731658542,4.58341231658542,.110944,45.895960424441675,40.08328017842548,5.812680246016195,.140700,Sa 7. Mär 02:30:52 CET 2026
15,20.854828,1.24648043,10.1000,41.312545,4.090351,691.2,500,10.493,41.312545,47.38412138449248,6.07157638449248,.146966,47.384125340643344,41.188919764784366,6.195205575858978,.149959,Sa 7. Mär 02:30:54 CET 2026
36,50.051588,2.99155309,10.1000,41.312545,4.090351,691.2,450,10.616,41.312545,63.60902490328535,22.29647990328535,.539702,63.60904701928997,58.16143481276585,5.44761220652412,.131863,Sa 7. Mär 02:30:54 CET 2026
39,54.222553,3.24084914,10.1000,41.312545,4.090351,691.2,450,10.616,41.312545,66.1580334883135,24.8454884883135,.601402,66.15806005674422,61.940666831868185,4.217393224876035,.102085,Sa 7. Mär 02:31:07 CET 2026
42,58.393519,3.49014525,10.1000,41.312545,4.090351,691.2,450,10.616,41.312545,68.46216116580547,27.14961616580547,.657176,68.46219225713659,64.5328498718588,3.92934238527779,.095112,Sa 7. Mär 02:31:17 CET 2026
24,33.367725,1.99436870,10.1000,41.312545,4.090351,691.2,500,10.493,41.312545,53.10648765555672,11.79394265555672,.285480,53.106495900027255,45.81161754896353,7.294878351063725,.176577,Sa 7. Mär 02:31:53 CET 2026
27,37.538691,2.24366481,10.1000,41.312545,4.090351,691.2,500,10.493,41.312545,55.5117405849974,14.1991955849974,.343701,55.511751199424644,47.41556028286937,8.096190916555274,.195974,Sa 7. Mär 02:31:59 CET 2026
30,41.709656,2.49296086,10.1000,41.312545,4.090351,691.2,500,10.493,41.312545,58.140178846849565,16.827633846849565,.407325,58.140192436153875,49.526321691479026,8.613870744674849,.208504,Sa 7. Mär 02:34:30 CET 2026
33,45.880622,2.74225697,10.1000,41.312545,4.090351,691.2,500,10.493,41.312545,60.88999530335008,19.57745030335008,.473886,60.890012583672544,53.20379811323019,7.686214470442354,.186050,Sa 7. Mär 02:35:14 CET 2026
36,50.051588,2.99155309,10.1000,41.312545,4.090351,691.2,500,10.493,41.312545,63.60902490328535,22.29647990328535,.539702,63.60904635463352,58.14739040696955,5.46165594766397,.132203,Sa 7. Mär 02:35:51 CET 2026
39,54.222553,3.24084914,10.1000,41.312545,4.090351,691.2,500,10.493,41.312545,66.1580334883135,24.8454884883135,.601402,66.15805935553404,61.940873574611466,4.217185780922574,.102080,Sa 7. Mär 02:36:16 CET 2026
42,58.393519,3.49014525,10.1000,41.312545,4.090351,691.2,500,10.493,41.312545,68.46216116580547,27.14961616580547,.657176,68.4621914453506,64.56620256943935,3.89598887591125,.094305,Sa 7. Mär 02:36:43 CET 2026
9,12.512897,.74788827,10.1000,41.312545,4.090351,691.2,500,10.534,41.312545,44.56758299110224,3.25503799110224,.078790,44.56758548609446,39.15317875942519,5.41440672666927,.131059,Sa 7. Mär 03:26:26 CET 2026
3,4.170965,.24929605,10.1000,41.312545,4.090351,691.2,500,10.534,41.312545,42.29463938891587,.98209438891587,.023772,42.29464098488858,37.55188716388068,4.74275382100790,.114801,Sa 7. Mär 03:26:35 CET 2026
6,8.341931,.49859216,10.1000,41.312545,4.090351,691.2,500,10.534,41.312545,43.374024756160814,2.061479756160814,.049899,43.37402675312003,38.325669028529795,5.048357724590235,.122199,Sa 7. Mär 03:26:35 CET 2026
0,0,0,10.1000,41.312545,4.090351,691.2,500,10.534,41.312545,41.312545,0,0,41.31254627418357,36.84634475652867,4.46620151765490,.108107,Sa 7. Mär 03:26:37 CET 2026
15,20.854828,1.24648043,10.1000,41.312545,4.090351,691.2,500,10.534,41.312545,47.38412138449248,6.07157638449248,.146966,47.384125372080305,41.19865515271074,6.185470219369565,.149723,Sa 7. Mär 03:26:42 CET 2026
12,16.683862,.99718432,10.1000,41.312545,4.090351,691.2,500,10.534,41.312545,45.89595731658542,4.58341231658542,.110944,45.89596045749438,40.09173058750205,5.80422986999233,.140495,Sa 7. Mär 03:26:48 CET 2026
21,29.196759,1.74507259,10.1000,41.312545,4.090351,691.2,500,10.534,41.312545,50.9594688793249,9.6469238793249,.233510,50.959475326142325,44.01647702845708,6.942998297685245,.168060,Sa 7. Mär 03:26:49 CET 2026
18,25.025794,1.49577654,10.1000,41.312545,4.090351,691.2,500,10.534,41.312545,49.06136147040178,7.74881647040178,.187565,49.061366515064826,42.44829739578654,6.613069119278286,.160074,Sa 7. Mär 03:26:59 CET 2026
3,4.170965,.24929605,10.1000,41.312545,4.090351,691.2,500,10.575,41.312545,42.29463938891587,.98209438891587,.023772,42.294640997463155,37.55729525434186,4.737345743121295,.114670,Sa 7. Mär 03:27:05 CET 2026
45,62.564485,3.73944136,10.1000,41.312545,4.090351,691.2,500,10.493,41.312545,70.50921171593562,29.19666671593562,.706726,70.50924648647516,66.70711787404774,3.80212861242742,.092033,Sa 7. Mär 03:27:10 CET 2026
6,8.341931,.49859216,10.1000,41.312545,4.090351,691.2,500,10.575,41.312545,43.374024756160814,2.061479756160814,.049899,43.37402676782633,38.3318742950897,5.04215247273663,.122048,Sa 7. Mär 03:27:23 CET 2026
0,0,0,10.1000,41.312545,4.090351,691.2,500,10.575,41.312545,41.312545,0,0,41.312546284315324,36.850807372488184,4.461738911827140,.107999,Sa 7. Mär 03:27:27 CET 2026
24,33.367725,1.99436870,10.1000,41.312545,4.090351,691.2,500,10.534,41.312545,53.10648765555672,11.79394265555672,.285480,53.10649595440218,45.820827895220624,7.285668059181556,.176354,Sa 7. Mär 03:27:28 CET 2026
33,45.880622,2.74225697,10.1000,41.312545,4.090351,691.2,500,10.534,41.312545,60.88999530335008,19.57745030335008,.473886,60.89001271949532,53.25286442384313,7.63714829565219,.184862,Sa 7. Mär 03:27:34 CET 2026
27,37.538691,2.24366481,10.1000,41.312545,4.090351,691.2,500,10.534,41.312545,55.5117405849974,14.1991955849974,.343701,55.511751264373125,47.42689958668322,8.084851677689905,.195699,Sa 7. Mär 03:27:45 CET 2026
9,12.512897,.74788827,10.1000,41.312545,4.090351,691.2,500,10.575,41.312545,44.56758299110224,3.25503799110224,.078790,44.56758550197713,39.16042342240576,5.40716207957137,.130884,Sa 7. Mär 03:27:53 CET 2026
30,41.709656,2.49296086,10.1000,41.312545,4.090351,691.2,500,10.534,41.312545,58.140178846849565,16.827633846849565,.407325,58.14019254458087,49.55846203862646,8.58173050595441,.207726,Sa 7. Mär 03:27:54 CET 2026
36,50.051588,2.99155309,10.1000,41.312545,4.090351,691.2,500,10.534,41.312545,63.60902490328535,22.29647990328535,.539702,63.609046506821024,58.19865509095205,5.410391415868974,.130962,Sa 7. Mär 03:28:26 CET 2026
12,16.683862,.99718432,10.1000,41.312545,4.090351,691.2,500,10.575,41.312545,45.89595731658542,4.58341231658542,.110944,45.895960489320515,40.099995918004105,5.795964571316410,.140295,Sa 7. Mär 03:28:36 CET 2026
15,20.854828,1.24648043,10.1000,41.312545,4.090351,691.2,500,10.575,41.312545,47.38412138449248,6.07157638449248,.146966,47.384125402127914,41.208419596765914,6.175705805362000,.149487,Sa 7. Mär 03:28:47 CET 2026
42,58.393519,3.49014525,10.1000,41.312545,4.090351,691.2,500,10.534,41.312545,68.46216116580547,27.14961616580547,.657176,68.46219167651462,64.58721694617726,3.87497473033736,.093796,Sa 7. Mär 03:29:06 CET 2026
45,62.564485,3.73944136,10.1000,41.312545,4.090351,691.2,500,10.534,41.312545,70.50921171593562,29.19666671593562,.706726,70.50924669001134,66.71358615045095,3.79566053956039,.091876,Sa 7. Mär 03:29:38 CET 2026
39,54.222553,3.24084914,10.1000,41.312545,4.090351,691.2,500,10.534,41.312545,66.1580334883135,24.8454884883135,.601402,66.1580595364609,61.964259529608725,4.193800006852175,.101513,Sa 7. Mär 03:29:55 CET 2026
18,25.025794,1.49577654,10.1000,41.312545,4.090351,691.2,500,10.575,41.312545,49.06136147040178,7.74881647040178,.187565,49.0613665629796,42.4602056003808,6.6011609625988,.159785,Sa 7. Mär 03:31:31 CET 2026
21,29.196759,1.74507259,10.1000,41.312545,4.090351,691.2,500,10.575,41.312545,50.9594688793249,9.6469238793249,.233510,50.95947536490287,44.04053135751452,6.91894400738835,.167478,Sa 7. Mär 03:32:04 CET 2026
24,33.367725,1.99436870,10.1000,41.312545,4.090351,691.2,500,10.575,41.312545,53.10648765555672,11.79394265555672,.285480,53.10649600596486,45.830320882378395,7.276175123586465,.176125,Sa 7. Mär 03:32:56 CET 2026
27,37.538691,2.24366481,10.1000,41.312545,4.090351,691.2,500,10.575,41.312545,55.5117405849974,14.1991955849974,.343701,55.51175132714643,47.438652740372675,8.073098586773755,.195415,Sa 7. Mär 03:33:34 CET 2026
30,41.709656,2.49296086,10.1000,41.312545,4.090351,691.2,500,10.575,41.312545,58.140178846849565,16.827633846849565,.407325,58.14019266356356,49.59126725037819,8.54892541318537,.206932,Sa 7. Mär 03:34:06 CET 2026
3,4.170965,.24929605,10.1000,41.312545,4.090351,691.2,500,10.616,41.312545,42.29463938891587,.98209438891587,.023772,42.294641009550666,37.562661774414266,4.731979235136400,.114540,Sa 7. Mär 04:23:47 CET 2026
0,0,0,10.1000,41.312545,4.090351,691.2,500,10.616,41.312545,41.312545,0,0,41.31254629403607,36.855371946811545,4.457174347224525,.107889,Sa 7. Mär 04:23:51 CET 2026
21,29.196759,1.74507259,10.1000,41.312545,4.090351,691.2,500,10.616,41.312545,50.9594688793249,9.6469238793249,.233510,50.95947541084035,44.0641097083244,6.89536570251595,.166907,Sa 7. Mär 04:24:05 CET 2026
12,16.683862,.99718432,10.1000,41.312545,4.090351,691.2,500,10.616,41.312545,45.89595731658542,4.58341231658542,.110944,45.895960520003385,40.108235402725974,5.787725117277411,.140096,Sa 7. Mär 04:24:08 CET 2026
6,8.341931,.49859216,10.1000,41.312545,4.090351,691.2,500,10.616,41.312545,43.374024756160814,2.061479756160814,.049899,43.374026781761174,38.33817660834516,5.035850173416014,.121896,Sa 7. Mär 04:24:13 CET 2026
15,20.854828,1.24648043,10.1000,41.312545,4.090351,691.2,500,10.616,41.312545,47.38412138449248,6.07157638449248,.146966,47.38412543123497,41.21834233583779,6.16578309539718,.149247,Sa 7. Mär 04:24:14 CET 2026
33,45.880622,2.74225697,10.1000,41.312545,4.090351,691.2,500,10.575,41.312545,60.88999530335008,19.57745030335008,.473886,60.890012850543535,53.301830903403044,7.588181947140491,.183677,Sa 7. Mär 04:24:16 CET 2026
9,12.512897,.74788827,10.1000,41.312545,4.090351,691.2,500,10.616,41.312545,44.56758299110224,3.25503799110224,.078790,44.56758551685295,39.167676935829114,5.399908581023836,.130708,Sa 7. Mär 04:24:21 CET 2026
39,54.222553,3.24084914,10.1000,41.312545,4.090351,691.2,500,10.575,41.312545,66.1580334883135,24.8454884883135,.601402,66.15805971044766,61.98690704919587,4.17115266125179,.100965,Sa 7. Mär 04:24:28 CET 2026
18,25.025794,1.49577654,10.1000,41.312545,4.090351,691.2,500,10.616,41.312545,49.06136147040178,7.74881647040178,.187565,49.061366609525024,42.4721427651674,6.589223844357624,.159496,Sa 7. Mär 04:24:28 CET 2026
24,33.367725,1.99436870,10.1000,41.312545,4.090351,691.2,500,10.616,41.312545,53.10648765555672,11.79394265555672,.285480,53.106496055762854,45.8396449810471,7.266851074715754,.175899,Sa 7. Mär 04:24:31 CET 2026
36,50.051588,2.99155309,10.1000,41.312545,4.090351,691.2,500,10.575,41.312545,63.60902490328535,22.29647990328535,.539702,63.60904665353724,58.248533938494596,5.360512715042644,.129755,Sa 7. Mär 04:24:44 CET 2026
27,37.538691,2.24366481,10.1000,41.312545,4.090351,691.2,500,10.616,41.312545,55.5117405849974,14.1991955849974,.343701,55.51175140241342,47.4502962279226,8.06145517449082,.195133,Sa 7. Mär 04:24:50 CET 2026
42,58.393519,3.49014525,10.1000,41.312545,4.090351,691.2,500,10.575,41.312545,68.46216116580547,27.14961616580547,.657176,68.46219189734721,64.60802286484025,3.85416903250696,.093292,Sa 7. Mär 04:24:57 CET 2026
45,62.564485,3.73944136,10.1000,41.312545,4.090351,691.2,500,10.575,41.312545,70.50921171593562,29.19666671593562,.706726,70.50924688496838,66.71994474063196,3.78930214433642,.091722,Sa 7. Mär 04:25:03 CET 2026
33,45.880622,2.74225697,10.1000,41.312545,4.090351,691.2,500,10.616,41.312545,60.88999530335008,19.57745030335008,.473886,60.89001297589165,53.35120701680542,7.53880595908623,.182482,Sa 7. Mär 04:25:07 CET 2026
30,41.709656,2.49296086,10.1000,41.312545,4.090351,691.2,500,10.616,41.312545,58.140178846849565,16.827633846849565,.407325,58.14019277835345,49.62426042170202,8.51593235665143,.206134,Sa 7. Mär 04:25:11 CET 2026
0,0,0,10.1000,41.312545,4.090351,691.2,550,10.493,41.312545,41.312545,0,0,41.31254624962625,36.83484642076533,4.47769982886092,.108385,Sa 7. Mär 04:25:39 CET 2026
3,4.170965,.24929605,10.1000,41.312545,4.090351,691.2,550,10.493,41.312545,42.29463938891587,.98209438891587,.023772,42.294640952684965,37.53791348683771,4.756727465847255,.115140,Sa 7. Mär 04:26:13 CET 2026
36,50.051588,2.99155309,10.1000,41.312545,4.090351,691.2,500,10.616,41.312545,63.60902490328535,22.29647990328535,.539702,63.60904679357412,58.29747155028384,5.31157524329028,.128570,Sa 7. Mär 04:27:02 CET 2026
42,58.393519,3.49014525,10.1000,41.312545,4.090351,691.2,500,10.616,41.312545,68.46216116580547,27.14961616580547,.657176,68.462192108497,64.62862993409432,3.83356217440268,.092794,Sa 7. Mär 04:27:17 CET 2026
39,54.222553,3.24084914,10.1000,41.312545,4.090351,691.2,500,10.616,41.312545,66.1580334883135,24.8454884883135,.601402,66.15805987660902,62.008676896880786,4.149382979728234,.100438,Sa 7. Mär 04:27:31 CET 2026
6,8.341931,.49859216,10.1000,41.312545,4.090351,691.2,550,10.493,41.312545,43.374024756160814,2.061479756160814,.049899,43.37402671374214,38.30875490081334,5.06527181292880,.122608,Sa 7. Mär 04:27:38 CET 2026
45,62.564485,3.73944136,10.1000,41.312545,4.090351,691.2,500,10.616,41.312545,70.50921171593562,29.19666671593562,.706726,70.50924706921023,66.72627746646727,3.78296960274296,.091569,Sa 7. Mär 04:27:53 CET 2026
9,12.512897,.74788827,10.1000,41.312545,4.090351,691.2,550,10.493,41.312545,44.56758299110224,3.25503799110224,.078790,44.567585441597785,39.130957500536994,5.436627941060791,.131597,Sa 7. Mär 04:28:49 CET 2026
12,16.683862,.99718432,10.1000,41.312545,4.090351,691.2,550,10.493,41.312545,45.89595731658542,4.58341231658542,.110944,45.89596037743059,40.06244268231259,5.83351769511800,.141204,Sa 7. Mär 04:29:54 CET 2026
18,25.025794,1.49577654,10.1000,41.312545,4.090351,691.2,550,10.493,41.312545,49.06136147040178,7.74881647040178,.187565,49.061366397380354,42.41319018184237,6.648176215537984,.160923,Sa 7. Mär 04:30:29 CET 2026
15,20.854828,1.24648043,10.1000,41.312545,4.090351,691.2,550,10.493,41.312545,47.38412138449248,6.07157638449248,.146966,47.38412528403368,41.16487820517282,6.21924707886086,.150541,Sa 7. Mär 04:31:10 CET 2026
24,33.367725,1.99436870,10.1000,41.312545,4.090351,691.2,550,10.493,41.312545,53.10648765555672,11.79394265555672,.285480,53.106495814242614,45.80950831662643,7.296987497616184,.176628,Sa 7. Mär 05:20:43 CET 2026
21,29.196759,1.74507259,10.1000,41.312545,4.090351,691.2,550,10.493,41.312545,50.9594688793249,9.6469238793249,.233510,50.95947521537362,44.00232568901893,6.95714952635469,.168402,Sa 7. Mär 05:20:54 CET 2026
0,0,0,10.1000,41.312545,4.090351,691.2,550,10.534,41.312545,41.312545,0,0,41.31254626068957,36.83944725733315,4.47309900335642,.108274,Sa 7. Mär 05:21:06 CET 2026
30,41.709656,2.49296086,10.1000,41.312545,4.090351,691.2,550,10.493,41.312545,58.140178846849565,16.827633846849565,.407325,58.140192375949525,49.53510688583655,8.605085490112975,.208292,Sa 7. Mär 05:21:09 CET 2026
27,37.538691,2.24366481,10.1000,41.312545,4.090351,691.2,550,10.493,41.312545,55.5117405849974,14.1991955849974,.343701,55.51175111359339,47.40582352281535,8.10592759077804,.196209,Sa 7. Mär 05:21:21 CET 2026
3,4.170965,.24929605,10.1000,41.312545,4.090351,691.2,550,10.534,41.312545,42.29463938891587,.98209438891587,.023772,42.294640966370714,37.543093729989614,4.751547236381100,.115014,Sa 7. Mär 05:21:37 CET 2026
9,12.512897,.74788827,10.1000,41.312545,4.090351,691.2,550,10.534,41.312545,44.56758299110224,3.25503799110224,.078790,44.56758545900553,39.13847972081812,5.42910573818741,.131415,Sa 7. Mär 05:21:41 CET 2026
6,8.341931,.49859216,10.1000,41.312545,4.090351,691.2,550,10.534,41.312545,43.374024756160814,2.061479756160814,.049899,43.37402672975908,38.31498337336896,5.05904335639012,.122457,Sa 7. Mär 05:21:44 CET 2026
33,45.880622,2.74225697,10.1000,41.312545,4.090351,691.2,550,10.493,41.312545,60.88999530335008,19.57745030335008,.473886,60.890012482509455,53.27546002833754,7.614552454171915,.184315,Sa 7. Mär 05:21:51 CET 2026
21,29.196759,1.74507259,10.1000,41.312545,4.090351,691.2,550,10.534,41.312545,50.9594688793249,9.6469238793249,.233510,50.95947525797172,44.02744391196699,6.93203134600473,.167794,Sa 7. Mär 05:22:05 CET 2026
12,16.683862,.99718432,10.1000,41.312545,4.090351,691.2,550,10.534,41.312545,45.89595731658542,4.58341231658542,.110944,45.89596040155857,40.07063594548666,5.82532445607191,.141006,Sa 7. Mär 05:22:12 CET 2026
36,50.051588,2.99155309,10.1000,41.312545,4.090351,691.2,550,10.493,41.312545,63.60902490328535,22.29647990328535,.539702,63.60904632827686,58.28075418290312,5.32829214537374,.128975,Sa 7. Mär 05:22:17 CET 2026
15,20.854828,1.24648043,10.1000,41.312545,4.090351,691.2,550,10.534,41.312545,47.38412138449248,6.07157638449248,.146966,47.3841253166605,41.17481596380242,6.20930935285808,.150300,Sa 7. Mär 05:22:23 CET 2026
42,58.393519,3.49014525,10.1000,41.312545,4.090351,691.2,550,10.493,41.312545,68.46216116580547,27.14961616580547,.657176,68.46219165798793,64.65693065834324,3.80526099964469,.092109,Sa 7. Mär 05:22:24 CET 2026
39,54.222553,3.24084914,10.1000,41.312545,4.090351,691.2,550,10.493,41.312545,66.1580334883135,24.8454884883135,.601402,66.15805941748019,62.01064530371491,4.14741411376528,.100391,Sa 7. Mär 05:22:27 CET 2026
18,25.025794,1.49577654,10.1000,41.312545,4.090351,691.2,550,10.534,41.312545,49.06136147040178,7.74881647040178,.187565,49.06136642742844,42.42502672130876,6.63633970611968,.160637,Sa 7. Mär 05:22:36 CET 2026
24,33.367725,1.99436870,10.1000,41.312545,4.090351,691.2,550,10.534,41.312545,53.10648765555672,11.79394265555672,.285480,53.106495870799584,45.81873064239339,7.287765228406194,.176405,Sa 7. Mär 05:22:38 CET 2026
45,62.564485,3.73944136,10.1000,41.312545,4.090351,691.2,550,10.493,41.312545,70.50921171593562,29.19666671593562,.706726,70.50924684191186,66.66694239298704,3.84230444892482,.093005,Sa 7. Mär 05:22:52 CET 2026
27,37.538691,2.24366481,10.1000,41.312545,4.090351,691.2,550,10.534,41.312545,55.5117405849974,14.1991955849974,.343701,55.51175118200413,47.4172880916913,8.09446309031283,.195932,Sa 7. Mär 05:23:31 CET 2026
30,41.709656,2.49296086,10.1000,41.312545,4.090351,691.2,550,10.534,41.312545,58.140178846849565,16.827633846849565,.407325,58.140192452561344,49.56812113262718,8.572071319934164,.207493,Sa 7. Mär 05:24:39 CET 2026
33,45.880622,2.74225697,10.1000,41.312545,4.090351,691.2,550,10.534,41.312545,60.88999530335008,19.57745030335008,.473886,60.89001262381308,53.326610462798605,7.563402161014475,.183077,Sa 7. Mär 05:25:29 CET 2026
0,0,0,10.1000,41.312545,4.090351,691.2,550,10.575,41.312545,41.312545,0,0,41.31254627119596,36.84401316410662,4.46853310708934,.108164,Sa 7. Mär 05:26:01 CET 2026
36,50.051588,2.99155309,10.1000,41.312545,4.090351,691.2,550,10.534,41.312545,63.60902490328535,22.29647990328535,.539702,63.60904648683078,58.32952143332007,5.27952505351071,.127794,Sa 7. Mär 05:26:07 CET 2026
42,58.393519,3.49014525,10.1000,41.312545,4.090351,691.2,550,10.534,41.312545,68.46216116580547,27.14961616580547,.657176,68.46219183583943,64.677030815845,3.78516101999443,.091622,Sa 7. Mär 05:26:09 CET 2026
39,54.222553,3.24084914,10.1000,41.312545,4.090351,691.2,550,10.534,41.312545,66.1580334883135,24.8454884883135,.601402,66.15805960595027,62.03302897036062,4.12503063558965,.099849,Sa 7. Mär 05:26:28 CET 2026
45,62.564485,3.73944136,10.1000,41.312545,4.090351,691.2,550,10.534,41.312545,70.50921171593562,29.19666671593562,.706726,70.50924705320053,66.67348588018595,3.83576117301458,.092847,Sa 7. Mär 05:26:53 CET 2026
3,4.170965,.24929605,10.1000,41.312545,4.090351,691.2,550,10.575,41.312545,42.29463938891587,.98209438891587,.023772,42.29464097940772,37.54836011185739,4.74628086755033,.114887,Sa 7. Mär 05:27:04 CET 2026
6,8.341931,.49859216,10.1000,41.312545,4.090351,691.2,550,10.575,41.312545,43.374024756160814,2.061479756160814,.049899,43.37402674483792,38.32133880229481,5.05268794254311,.122303,Sa 7. Mär 05:27:11 CET 2026
9,12.512897,.74788827,10.1000,41.312545,4.090351,691.2,550,10.575,41.312545,44.56758299110224,3.25503799110224,.078790,44.567585475356736,39.14565242227145,5.421933053085286,.131241,Sa 7. Mär 06:17:57 CET 2026
12,16.683862,.99718432,10.1000,41.312545,4.090351,691.2,550,10.575,41.312545,45.89595731658542,4.58341231658542,.110944,45.89596043422242,40.079048120470546,5.816912313751874,.140802,Sa 7. Mär 06:18:12 CET 2026
18,25.025794,1.49577654,10.1000,41.312545,4.090351,691.2,550,10.575,41.312545,49.06136147040178,7.74881647040178,.187565,49.061366476904055,42.43680714779141,6.624559329112645,.160352,Sa 7. Mär 06:18:22 CET 2026
15,20.854828,1.24648043,10.1000,41.312545,4.090351,691.2,550,10.575,41.312545,47.38412138449248,6.07157638449248,.146966,47.38412534783698,41.18461950523924,6.19950584259774,.150063,Sa 7. Mär 06:18:23 CET 2026
21,29.196759,1.74507259,10.1000,41.312545,4.090351,691.2,550,10.575,41.312545,50.9594688793249,9.6469238793249,.233510,50.95947529809997,44.05242742807305,6.90704787002692,.167190,Sa 7. Mär 06:18:44 CET 2026
30,41.709656,2.49296086,10.1000,41.312545,4.090351,691.2,550,10.575,41.312545,58.140178846849565,16.827633846849565,.407325,58.140192525415834,49.60137761879719,8.538814906618644,.206688,Sa 7. Mär 06:18:45 CET 2026
27,37.538691,2.24366481,10.1000,41.312545,4.090351,691.2,550,10.575,41.312545,55.5117405849974,14.1991955849974,.343701,55.51175124697221,47.42874780665907,8.08300344031314,.195654,Sa 7. Mär 06:18:50 CET 2026
6,8.341931,.49859216,10.1000,41.312545,4.090351,691.2,550,10.616,41.312545,43.374024756160814,2.061479756160814,.049899,43.37402675934357,38.32776308513905,5.04626367420452,.122148,Sa 7. Mär 06:18:58 CET 2026
24,33.367725,1.99436870,10.1000,41.312545,4.090351,691.2,550,10.575,41.312545,53.10648765555672,11.79394265555672,.285480,53.106495924703765,45.828073578225776,7.278422346477989,.176179,Sa 7. Mär 06:19:00 CET 2026
3,4.170965,.24929605,10.1000,41.312545,4.090351,691.2,550,10.616,41.312545,42.29463938891587,.98209438891587,.023772,42.29464099192698,37.55351301504543,4.74112797688155,.114762,Sa 7. Mär 06:19:03 CET 2026
9,12.512897,.74788827,10.1000,41.312545,4.090351,691.2,550,10.616,41.312545,44.56758299110224,3.25503799110224,.078790,44.567585491047694,39.15265125819615,5.414934232851544,.131072,Sa 7. Mär 06:19:21 CET 2026
33,45.880622,2.74225697,10.1000,41.312545,4.090351,691.2,550,10.575,41.312545,60.88999530335008,19.57745030335008,.473886,60.890012759565515,53.377826843342284,7.512185916223231,.181837,Sa 7. Mär 06:19:24 CET 2026
0,0,0,10.1000,41.312545,4.090351,691.2,550,10.616,41.312545,41.312545,0,0,41.31254628127691,36.84842141946583,4.46412486181108,.108057,Sa 7. Mär 06:19:25 CET 2026
12,16.683862,.99718432,10.1000,41.312545,4.090351,691.2,550,10.616,41.312545,45.89595731658542,4.58341231658542,.110944,45.89596046587875,40.08743649301441,5.80852397286434,.140599,Sa 7. Mär 06:19:43 CET 2026
15,20.854828,1.24648043,10.1000,41.312545,4.090351,691.2,550,10.616,41.312545,47.38412138449248,6.07157638449248,.146966,47.384125377849685,41.194440276906995,6.189685100942690,.149825,Sa 7. Mär 06:19:59 CET 2026
36,50.051588,2.99155309,10.1000,41.312545,4.090351,691.2,550,10.575,41.312545,63.60902490328535,22.29647990328535,.539702,63.60904663909062,58.377191198301986,5.231855440788634,.126640,Sa 7. Mär 06:20:06 CET 2026
42,58.393519,3.49014525,10.1000,41.312545,4.090351,691.2,550,10.575,41.312545,68.46216116580547,27.14961616580547,.657176,68.46219206415692,64.69690329316938,3.76528877098754,.091141,Sa 7. Mär 06:20:15 CET 2026
39,54.222553,3.24084914,10.1000,41.312545,4.090351,691.2,550,10.575,41.312545,66.1580334883135,24.8454884883135,.601402,66.15805978594054,62.054846138422455,4.103213647518085,.099321,Sa 7. Mär 06:20:21 CET 2026
45,62.564485,3.73944136,10.1000,41.312545,4.090351,691.2,550,10.575,41.312545,70.50921171593562,29.19666671593562,.706726,70.50924725429245,66.67999828093325,3.82924897335920,.092689,Sa 7. Mär 06:20:37 CET 2026
18,25.025794,1.49577654,10.1000,41.312545,4.090351,691.2,550,10.616,41.312545,49.06136147040178,7.74881647040178,.187565,49.06136652497497,42.4488062823214,6.61256024265357,.160061,Sa 7. Mär 06:21:16 CET 2026
21,29.196759,1.74507259,10.1000,41.312545,4.090351,691.2,550,10.616,41.312545,50.9594688793249,9.6469238793249,.233510,50.959475336563,44.07726015950051,6.88221517706249,.166588,Sa 7. Mär 06:21:53 CET 2026
30,41.709656,2.49296086,10.1000,41.312545,4.090351,691.2,550,10.616,41.312545,58.140178846849565,16.827633846849565,.407325,58.1401926424936,49.63544025843624,8.50475238405736,.205863,Sa 7. Mär 06:23:39 CET 2026
24,33.367725,1.99436870,10.1000,41.312545,4.090351,691.2,550,10.616,41.312545,53.10648765555672,11.79394265555672,.285480,53.106495976492596,45.83750894329542,7.268987033197176,.175951,Sa 7. Mär 06:23:55 CET 2026
33,45.880622,2.74225697,10.1000,41.312545,4.090351,691.2,550,10.616,41.312545,60.88999530335008,19.57745030335008,.473886,60.89001289023057,53.42905346840235,7.46095942182822,.180597,Sa 7. Mär 06:24:20 CET 2026
27,37.538691,2.24366481,10.1000,41.312545,4.090351,691.2,550,10.616,41.312545,55.5117405849974,14.1991955849974,.343701,55.51175130952233,47.439864315779545,8.071886993742785,.195385,Sa 7. Mär 06:24:22 CET 2026
36,50.051588,2.99155309,10.1000,41.312545,4.090351,691.2,550,10.616,41.312545,63.60902490328535,22.29647990328535,.539702,63.60904678552765,58.42401294503034,5.18503384049731,.125507,Sa 7. Mär 06:25:31 CET 2026
39,54.222553,3.24084914,10.1000,41.312545,4.090351,691.2,550,10.616,41.312545,66.1580334883135,24.8454884883135,.601402,66.15805995998893,62.07627448137332,4.08178547861561,.098802,Sa 7. Mär 06:25:37 CET 2026
42,58.393519,3.49014525,10.1000,41.312545,4.090351,691.2,550,10.616,41.312545,68.46216116580547,27.14961616580547,.657176,68.46219228448767,64.71643714016326,3.74575514432441,.090668,Sa 7. Mär 06:26:11 CET 2026
0,0,0,6.8800,32.689687,4.751408,738.0,450,10.493,32.68968700000002,32.68968700000002,0,0,32.68968703483139,30.617573890566028,2.072113144265362,.063387,Sa 7. Mär 07:12:57 CET 2026
6,11.256155,.49859214,6.8800,32.689687,4.751408,738.0,450,10.493,32.68968700000002,34.32088939616198,1.63120239616196,.049899,34.32088948202275,31.889246239028026,2.431643242994724,.074385,Sa 7. Mär 07:13:03 CET 2026
3,5.628077,.24929605,6.8800,32.689687,4.751408,738.0,450,10.493,32.68968700000002,33.46679641070847,.77710941070845,.023772,33.466796465090205,31.228433799461023,2.238362665629182,.068473,Sa 7. Mär 07:13:05 CET 2026
15,28.140389,1.24648043,6.8800,32.689687,4.751408,738.0,450,10.493,32.68968700000002,37.493988410441226,4.804301410441206,.146966,37.493988750666674,34.26551225862506,3.228476492041614,.098761,Sa 7. Mär 07:13:05 CET 2026
21,39.396545,1.74507262,6.8800,32.689687,4.751408,738.0,450,10.493,32.68968700000002,40.323080337265985,7.633393337265965,.233510,40.32308120096657,36.31745730297654,4.00562389799003,.122534,Sa 7. Mär 07:13:09 CET 2026
24,45.024623,1.99436872,6.8800,32.689687,4.751408,738.0,450,10.493,32.68968700000002,42.021968836176654,9.332281836176634,.285480,42.02197019422232,37.52257135020534,4.49939884401698,.137639,Sa 7. Mär 07:13:18 CET 2026
9,16.884233,.74788824,6.8800,32.689687,4.751408,738.0,450,10.493,32.68968700000002,35.26532537112659,2.57563837112657,.078790,35.265325507792056,32.608221883018246,2.657103624773810,.081282,Sa 7. Mär 07:13:23 CET 2026
12,22.512311,.99718433,6.8800,32.689687,4.751408,738.0,450,10.493,32.68968700000002,36.31643841321522,3.62675141321520,.110944,36.316438630414616,33.39592592013963,2.920512710274986,.089340,Sa 7. Mär 07:13:28 CET 2026
18,33.768467,1.49577653,6.8800,32.689687,4.751408,738.0,450,10.493,32.68968700000002,38.821150656189346,6.131463656189326,.187565,38.82115120795178,35.23404885097722,3.58710235697456,.109731,Sa 7. Mär 07:13:44 CET 2026
30,56.280779,2.49296091,6.8800,32.689687,4.751408,738.0,450,10.493,32.68968700000002,46.00501678999854,13.31532978999852,.407325,46.005020047899706,40.37009563384348,5.634924414056226,.172376,Sa 7. Mär 07:13:49 CET 2026
27,50.652701,2.24366481,6.8800,32.689687,4.751408,738.0,450,10.493,32.68968700000002,43.92519052534619,11.23550352534617,.343701,43.92519263796019,38.87072259854301,5.05447003941718,.154619,Sa 7. Mär 07:13:49 CET 2026
0,0,0,6.8800,32.689687,4.751408,738.0,450,10.534,32.68968700000002,32.68968700000002,0,0,32.68968703521075,30.618293924634557,2.071393110576193,.063365,Sa 7. Mär 07:14:09 CET 2026
45,62.564485,3.73944136,10.1000,41.312545,4.090351,691.2,550,10.616,41.312545,70.50921171593562,29.19666671593562,.706726,70.50924744696704,66.68637679698892,3.82287064997812,.092535,Sa 7. Mär 07:14:25 CET 2026
3,5.628077,.24929605,6.8800,32.689687,4.751408,738.0,450,10.534,32.68968700000002,33.46679641070847,.77710941070845,.023772,33.46679646574456,31.22933694514742,2.23745952059714,.068445,Sa 7. Mär 07:14:25 CET 2026
33,61.908856,2.74225696,6.8800,32.689687,4.751408,738.0,450,10.493,32.68968700000002,48.180881866234756,15.491194866234736,.473886,48.180886704965616,41.94451884202856,6.236367862937056,.190774,Sa 7. Mär 07:14:29 CET 2026
36,67.536934,2.99155306,6.8800,32.689687,4.751408,738.0,450,10.493,32.68968700000002,50.33238752129375,17.64270052129373,.539702,50.33239436081424,43.53114500512005,6.80124935569419,.208054,Sa 7. Mär 07:14:40 CET 2026
45,84.421168,3.73944135,6.8800,32.689687,4.751408,738.0,450,10.493,32.68968700000002,55.79235160400698,23.10266460400696,.706726,55.79236589649966,48.118266240101384,7.674099656398276,.234755,Sa 7. Mär 07:14:59 CET 2026
9,16.884233,.74788824,6.8800,32.689687,4.751408,738.0,450,10.534,32.68968700000002,35.26532537112659,2.57563837112657,.078790,35.2653255092172,32.60966597798134,2.65565953123586,.081238,Sa 7. Mär 07:15:00 CET 2026
39,73.165012,3.24084915,6.8800,32.689687,4.751408,738.0,450,10.493,32.68968700000002,52.34936269000742,19.65967569000740,.601402,52.349371878900804,45.06938339196929,7.279988486931514,.222699,Sa 7. Mär 07:15:13 CET 2026
42,78.793090,3.49014525,6.8800,32.689687,4.751408,738.0,450,10.493,32.68968700000002,54.172566174850154,21.482879174850134,.657176,54.172577928658356,46.68338068625424,7.489197242404116,.229099,Sa 7. Mär 07:15:15 CET 2026
6,11.256155,.49859214,6.8800,32.689687,4.751408,738.0,450,10.534,32.68968700000002,34.32088939616198,1.63120239616196,.049899,34.32088948302754,31.890380594180513,2.430508888847027,.074350,Sa 7. Mär 07:15:19 CET 2026
12,22.512311,.99718433,6.8800,32.689687,4.751408,738.0,450,10.534,32.68968700000002,36.31643841321522,3.62675141321520,.110944,36.31643863219395,33.39769928730446,2.91873934488949,.089286,Sa 7. Mär 07:17:41 CET 2026
15,28.140389,1.24648043,6.8800,32.689687,4.751408,738.0,450,10.534,32.68968700000002,37.493988410441226,4.804301410441206,.146966,37.49398875310477,34.26770958117088,3.22627917193389,.098694,Sa 7. Mär 07:18:00 CET 2026
21,39.396545,1.74507262,6.8800,32.689687,4.751408,738.0,450,10.534,32.68968700000002,40.323080337265985,7.633393337265965,.233510,40.32308121081467,36.3211958928885,4.00188531792617,.122420,Sa 7. Mär 07:18:17 CET 2026
18,33.768467,1.49577653,6.8800,32.689687,4.751408,738.0,450,10.534,32.68968700000002,38.821150656189346,6.131463656189326,.187565,38.8211512130085,35.23693896289129,3.58421225011721,.109643,Sa 7. Mär 07:18:50 CET 2026
24,45.024623,1.99436872,6.8800,32.689687,4.751408,738.0,450,10.534,32.68968700000002,42.021968836176654,9.332281836176634,.285480,42.02197020209449,37.52743780245602,4.49453239963847,.137490,Sa 7. Mär 07:20:11 CET 2026
27,50.652701,2.24366481,6.8800,32.689687,4.751408,738.0,450,10.534,32.68968700000002,43.92519052534619,11.23550352534617,.343701,43.92519266066307,38.87731417573059,5.04787848493248,.154418,Sa 7. Mär 07:20:32 CET 2026
30,56.280779,2.49296091,6.8800,32.689687,4.751408,738.0,450,10.534,32.68968700000002,46.00501678999854,13.31532978999852,.407325,46.00502007647483,40.3783484974888,5.62667157898603,.172123,Sa 7. Mär 07:20:44 CET 2026
0,0,0,6.8800,32.689687,4.751408,738.0,450,10.575,32.68968700000002,32.68968700000002,0,0,32.68968703558016,30.619059870676107,2.070627164904053,.063341,Sa 7. Mär 08:07:55 CET 2026
9,16.884233,.74788824,6.8800,32.689687,4.751408,738.0,450,10.575,32.68968700000002,35.26532537112659,2.57563837112657,.078790,35.26532551057123,32.61111532857743,2.65421018199380,.081194,Sa 7. Mär 08:07:56 CET 2026
3,5.628077,.24929605,6.8800,32.689687,4.751408,738.0,450,10.575,32.68968700000002,33.46679641070847,.77710941070845,.023772,33.46679646636803,31.230122674004676,2.236673792363354,.068421,Sa 7. Mär 08:07:57 CET 2026
6,11.256155,.49859214,6.8800,32.689687,4.751408,738.0,450,10.575,32.68968700000002,34.32088939616198,1.63120239616196,.049899,34.32088948399275,31.891616199257914,2.429273284734836,.074313,Sa 7. Mär 08:07:58 CET 2026
36,67.536934,2.99155306,6.8800,32.689687,4.751408,738.0,450,10.534,32.68968700000002,50.33238752129375,17.64270052129373,.539702,50.33239440172652,43.54341646799233,6.78897793373419,.207679,Sa 7. Mär 08:08:06 CET 2026
33,61.908856,2.74225696,6.8800,32.689687,4.751408,738.0,450,10.534,32.68968700000002,48.180881866234756,15.491194866234736,.473886,48.18088673883255,41.95465302922017,6.22623370961238,.190464,Sa 7. Mär 08:08:10 CET 2026
12,22.512311,.99718433,6.8800,32.689687,4.751408,738.0,450,10.575,32.68968700000002,36.31643841321522,3.62675141321520,.110944,36.31643863389287,33.399446216732635,2.916992417160235,.089232,Sa 7. Mär 08:08:20 CET 2026
15,28.140389,1.24648043,6.8800,32.689687,4.751408,738.0,450,10.575,32.68968700000002,37.493988410441226,4.804301410441206,.146966,37.49398875788468,34.26987871079672,3.22411004708796,.098627,Sa 7. Mär 08:08:30 CET 2026
18,33.768467,1.49577653,6.8800,32.689687,4.751408,738.0,450,10.575,32.68968700000002,38.821150656189346,6.131463656189326,.187565,38.821151217878175,35.23994107234101,3.581210145537165,.109551,Sa 7. Mär 08:08:32 CET 2026
21,39.396545,1.74507262,6.8800,32.689687,4.751408,738.0,450,10.575,32.68968700000002,40.323080337265985,7.633393337265965,.233510,40.32308122037994,36.32497182416331,3.99810939621663,.122304,Sa 7. Mär 08:08:36 CET 2026
39,73.165012,3.24084915,6.8800,32.689687,4.751408,738.0,450,10.534,32.68968700000002,52.34936269000742,19.65967569000740,.601402,52.34937193277466,45.08352373621784,7.26584819655682,.222267,Sa 7. Mär 08:08:38 CET 2026
42,78.793090,3.49014525,6.8800,32.689687,4.751408,738.0,450,10.534,32.68968700000002,54.172566174850154,21.482879174850134,.657176,54.172578007436385,46.705637293886255,7.466940713550130,.228418,Sa 7. Mär 08:08:40 CET 2026
45,84.421168,3.73944135,6.8800,32.689687,4.751408,738.0,450,10.534,32.68968700000002,55.79235160400698,23.10266460400696,.706726,55.79236601980448,48.13299856666448,7.65936745314000,.234305,Sa 7. Mär 08:08:56 CET 2026
30,56.280779,2.49296091,6.8800,32.689687,4.751408,738.0,450,10.575,32.68968700000002,46.00501678999854,13.31532978999852,.407325,46.00502010396248,40.38658404974101,5.61843605422147,.171871,Sa 7. Mär 08:09:03 CET 2026
24,45.024623,1.99436872,6.8800,32.689687,4.751408,738.0,450,10.575,32.68968700000002,42.021968836176654,9.332281836176634,.285480,42.021970216607876,37.53237611381691,4.489594102790966,.137339,Sa 7. Mär 08:09:07 CET 2026
27,50.652701,2.24366481,6.8800,32.689687,4.751408,738.0,450,10.575,32.68968700000002,43.92519052534619,11.23550352534617,.343701,43.92519268241339,38.88375543419042,5.04143724822297,.154221,Sa 7. Mär 08:09:13 CET 2026
36,67.536934,2.99155306,6.8800,32.689687,4.751408,738.0,450,10.575,32.68968700000002,50.33238752129375,17.64270052129373,.539702,50.332394440978504,43.55559755078282,6.776796890195684,.207306,Sa 7. Mär 08:09:50 CET 2026
33,61.908856,2.74225696,6.8800,32.689687,4.751408,738.0,450,10.575,32.68968700000002,48.180881866234756,15.491194866234736,.473886,48.18088677153634,41.96515567593957,6.21573109559677,.190143,Sa 7. Mär 08:10:07 CET 2026
42,78.793090,3.49014525,6.8800,32.689687,4.751408,738.0,450,10.575,32.68968700000002,54.172566174850154,21.482879174850134,.657176,54.172578082799355,46.72796379187242,7.444614290926935,.227735,Sa 7. Mär 08:10:47 CET 2026
45,84.421168,3.73944135,6.8800,32.689687,4.751408,738.0,450,10.575,32.68968700000002,55.79235160400698,23.10266460400696,.706726,55.79236613813812,48.147650643662026,7.644715494476094,.233857,Sa 7. Mär 08:10:58 CET 2026
39,73.165012,3.24084915,6.8800,32.689687,4.751408,738.0,450,10.575,32.68968700000002,52.34936269000742,19.65967569000740,.601402,52.34937198411892,45.09761373806078,7.25175824605814,.221836,Sa 7. Mär 08:11:08 CET 2026
0,0,0,6.8800,32.689687,4.751408,738.0,450,10.616,32.68968700000002,32.68968700000002,0,0,32.68968703593169,30.619691696692122,2.069995339239568,.063322,Sa 7. Mär 08:12:05 CET 2026
3,5.628077,.24929605,6.8800,32.689687,4.751408,738.0,450,10.616,32.68968700000002,33.46679641070847,.77710941070845,.023772,33.4667964669842,31.23100445781969,2.23579200916451,.068394,Sa 7. Mär 08:12:06 CET 2026
6,11.256155,.49859214,6.8800,32.689687,4.751408,738.0,450,10.616,32.68968700000002,34.32088939616198,1.63120239616196,.049899,34.32088948493918,31.892698218817216,2.428191266121964,.074280,Sa 7. Mär 08:12:14 CET 2026
9,16.884233,.74788824,6.8800,32.689687,4.751408,738.0,450,10.616,32.68968700000002,35.26532537112659,2.57563837112657,.078790,35.26532551187093,32.612517904957166,2.652807606913764,.081151,Sa 7. Mär 08:13:10 CET 2026
15,28.140389,1.24648043,6.8800,32.689687,4.751408,738.0,450,10.616,32.68968700000002,37.493988410441226,4.804301410441206,.146966,37.493988762504756,34.2721588924625,3.221829870042256,.098557,Sa 7. Mär 08:14:07 CET 2026
12,22.512311,.99718433,6.8800,32.689687,4.751408,738.0,450,10.616,32.68968700000002,36.31643841321522,3.62675141321520,.110944,36.31643863553123,33.40137927728099,2.91505935825024,.089173,Sa 7. Mär 08:14:33 CET 2026
18,33.768467,1.49577653,6.8800,32.689687,4.751408,738.0,450,10.616,32.68968700000002,38.821150656189346,6.131463656189326,.187565,38.82115122258485,35.242873778863206,3.578277443721644,.109461,Sa 7. Mär 08:14:41 CET 2026
21,39.396545,1.74507262,6.8800,32.689687,4.751408,738.0,450,10.616,32.68968700000002,40.323080337265985,7.633393337265965,.233510,40.323081229626844,36.328592810690495,3.994488418936349,.122194,Sa 7. Mär 09:02:21 CET 2026
30,56.280779,2.49296091,6.8800,32.689687,4.751408,738.0,450,10.616,32.68968700000002,46.00501678999854,13.31532978999852,.407325,46.0050201304636,40.39462490373103,5.61039522673257,.171625,Sa 7. Mär 09:02:27 CET 2026
27,50.652701,2.24366481,6.8800,32.689687,4.751408,738.0,450,10.616,32.68968700000002,43.92519052534619,11.23550352534617,.343701,43.925192703445106,38.8900211994842,5.035171503960906,.154029,Sa 7. Mär 09:02:28 CET 2026
24,45.024623,1.99436872,6.8800,32.689687,4.751408,738.0,450,10.616,32.68968700000002,42.021968836176654,9.332281836176634,.285480,42.02197023164208,37.53730508216651,4.48466514947557,.137188,Sa 7. Mär 09:02:29 CET 2026
33,61.908856,2.74225696,6.8800,32.689687,4.751408,738.0,450,10.616,32.68968700000002,48.180881866234756,15.491194866234736,.473886,48.180886802842615,41.975650660877065,6.205236141965550,.189822,Sa 7. Mär 09:02:52 CET 2026
3,5.628077,.24929605,6.8800,32.689687,4.751408,738.0,500,10.493,32.68968700000002,33.46679641070847,.77710941070845,.023772,33.46679646468667,31.227174480797302,2.239621983889368,.068511,Sa 7. Mär 09:03:00 CET 2026
0,0,0,6.8800,32.689687,4.751408,738.0,500,10.493,32.68968700000002,32.68968700000002,0,0,32.68968703455017,30.616561891671786,2.073125142878384,.063418,Sa 7. Mär 09:03:10 CET 2026
15,28.140389,1.24648043,6.8800,32.689687,4.751408,738.0,500,10.493,32.68968700000002,37.493988410441226,4.804301410441206,.146966,37.49398874918027,34.25606806257144,3.23792068660883,.099050,Sa 7. Mär 09:03:20 CET 2026
6,11.256155,.49859214,6.8800,32.689687,4.751408,738.0,500,10.493,32.68968700000002,34.32088939616198,1.63120239616196,.049899,34.32088948146006,31.887536970172974,2.433352511287086,.074437,Sa 7. Mär 09:03:22 CET 2026
36,67.536934,2.99155306,6.8800,32.689687,4.751408,738.0,450,10.616,32.68968700000002,50.33238752129375,17.64270052129373,.539702,50.332394486708814,43.56785329154503,6.764541195163784,.206931,Sa 7. Mär 09:03:26 CET 2026
18,33.768467,1.49577653,6.8800,32.689687,4.751408,738.0,500,10.493,32.68968700000002,38.821150656189346,6.131463656189326,.187565,38.82115120458782,35.22084302272675,3.60030818186107,.110135,Sa 7. Mär 09:03:27 CET 2026
39,73.165012,3.24084915,6.8800,32.689687,4.751408,738.0,450,10.616,32.68968700000002,52.34936269000742,19.65967569000740,.601402,52.3493720557946,45.11160227599078,7.23776977980382,.221408,Sa 7. Mär 09:03:37 CET 2026
12,22.512311,.99718433,6.8800,32.689687,4.751408,738.0,500,10.493,32.68968700000002,36.31643841321522,3.62675141321520,.110944,36.3164386293202,33.39006254485742,2.92637608446278,.089519,Sa 7. Mär 09:03:44 CET 2026
21,39.396545,1.74507262,6.8800,32.689687,4.751408,738.0,500,10.493,32.68968700000002,40.323080337265985,7.633393337265965,.233510,40.32308119379615,36.304956473351204,4.018124720444946,.122917,Sa 7. Mär 09:03:44 CET 2026
9,16.884233,.74788824,6.8800,32.689687,4.751408,738.0,500,10.493,32.68968700000002,35.26532537112659,2.57563837112657,.078790,35.26532550700044,32.605267587829275,2.660057919171165,.081373,Sa 7. Mär 09:03:58 CET 2026
24,45.024623,1.99436872,6.8800,32.689687,4.751408,738.0,500,10.493,32.68968700000002,42.021968836176654,9.332281836176634,.285480,42.02197018641031,37.512622272468555,4.509347913941755,.137944,Sa 7. Mär 09:04:02 CET 2026
45,84.421168,3.73944135,6.8800,32.689687,4.751408,738.0,450,10.616,32.68968700000002,55.79235160400698,23.10266460400696,.706726,55.79236625256629,48.16222758244427,7.63013867012202,.233411,Sa 7. Mär 09:04:09 CET 2026
42,78.793090,3.49014525,6.8800,32.689687,4.751408,738.0,450,10.616,32.68968700000002,54.172566174850154,21.482879174850134,.657176,54.1725781549792,46.749803864510426,7.422774290468774,.227067,Sa 7. Mär 09:04:11 CET 2026
30,56.280779,2.49296091,6.8800,32.689687,4.751408,738.0,500,10.493,32.68968700000002,46.00501678999854,13.31532978999852,.407325,46.00502001805509,40.35674623862569,5.64827377942940,.172784,Sa 7. Mär 09:05:36 CET 2026
27,50.652701,2.24366481,6.8800,32.689687,4.751408,738.0,500,10.493,32.68968700000002,43.92519052534619,11.23550352534617,.343701,43.92519262257961,38.85780538551544,5.06738723706417,.155014,Sa 7. Mär 09:05:42 CET 2026
33,61.908856,2.74225696,6.8800,32.689687,4.751408,738.0,500,10.493,32.68968700000002,48.180881866234756,15.491194866234736,.473886,48.1808866662304,41.92867545947717,6.25221120675323,.191259,Sa 7. Mär 09:06:51 CET 2026
42,78.793090,3.49014525,6.8800,32.689687,4.751408,738.0,500,10.493,32.68968700000002,54.172566174850154,21.482879174850134,.657176,54.1725778655653,46.72710584800013,7.44547201756517,.227762,Sa 7. Mär 09:07:38 CET 2026
36,67.536934,2.99155306,6.8800,32.689687,4.751408,738.0,500,10.493,32.68968700000002,50.33238752129375,17.64270052129373,.539702,50.33239431412571,43.511720354572205,6.820673959553505,.208649,Sa 7. Mär 09:08:03 CET 2026
39,73.165012,3.24084915,6.8800,32.689687,4.751408,738.0,500,10.493,32.68968700000002,52.34936269000742,19.65967569000740,.601402,52.349371823704416,45.05339997061658,7.295971853087836,.223188,Sa 7. Mär 09:08:08 CET 2026
0,0,0,6.8800,32.689687,4.751408,738.0,500,10.534,32.68968700000002,32.68968700000002,0,0,32.6896870349292,30.617234356540592,2.072452678388608,.063397,Sa 7. Mär 09:08:56 CET 2026
45,84.421168,3.73944135,6.8800,32.689687,4.751408,738.0,500,10.493,32.68968700000002,55.79235160400698,23.10266460400696,.706726,55.79236582387899,48.15117270562372,7.64119311825527,.233749,Sa 7. Mär 09:09:35 CET 2026
6,11.256155,.49859214,6.8800,32.689687,4.751408,738.0,500,10.534,32.68968700000002,34.32088939616198,1.63120239616196,.049899,34.32088948246558,31.88859864226605,2.43229084019953,.074405,Sa 7. Mär 09:09:35 CET 2026
3,5.628077,.24929605,6.8800,32.689687,4.751408,738.0,500,10.534,32.68968700000002,33.46679641070847,.77710941070845,.023772,33.466796465339804,31.2280257612737,2.238770704066104,.068485,Sa 7. Mär 09:09:42 CET 2026
9,16.884233,.74788824,6.8800,32.689687,4.751408,738.0,500,10.534,32.68968700000002,35.26532537112659,2.57563837112657,.078790,35.265325508427146,32.60659510239648,2.658730406030666,.081332,Sa 7. Mär 09:56:48 CET 2026
15,28.140389,1.24648043,6.8800,32.689687,4.751408,738.0,500,10.534,32.68968700000002,37.493988410441226,4.804301410441206,.146966,37.49398875116417,34.25836474147081,3.23562400969336,.098979,Sa 7. Mär 09:56:56 CET 2026
18,33.768467,1.49577653,6.8800,32.689687,4.751408,738.0,500,10.534,32.68968700000002,38.821150656189346,6.131463656189326,.187565,38.821151209661394,35.223702905733724,3.597448303927670,.110048,Sa 7. Mär 09:57:00 CET 2026
12,22.512311,.99718433,6.8800,32.689687,4.751408,738.0,500,10.534,32.68968700000002,36.31643841321522,3.62675141321520,.110944,36.316438631107914,33.3919121487909,2.924526482317014,.089463,Sa 7. Mär 09:57:22 CET 2026
21,39.396545,1.74507262,6.8800,32.689687,4.751408,738.0,500,10.534,32.68968700000002,40.323080337265985,7.633393337265965,.233510,40.3230812037529,36.30876412784195,4.01431707591095,.122800,Sa 7. Mär 09:57:23 CET 2026
24,45.024623,1.99436872,6.8800,32.689687,4.751408,738.0,500,10.534,32.68968700000002,42.021968836176654,9.332281836176634,.285480,42.02197019426365,37.517626819488676,4.504343374774974,.137790,Sa 7. Mär 09:57:33 CET 2026
30,56.280779,2.49296091,6.8800,32.689687,4.751408,738.0,500,10.534,32.68968700000002,46.00501678999854,13.31532978999852,.407325,46.005020046766305,40.364947825377634,5.640072221388671,.172533,Sa 7. Mär 09:57:44 CET 2026
27,50.652701,2.24366481,6.8800,32.689687,4.751408,738.0,500,10.534,32.68968700000002,43.92519052534619,11.23550352534617,.343701,43.92519263954839,38.86409695946482,5.06109568008357,.154822,Sa 7. Mär 09:57:53 CET 2026
0,0,0,6.8800,32.689687,4.751408,738.0,500,10.575,32.68968700000002,32.68968700000002,0,0,32.68968703529641,30.617922523558544,2.071764511737866,.063376,Sa 7. Mär 09:57:54 CET 2026
39,73.165012,3.24084915,6.8800,32.689687,4.751408,738.0,500,10.534,32.68968700000002,52.34936269000742,19.65967569000740,.601402,52.34937187871907,45.067511064409054,7.281860814310016,.222757,Sa 7. Mär 09:57:57 CET 2026
3,5.628077,.24929605,6.8800,32.689687,4.751408,738.0,500,10.575,32.68968700000002,33.46679641070847,.77710941070845,.023772,33.46679646596582,31.228852400896344,2.237944065069476,.068460,Sa 7. Mär 09:58:05 CET 2026
6,11.256155,.49859214,6.8800,32.689687,4.751408,738.0,500,10.575,32.68968700000002,34.32088939616198,1.63120239616196,.049899,34.32088948343687,31.889737945904542,2.431151537532328,.074370,Sa 7. Mär 09:58:09 CET 2026
33,61.908856,2.74225696,6.8800,32.689687,4.751408,738.0,500,10.534,32.68968700000002,48.180881866234756,15.491194866234736,.473886,48.1808867004959,41.93921610291556,6.24167059758034,.190936,Sa 7. Mär 09:58:10 CET 2026
9,16.884233,.74788824,6.8800,32.689687,4.751408,738.0,500,10.575,32.68968700000002,35.26532537112659,2.57563837112657,.078790,35.2653255097858,32.607974362149484,2.657351147636316,.081290,Sa 7. Mär 09:58:11 CET 2026
12,22.512311,.99718433,6.8800,32.689687,4.751408,738.0,500,10.575,32.68968700000002,36.31643841321522,3.62675141321520,.110944,36.316438632802914,33.39375031974863,2.922688313054284,.089407,Sa 7. Mär 09:58:23 CET 2026
45,84.421168,3.73944135,6.8800,32.689687,4.751408,738.0,500,10.534,32.68968700000002,55.79235160400698,23.10266460400696,.706726,55.79236594766872,48.16525135959625,7.62711458807247,.233318,Sa 7. Mär 09:58:28 CET 2026
42,78.793090,3.49014525,6.8800,32.689687,4.751408,738.0,500,10.534,32.68968700000002,54.172566174850154,21.482879174850134,.657176,54.17257794453634,46.749723532738756,7.422854411797584,.227070,Sa 7. Mär 09:58:33 CET 2026
36,67.536934,2.99155306,6.8800,32.689687,4.751408,738.0,500,10.534,32.68968700000002,50.33238752129375,17.64270052129373,.539702,50.332394355429685,43.5242531077272,6.808141247702485,.208265,Sa 7. Mär 09:58:36 CET 2026
15,28.140389,1.24648043,6.8800,32.689687,4.751408,738.0,500,10.575,32.68968700000002,37.493988410441226,4.804301410441206,.146966,37.4939887553317,34.26062470650125,3.23336404883045,.098910,Sa 7. Mär 09:58:44 CET 2026
18,33.768467,1.49577653,6.8800,32.689687,4.751408,738.0,500,10.575,32.68968700000002,38.821150656189346,6.131463656189326,.187565,38.8211512145527,35.22658640911969,3.59456480543301,.109960,Sa 7. Mär 09:59:22 CET 2026
21,39.396545,1.74507262,6.8800,32.689687,4.751408,738.0,500,10.575,32.68968700000002,40.323080337265985,7.633393337265965,.233510,40.32308121333707,36.31250786176659,4.01057335157048,.122686,Sa 7. Mär 10:00:20 CET 2026
24,45.024623,1.99436872,6.8800,32.689687,4.751408,738.0,500,10.575,32.68968700000002,42.021968836176654,9.332281836176634,.285480,42.02197020363227,37.522733083573065,4.499237120059205,.137634,Sa 7. Mär 10:01:37 CET 2026
30,56.280779,2.49296091,6.8800,32.689687,4.751408,738.0,500,10.575,32.68968700000002,46.00501678999854,13.31532978999852,.407325,46.005020074592366,40.37311147519401,5.631908599398356,.172283,Sa 7. Mär 10:02:20 CET 2026
27,50.652701,2.24366481,6.8800,32.689687,4.751408,738.0,500,10.575,32.68968700000002,43.92519052534619,11.23550352534617,.343701,43.925192661420134,38.87047799618897,5.054714665231164,.154627,Sa 7. Mär 10:03:12 CET 2026
33,61.908856,2.74225696,6.8800,32.689687,4.751408,738.0,500,10.575,32.68968700000002,48.180881866234756,15.491194866234736,.473886,48.180886733899804,41.94951414891564,6.231372584984164,.190621,Sa 7. Mär 10:05:19 CET 2026
42,78.793090,3.49014525,6.8800,32.689687,4.751408,738.0,500,10.575,32.68968700000002,54.172566174850154,21.482879174850134,.657176,54.17257802057913,46.7724282779062,7.40014974267293,.226375,Sa 7. Mär 10:06:00 CET 2026
39,73.165012,3.24084915,6.8800,32.689687,4.751408,738.0,500,10.575,32.68968700000002,52.34936269000742,19.65967569000740,.601402,52.349371930413035,45.08157751914562,7.267794411267415,.222326,Sa 7. Mär 10:06:17 CET 2026
36,67.536934,2.99155306,6.8800,32.689687,4.751408,738.0,500,10.575,32.68968700000002,50.33238752129375,17.64270052129373,.539702,50.33239439494948,43.536314172660404,6.796080222289076,.207896,Sa 7. Mär 10:06:27 CET 2026
0,0,0,6.8800,32.689687,4.751408,738.0,500,10.616,32.68968700000002,32.68968700000002,0,0,32.68968703564917,30.618589203542477,2.071097832106693,.063356,Sa 7. Mär 10:51:37 CET 2026
3,5.628077,.24929605,6.8800,32.689687,4.751408,738.0,500,10.616,32.68968700000002,33.46679641070847,.77710941070845,.023772,33.466796466576945,31.229751969034385,2.237044497542560,.068432,Sa 7. Mär 10:51:38 CET 2026
6,11.256155,.49859214,6.8800,32.689687,4.751408,738.0,500,10.616,32.68968700000002,34.32088939616198,1.63120239616196,.049899,34.32088948438561,31.890821441237986,2.430068043147624,.074337,Sa 7. Mär 10:51:47 CET 2026
9,16.884233,.74788824,6.8800,32.689687,4.751408,738.0,500,10.616,32.68968700000002,35.26532537112659,2.57563837112657,.078790,35.26532551108204,32.609371868224024,2.655953642858016,.081247,Sa 7. Mär 10:51:50 CET 2026
18,33.768467,1.49577653,6.8800,32.689687,4.751408,738.0,500,10.616,32.68968700000002,38.821150656189346,6.131463656189326,.187565,38.82115121929014,35.22960881853671,3.59154240075343,.109867,Sa 7. Mär 10:52:00 CET 2026
45,84.421168,3.73944135,6.8800,32.689687,4.751408,738.0,500,10.575,32.68968700000002,55.79235160400698,23.10266460400696,.706726,55.79236606667388,48.17952831511825,7.61283775155563,.232881,Sa 7. Mär 10:52:01 CET 2026
12,22.512311,.99718433,6.8800,32.689687,4.751408,738.0,500,10.616,32.68968700000002,36.31643841321522,3.62675141321520,.110944,36.31643863446127,33.39554940193893,2.92088923252234,.089352,Sa 7. Mär 10:52:03 CET 2026
15,28.140389,1.24648043,6.8800,32.689687,4.751408,738.0,500,10.616,32.68968700000002,37.493988410441226,4.804301410441206,.146966,37.493988759984994,34.26282714384306,3.231161616141934,.098843,Sa 7. Mär 10:52:07 CET 2026
24,45.024623,1.99436872,6.8800,32.689687,4.751408,738.0,500,10.616,32.68968700000002,42.021968836176654,9.332281836176634,.285480,42.021970218787004,37.52770847672468,4.494261742062324,.137482,Sa 7. Mär 10:52:10 CET 2026
21,39.396545,1.74507262,6.8800,32.689687,4.751408,738.0,500,10.616,32.68968700000002,40.323080337265985,7.633393337265965,.233510,40.32308122259604,36.31626938355526,4.00681183904078,.122571,Sa 7. Mär 10:52:16 CET 2026
27,50.652701,2.24366481,6.8800,32.689687,4.751408,738.0,500,10.616,32.68968700000002,43.92519052534619,11.23550352534617,.343701,43.92519268285119,38.8769042306446,5.04828845220659,.154430,Sa 7. Mär 10:52:26 CET 2026
30,56.280779,2.49296091,6.8800,32.689687,4.751408,738.0,500,10.616,32.68968700000002,46.00501678999854,13.31532978999852,.407325,46.00502010129975,40.38089025581809,5.62412984548166,.172045,Sa 7. Mär 10:52:29 CET 2026
3,5.628077,.24929605,6.8800,32.689687,4.751408,738.0,550,10.493,32.68968700000002,33.46679641070847,.77710941070845,.023772,33.46679646439686,31.225795896017303,2.241000568379557,.068553,Sa 7. Mär 10:52:52 CET 2026
0,0,0,6.8800,32.689687,4.751408,738.0,550,10.493,32.68968700000002,32.68968700000002,0,0,32.68968703435566,30.615716914227477,2.073970120128183,.063444,Sa 7. Mär 10:52:52 CET 2026
36,67.536934,2.99155306,6.8800,32.689687,4.751408,738.0,500,10.616,32.68968700000002,50.33238752129375,17.64270052129373,.539702,50.33239443282208,43.54866258750336,6.78373184531872,.207519,Sa 7. Mär 10:52:55 CET 2026
33,61.908856,2.74225696,6.8800,32.689687,4.751408,738.0,500,10.616,32.68968700000002,48.180881866234756,15.491194866234736,.473886,48.180886765245795,41.9599418428224,6.220944922423395,.190302,Sa 7. Mär 10:52:57 CET 2026
42,78.793090,3.49014525,6.8800,32.689687,4.751408,738.0,500,10.616,32.68968700000002,54.172566174850154,21.482879174850134,.657176,54.17257809314479,46.794541282041784,7.378036811103006,.225699,Sa 7. Mär 10:53:14 CET 2026
39,73.165012,3.24084915,6.8800,32.689687,4.751408,738.0,500,10.616,32.68968700000002,52.34936269000742,19.65967569000740,.601402,52.34937198185704,45.095411697077736,7.253960284779304,.221903,Sa 7. Mär 10:53:16 CET 2026
45,84.421168,3.73944135,6.8800,32.689687,4.751408,738.0,500,10.616,32.68968700000002,55.79235160400698,23.10266460400696,.706726,55.792366181266125,48.193070484859064,7.599295696407061,.232467,Sa 7. Mär 10:53:36 CET 2026
6,11.256155,.49859214,6.8800,32.689687,4.751408,738.0,550,10.493,32.68968700000002,34.32088939616198,1.63120239616196,.049899,34.32088948105085,31.885507079533827,2.435382401517023,.074500,Sa 7. Mär 10:53:51 CET 2026
9,16.884233,.74788824,6.8800,32.689687,4.751408,738.0,550,10.493,32.68968700000002,35.26532537112659,2.57563837112657,.078790,35.265325506445826,32.601752420796764,2.663573085649062,.081480,Sa 7. Mär 10:54:11 CET 2026
12,22.512311,.99718433,6.8800,32.689687,4.751408,738.0,550,10.493,32.68968700000002,36.31643841321522,3.62675141321520,.110944,36.31643862858097,33.38479393200188,2.93164469657909,.089681,Sa 7. Mär 10:56:24 CET 2026
15,28.140389,1.24648043,6.8800,32.689687,4.751408,738.0,550,10.493,32.68968700000002,37.493988410441226,4.804301410441206,.146966,37.49398874819543,34.2486611011971,3.24532764699833,.099276,Sa 7. Mär 10:56:55 CET 2026
18,33.768467,1.49577653,6.8800,32.689687,4.751408,738.0,550,10.493,32.68968700000002,38.821150656189346,6.131463656189326,.187565,38.82115120259067,35.214081822727145,3.607069379863525,.110342,Sa 7. Mär 10:57:29 CET 2026
21,39.396545,1.74507262,6.8800,32.689687,4.751408,738.0,550,10.493,32.68968700000002,40.323080337265985,7.633393337265965,.233510,40.32308118978361,36.300511539743624,4.022569650039986,.123053,Sa 7. Mär 10:59:38 CET 2026
24,45.024623,1.99436872,6.8800,32.689687,4.751408,738.0,550,10.493,32.68968700000002,42.021968836176654,9.332281836176634,.285480,42.021970181908564,37.50770220055227,4.514267981356294,.138094,Sa 7. Mär 10:59:51 CET 2026
27,50.652701,2.24366481,6.8800,32.689687,4.751408,738.0,550,10.493,32.68968700000002,43.92519052534619,11.23550352534617,.343701,43.9251926151771,38.84906606725849,5.07612654791861,.155282,Sa 7. Mär 11:01:37 CET 2026
30,56.280779,2.49296091,6.8800,32.689687,4.751408,738.0,550,10.493,32.68968700000002,46.00501678999854,13.31532978999852,.407325,46.00502000091325,40.34524924334982,5.65977075756343,.173136,Sa 7. Mär 11:02:17 CET 2026
3,5.628077,.24929605,6.8800,32.689687,4.751408,738.0,550,10.534,32.68968700000002,33.46679641070847,.77710941070845,.023772,33.46679646505147,31.226659815130677,2.240136649920793,.068527,Sa 7. Mär 11:46:31 CET 2026
0,0,0,6.8800,32.689687,4.751408,738.0,550,10.534,32.68968700000002,32.68968700000002,0,0,32.68968703473487,30.616384017965256,2.073303016769614,.063423,Sa 7. Mär 11:46:32 CET 2026
33,61.908856,2.74225696,6.8800,32.689687,4.751408,738.0,550,10.493,32.68968700000002,48.180881866234756,15.491194866234736,.473886,48.180886644393134,41.91477857107833,6.266108073314804,.191684,Sa 7. Mär 11:46:33 CET 2026
9,16.884233,.74788824,6.8800,32.689687,4.751408,738.0,550,10.534,32.68968700000002,35.26532537112659,2.57563837112657,.078790,35.265325507876156,32.60315683313488,2.662168674741276,.081437,Sa 7. Mär 11:46:44 CET 2026
36,67.536934,2.99155306,6.8800,32.689687,4.751408,738.0,550,10.493,32.68968700000002,50.33238752129375,17.64270052129373,.539702,50.33239428725625,43.49566243106091,6.83673185619534,.209140,Sa 7. Mär 11:46:47 CET 2026
15,28.140389,1.24648043,6.8800,32.689687,4.751408,738.0,550,10.534,32.68968700000002,37.493988410441226,4.804301410441206,.146966,37.493988750187356,34.250881297530604,3.243107452656752,.099208,Sa 7. Mär 11:46:52 CET 2026
21,39.396545,1.74507262,6.8800,32.689687,4.751408,738.0,550,10.534,32.68968700000002,40.323080337265985,7.633393337265965,.233510,40.323081199743676,36.30416659692665,4.018914602817026,.122941,Sa 7. Mär 11:46:54 CET 2026
42,78.793090,3.49014525,6.8800,32.689687,4.751408,738.0,550,10.493,32.68968700000002,54.172566174850154,21.482879174850134,.657176,54.172577828308405,46.77397264453382,7.398605183774585,.226328,Sa 7. Mär 11:46:57 CET 2026
6,11.256155,.49859214,6.8800,32.689687,4.751408,738.0,550,10.534,32.68968700000002,34.32088939616198,1.63120239616196,.049899,34.3208894820558,31.886618819315327,2.434270662740473,.074466,Sa 7. Mär 11:47:04 CET 2026
12,22.512311,.99718433,6.8800,32.689687,4.751408,738.0,550,10.534,32.68968700000002,36.31643841321522,3.62675141321520,.110944,36.31643863036479,33.386480768618014,2.929957861746776,.089629,Sa 7. Mär 11:47:06 CET 2026
18,33.768467,1.49577653,6.8800,32.689687,4.751408,738.0,550,10.534,32.68968700000002,38.821150656189346,6.131463656189326,.187565,38.82115120768692,35.21691847217218,3.60423273551474,.110255,Sa 7. Mär 11:47:10 CET 2026
39,73.165012,3.24084915,6.8800,32.689687,4.751408,738.0,550,10.493,32.68968700000002,52.34936269000742,19.65967569000740,.601402,52.349371792522746,45.04183413948389,7.307537653038856,.223542,Sa 7. Mär 11:47:14 CET 2026
24,45.024623,1.99436872,6.8800,32.689687,4.751408,738.0,550,10.534,32.68968700000002,42.021968836176654,9.332281836176634,.285480,42.021970189860404,37.51258691790176,4.509383271958644,.137945,Sa 7. Mär 11:47:24 CET 2026
27,50.652701,2.24366481,6.8800,32.689687,4.751408,738.0,550,10.534,32.68968700000002,43.92519052534619,11.23550352534617,.343701,43.92519262761091,38.85538962342268,5.06980300418823,.155088,Sa 7. Mär 11:47:26 CET 2026
36,67.536934,2.99155306,6.8800,32.689687,4.751408,738.0,550,10.534,32.68968700000002,50.33238752129375,17.64270052129373,.539702,50.33239432865339,43.50797206187564,6.82442226677775,.208763,Sa 7. Mär 11:47:29 CET 2026
30,56.280779,2.49296091,6.8800,32.689687,4.751408,738.0,550,10.534,32.68968700000002,46.00501678999854,13.31532978999852,.407325,46.00502002984288,40.35354091642975,5.65147911341313,.172882,Sa 7. Mär 11:47:31 CET 2026
45,84.421168,3.73944135,6.8800,32.689687,4.751408,738.0,550,10.493,32.68968700000002,55.79235160400698,23.10266460400696,.706726,55.792365780287135,48.186820244849024,7.605545535438111,.232658,Sa 7. Mär 11:47:32 CET 2026
33,61.908856,2.74225696,6.8800,32.689687,4.751408,738.0,550,10.534,32.68968700000002,48.180881866234756,15.491194866234736,.473886,48.18088667884146,41.92520689054498,6.25567978829648,.191365,Sa 7. Mär 11:47:35 CET 2026
42,78.793090,3.49014525,6.8800,32.689687,4.751408,738.0,550,10.534,32.68968700000002,54.172566174850154,21.482879174850134,.657176,54.172577907491686,46.79686704893717,7.375710858554516,.225628,Sa 7. Mär 11:48:17 CET 2026
39,73.165012,3.24084915,6.8800,32.689687,4.751408,738.0,550,10.534,32.68968700000002,52.34936269000742,19.65967569000740,.601402,52.34937184690291,45.05728700256398,7.29208484433893,.223069,Sa 7. Mär 11:48:35 CET 2026
45,84.421168,3.73944135,6.8800,32.689687,4.751408,738.0,550,10.534,32.68968700000002,55.79235160400698,23.10266460400696,.706726,55.79236590456965,48.20090790592164,7.59145799864801,.232227,Sa 7. Mär 11:50:06 CET 2026
0,0,0,6.8800,32.689687,4.751408,738.0,550,10.575,32.68968700000002,32.68968700000002,0,0,32.68968703510148,30.61696644821491,2.07272058688657,.063405,Sa 7. Mär 11:50:40 CET 2026
3,5.628077,.24929605,6.8800,32.689687,4.751408,738.0,550,10.575,32.68968700000002,33.46679641070847,.77710941070845,.023772,33.466796465677675,31.227519995581947,2.239276470095728,.068501,Sa 7. Mär 11:51:29 CET 2026
6,11.256155,.49859214,6.8800,32.689687,4.751408,738.0,550,10.575,32.68968700000002,34.32088939616198,1.63120239616196,.049899,34.32088948303405,31.887690738896445,2.433198744137605,.074433,Sa 7. Mär 11:52:58 CET 2026
9,16.884233,.74788824,6.8800,32.689687,4.751408,738.0,550,10.575,32.68968700000002,35.26532537112659,2.57563837112657,.078790,35.265325509231474,32.604464509440426,2.660860999791048,.081397,Sa 7. Mär 11:54:23 CET 2026
12,22.512311,.99718433,6.8800,32.689687,4.751408,738.0,550,10.575,32.68968700000002,36.31643841321522,3.62675141321520,.110944,36.316438632062685,33.38828268799304,2.928155944069645,.089574,Sa 7. Mär 11:55:24 CET 2026
15,28.140389,1.24648043,6.8800,32.689687,4.751408,738.0,550,10.575,32.68968700000002,37.493988410441226,4.804301410441206,.146966,37.49398875380281,34.25310416792188,3.24088458588093,.099140,Sa 7. Mär 11:56:50 CET 2026
18,33.768467,1.49577653,6.8800,32.689687,4.751408,738.0,550,10.575,32.68968700000002,38.821150656189346,6.131463656189326,.187565,38.82115121258935,35.219750950596016,3.601400261993334,.110169,Sa 7. Mär 11:57:14 CET 2026
21,39.396545,1.74507262,6.8800,32.689687,4.751408,738.0,550,10.575,32.68968700000002,40.323080337265985,7.633393337265965,.233510,40.32308120936495,36.307916308510556,4.015164900854394,.122826,Sa 7. Mär 12:40:57 CET 2026
24,45.024623,1.99436872,6.8800,32.689687,4.751408,738.0,550,10.575,32.68968700000002,42.021968836176654,9.332281836176634,.285480,42.02197019737812,37.517476679155784,4.504493518222336,.137795,Sa 7. Mär 12:41:03 CET 2026
27,50.652701,2.24366481,6.8800,32.689687,4.751408,738.0,550,10.575,32.68968700000002,43.92519052534619,11.23550352534617,.343701,43.925192649602394,38.86164840734913,5.063544242253264,.154897,Sa 7. Mär 12:41:14 CET 2026
33,61.908856,2.74225696,6.8800,32.689687,4.751408,738.0,550,10.575,32.68968700000002,48.180881866234756,15.491194866234736,.473886,48.18088671173401,41.93542681806648,6.24545989366753,.191052,Sa 7. Mär 12:41:17 CET 2026
30,56.280779,2.49296091,6.8800,32.689687,4.751408,738.0,550,10.575,32.68968700000002,46.00501678999854,13.31532978999852,.407325,46.005020057620726,40.36168005385368,5.643340003767046,.172633,Sa 7. Mär 12:41:20 CET 2026
3,5.628077,.24929605,6.8800,32.689687,4.751408,738.0,550,10.616,32.68968700000002,33.46679641070847,.77710941070845,.023772,33.46679646628606,31.228332188976662,2.238464277309398,.068476,Sa 7. Mär 12:41:27 CET 2026
0,0,0,6.8800,32.689687,4.751408,738.0,550,10.616,32.68968700000002,32.68968700000002,0,0,32.68968703545423,30.617665823307444,2.072021212146786,.063384,Sa 7. Mär 12:41:27 CET 2026
21,39.396545,1.74507262,6.8800,32.689687,4.751408,738.0,550,10.616,32.68968700000002,40.323080337265985,7.633393337265965,.233510,40.32308121872164,36.311638763551585,4.011442455170055,.122712,Sa 7. Mär 12:41:32 CET 2026
15,28.140389,1.24648043,6.8800,32.689687,4.751408,738.0,550,10.616,32.68968700000002,37.493988410441226,4.804301410441206,.146966,37.49398875845073,34.25527389529039,3.23871486316034,.099074,Sa 7. Mär 12:41:47 CET 2026
9,16.884233,.74788824,6.8800,32.689687,4.751408,738.0,550,10.616,32.68968700000002,35.26532537112659,2.57563837112657,.078790,35.26532551053826,32.60581309083705,2.65951241970121,.081356,Sa 7. Mär 12:41:50 CET 2026
6,11.256155,.49859214,6.8800,32.689687,4.751408,738.0,550,10.616,32.68968700000002,34.32088939616198,1.63120239616196,.049899,34.32088948397132,31.888693899814335,2.432195584156985,.074402,Sa 7. Mär 12:41:50 CET 2026
45,84.421168,3.73944135,6.8800,32.689687,4.751408,738.0,550,10.575,32.68968700000002,55.79235160400698,23.10266460400696,.706726,55.79236602367277,48.21442101691771,7.57794500675506,.231814,Sa 7. Mär 12:41:50 CET 2026
36,67.536934,2.99155306,6.8800,32.689687,4.751408,738.0,550,10.575,32.68968700000002,50.33238752129375,17.64270052129373,.539702,50.332394368538544,43.520326177330425,6.812068191208119,.208385,Sa 7. Mär 12:41:50 CET 2026
39,73.165012,3.24084915,6.8800,32.689687,4.751408,738.0,550,10.575,32.68968700000002,52.34936269000742,19.65967569000740,.601402,52.34937189903115,45.07294536083338,7.27642653819777,.222590,Sa 7. Mär 12:41:50 CET 2026
18,33.768467,1.49577653,6.8800,32.689687,4.751408,738.0,550,10.616,32.68968700000002,38.821150656189346,6.131463656189326,.187565,38.821151217333295,35.222632066231384,3.598519151101911,.110081,Sa 7. Mär 12:41:57 CET 2026
12,22.512311,.99718433,6.8800,32.689687,4.751408,738.0,550,10.616,32.68968700000002,36.31643841321522,3.62675141321520,.110944,36.316438633713176,33.389944678098665,2.926493955614511,.089523,Sa 7. Mär 12:42:02 CET 2026
24,45.024623,1.99436872,6.8800,32.689687,4.751408,738.0,550,10.616,32.68968700000002,42.021968836176654,9.332281836176634,.285480,42.02197021147334,37.522539948564926,4.499430262908414,.137640,Sa 7. Mär 12:42:07 CET 2026
42,78.793090,3.49014525,6.8800,32.689687,4.751408,738.0,550,10.575,32.68968700000002,54.172566174850154,21.482879174850134,.657176,54.17257798368364,46.819162047889165,7.353415935794475,.224946,Sa 7. Mär 12:42:19 CET 2026
27,50.652701,2.24366481,6.8800,32.689687,4.751408,738.0,550,10.616,32.68968700000002,43.92519052534619,11.23550352534617,.343701,43.92519267100542,38.8679744953797,5.05721817562572,.154703,Sa 7. Mär 12:42:32 CET 2026
30,56.280779,2.49296091,6.8800,32.689687,4.751408,738.0,550,10.616,32.68968700000002,46.00501678999854,13.31532978999852,.407325,46.005020084553905,40.36985822449161,5.635161860062295,.172383,Sa 7. Mär 12:43:24 CET 2026
33,61.908856,2.74225696,6.8800,32.689687,4.751408,738.0,550,10.616,32.68968700000002,48.180881866234756,15.491194866234736,.473886,48.180886743757526,41.94572907734908,6.235157666408446,.190737,Sa 7. Mär 12:45:13 CET 2026
36,67.536934,2.99155306,6.8800,32.689687,4.751408,738.0,550,10.616,32.68968700000002,50.33238752129375,17.64270052129373,.539702,50.332394406437835,43.53261018902188,6.799784217415955,.208010,Sa 7. Mär 12:46:21 CET 2026
39,73.165012,3.24084915,6.8800,32.689687,4.751408,738.0,550,10.616,32.68968700000002,52.34936269000742,19.65967569000740,.601402,52.349371948905564,45.08910234588056,7.260269603025004,.222096,Sa 7. Mär 12:48:08 CET 2026
42,78.793090,3.49014525,6.8800,32.689687,4.751408,738.0,550,10.616,32.68968700000002,54.172566174850154,21.482879174850134,.657176,54.1725780564428,46.84103724955227,7.33154080689053,.224276,Sa 7. Mär 12:49:12 CET 2026
45,84.421168,3.73944135,6.8800,32.689687,4.751408,738.0,550,10.616,32.68968700000002,55.79235160400698,23.10266460400696,.706726,55.79236613843069,48.22851067075325,7.56385546767744,.231383,Sa 7. Mär 12:51:13 CET 2026
0,0,0,7.9533,36.006688,4.527264,738.0,450,10.493,36.006687999999976,36.006687999999976,0,0,36.00668814523339,33.22273047348342,2.78395767174997,.077317,Sa 7. Mär 12:51:50 CET 2026
3,5.109602,.24929607,7.9533,36.006688,4.527264,738.0,450,10.493,36.006687999999976,36.86265001915061,.855962019150634,.023772,36.86265024831977,33.86084341869976,3.00180682962001,.083368,Sa 7. Mär 12:52:47 CET 2026
6,10.219204,.49859214,7.9533,36.006688,4.527264,738.0,450,10.493,36.006687999999976,37.8034081079042,1.796720107904224,.049899,37.80340845995297,34.55679151007442,3.24661694987855,.090167,Sa 7. Mär 12:53:23 CET 2026
12,20.438409,.99718434,7.9533,36.006688,4.527264,738.0,450,10.493,36.006687999999976,40.001443583606346,3.994755583606370,.110944,40.00144435762345,36.161534063127945,3.839910294495505,.106644,Sa 7. Mär 13:36:25 CET 2026
9,15.328807,.74788827,7.9533,36.006688,4.527264,738.0,450,10.493,36.006687999999976,38.84367426470782,2.836986264707844,.078790,38.84367479295907,35.3212762529605,3.52239853999857,.097826,Sa 7. Mär 13:36:31 CET 2026
18,30.657614,1.49577654,7.9533,36.006688,4.527264,738.0,450,10.493,36.006687999999976,42.76030836773713,6.753620367737154,.187565,42.7603100202261,38.12844310533481,4.63186691489129,.128639,Sa 7. Mär 13:36:36 CET 2026
15,25.548011,1.24648041,7.9533,36.006688,4.527264,738.0,450,10.493,36.006687999999976,41.298479093332965,5.291791093332989,.146966,41.298480233773944,37.08553133848897,4.212948895284974,.117004,Sa 7. Mär 13:36:44 CET 2026
0,0,0,7.9533,36.006688,4.527264,738.0,450,10.534,36.006687999999976,36.006687999999976,0,0,36.0066881472551,33.22416614429512,2.78252200295998,.077277,Sa 7. Mär 13:36:44 CET 2026
21,35.767216,1.74507261,7.9533,36.006688,4.527264,738.0,450,10.493,36.006687999999976,44.414639848057476,8.407951848057500,.233510,44.414642246100236,39.32713807748114,5.087504168619096,.141293,Sa 7. Mär 13:36:47 CET 2026
24,40.876818,1.99436868,7.9533,36.006688,4.527264,738.0,450,10.493,36.006687999999976,46.285914676262045,10.279226676262069,.285481,46.28591812212624,40.661136307147856,5.624781814978384,.156214,Sa 7. Mär 13:36:52 CET 2026
9,15.328807,.74788827,7.9533,36.006688,4.527264,738.0,450,10.534,36.006687999999976,38.84367426470782,2.836986264707844,.078790,38.84367479753305,35.32394989598622,3.51972490154683,.097751,Sa 7. Mär 13:36:53 CET 2026
30,51.096023,2.49296088,7.9533,36.006688,4.527264,738.0,450,10.493,36.006687999999976,50.673117900603955,14.666429900603979,.407325,50.6731248164858,43.964084976518826,6.709039839966974,.186327,Sa 7. Mär 13:37:03 CET 2026
27,45.986421,2.24366481,7.9533,36.006688,4.527264,738.0,450,10.493,36.006687999999976,48.38225497189623,12.375566971896254,.343701,48.38225989223253,42.20654702242485,6.17571286980768,.171515,Sa 7. Mär 13:37:04 CET 2026
42,71.534433,3.49014528,7.9533,36.006688,4.527264,738.0,450,10.493,36.006687999999976,59.669422138316904,23.662734138316928,.657176,59.66944152803271,51.423490223714644,8.245951304318066,.229011,Sa 7. Mär 13:37:08 CET 2026
3,5.109602,.24929607,7.9533,36.006688,4.527264,738.0,450,10.534,36.006687999999976,36.86265001915061,.855962019150634,.023772,36.86265025120299,33.862646555305304,3.000003695897686,.083317,Sa 7. Mär 13:37:08 CET 2026
6,10.219204,.49859214,7.9533,36.006688,4.527264,738.0,450,10.534,36.006687999999976,37.8034081079042,1.796720107904224,.049899,37.80340846372328,34.558899894965336,3.244508568757944,.090108,Sa 7. Mär 13:37:09 CET 2026
15,25.548011,1.24648041,7.9533,36.006688,4.527264,738.0,450,10.534,36.006687999999976,41.298479093332965,5.291791093332989,.146966,41.29848024586042,37.08977013403702,4.20871011182340,.116886,Sa 7. Mär 13:37:09 CET 2026
12,20.438409,.99718434,7.9533,36.006688,4.527264,738.0,450,10.534,36.006687999999976,40.001443583606346,3.994755583606370,.110944,40.00144436259069,36.16484785871084,3.83659650387985,.106552,Sa 7. Mär 13:37:11 CET 2026
33,56.205625,2.74225696,7.9533,36.006688,4.527264,738.0,450,10.493,36.006687999999976,53.06976351675723,17.063075516757254,.473886,53.06977300236221,46.12947768715834,6.94029531520387,.192750,Sa 7. Mär 13:37:12 CET 2026
36,61.315228,2.99155308,7.9533,36.006688,4.527264,738.0,450,10.493,36.006687999999976,55.43958432186595,19.432896321865974,.539702,55.43959688926947,47.74607884094401,7.69351804832546,.213669,Sa 7. Mär 13:37:26 CET 2026
39,66.424830,3.24084915,7.9533,36.006688,4.527264,738.0,450,10.493,36.006687999999976,57.66120379431657,21.654515794316594,.601402,57.66121969127734,49.3113012705729,8.34991842070444,.231899,Sa 7. Mär 13:37:42 CET 2026
45,76.644035,3.73944135,7.9533,36.006688,4.527264,738.0,450,10.493,36.006687999999976,61.453565233087026,25.446877233087050,.706726,61.453588045787995,53.851237125496255,7.602350920291740,.211137,Sa 7. Mär 13:37:42 CET 2026
18,30.657614,1.49577654,7.9533,36.006688,4.527264,738.0,450,10.534,36.006687999999976,42.76030836773713,6.753620367737154,.187565,42.76031003106707,38.133586879170856,4.626723151896214,.128496,Sa 7. Mär 13:38:07 CET 2026
21,35.767216,1.74507261,7.9533,36.006688,4.527264,738.0,450,10.534,36.006687999999976,44.414639848057476,8.407951848057500,.233510,44.41464226522362,39.33364797729334,5.08099428793028,.141112,Sa 7. Mär 13:42:50 CET 2026
24,40.876818,1.99436868,7.9533,36.006688,4.527264,738.0,450,10.534,36.006687999999976,46.285914676262045,10.279226676262069,.285481,46.28591815012506,40.66936064005322,5.61655751007184,.155986,Sa 7. Mär 13:43:40 CET 2026
27,45.986421,2.24366481,7.9533,36.006688,4.527264,738.0,450,10.534,36.006687999999976,48.38225497189623,12.375566971896254,.343701,48.382259928920384,42.21676814417034,6.165491784750044,.171231,Sa 7. Mär 13:45:44 CET 2026
30,51.096023,2.49296088,7.9533,36.006688,4.527264,738.0,450,10.534,36.006687999999976,50.673117900603955,14.666429900603979,.407325,50.673124860164286,43.97681764867045,6.696307211493836,.185973,Sa 7. Mär 13:46:42 CET 2026
33,56.205625,2.74225696,7.9533,36.006688,4.527264,738.0,450,10.534,36.006687999999976,53.06976351675723,17.063075516757254,.473886,53.069773083923245,46.138436695372576,6.931336388550669,.192501,Sa 7. Mär 13:47:33 CET 2026
36,61.315228,2.99155308,7.9533,36.006688,4.527264,738.0,450,10.534,36.006687999999976,55.43958432186595,19.432896321865974,.539702,55.43959699581679,47.75718309035408,7.68241390546271,.213360,Sa 7. Mär 13:49:20 CET 2026
39,66.424830,3.24084915,7.9533,36.006688,4.527264,738.0,450,10.534,36.006687999999976,57.66120379431657,21.654515794316594,.601402,57.66121982639909,49.32838185855148,8.33283796784761,.231424,Sa 7. Mär 13:50:00 CET 2026
42,71.534433,3.49014528,7.9533,36.006688,4.527264,738.0,450,10.534,36.006687999999976,59.669422138316904,23.662734138316928,.657176,59.66944163999093,51.46061145558065,8.20883018441028,.227980,Sa 7. Mär 13:50:21 CET 2026
0,0,0,7.9533,36.006688,4.527264,738.0,450,10.575,36.006687999999976,36.006687999999976,0,0,36.006688149196684,33.22561216151907,2.781075987677614,.077237,Sa 7. Mär 16:10:36 CET 2026
9,15.328807,.74788827,7.9533,36.006688,4.527264,738.0,450,10.575,36.006687999999976,38.84367426470782,2.836986264707844,.078790,38.84367480189348,35.32664151046576,3.51703329142772,.097677,Sa 7. Mär 16:10:38 CET 2026
3,5.109602,.24929607,7.9533,36.006688,4.527264,738.0,450,10.575,36.006687999999976,36.86265001915061,.855962019150634,.023772,36.86265025395531,33.864357717485895,2.998292536469415,.083270,Sa 7. Mär 16:10:40 CET 2026
0,0,0,7.9533,36.006688,4.527264,738.0,450,10.616,36.006687999999976,36.006687999999976,0,0,36.00668815103838,33.22706053445866,2.77962761657972,.077197,Sa 7. Mär 16:10:41 CET 2026
6,10.219204,.49859214,7.9533,36.006688,4.527264,738.0,450,10.616,36.006687999999976,37.8034081079042,1.796720107904224,.049899,37.803408470828664,34.56316123226184,3.240247238566824,.089990,Sa 7. Mär 16:10:41 CET 2026
6,10.219204,.49859214,7.9533,36.006688,4.527264,738.0,450,10.575,36.006687999999976,37.8034081079042,1.796720107904224,.049899,37.80340846738388,34.56099624928095,3.24241221810293,.090050,Sa 7. Mär 16:10:42 CET 2026
15,25.548011,1.24648041,7.9533,36.006688,4.527264,738.0,450,10.616,36.006687999999976,41.298479093332965,5.291791093332989,.146966,41.298480268582864,37.098138588919326,4.200341679663538,.116654,Sa 7. Mär 16:10:44 CET 2026
3,5.109602,.24929607,7.9533,36.006688,4.527264,738.0,450,10.616,36.006687999999976,36.86265001915061,.855962019150634,.023772,36.86265025659205,33.86605375433475,2.99659650225730,.083223,Sa 7. Mär 16:10:48 CET 2026
15,25.548011,1.24648041,7.9533,36.006688,4.527264,738.0,450,10.575,36.006687999999976,41.298479093332965,5.291791093332989,.146966,41.298480257451665,37.09386897879128,4.204611278660385,.116773,Sa 7. Mär 16:10:49 CET 2026
21,35.767216,1.74507261,7.9533,36.006688,4.527264,738.0,450,10.575,36.006687999999976,44.414639848057476,8.407951848057500,.233510,44.414642283427945,39.34002924737102,5.074613036056925,.140935,Sa 7. Mär 16:10:50 CET 2026
9,15.328807,.74788827,7.9533,36.006688,4.527264,738.0,450,10.616,36.006687999999976,38.84367426470782,2.836986264707844,.078790,38.84367480602089,35.32929525233596,3.51437955368493,.097603,Sa 7. Mär 16:10:54 CET 2026
12,20.438409,.99718434,7.9533,36.006688,4.527264,738.0,450,10.575,36.006687999999976,40.001443583606346,3.994755583606370,.110944,40.00144436730876,36.16830318218636,3.83314118512240,.106456,Sa 7. Mär 16:10:55 CET 2026
24,40.876818,1.99436868,7.9533,36.006688,4.527264,738.0,450,10.575,36.006687999999976,46.285914676262045,10.279226676262069,.285481,46.285918177584534,40.677626027433774,5.608292150150760,.155756,Sa 7. Mär 16:10:55 CET 2026
12,20.438409,.99718434,7.9533,36.006688,4.527264,738.0,450,10.616,36.006687999999976,40.001443583606346,3.994755583606370,.110944,40.00144437424443,36.171709710891825,3.829734663352605,.106361,Sa 7. Mär 16:10:56 CET 2026
39,66.424830,3.24084915,7.9533,36.006688,4.527264,738.0,450,10.575,36.006687999999976,57.66120379431657,21.654515794316594,.601402,57.66121995708508,49.34645822428564,8.31476173279944,.230922,Sa 7. Mär 16:10:56 CET 2026
18,30.657614,1.49577654,7.9533,36.006688,4.527264,738.0,450,10.575,36.006687999999976,42.76030836773713,6.753620367737154,.187565,42.760310041465615,38.13871873906442,4.621591302401195,.128353,Sa 7. Mär 16:10:59 CET 2026
18,30.657614,1.49577654,7.9533,36.006688,4.527264,738.0,450,10.616,36.006687999999976,42.76030836773713,6.753620367737154,.187565,42.76031005131014,38.143920076811575,4.616389974498565,.128209,Sa 7. Mär 16:11:00 CET 2026
30,51.096023,2.49296088,7.9533,36.006688,4.527264,738.0,450,10.616,36.006687999999976,50.673117900603955,14.666429900603979,.407325,50.673124941950526,44.00192191159178,6.671203030358746,.185276,Sa 7. Mär 16:11:00 CET 2026
27,45.986421,2.24366481,7.9533,36.006688,4.527264,738.0,450,10.575,36.006687999999976,48.38225497189623,12.375566971896254,.343701,48.38225996420932,42.2268182842451,6.15544167996422,.170952,Sa 7. Mär 16:11:02 CET 2026
42,71.534433,3.49014528,7.9533,36.006688,4.527264,738.0,450,10.575,36.006687999999976,59.669422138316904,23.662734138316928,.657176,59.66944174674239,51.497046597957514,8.172395148784876,.226968,Sa 7. Mär 16:11:03 CET 2026
21,35.767216,1.74507261,7.9533,36.006688,4.527264,738.0,450,10.616,36.006687999999976,44.414639848057476,8.407951848057500,.233510,44.41464230091643,39.346596035657,5.06804626525943,.140752,Sa 7. Mär 16:11:12 CET 2026
33,56.205625,2.74225696,7.9533,36.006688,4.527264,738.0,450,10.575,36.006687999999976,53.06976351675723,17.063075516757254,.473886,53.069773170298156,46.14779346291679,6.921979707381366,.192241,Sa 7. Mär 16:11:16 CET 2026
24,40.876818,1.99436868,7.9533,36.006688,4.527264,738.0,450,10.616,36.006687999999976,46.285914676262045,10.279226676262069,.285481,46.285918203744394,40.68581653660158,5.600101667142814,.155529,Sa 7. Mär 16:11:18 CET 2026
27,45.986421,2.24366481,7.9533,36.006688,4.527264,738.0,450,10.616,36.006687999999976,48.38225497189623,12.375566971896254,.343701,48.38225999813995,42.23680655637383,6.14545344176612,.170675,Sa 7. Mär 16:11:32 CET 2026
36,61.315228,2.99155308,7.9533,36.006688,4.527264,738.0,450,10.575,36.006687999999976,55.43958432186595,19.432896321865974,.539702,55.43959709872541,47.76816951308669,7.67142758563872,.213055,Sa 7. Mär 16:11:54 CET 2026
30,51.096023,2.49296088,7.9533,36.006688,4.527264,738.0,450,10.575,36.006687999999976,50.673117900603955,14.666429900603979,.407325,50.67312490221626,43.989335188948914,6.683789713267346,.185626,Sa 7. Mär 16:11:54 CET 2026
45,76.644035,3.73944135,7.9533,36.006688,4.527264,738.0,450,10.575,36.006687999999976,61.453565233087026,25.446877233087050,.706726,61.45358837764454,53.94627048397315,7.50731789367139,.208497,Sa 7. Mär 16:11:54 CET 2026
45,76.644035,3.73944135,7.9533,36.006688,4.527264,738.0,450,10.534,36.006687999999976,61.453565233087026,25.446877233087050,.706726,61.45358821481603,53.89877959796,7.55480861685603,.209816,Sa 7. Mär 16:11:59 CET 2026
0,0,0,7.9533,36.006688,4.527264,738.0,500,10.493,36.006687999999976,36.006687999999976,0,0,36.006688144934714,33.22599904890131,2.780689096033404,.077227,Sa 7. Mär 17:06:38 CET 2026
3,5.109602,.24929607,7.9533,36.006688,4.527264,738.0,500,10.493,36.006687999999976,36.86265001915061,.855962019150634,.023772,36.86265024762106,33.863635663400395,2.999014584220665,.083290,Sa 7. Mär 17:06:42 CET 2026
15,25.548011,1.24648041,7.9533,36.006688,4.527264,738.0,500,10.493,36.006687999999976,41.298479093332965,5.291791093332989,.146966,41.298480224842045,37.07938110247123,4.219099122370815,.117175,Sa 7. Mär 17:06:43 CET 2026
42,71.534433,3.49014528,7.9533,36.006688,4.527264,738.0,450,10.616,36.006687999999976,59.669422138316904,23.662734138316928,.657176,59.6694418656248,51.53362401474683,8.13581785087797,.225952,Sa 7. Mär 17:06:44 CET 2026
9,15.328807,.74788827,7.9533,36.006688,4.527264,738.0,500,10.493,36.006687999999976,38.84367426470782,2.836986264707844,.078790,38.84367479077453,35.32190043634055,3.52177435443398,.097808,Sa 7. Mär 17:06:45 CET 2026
33,56.205625,2.74225696,7.9533,36.006688,4.527264,738.0,450,10.616,36.006687999999976,53.06976351675723,17.063075516757254,.473886,53.06977325314654,46.157030505972855,6.912742747173685,.191984,Sa 7. Mär 17:06:46 CET 2026
36,61.315228,2.99155308,7.9533,36.006688,4.527264,738.0,450,10.616,36.006687999999976,55.43958432186595,19.432896321865974,.539702,55.439597197381616,47.778855161339926,7.660742036041690,.212758,Sa 7. Mär 17:06:47 CET 2026
12,20.438409,.99718434,7.9533,36.006688,4.527264,738.0,500,10.493,36.006687999999976,40.001443583606346,3.994755583606370,.110944,40.00144435456557,36.15941957223292,3.84202478233265,.106703,Sa 7. Mär 17:06:47 CET 2026
3,5.109602,.24929607,7.9533,36.006688,4.527264,738.0,500,10.534,36.006687999999976,36.86265001915061,.855962019150634,.023772,36.862650250523025,33.865307696898064,2.997342553624961,.083244,Sa 7. Mär 17:06:47 CET 2026
6,10.219204,.49859214,7.9533,36.006688,4.527264,738.0,500,10.493,36.006687999999976,37.8034081079042,1.796720107904224,.049899,37.80340845861085,34.55873065506085,3.24467780355000,.090113,Sa 7. Mär 17:06:48 CET 2026
39,66.424830,3.24084915,7.9533,36.006688,4.527264,738.0,450,10.616,36.006687999999976,57.66120379431657,21.654515794316594,.601402,57.66122008232846,49.36501901415307,8.29620106817539,.230407,Sa 7. Mär 17:06:48 CET 2026
0,0,0,7.9533,36.006688,4.527264,738.0,500,10.534,36.006687999999976,36.006687999999976,0,0,36.0066881469718,33.227348250199924,2.779339896771876,.077189,Sa 7. Mär 17:06:52 CET 2026
39,66.424830,3.24084915,7.9533,36.006688,4.527264,738.0,500,10.493,36.006687999999976,57.66120379431657,21.654515794316594,.601402,57.6612196626882,49.31653893712847,8.34468072555973,.231753,Sa 7. Mär 17:06:54 CET 2026
36,61.315228,2.99155308,7.9533,36.006688,4.527264,738.0,500,10.493,36.006687999999976,55.43958432186595,19.432896321865974,.539702,55.439596839594444,47.748160237285994,7.691436602308450,.213611,Sa 7. Mär 17:06:54 CET 2026
33,56.205625,2.74225696,7.9533,36.006688,4.527264,738.0,500,10.493,36.006687999999976,53.06976351675723,17.063075516757254,.473886,53.06977297411185,46.13373591782072,6.93603705629113,.192631,Sa 7. Mär 17:06:56 CET 2026
18,30.657614,1.49577654,7.9533,36.006688,4.527264,738.0,500,10.493,36.006687999999976,42.76030836773713,6.753620367737154,.187565,42.76031001078069,38.11898381900045,4.64132619178024,.128901,Sa 7. Mär 17:06:56 CET 2026
24,40.876818,1.99436868,7.9533,36.006688,4.527264,738.0,500,10.493,36.006687999999976,46.285914676262045,10.279226676262069,.285481,46.28591809444214,40.65200397405153,5.63391412039061,.156468,Sa 7. Mär 17:06:57 CET 2026
27,45.986421,2.24366481,7.9533,36.006688,4.527264,738.0,500,10.493,36.006687999999976,48.38225497189623,12.375566971896254,.343701,48.38225985683207,42.196196240016995,6.186063616815075,.171803,Sa 7. Mär 17:07:02 CET 2026
21,35.767216,1.74507261,7.9533,36.006688,4.527264,738.0,500,10.493,36.006687999999976,44.414639848057476,8.407951848057500,.233510,44.41464222802034,39.31794193454039,5.09670029347995,.141548,Sa 7. Mär 17:07:06 CET 2026
9,15.328807,.74788827,7.9533,36.006688,4.527264,738.0,500,10.534,36.006687999999976,38.84367426470782,2.836986264707844,.078790,38.84367479540302,35.32450251647499,3.51917227892803,.097736,Sa 7. Mär 17:07:11 CET 2026
18,30.657614,1.49577654,7.9533,36.006688,4.527264,738.0,500,10.534,36.006687999999976,42.76030836773713,6.753620367737154,.187565,42.76031002184411,38.12403215823349,4.63627786361062,.128761,Sa 7. Mär 17:07:11 CET 2026
6,10.219204,.49859214,7.9533,36.006688,4.527264,738.0,500,10.534,36.006687999999976,37.8034081079042,1.796720107904224,.049899,37.803408462429545,34.56075717450337,3.242651287926175,.090056,Sa 7. Mär 17:07:15 CET 2026
45,76.644035,3.73944135,7.9533,36.006688,4.527264,738.0,450,10.616,36.006687999999976,61.453565233087026,25.446877233087050,.706726,61.45358853265633,53.993592464935666,7.459996067720664,.207183,Sa 7. Mär 17:07:20 CET 2026
42,71.534433,3.49014528,7.9533,36.006688,4.527264,738.0,500,10.493,36.006687999999976,59.669422138316904,23.662734138316928,.657176,59.669441567689034,51.44935630000811,8.220085267680924,.228293,Sa 7. Mär 17:07:32 CET 2026
15,25.548011,1.24648041,7.9533,36.006688,4.527264,738.0,500,10.534,36.006687999999976,41.298479093332965,5.291791093332989,.146966,41.29848023711666,37.08342877952322,4.21505145759344,.117063,Sa 7. Mär 17:07:53 CET 2026
30,51.096023,2.49296088,7.9533,36.006688,4.527264,738.0,500,10.493,36.006687999999976,50.673117900603955,14.666429900603979,.407325,50.673124780120126,43.94786285493038,6.725261925189746,.186778,Sa 7. Mär 17:08:19 CET 2026
12,20.438409,.99718434,7.9533,36.006688,4.527264,738.0,500,10.534,36.006687999999976,40.001443583606346,3.994755583606370,.110944,40.00144435959581,36.16274663021492,3.83869772938089,.106610,Sa 7. Mär 17:08:29 CET 2026
45,76.644035,3.73944135,7.9533,36.006688,4.527264,738.0,500,10.493,36.006687999999976,61.453565233087026,25.446877233087050,.706726,61.45358811106263,53.93839262983468,7.51519548122795,.208716,Sa 7. Mär 17:09:40 CET 2026
6,10.219204,.49859214,7.9533,36.006688,4.527264,738.0,500,10.575,36.006687999999976,37.8034081079042,1.796720107904224,.049899,37.803408466118384,34.56283418845712,3.240574277661264,.089999,Sa 7. Mär 23:13:17 CET 2026
0,0,0,7.9533,36.006688,4.527264,738.0,500,10.575,36.006687999999976,36.006687999999976,0,0,36.00668814892883,33.22879427747503,2.77789387145380,.077149,Sa 7. Mär 23:13:18 CET 2026
15,25.548011,1.24648041,7.9533,36.006688,4.527264,738.0,500,10.575,36.006687999999976,41.298479093332965,5.291791093332989,.146966,41.298480248872956,37.087551906074516,4.210928342798440,.116948,Sa 7. Mär 23:13:18 CET 2026
24,40.876818,1.99436868,7.9533,36.006688,4.527264,738.0,500,10.534,36.006687999999976,46.285914676262045,10.279226676262069,.285481,46.28591812304639,40.660216963015785,5.625701160030605,.156240,Sa 7. Mär 23:13:21 CET 2026
3,5.109602,.24929607,7.9533,36.006688,4.527264,738.0,500,10.575,36.006687999999976,36.86265001915061,.855962019150634,.023772,36.86265025331263,33.86698830010284,2.99566195320979,.083197,Sa 7. Mär 23:13:21 CET 2026
21,35.767216,1.74507261,7.9533,36.006688,4.527264,738.0,500,10.534,36.006687999999976,44.414639848057476,8.407951848057500,.233510,44.414642247644004,39.32460303849621,5.090039209147794,.141363,Sa 7. Mär 23:13:25 CET 2026
39,66.424830,3.24084915,7.9533,36.006688,4.527264,738.0,500,10.534,36.006687999999976,57.66120379431657,21.654515794316594,.601402,57.66121980059059,49.334139879219464,8.327079921371126,.231264,Sa 7. Mär 23:13:25 CET 2026
18,30.657614,1.49577654,7.9533,36.006688,4.527264,738.0,500,10.575,36.006687999999976,42.76030836773713,6.753620367737154,.187565,42.76031003245221,38.12918160572446,4.63112842672775,.128618,Sa 7. Mär 23:13:26 CET 2026
24,40.876818,1.99436868,7.9533,36.006688,4.527264,738.0,500,10.575,36.006687999999976,46.285914676262045,10.279226676262069,.285481,46.28591815077779,40.66819975218798,5.61771839858981,.156018,Sa 7. Mär 23:13:27 CET 2026
12,20.438409,.99718434,7.9533,36.006688,4.527264,738.0,500,10.575,36.006687999999976,40.001443583606346,3.994755583606370,.110944,40.00144436438848,36.1661277755229,3.83531658886558,.106516,Sa 7. Mär 23:13:27 CET 2026
0,0,0,7.9533,36.006688,4.527264,738.0,500,10.616,36.006687999999976,36.006687999999976,0,0,36.00668815077541,33.23019284990306,2.77649530087235,.077110,Sa 7. Mär 23:13:27 CET 2026
30,51.096023,2.49296088,7.9533,36.006688,4.527264,738.0,500,10.534,36.006687999999976,50.673117900603955,14.666429900603979,.407325,50.67312482462823,43.96049367343455,6.71263115119368,.186427,Sa 7. Mär 23:13:28 CET 2026
6,10.219204,.49859214,7.9533,36.006688,4.527264,738.0,500,10.616,36.006687999999976,37.8034081079042,1.796720107904224,.049899,37.803408469605095,34.56487680096301,3.238531668642085,.089942,Sa 7. Mär 23:13:29 CET 2026
33,56.205625,2.74225696,7.9533,36.006688,4.527264,738.0,500,10.575,36.006687999999976,53.06976351675723,17.063075516757254,.473886,53.06977310872036,46.151750445245106,6.918022663475254,.192131,Sa 7. Mär 23:13:29 CET 2026
30,51.096023,2.49296088,7.9533,36.006688,4.527264,738.0,500,10.575,36.006687999999976,50.673117900603955,14.666429900603979,.407325,50.673124867647154,43.973130311648546,6.699994555998608,.186076,Sa 7. Mär 23:13:30 CET 2026
3,5.109602,.24929607,7.9533,36.006688,4.527264,738.0,500,10.616,36.006687999999976,36.86265001915061,.855962019150634,.023772,36.86265025596228,33.8686708380101,2.99397941795218,.083150,Sa 7. Mär 23:13:30 CET 2026
42,71.534433,3.49014528,7.9533,36.006688,4.527264,738.0,500,10.534,36.006687999999976,59.669422138316904,23.662734138316928,.657176,59.66944168104084,51.48628633518333,8.18315534585751,.227267,Sa 7. Mär 23:13:31 CET 2026
42,71.534433,3.49014528,7.9533,36.006688,4.527264,738.0,500,10.575,36.006687999999976,59.669422138316904,23.662734138316928,.657176,59.66944178917888,51.52305069663525,8.14639109254363,.226246,Sa 7. Mär 23:13:32 CET 2026
9,15.328807,.74788827,7.9533,36.006688,4.527264,738.0,500,10.575,36.006687999999976,38.84367426470782,2.836986264707844,.078790,38.843674799819134,35.3270916628771,3.516583136942034,.097664,Sa 7. Mär 23:13:33 CET 2026
36,61.315228,2.99155308,7.9533,36.006688,4.527264,738.0,500,10.575,36.006687999999976,55.43958432186595,19.432896321865974,.539702,55.43959705334942,47.76967317982903,7.66992387352039,.213013,Sa 7. Mär 23:13:40 CET 2026
27,45.986421,2.24366481,7.9533,36.006688,4.527264,738.0,500,10.534,36.006687999999976,48.38225497189623,12.375566971896254,.343701,48.3822598942473,42.205959351575494,6.176300542671806,.171532,Sa 7. Mär 23:13:41 CET 2026
45,76.644035,3.73944135,7.9533,36.006688,4.527264,738.0,500,10.534,36.006687999999976,61.453565233087026,25.446877233087050,.706726,61.45358828280632,53.98805708273797,7.46553120006835,.207337,Sa 7. Mär 23:13:41 CET 2026
39,66.424830,3.24084915,7.9533,36.006688,4.527264,738.0,500,10.575,36.006687999999976,57.66120379431657,21.654515794316594,.601402,57.66121993345225,49.35268857373905,8.30853135971320,.230749,Sa 7. Mär 23:13:46 CET 2026
33,56.205625,2.74225696,7.9533,36.006688,4.527264,738.0,500,10.534,36.006687999999976,53.06976351675723,17.063075516757254,.473886,53.06977302499815,46.14271266143597,6.92706036356218,.192382,Sa 7. Mär 23:13:49 CET 2026
27,45.986421,2.24366481,7.9533,36.006688,4.527264,738.0,500,10.575,36.006687999999976,48.38225497189623,12.375566971896254,.343701,48.38225993024984,42.21587400199141,6.16638592825843,.171256,Sa 7. Mär 23:13:53 CET 2026
36,61.315228,2.99155308,7.9533,36.006688,4.527264,738.0,500,10.534,36.006687999999976,55.43958432186595,19.432896321865974,.539702,55.43959694866402,47.758818480887,7.68077846777702,.213315,Sa 7. Mär 23:14:19 CET 2026
45,76.644035,3.73944135,7.9533,36.006688,4.527264,738.0,500,10.575,36.006687999999976,61.453565233087026,25.446877233087050,.706726,61.453588447537676,54.037704932799095,7.415883514738581,.205958,Sa 7. Mär 23:14:19 CET 2026
21,35.767216,1.74507261,7.9533,36.006688,4.527264,738.0,500,10.575,36.006687999999976,44.414639848057476,8.407951848057500,.233510,44.41464226617953,39.330930453719404,5.083711812460126,.141187,Sa 7. Mär 23:14:29 CET 2026
9,15.328807,.74788827,7.9533,36.006688,4.527264,738.0,500,10.616,36.006687999999976,38.84367426470782,2.836986264707844,.078790,38.84367480400319,35.32977271810274,3.51390208590045,.097590,So 8. Mär 00:09:17 CET 2026
6,10.219204,.49859214,7.9533,36.006688,4.527264,738.0,550,10.493,36.006687999999976,37.8034081079042,1.796720107904224,.049899,37.80340845811819,34.56121667482323,3.24219178329496,.090044,So 8. Mär 00:09:19 CET 2026
12,20.438409,.99718434,7.9533,36.006688,4.527264,738.0,550,10.493,36.006687999999976,40.001443583606346,3.994755583606370,.110944,40.00144435337594,36.15797738604369,3.84346696733225,.106743,So 8. Mär 00:09:21 CET 2026
15,25.548011,1.24648041,7.9533,36.006688,4.527264,738.0,500,10.616,36.006687999999976,41.298479093332965,5.291791093332989,.146966,41.29848026021652,37.09162004537589,4.20686021484063,.116835,So 8. Mär 00:09:23 CET 2026
18,30.657614,1.49577654,7.9533,36.006688,4.527264,738.0,500,10.616,36.006687999999976,42.76030836773713,6.753620367737154,.187565,42.76031004249442,38.13421430678915,4.62609573570527,.128478,So 8. Mär 00:09:23 CET 2026
3,5.109602,.24929607,7.9533,36.006688,4.527264,738.0,550,10.493,36.006687999999976,36.86265001915061,.855962019150634,.023772,36.86265024735102,33.8667741144343,2.99587613291672,.083203,So 8. Mär 00:09:24 CET 2026
24,40.876818,1.99436868,7.9533,36.006688,4.527264,738.0,500,10.616,36.006687999999976,46.285914676262045,10.279226676262069,.285481,46.28591817740971,40.67631372468053,5.60960445272918,.155793,So 8. Mär 00:09:24 CET 2026
15,25.548011,1.24648041,7.9533,36.006688,4.527264,738.0,550,10.493,36.006687999999976,41.298479093332965,5.291791093332989,.146966,41.29848022078298,37.07561225726019,4.22286796352279,.117280,So 8. Mär 00:09:26 CET 2026
0,0,0,7.9533,36.006688,4.527264,738.0,550,10.493,36.006687999999976,36.006687999999976,0,0,36.00668814477735,33.22981108273993,2.77687706203742,.077121,So 8. Mär 00:09:29 CET 2026
30,51.096023,2.49296088,7.9533,36.006688,4.527264,738.0,500,10.616,36.006687999999976,50.673117900603955,14.666429900603979,.407325,50.67312490827581,43.98583877808067,6.68728613019514,.185723,So 8. Mär 00:09:30 CET 2026
21,35.767216,1.74507261,7.9533,36.006688,4.527264,738.0,500,10.616,36.006687999999976,44.414639848057476,8.407951848057500,.233510,44.414642284073125,39.337376735418665,5.077265548654460,.141008,So 8. Mär 00:09:34 CET 2026
12,20.438409,.99718434,7.9533,36.006688,4.527264,738.0,500,10.616,36.006687999999976,40.001443583606346,3.994755583606370,.110944,40.00144436888645,36.169376871812,3.83206749707445,.106426,So 8. Mär 00:09:35 CET 2026
45,76.644035,3.73944135,7.9533,36.006688,4.527264,738.0,500,10.616,36.006687999999976,61.453565233087026,25.446877233087050,.706726,61.453588605700226,54.08761028943361,7.365978316266616,.204572,So 8. Mär 00:09:36 CET 2026
33,56.205625,2.74225696,7.9533,36.006688,4.527264,738.0,500,10.616,36.006687999999976,53.06976351675723,17.063075516757254,.473886,53.06977319352834,46.16081623527622,6.90895695825212,.191879,So 8. Mär 00:09:36 CET 2026
9,15.328807,.74788827,7.9533,36.006688,4.527264,738.0,550,10.493,36.006687999999976,38.84367426470782,2.836986264707844,.078790,38.84367478993795,35.3229874157842,3.52068737415375,.097778,So 8. Mär 00:09:36 CET 2026
18,30.657614,1.49577654,7.9533,36.006688,4.527264,738.0,550,10.493,36.006687999999976,42.76030836773713,6.753620367737154,.187565,42.760310006852315,38.116388689528875,4.643921317323440,.128973,So 8. Mär 00:09:36 CET 2026
21,35.767216,1.74507261,7.9533,36.006688,4.527264,738.0,550,10.493,36.006687999999976,44.414639848057476,8.407951848057500,.233510,44.41464221981334,39.31592414361177,5.09871807620157,.141604,So 8. Mär 00:09:38 CET 2026
27,45.986421,2.24366481,7.9533,36.006688,4.527264,738.0,500,10.616,36.006687999999976,48.38225497189623,12.375566971896254,.343701,48.38225996492542,42.22571679576598,6.15654316915944,.170983,So 8. Mär 00:09:42 CET 2026
33,56.205625,2.74225696,7.9533,36.006688,4.527264,738.0,550,10.493,36.006687999999976,53.06976351675723,17.063075516757254,.473886,53.069772974929876,46.13886743854723,6.930905536382646,.192489,So 8. Mär 00:09:42 CET 2026
36,61.315228,2.99155308,7.9533,36.006688,4.527264,738.0,500,10.616,36.006687999999976,55.43958432186595,19.432896321865974,.539702,55.43959715354446,47.78060177907762,7.65899537446684,.212710,So 8. Mär 00:09:54 CET 2026
30,51.096023,2.49296088,7.9533,36.006688,4.527264,738.0,550,10.493,36.006687999999976,50.673117900603955,14.666429900603979,.407325,50.67312476958023,43.93484133561726,6.73828343396297,.187139,So 8. Mär 00:09:57 CET 2026
39,66.424830,3.24084915,7.9533,36.006688,4.527264,738.0,500,10.616,36.006687999999976,57.66120379431657,21.654515794316594,.601402,57.66122006060852,49.37186255418864,8.28935750641988,.230217,So 8. Mär 00:09:58 CET 2026
24,40.876818,1.99436868,7.9533,36.006688,4.527264,738.0,550,10.493,36.006687999999976,46.285914676262045,10.279226676262069,.285481,46.2859180819766,40.648417864999075,5.637500216977525,.156568,So 8. Mär 00:09:58 CET 2026
42,71.534433,3.49014528,7.9533,36.006688,4.527264,738.0,500,10.616,36.006687999999976,59.669422138316904,23.662734138316928,.657176,59.66944189247248,51.559466134416844,8.109975758055636,.225235,So 8. Mär 00:10:09 CET 2026
27,45.986421,2.24366481,7.9533,36.006688,4.527264,738.0,550,10.493,36.006687999999976,48.38225497189623,12.375566971896254,.343701,48.382259842739515,42.19004748892089,6.192212353818625,.171973,So 8. Mär 00:10:13 CET 2026
42,71.534433,3.49014528,7.9533,36.006688,4.527264,738.0,550,10.493,36.006687999999976,59.669422138316904,23.662734138316928,.657176,59.669441639205985,51.47741205497451,8.192029584231475,.227514,So 8. Mär 00:10:44 CET 2026
36,61.315228,2.99155308,7.9533,36.006688,4.527264,738.0,550,10.493,36.006687999999976,55.43958432186595,19.432896321865974,.539702,55.43959684394136,47.75325903399775,7.68633780994361,.213469,So 8. Mär 00:10:48 CET 2026
39,66.424830,3.24084915,7.9533,36.006688,4.527264,738.0,550,10.493,36.006687999999976,57.66120379431657,21.654515794316594,.601402,57.66121970583843,49.32692158160657,8.33429812423186,.231465,So 8. Mär 00:12:14 CET 2026
0,0,0,7.9533,36.006688,4.527264,738.0,550,10.534,36.006687999999976,36.006687999999976,0,0,36.00668814682398,33.23108766558819,2.77560048123579,.077085,So 8. Mär 01:05:08 CET 2026
3,5.109602,.24929607,7.9533,36.006688,4.527264,738.0,550,10.534,36.006687999999976,36.86265001915061,.855962019150634,.023772,36.862650250268004,33.868417427572915,2.994232822695089,.083157,So 8. Mär 01:05:11 CET 2026
9,15.328807,.74788827,7.9533,36.006688,4.527264,738.0,550,10.534,36.006687999999976,38.84367426470782,2.836986264707844,.078790,38.84367479459165,35.325501287407185,3.518173507184465,.097708,So 8. Mär 01:05:12 CET 2026
15,25.548011,1.24648041,7.9533,36.006688,4.527264,738.0,550,10.534,36.006687999999976,41.298479093332965,5.291791093332989,.146966,41.29848023318593,37.07960674239743,4.21887349078850,.117169,So 8. Mär 01:05:12 CET 2026
0,0,0,7.9533,36.006688,4.527264,738.0,550,10.575,36.006687999999976,36.006687999999976,0,0,36.00668814877281,33.23244663857628,2.77424151019653,.077047,So 8. Mär 01:05:13 CET 2026
18,30.657614,1.49577654,7.9533,36.006688,4.527264,738.0,550,10.534,36.006687999999976,42.76030836773713,6.753620367737154,.187565,42.76031001804203,38.1213053231435,4.63900469489853,.128837,So 8. Mär 01:05:13 CET 2026
45,76.644035,3.73944135,7.9533,36.006688,4.527264,738.0,550,10.493,36.006687999999976,61.453565233087026,25.446877233087050,.706726,61.45358821929114,54.04295612694948,7.41063209234166,.205812,So 8. Mär 01:05:16 CET 2026
3,5.109602,.24929607,7.9533,36.006688,4.527264,738.0,550,10.575,36.006687999999976,36.86265001915061,.855962019150634,.023772,36.86265025306699,33.870029760077344,2.992620492989646,.083112,So 8. Mär 01:05:22 CET 2026
12,20.438409,.99718434,7.9533,36.006688,4.527264,738.0,550,10.534,36.006687999999976,40.001443583606346,3.994755583606370,.110944,40.00144435844612,36.16111120999087,3.84033314845525,.106656,So 8. Mär 01:05:25 CET 2026
45,76.644035,3.73944135,7.9533,36.006688,4.527264,738.0,550,10.534,36.006687999999976,61.453565233087026,25.446877233087050,.706726,61.45358839146246,54.095076452404676,7.358511939057784,.204365,So 8. Mär 01:05:27 CET 2026
6,10.219204,.49859214,7.9533,36.006688,4.527264,738.0,550,10.534,36.006687999999976,37.8034081079042,1.796720107904224,.049899,37.80340846194522,34.56323661990868,3.24017184203654,.089988,So 8. Mär 01:05:28 CET 2026
21,35.767216,1.74507261,7.9533,36.006688,4.527264,738.0,550,10.534,36.006687999999976,44.414639848057476,8.407951848057500,.233510,44.414642239542,39.32217558292299,5.09246665661901,.141431,So 8. Mär 01:05:28 CET 2026
30,51.096023,2.49296088,7.9533,36.006688,4.527264,738.0,550,10.534,36.006687999999976,50.673117900603955,14.666429900603979,.407325,50.67312481488424,43.947324211708384,6.725800603175856,.186793,So 8. Mär 01:05:32 CET 2026
27,45.986421,2.24366481,7.9533,36.006688,4.527264,738.0,550,10.534,36.006687999999976,48.38225497189623,12.375566971896254,.343701,48.38225988050268,42.19987901680455,6.18238086369813,.171700,So 8. Mär 01:05:32 CET 2026
36,61.315228,2.99155308,7.9533,36.006688,4.527264,738.0,550,10.534,36.006687999999976,55.43958432186595,19.432896321865974,.539702,55.43959695338601,47.764153555617185,7.675443397768825,.213167,So 8. Mär 01:05:36 CET 2026
24,40.876818,1.99436868,7.9533,36.006688,4.527264,738.0,550,10.534,36.006687999999976,46.285914676262045,10.279226676262069,.285481,46.28591811115216,40.65652067977845,5.62939743137371,.156343,So 8. Mär 01:05:38 CET 2026
6,10.219204,.49859214,7.9533,36.006688,4.527264,738.0,550,10.575,36.006687999999976,37.8034081079042,1.796720107904224,.049899,37.803408465650705,34.56527336609874,3.238135099551965,.089931,So 8. Mär 01:05:38 CET 2026
15,25.548011,1.24648041,7.9533,36.006688,4.527264,738.0,550,10.575,36.006687999999976,41.298479093332965,5.291791093332989,.146966,41.29848024501027,37.08365029074637,4.21482995426390,.117056,So 8. Mär 01:05:49 CET 2026
21,35.767216,1.74507261,7.9533,36.006688,4.527264,738.0,550,10.575,36.006687999999976,44.414639848057476,8.407951848057500,.233510,44.41464225850196,39.328616623779034,5.086025634722926,.141252,So 8. Mär 01:05:50 CET 2026
18,30.657614,1.49577654,7.9533,36.006688,4.527264,738.0,550,10.575,36.006687999999976,42.76030836773713,6.753620367737154,.187565,42.76031002868762,38.1263413397588,4.63396868892882,.128697,So 8. Mär 01:05:52 CET 2026
33,56.205625,2.74225696,7.9533,36.006688,4.527264,738.0,550,10.534,36.006687999999976,53.06976351675723,17.063075516757254,.473886,53.06977302659948,46.147677948086624,6.922095078512856,.192244,So 8. Mär 01:05:57 CET 2026
9,15.328807,.74788827,7.9533,36.006688,4.527264,738.0,550,10.575,36.006687999999976,38.84367426470782,2.836986264707844,.078790,38.84367479903412,35.328087462966074,3.515587336068046,.097637,So 8. Mär 01:06:07 CET 2026
42,71.534433,3.49014528,7.9533,36.006688,4.527264,738.0,550,10.534,36.006687999999976,59.669422138316904,23.662734138316928,.657176,59.669441753171704,51.51474620767499,8.154695545496714,.226477,So 8. Mär 01:06:17 CET 2026
39,66.424830,3.24084915,7.9533,36.006688,4.527264,738.0,550,10.534,36.006687999999976,57.66120379431657,21.654515794316594,.601402,57.661219833169135,49.34561163681393,8.315608196355205,.230946,So 8. Mär 01:06:25 CET 2026
12,20.438409,.99718434,7.9533,36.006688,4.527264,738.0,550,10.575,36.006687999999976,40.001443583606346,3.994755583606370,.110944,40.00144436328611,36.16431571790116,3.83712864538495,.106567,So 8. Mär 01:07:02 CET 2026
27,45.986421,2.24366481,7.9533,36.006688,4.527264,738.0,550,10.575,36.006687999999976,48.38225497189623,12.375566971896254,.343701,48.38225991699474,42.20980856426823,6.17245135272651,.171425,So 8. Mär 01:07:33 CET 2026
24,40.876818,1.99436868,7.9533,36.006688,4.527264,738.0,550,10.575,36.006687999999976,46.285914676262045,10.279226676262069,.285481,46.28591813911359,40.66453653466915,5.62138160444444,.156120,So 8. Mär 01:07:56 CET 2026
30,51.096023,2.49296088,7.9533,36.006688,4.527264,738.0,550,10.575,36.006687999999976,50.673117900603955,14.666429900603979,.407325,50.673124858210166,43.96033865720921,6.712786201000956,.186431,So 8. Mär 01:10:03 CET 2026
0,0,0,7.9533,36.006688,4.527264,738.0,550,10.616,36.006687999999976,36.006687999999976,0,0,36.0066881506272,33.23376871346078,2.77291943716642,.077011,So 8. Mär 02:01:00 CET 2026
6,10.219204,.49859214,7.9533,36.006688,4.527264,738.0,550,10.616,36.006687999999976,37.8034081079042,1.796720107904224,.049899,37.80340846915976,34.56728149189185,3.23612697726791,.089875,So 8. Mär 02:01:06 CET 2026
3,5.109602,.24929607,7.9533,36.006688,4.527264,738.0,550,10.616,36.006687999999976,36.86265001915061,.855962019150634,.023772,36.862650255722095,33.87163036012179,2.991019895600305,.083068,So 8. Mär 02:01:08 CET 2026
36,61.315228,2.99155308,7.9533,36.006688,4.527264,738.0,550,10.575,36.006687999999976,55.43958432186595,19.432896321865974,.539702,55.439597058576986,47.77519796414919,7.664399094427796,.212860,So 8. Mär 02:01:10 CET 2026
18,30.657614,1.49577654,7.9533,36.006688,4.527264,738.0,550,10.616,36.006687999999976,42.76030836773713,6.753620367737154,.187565,42.76031003885857,38.13127112670068,4.62903891215789,.128560,So 8. Mär 02:01:21 CET 2026
42,71.534433,3.49014528,7.9533,36.006688,4.527264,738.0,550,10.575,36.006687999999976,59.669422138316904,23.662734138316928,.657176,59.66944186223876,51.5517329115069,8.11770895073186,.225450,So 8. Mär 02:01:23 CET 2026
33,56.205625,2.74225696,7.9533,36.006688,4.527264,738.0,550,10.575,36.006687999999976,53.06976351675723,17.063075516757254,.473886,53.06977309381213,46.156836788313484,6.912936305498646,.191990,So 8. Mär 02:01:23 CET 2026
12,20.438409,.99718434,7.9533,36.006688,4.527264,738.0,550,10.616,36.006687999999976,40.001443583606346,3.994755583606370,.110944,40.00144436784804,36.16753808571421,3.83390628213383,.106477,So 8. Mär 02:01:25 CET 2026
9,15.328807,.74788827,7.9533,36.006688,4.527264,738.0,550,10.616,36.006687999999976,38.84367426470782,2.836986264707844,.078790,38.843674803257386,35.33063332664903,3.513041476608356,.097566,So 8. Mär 02:01:25 CET 2026
45,76.644035,3.73944135,7.9533,36.006688,4.527264,738.0,550,10.575,36.006687999999976,61.453565233087026,25.446877233087050,.706726,61.453588556879076,54.14708485251987,7.306503704359206,.202920,So 8. Mär 02:01:26 CET 2026
24,40.876818,1.99436868,7.9533,36.006688,4.527264,738.0,550,10.616,36.006687999999976,46.285914676262045,10.279226676262069,.285481,46.28591816604675,40.67257210461536,5.61334606143139,.155897,So 8. Mär 02:01:26 CET 2026
30,51.096023,2.49296088,7.9533,36.006688,4.527264,738.0,550,10.616,36.006687999999976,50.673117900603955,14.666429900603979,.407325,50.673124899662106,43.97399991792937,6.699124981732736,.186052,So 8. Mär 02:01:28 CET 2026
39,66.424830,3.24084915,7.9533,36.006688,4.527264,738.0,550,10.575,36.006687999999976,57.66120379431657,21.654515794316594,.601402,57.66121996684089,49.36497844473197,8.29624152210892,.230408,So 8. Mär 02:01:30 CET 2026
15,25.548011,1.24648041,7.9533,36.006688,4.527264,738.0,550,10.616,36.006687999999976,41.298479093332965,5.291791093332989,.146966,41.29848025646161,37.08765449208463,4.21082576437698,.116945,So 8. Mär 02:01:35 CET 2026
21,35.767216,1.74507261,7.9533,36.006688,4.527264,738.0,550,10.616,36.006687999999976,44.414639848057476,8.407951848057500,.233510,44.414642276605356,39.3350738547156,5.079568421889756,.141072,So 8. Mär 02:01:38 CET 2026
39,66.424830,3.24084915,7.9533,36.006688,4.527264,738.0,550,10.616,36.006687999999976,57.66120379431657,21.654515794316594,.601402,57.66122009548481,49.384681401411996,8.276538694072814,.229861,So 8. Mär 02:01:55 CET 2026
27,45.986421,2.24366481,7.9533,36.006688,4.527264,738.0,550,10.616,36.006687999999976,48.38225497189623,12.375566971896254,.343701,48.382259952017456,42.219666421617084,6.162593530400372,.171151,So 8. Mär 02:01:58 CET 2026
45,76.644035,3.73944135,7.9533,36.006688,4.527264,738.0,550,10.616,36.006687999999976,61.453565233087026,25.446877233087050,.706726,61.45358871551925,54.19913728747331,7.25445142804594,.201475,So 8. Mär 02:01:59 CET 2026
0,0,0,9.0267,39.177584,4.340189,738.0,450,10.493,39.17758400000002,39.17758400000002,0,0,39.17758459792345,35.54468174289925,3.63290285502420,.092729,So 8. Mär 02:02:14 CET 2026
36,61.315228,2.99155308,7.9533,36.006688,4.527264,738.0,550,10.616,36.006687999999976,55.43958432186595,19.432896321865974,.539702,55.439597160416895,47.78600871685061,7.653588443566285,.212560,So 8. Mär 02:02:15 CET 2026
3,4.696050,.24929607,9.0267,39.177584,4.340189,738.0,450,10.493,39.17758400000002,40.10892552652054,.93134152652052,.023772,40.10892633712759,36.2166182117883,3.89230812533929,.099350,So 8. Mär 02:02:24 CET 2026
33,56.205625,2.74225696,7.9533,36.006688,4.527264,738.0,550,10.616,36.006687999999976,53.06976351675723,17.063075516757254,.473886,53.06977317905082,46.1657025394769,6.90407063957392,.191744,So 8. Mär 02:02:25 CET 2026
42,71.534433,3.49014528,7.9533,36.006688,4.527264,738.0,550,10.616,36.006687999999976,59.669422138316904,23.662734138316928,.657176,59.66944196660715,51.58862088819375,8.08082107841340,.224425,So 8. Mär 02:02:25 CET 2026
9,14.088150,.74788822,9.0267,39.177584,4.340189,738.0,450,10.493,39.17758400000002,42.264407343700256,3.086823343700236,.078790,42.264408787313485,37.751635627836436,4.512773159477049,.115187,So 8. Mär 02:02:39 CET 2026
6,9.392100,.49859215,9.0267,39.177584,4.340189,738.0,450,10.493,39.17758400000002,41.13252994342984,1.95494594342982,.049899,41.13253103046918,36.94464650867737,4.18788452179181,.106894,So 8. Mär 02:03:10 CET 2026
12,18.784201,.99718435,9.0267,39.177584,4.340189,738.0,450,10.493,39.17758400000002,43.52413430981063,4.34655030981061,.110944,43.52413627348386,38.665825567556766,4.858310705927094,.124007,So 8. Mär 02:05:22 CET 2026
15,23.480251,1.24648042,9.0267,39.177584,4.340189,738.0,450,10.493,39.17758400000002,44.93539072123375,5.75780672123373,.146966,44.93539333269639,39.68096286110631,5.25443047159008,.134118,So 8. Mär 02:05:42 CET 2026
18,28.176301,1.49577650,9.0267,39.177584,4.340189,738.0,450,10.493,39.17758400000002,46.52595489629347,7.34837089629345,.187565,46.52595836215303,40.80735736143722,5.71860100071581,.145966,So 8. Mär 02:08:33 CET 2026
21,32.872352,1.74507263,9.0267,39.177584,4.340189,738.0,450,10.493,39.17758400000002,48.32597027448267,9.14838627448265,.233510,48.32597487255378,42.14485929069821,6.18111558185557,.157771,So 8. Mär 02:57:46 CET 2026
24,37.568402,1.99436870,9.0267,39.177584,4.340189,738.0,450,10.493,39.17758400000002,50.36204203021083,11.18445803021081,.285481,50.362048190569375,43.6940106178583,6.668037572711075,.170200,So 8. Mär 02:57:55 CET 2026
3,4.696050,.24929607,9.0267,39.177584,4.340189,738.0,450,10.534,39.17758400000002,40.10892552652054,.93134152652052,.023772,40.108926343462834,36.220048537022286,3.888877806440548,.099262,So 8. Mär 02:57:56 CET 2026
0,0,0,9.0267,39.177584,4.340189,738.0,450,10.534,39.17758400000002,39.17758400000002,0,0,39.17758460269468,35.54744962266798,3.63013498002670,.092658,So 8. Mär 02:57:59 CET 2026
6,9.392100,.49859215,9.0267,39.177584,4.340189,738.0,450,10.534,39.17758400000002,41.13252994342984,1.95494594342982,.049899,41.132531038258236,36.94869206806671,4.183838970191526,.106791,So 8. Mär 02:58:00 CET 2026
27,42.264452,2.24366478,9.0267,39.177584,4.340189,738.0,450,10.493,39.17758400000002,52.64298931104042,13.46540531104040,.343701,52.64299752297171,45.806982994392364,6.836014528579346,.174487,So 8. Mär 02:58:03 CET 2026
12,18.784201,.99718435,9.0267,39.177584,4.340189,738.0,450,10.534,39.17758400000002,43.52413430981063,4.34655030981061,.110944,43.52413629331383,38.671537738092695,4.852598555221135,.123861,So 8. Mär 02:58:04 CET 2026
9,14.088150,.74788822,9.0267,39.177584,4.340189,738.0,450,10.534,39.17758400000002,42.264407343700256,3.086823343700236,.078790,42.264408796048826,37.75639658898029,4.508012207068536,.115066,So 8. Mär 02:58:05 CET 2026
30,46.960503,2.49296091,9.0267,39.177584,4.340189,738.0,450,10.493,39.17758400000002,55.13559380754688,15.95800980754686,.407325,55.13560473846717,47.51159045652546,7.62401428194171,.194601,So 8. Mär 02:58:06 CET 2026
33,51.656553,2.74225698,9.0267,39.177584,4.340189,738.0,450,10.493,39.17758400000002,57.743306527327334,18.565722527327314,.473886,57.743320775946614,49.322787104082074,8.420533671864540,.214932,So 8. Mär 02:58:07 CET 2026
15,23.480251,1.24648042,9.0267,39.177584,4.340189,738.0,450,10.534,39.17758400000002,44.93539072123375,5.75780672123373,.146966,44.93539335188366,39.6880555007899,5.24733785109376,.133937,So 8. Mär 02:58:12 CET 2026
36,56.352603,2.99155306,9.0267,39.177584,4.340189,738.0,450,10.493,39.17758400000002,60.3218129282668,21.14422892826678,.539702,60.32183094946729,52.165930393884075,8.155900555583215,.208177,So 8. Mär 02:58:22 CET 2026
39,61.048654,3.24084919,9.0267,39.177584,4.340189,738.0,450,10.493,39.17758400000002,62.739101028028855,23.561517028028835,.601403,62.73912308155078,55.87386820062575,6.86525488092503,.175234,So 8. Mär 02:58:23 CET 2026
21,32.872352,1.74507263,9.0267,39.177584,4.340189,738.0,450,10.534,39.17758400000002,48.32597027448267,9.14838627448265,.233510,48.32597491127551,42.15500463338488,6.17097027789063,.157512,So 8. Mär 02:58:24 CET 2026
18,28.176301,1.49577650,9.0267,39.177584,4.340189,738.0,450,10.534,39.17758400000002,46.52595489629347,7.34837089629345,.187565,46.52595839519878,40.81590953229376,5.71004886290502,.145747,So 8. Mär 02:58:28 CET 2026
30,46.960503,2.49296091,9.0267,39.177584,4.340189,738.0,450,10.534,39.17758400000002,55.13559380754688,15.95800980754686,.407325,55.13560483048458,47.52210171777646,7.61350311270812,.194333,So 8. Mär 02:58:29 CET 2026
42,65.744704,3.49014526,9.0267,39.177584,4.340189,738.0,450,10.493,39.17758400000002,64.92415398920627,25.74656998920625,.657176,64.9241800992419,59.77241355748515,5.15176654175675,.131497,So 8. Mär 02:58:35 CET 2026
27,42.264452,2.24366478,9.0267,39.177584,4.340189,738.0,450,10.534,39.17758400000002,52.64298931104042,13.46540531104040,.343701,52.64299760061985,45.82937417562464,6.81362342499521,.173916,So 8. Mär 02:58:35 CET 2026
24,37.568402,1.99436870,9.0267,39.177584,4.340189,738.0,450,10.534,39.17758400000002,50.36204203021083,11.18445803021081,.285481,50.3620482269429,43.70635861785818,6.65568960908472,.169885,So 8. Mär 02:58:51 CET 2026
45,70.440754,3.73944134,9.0267,39.177584,4.340189,738.0,450,10.493,39.17758400000002,66.8654115430549,27.68782754305488,.706726,66.86544164425223,62.606454236660696,4.258987407591534,.108709,So 8. Mär 02:59:03 CET 2026
33,51.656553,2.74225698,9.0267,39.177584,4.340189,738.0,450,10.534,39.17758400000002,57.743306527327334,18.565722527327314,.473886,57.74332087951238,49.339565402402734,8.403755477109646,.214504,So 8. Mär 02:59:22 CET 2026
39,61.048654,3.24084919,9.0267,39.177584,4.340189,738.0,450,10.534,39.17758400000002,62.739101028028855,23.561517028028835,.601403,62.739123226341455,55.93269411349884,6.806429112842615,.173732,So 8. Mär 02:59:32 CET 2026
36,56.352603,2.99155306,9.0267,39.177584,4.340189,738.0,450,10.534,39.17758400000002,60.3218129282668,21.14422892826678,.539702,60.321831067680684,52.205731699336084,8.116099368344600,.207161,So 8. Mär 02:59:58 CET 2026
42,65.744704,3.49014526,9.0267,39.177584,4.340189,738.0,450,10.534,39.17758400000002,64.92415398920627,25.74656998920625,.657176,64.92418029007382,59.816822209882005,5.107358080191815,.130364,So 8. Mär 03:01:40 CET 2026
45,70.440754,3.73944134,9.0267,39.177584,4.340189,738.0,450,10.534,39.17758400000002,66.8654115430549,27.68782754305488,.706726,66.86544181296773,62.63290128348322,4.23254052948451,.108034,So 8. Mär 03:02:29 CET 2026
0,0,0,9.0267,39.177584,4.340189,738.0,450,10.575,39.17758400000002,39.17758400000002,0,0,39.17758460723749,35.55026884632118,3.62731576091631,.092586,So 8. Mär 03:02:47 CET 2026
3,4.696050,.24929607,9.0267,39.177584,4.340189,738.0,450,10.575,39.17758400000002,40.10892552652054,.93134152652052,.023772,40.10892634950001,36.22341057332472,3.88551577617529,.099177,So 8. Mär 03:03:04 CET 2026
6,9.392100,.49859215,9.0267,39.177584,4.340189,738.0,450,10.575,39.17758400000002,41.13252994342984,1.95494594342982,.049899,41.13253104563136,36.95278551760842,4.17974552802294,.106687,So 8. Mär 03:05:45 CET 2026
12,18.784201,.99718435,9.0267,39.177584,4.340189,738.0,450,10.575,39.17758400000002,43.52413430981063,4.34655030981061,.110944,43.52413631264565,38.6771877725395,4.84694854010615,.123717,So 8. Mär 03:54:31 CET 2026
18,28.176301,1.49577650,9.0267,39.177584,4.340189,738.0,450,10.575,39.17758400000002,46.52595489629347,7.34837089629345,.187565,46.525958426975,40.82434483612401,5.70161359085099,.145532,So 8. Mär 03:54:32 CET 2026
0,0,0,9.0267,39.177584,4.340189,738.0,450,10.616,39.17758400000002,39.17758400000002,0,0,39.17758461151006,35.55311876260624,3.62446584890382,.092513,So 8. Mär 03:54:33 CET 2026
15,23.480251,1.24648042,9.0267,39.177584,4.340189,738.0,450,10.575,39.17758400000002,44.93539072123375,5.75780672123373,.146966,44.935393370253216,39.695201512958164,5.240191857295052,.133754,So 8. Mär 03:54:33 CET 2026
9,14.088150,.74788822,9.0267,39.177584,4.340189,738.0,450,10.575,39.17758400000002,42.264407343700256,3.086823343700236,.078790,42.26440881461768,37.76128283117593,4.50312598344175,.114941,So 8. Mär 03:54:34 CET 2026
27,42.264452,2.24366478,9.0267,39.177584,4.340189,738.0,450,10.575,39.17758400000002,52.64298931104042,13.46540531104040,.343701,52.642997677040476,45.851295974789345,6.791701702251131,.173356,So 8. Mär 03:54:40 CET 2026
33,51.656553,2.74225698,9.0267,39.177584,4.340189,738.0,450,10.575,39.17758400000002,57.743306527327334,18.565722527327314,.473886,57.74332097831572,49.35693383413462,8.38638714418110,.214060,So 8. Mär 03:54:49 CET 2026
30,46.960503,2.49296091,9.0267,39.177584,4.340189,738.0,450,10.575,39.17758400000002,55.13559380754688,15.95800980754686,.407325,55.135604918764905,47.532576598548424,7.603028320216481,.194065,So 8. Mär 03:54:51 CET 2026
21,32.872352,1.74507263,9.0267,39.177584,4.340189,738.0,450,10.575,39.17758400000002,48.32597027448267,9.14838627448265,.233510,48.32597495791726,42.16497093697718,6.16100402094008,.157258,So 8. Mär 03:54:56 CET 2026
6,9.392100,.49859215,9.0267,39.177584,4.340189,738.0,450,10.616,39.17758400000002,41.13252994342984,1.95494594342982,.049899,41.13253105258891,36.95694269342777,4.17558835916114,.106581,So 8. Mär 03:55:05 CET 2026
9,14.088150,.74788822,9.0267,39.177584,4.340189,738.0,450,10.616,39.17758400000002,42.264407343700256,3.086823343700236,.078790,42.26440883246074,37.76613609822945,4.49827273423129,.114817,So 8. Mär 03:55:05 CET 2026
36,56.352603,2.99155306,9.0267,39.177584,4.340189,738.0,450,10.575,39.17758400000002,60.3218129282668,21.14422892826678,.539702,60.32183118063213,52.245205414586486,8.076625766045644,.206154,So 8. Mär 03:55:06 CET 2026
24,37.568402,1.99436870,9.0267,39.177584,4.340189,738.0,450,10.575,39.17758400000002,50.36204203021083,11.18445803021081,.285481,50.36204827899021,43.71883953172843,6.64320874726178,.169566,So 8. Mär 03:55:07 CET 2026
12,18.784201,.99718435,9.0267,39.177584,4.340189,738.0,450,10.616,39.17758400000002,43.52413430981063,4.34655030981061,.110944,43.52413633131193,38.68292873411403,4.84120759719790,.123570,So 8. Mär 03:55:11 CET 2026
21,32.872352,1.74507263,9.0267,39.177584,4.340189,738.0,450,10.616,39.17758400000002,48.32597027448267,9.14838627448265,.233510,48.32597500378286,42.17496281060711,6.15101219317575,.157003,So 8. Mär 03:55:25 CET 2026
3,4.696050,.24929607,9.0267,39.177584,4.340189,738.0,450,10.616,39.17758400000002,40.10892552652054,.93134152652052,.023772,40.10892635520214,36.22682286698277,3.88210348821937,.099089,So 8. Mär 03:55:26 CET 2026
15,23.480251,1.24648042,9.0267,39.177584,4.340189,738.0,450,10.616,39.17758400000002,44.93539072123375,5.75780672123373,.146966,44.935393387782206,39.70233389500628,5.233059492775926,.133572,So 8. Mär 03:55:33 CET 2026
18,28.176301,1.49577650,9.0267,39.177584,4.340189,738.0,450,10.616,39.17758400000002,46.52595489629347,7.34837089629345,.187565,46.525958457734525,40.83269997997289,5.693258477761635,.145319,So 8. Mär 03:55:43 CET 2026
42,65.744704,3.49014526,9.0267,39.177584,4.340189,738.0,450,10.575,39.17758400000002,64.92415398920627,25.74656998920625,.657176,64.92418047349011,59.86068109399911,5.06349937949100,.129244,So 8. Mär 03:55:44 CET 2026
39,61.048654,3.24084919,9.0267,39.177584,4.340189,738.0,450,10.575,39.17758400000002,62.739101028028855,23.561517028028835,.601403,62.73912336403029,55.991432124839605,6.747691239190685,.172233,So 8. Mär 03:55:46 CET 2026
24,37.568402,1.99436870,9.0267,39.177584,4.340189,738.0,450,10.616,39.17758400000002,50.36204203021083,11.18445803021081,.285481,50.36204833955617,43.730869185041094,6.631179154515076,.169259,So 8. Mär 03:56:15 CET 2026
27,42.264452,2.24366478,9.0267,39.177584,4.340189,738.0,450,10.616,39.17758400000002,52.64298931104042,13.46540531104040,.343701,52.64299775179202,45.86658699581839,6.77641075597363,.172966,So 8. Mär 03:56:18 CET 2026
45,70.440754,3.73944134,9.0267,39.177584,4.340189,738.0,450,10.575,39.17758400000002,66.8654115430549,27.68782754305488,.706726,66.86544197322341,62.658610966625645,4.206831006597765,.107378,So 8. Mär 03:56:18 CET 2026
30,46.960503,2.49296091,9.0267,39.177584,4.340189,738.0,450,10.616,39.17758400000002,55.13559380754688,15.95800980754686,.407325,55.13560500390465,47.54323442901475,7.59237057488990,.193793,So 8. Mär 03:59:49 CET 2026
33,51.656553,2.74225698,9.0267,39.177584,4.340189,738.0,450,10.616,39.17758400000002,57.743306527327334,18.565722527327314,.473886,57.74332107246671,49.375461070094104,8.367860002372606,.213587,So 8. Mär 04:00:42 CET 2026
36,56.352603,2.99155306,9.0267,39.177584,4.340189,738.0,450,10.616,39.17758400000002,60.3218129282668,21.14422892826678,.539702,60.32183128794356,52.28449889361373,8.03733239432983,.205151,So 8. Mär 04:01:05 CET 2026
39,61.048654,3.24084919,9.0267,39.177584,4.340189,738.0,450,10.616,39.17758400000002,62.739101028028855,23.561517028028835,.601403,62.73912349638755,56.05020955698975,6.68891393939780,.170733,So 8. Mär 04:01:34 CET 2026
42,65.744704,3.49014526,9.0267,39.177584,4.340189,738.0,450,10.616,39.17758400000002,64.92415398920627,25.74656998920625,.657176,64.92418064673228,59.90379640768641,5.02038423904587,.128144,So 8. Mär 04:03:05 CET 2026
3,4.696050,.24929607,9.0267,39.177584,4.340189,738.0,500,10.493,39.17758400000002,40.10892552652054,.93134152652052,.023772,40.10892633109638,36.21398262881671,3.89494370227967,.099417,So 8. Mär 04:50:56 CET 2026
0,0,0,9.0267,39.177584,4.340189,738.0,500,10.493,39.17758400000002,39.17758400000002,0,0,39.17758459468927,35.54435233230973,3.63323226237954,.092737,So 8. Mär 04:50:57 CET 2026
6,9.392100,.49859215,9.0267,39.177584,4.340189,738.0,500,10.493,39.17758400000002,41.13252994342984,1.95494594342982,.049899,41.13253102131365,36.93875928229906,4.19377173901459,.107045,So 8. Mär 04:51:06 CET 2026
12,18.784201,.99718435,9.0267,39.177584,4.340189,738.0,500,10.493,39.17758400000002,43.52413430981063,4.34655030981061,.110944,43.52413624200417,38.654532988336264,4.869603253667906,.124295,So 8. Mär 04:51:10 CET 2026
18,28.176301,1.49577650,9.0267,39.177584,4.340189,738.0,500,10.493,39.17758400000002,46.52595489629347,7.34837089629345,.187565,46.52595830250796,40.78606884066478,5.73988946184318,.146509,So 8. Mär 04:51:12 CET 2026
30,46.960503,2.49296091,9.0267,39.177584,4.340189,738.0,500,10.493,39.17758400000002,55.13559380754688,15.95800980754686,.407325,55.1356045919657,47.507048722164164,7.628555869801536,.194717,So 8. Mär 04:51:17 CET 2026
27,42.264452,2.24366478,9.0267,39.177584,4.340189,738.0,500,10.493,39.17758400000002,52.64298931104042,13.46540531104040,.343701,52.64299744314395,45.83611918617496,6.80687825696899,.173744,So 8. Mär 04:51:21 CET 2026
9,14.088150,.74788822,9.0267,39.177584,4.340189,738.0,500,10.493,39.17758400000002,42.264407343700256,3.086823343700236,.078790,42.26440877504616,37.74322205425568,4.52118672079048,.115402,So 8. Mär 04:51:21 CET 2026
24,37.568402,1.99436870,9.0267,39.177584,4.340189,738.0,500,10.493,39.17758400000002,50.36204203021083,11.18445803021081,.285481,50.36204812100894,43.671174149286706,6.690873971722234,.170783,So 8. Mär 04:51:21 CET 2026
33,51.656553,2.74225698,9.0267,39.177584,4.340189,738.0,500,10.493,39.17758400000002,57.743306527327334,18.565722527327314,.473886,57.74332064652157,49.31595252959516,8.42736811692641,.215106,So 8. Mär 04:51:23 CET 2026
3,4.696050,.24929607,9.0267,39.177584,4.340189,738.0,500,10.534,39.17758400000002,40.10892552652054,.93134152652052,.023772,40.10892633765286,36.217360200561615,3.891566137091245,.099331,So 8. Mär 04:51:23 CET 2026
15,23.480251,1.24648042,9.0267,39.177584,4.340189,738.0,500,10.493,39.17758400000002,44.93539072123375,5.75780672123373,.146966,44.93539329930432,39.66670382631404,5.26868947299028,.134482,So 8. Mär 04:51:25 CET 2026
0,0,0,9.0267,39.177584,4.340189,738.0,500,10.534,39.17758400000002,39.17758400000002,0,0,39.17758459961215,35.5472567920118,3.63032780760035,.092663,So 8. Mär 04:51:27 CET 2026
21,32.872352,1.74507263,9.0267,39.177584,4.340189,738.0,500,10.493,39.17758400000002,48.32597027448267,9.14838627448265,.233510,48.32597482110876,42.12155173394658,6.20442308716218,.158366,So 8. Mär 04:51:29 CET 2026
45,70.440754,3.73944134,9.0267,39.177584,4.340189,738.0,450,10.616,39.17758400000002,66.8654115430549,27.68782754305488,.706726,66.86544218176522,62.683668826692426,4.181773355072794,.106738,So 8. Mär 04:51:36 CET 2026
39,61.048654,3.24084919,9.0267,39.177584,4.340189,738.0,500,10.493,39.17758400000002,62.739101028028855,23.561517028028835,.601403,62.73912302942372,56.01512771833265,6.72399531109107,.171628,So 8. Mär 04:51:47 CET 2026
36,56.352603,2.99155306,9.0267,39.177584,4.340189,738.0,500,10.493,39.17758400000002,60.3218129282668,21.14422892826678,.539702,60.321830855029965,52.189241811318645,8.132589043711320,.207582,So 8. Mär 04:51:50 CET 2026
6,9.392100,.49859215,9.0267,39.177584,4.340189,738.0,500,10.534,39.17758400000002,41.13252994342984,1.95494594342982,.049899,41.13253102935777,36.942723920947444,4.189807108410326,.106943,So 8. Mär 04:51:56 CET 2026
9,14.088150,.74788822,9.0267,39.177584,4.340189,738.0,500,10.534,39.17758400000002,42.264407343700256,3.086823343700236,.078790,42.264408784037634,37.74800626509072,4.516402518946914,.115280,So 8. Mär 04:52:01 CET 2026
42,65.744704,3.49014526,9.0267,39.177584,4.340189,738.0,500,10.493,39.17758400000002,64.92415398920627,25.74656998920625,.657176,64.92418008296302,59.89873637735432,5.02544370560870,.128273,So 8. Mär 04:52:11 CET 2026
15,23.480251,1.24648042,9.0267,39.177584,4.340189,738.0,500,10.534,39.17758400000002,44.93539072123375,5.75780672123373,.146966,44.935393319191526,39.673527976900104,5.261865342291422,.134308,So 8. Mär 04:52:13 CET 2026
12,18.784201,.99718435,9.0267,39.177584,4.340189,738.0,500,10.534,39.17758400000002,43.52413430981063,4.34655030981061,.110944,43.524136262934455,38.66022457689238,4.863911686042075,.124150,So 8. Mär 04:52:30 CET 2026
45,70.440754,3.73944134,9.0267,39.177584,4.340189,738.0,500,10.493,39.17758400000002,66.8654115430549,27.68782754305488,.706726,66.86544177926379,62.69065992351587,4.17478185574792,.106560,So 8. Mär 04:53:07 CET 2026
18,28.176301,1.49577650,9.0267,39.177584,4.340189,738.0,500,10.534,39.17758400000002,46.52595489629347,7.34837089629345,.187565,46.52595833657146,40.79427606451989,5.73168227205157,.146300,So 8. Mär 04:57:37 CET 2026
21,32.872352,1.74507263,9.0267,39.177584,4.340189,738.0,500,10.534,39.17758400000002,48.32597027448267,9.14838627448265,.233510,48.32597484836398,42.13162780724986,6.19434704111412,.158109,So 8. Mär 04:58:57 CET 2026
24,37.568402,1.99436870,9.0267,39.177584,4.340189,738.0,500,10.534,39.17758400000002,50.36204203021083,11.18445803021081,.285481,50.362048159127774,43.6836207514927,6.678427407635074,.170465,So 8. Mär 04:59:42 CET 2026
27,42.264452,2.24366478,9.0267,39.177584,4.340189,738.0,500,10.534,39.17758400000002,52.64298931104042,13.46540531104040,.343701,52.642997490317384,45.849439989711,6.793557500606384,.173404,So 8. Mär 05:00:10 CET 2026
30,46.960503,2.49296091,9.0267,39.177584,4.340189,738.0,500,10.534,39.17758400000002,55.13559380754688,15.95800980754686,.407325,55.135604687542184,47.51758096920059,7.618023718341594,.194448,So 8. Mär 05:01:40 CET 2026
36,56.352603,2.99155306,9.0267,39.177584,4.340189,738.0,500,10.534,39.17758400000002,60.3218129282668,21.14422892826678,.539702,60.32183097775691,52.22872108756285,8.09310989019406,.206575,So 8. Mär 05:47:37 CET 2026
12,18.784201,.99718435,9.0267,39.177584,4.340189,738.0,500,10.575,39.17758400000002,43.52413430981063,4.34655030981061,.110944,43.524136282436324,38.665865504543824,4.858270777892500,.124006,So 8. Mär 05:47:39 CET 2026
33,51.656553,2.74225698,9.0267,39.177584,4.340189,738.0,500,10.534,39.17758400000002,57.743306527327334,18.565722527327314,.473886,57.74332075334204,49.3336098788499,8.40971087449214,.214656,So 8. Mär 05:47:41 CET 2026
18,28.176301,1.49577650,9.0267,39.177584,4.340189,738.0,500,10.575,39.17758400000002,46.52595489629347,7.34837089629345,.187565,46.525958369375395,40.80262092760658,5.723337441768815,.146087,So 8. Mär 05:47:45 CET 2026
21,32.872352,1.74507263,9.0267,39.177584,4.340189,738.0,500,10.575,39.17758400000002,48.32597027448267,9.14838627448265,.233510,48.32597487451149,42.141593910302056,6.184380964209434,.157855,So 8. Mär 05:47:46 CET 2026
9,14.088150,.74788822,9.0267,39.177584,4.340189,738.0,500,10.575,39.17758400000002,42.264407343700256,3.086823343700236,.078790,42.26440879263476,37.75272815337683,4.51168063925793,.115159,So 8. Mär 05:47:48 CET 2026
0,0,0,9.0267,39.177584,4.340189,738.0,500,10.575,39.17758400000002,39.17758400000002,0,0,39.17758460429629,35.550059985489106,3.627524618807184,.092591,So 8. Mär 05:47:48 CET 2026
27,42.264452,2.24366478,9.0267,39.177584,4.340189,738.0,500,10.575,39.17758400000002,52.64298931104042,13.46540531104040,.343701,52.642997540205535,45.85762644120885,6.785371098996685,.173195,So 8. Mär 05:47:53 CET 2026
15,23.480251,1.24648042,9.0267,39.177584,4.340189,738.0,500,10.575,39.17758400000002,44.93539072123375,5.75780672123373,.146966,44.93539333822341,39.680401399841685,5.254991938381725,.134132,So 8. Mär 05:47:54 CET 2026
24,37.568402,1.99436870,9.0267,39.177584,4.340189,738.0,500,10.575,39.17758400000002,50.36204203021083,11.18445803021081,.285481,50.362048195595825,43.69596479249205,6.666083403103775,.170150,So 8. Mär 05:48:01 CET 2026
0,0,0,9.0267,39.177584,4.340189,738.0,500,10.616,39.17758400000002,39.17758400000002,0,0,39.17758460874438,35.552945068997225,3.624639539747155,.092518,So 8. Mär 05:48:08 CET 2026
42,65.744704,3.49014526,9.0267,39.177584,4.340189,738.0,500,10.534,39.17758400000002,64.92415398920627,25.74656998920625,.657176,64.92418028059933,59.942164977790114,4.982015302809216,.127164,So 8. Mär 05:48:13 CET 2026
45,70.440754,3.73944134,9.0267,39.177584,4.340189,738.0,500,10.534,39.17758400000002,66.8654115430549,27.68782754305488,.706726,66.86544195516845,62.71582743649703,4.14961451867142,.105918,So 8. Mär 05:48:19 CET 2026
39,61.048654,3.24084919,9.0267,39.177584,4.340189,738.0,500,10.534,39.17758400000002,62.739101028028855,23.561517028028835,.601403,62.73912317970419,56.075503120869314,6.663620058834876,.170087,So 8. Mär 05:48:20 CET 2026
36,56.352603,2.99155306,9.0267,39.177584,4.340189,738.0,500,10.575,39.17758400000002,60.3218129282668,21.14422892826678,.539702,60.32183109550232,52.26796088870151,8.05387020680081,.205573,So 8. Mär 05:48:25 CET 2026
3,4.696050,.24929607,9.0267,39.177584,4.340189,738.0,500,10.575,39.17758400000002,40.10892552652054,.93134152652052,.023772,40.10892634388176,36.22066453723751,3.88826180664425,.099247,So 8. Mär 05:48:27 CET 2026
6,9.392100,.49859215,9.0267,39.177584,4.340189,738.0,500,10.575,39.17758400000002,41.13252994342984,1.95494594342982,.049899,41.13253103699023,36.946789649115935,4.185741387874295,.106840,So 8. Mär 05:48:28 CET 2026
30,46.960503,2.49296091,9.0267,39.177584,4.340189,738.0,500,10.575,39.17758400000002,55.13559380754688,15.95800980754686,.407325,55.13560477896561,47.52783121615188,7.60777356281373,.194186,So 8. Mär 05:48:29 CET 2026
33,51.656553,2.74225698,9.0267,39.177584,4.340189,738.0,500,10.575,39.17758400000002,57.743306527327334,18.565722527327314,.473886,57.743320856521166,49.35194141576266,8.391379440758506,.214188,So 8. Mär 05:48:31 CET 2026
39,61.048654,3.24084919,9.0267,39.177584,4.340189,738.0,500,10.575,39.17758400000002,62.739101028028855,23.561517028028835,.601403,62.739123323485046,56.135959906813476,6.603163416671570,.168544,So 8. Mär 05:49:02 CET 2026
45,70.440754,3.73944134,9.0267,39.177584,4.340189,738.0,500,10.575,39.17758400000002,66.8654115430549,27.68782754305488,.706726,66.86544212310066,62.740120961647854,4.125321161452806,.105297,So 8. Mär 05:49:04 CET 2026
42,65.744704,3.49014526,9.0267,39.177584,4.340189,738.0,500,10.575,39.17758400000002,64.92415398920627,25.74656998920625,.657176,64.9241804693579,59.98486990474212,4.93931056461578,.126074,So 8. Mär 05:49:12 CET 2026
3,4.696050,.24929607,9.0267,39.177584,4.340189,738.0,500,10.616,39.17758400000002,40.10892552652054,.93134152652052,.023772,40.10892634980466,36.22402410220694,3.88490224759772,.099161,So 8. Mär 05:49:19 CET 2026
6,9.392100,.49859215,9.0267,39.177584,4.340189,738.0,500,10.616,39.17758400000002,41.13252994342984,1.95494594342982,.049899,41.132531044248246,36.95083700132465,4.181694042923596,.106736,So 8. Mär 05:55:45 CET 2026
9,14.088150,.74788822,9.0267,39.177584,4.340189,738.0,500,10.616,39.17758400000002,42.264407343700256,3.086823343700236,.078790,42.26440880691308,37.757503801086024,4.506905005827056,.115037,So 8. Mär 05:56:59 CET 2026
12,18.784201,.99718435,9.0267,39.177584,4.340189,738.0,500,10.616,39.17758400000002,43.52413430981063,4.34655030981061,.110944,43.52413630136892,38.671623028350375,4.852513273018545,.123859,So 8. Mär 05:57:32 CET 2026
15,23.480251,1.24648042,9.0267,39.177584,4.340189,738.0,500,10.616,39.17758400000002,44.93539072123375,5.75780672123373,.146966,44.93539335637179,39.68743904567943,5.24795431069236,.133952,So 8. Mär 05:58:30 CET 2026
18,28.176301,1.49577650,9.0267,39.177584,4.340189,738.0,500,10.616,39.17758400000002,46.52595489629347,7.34837089629345,.187565,46.52595840107119,40.81095915731822,5.71499924375297,.145874,So 8. Mär 05:59:51 CET 2026
30,46.960503,2.49296091,9.0267,39.177584,4.340189,738.0,500,10.616,39.17758400000002,55.13559380754688,15.95800980754686,.407325,55.13560486736605,47.538365020463935,7.597239846902115,.193918,So 8. Mär 06:44:08 CET 2026
33,51.656553,2.74225698,9.0267,39.177584,4.340189,738.0,500,10.616,39.17758400000002,57.743306527327334,18.565722527327314,.473886,57.7433209555622,49.37099661854202,8.37232433702018,.213701,So 8. Mär 06:44:13 CET 2026
12,18.784201,.99718435,9.0267,39.177584,4.340189,738.0,550,10.493,39.17758400000002,43.52413430981063,4.34655030981061,.110944,43.524136225905856,38.64498072888241,4.879155497023446,.124539,So 8. Mär 06:44:15 CET 2026
0,0,0,9.0267,39.177584,4.340189,738.0,550,10.493,39.17758400000002,39.17758400000002,0,0,39.17758459464465,35.54541550512045,3.63216908952420,.092710,So 8. Mär 06:44:17 CET 2026
6,9.392100,.49859215,9.0267,39.177584,4.340189,738.0,550,10.493,39.17758400000002,41.13252994342984,1.95494594342982,.049899,41.132531018542196,36.93477686137778,4.197754157164416,.107146,So 8. Mär 06:44:18 CET 2026
21,32.872352,1.74507263,9.0267,39.177584,4.340189,738.0,500,10.616,39.17758400000002,48.32597027448267,9.14838627448265,.233510,48.32597491766167,42.151554623636805,6.174420294024865,.157600,So 8. Mär 06:44:23 CET 2026
3,4.696050,.24929607,9.0267,39.177584,4.340189,738.0,550,10.493,39.17758400000002,40.10892552652054,.93134152652052,.023772,40.10892632975139,36.212598557869235,3.896327771882155,.099452,So 8. Mär 06:44:23 CET 2026
24,37.568402,1.99436870,9.0267,39.177584,4.340189,738.0,500,10.616,39.17758400000002,50.36204203021083,11.18445803021081,.285481,50.362048230280614,43.7082156516298,6.653832578650814,.169837,So 8. Mär 06:44:25 CET 2026
27,42.264452,2.24366478,9.0267,39.177584,4.340189,738.0,500,10.616,39.17758400000002,52.64298931104042,13.46540531104040,.343701,52.64299761739809,45.86581991915263,6.77717769824546,.172986,So 8. Mär 06:44:26 CET 2026
39,61.048654,3.24084919,9.0267,39.177584,4.340189,738.0,500,10.616,39.17758400000002,62.739101028028855,23.561517028028835,.601403,62.739123462253474,56.19609689255582,6.543026569697654,.167009,So 8. Mär 06:44:27 CET 2026
9,14.088150,.74788822,9.0267,39.177584,4.340189,738.0,550,10.493,39.17758400000002,42.264407343700256,3.086823343700236,.078790,42.26440877112718,37.73632947193262,4.52807929919456,.115578,So 8. Mär 06:44:28 CET 2026
15,23.480251,1.24648042,9.0267,39.177584,4.340189,738.0,550,10.493,39.17758400000002,44.93539072123375,5.75780672123373,.146966,44.935393283701735,39.654687826385945,5.280705457315790,.134788,So 8. Mär 06:44:42 CET 2026
36,56.352603,2.99155306,9.0267,39.177584,4.340189,738.0,500,10.616,39.17758400000002,60.3218129282668,21.14422892826678,.539702,60.32183120781932,52.30685172826779,8.01497947955153,.204580,So 8. Mär 06:44:42 CET 2026
27,42.264452,2.24366478,9.0267,39.177584,4.340189,738.0,550,10.493,39.17758400000002,52.64298931104042,13.46540531104040,.343701,52.64299741787971,45.841742176897895,6.801255240981815,.173600,So 8. Mär 06:44:45 CET 2026
42,65.744704,3.49014526,9.0267,39.177584,4.340189,738.0,500,10.616,39.17758400000002,64.92415398920627,25.74656998920625,.657176,64.92418065254927,60.02691793031414,4.89726272223513,.125001,So 8. Mär 06:44:47 CET 2026
21,32.872352,1.74507263,9.0267,39.177584,4.340189,738.0,550,10.493,39.17758400000002,48.32597027448267,9.14838627448265,.233510,48.32597480020031,42.107387177466904,6.218587622733406,.158728,So 8. Mär 06:44:48 CET 2026
18,28.176301,1.49577650,9.0267,39.177584,4.340189,738.0,550,10.493,39.17758400000002,46.52595489629347,7.34837089629345,.187565,46.525958270662805,40.772630702731924,5.753327567930881,.146852,So 8. Mär 06:44:52 CET 2026
24,37.568402,1.99436870,9.0267,39.177584,4.340189,738.0,550,10.493,39.17758400000002,50.36204203021083,11.18445803021081,.285481,50.362048093184896,43.65436395248068,6.707684140704216,.171212,So 8. Mär 06:45:10 CET 2026
30,46.960503,2.49296091,9.0267,39.177584,4.340189,738.0,550,10.493,39.17758400000002,55.13559380754688,15.95800980754686,.407325,55.13560455280418,47.506928542977406,7.628676009826774,.194720,So 8. Mär 06:45:41 CET 2026
39,61.048654,3.24084919,9.0267,39.177584,4.340189,738.0,550,10.493,39.17758400000002,62.739101028028855,23.561517028028835,.601403,62.739123132703014,56.16751322304998,6.571609909653034,.167739,So 8. Mär 06:45:43 CET 2026
45,70.440754,3.73944134,9.0267,39.177584,4.340189,738.0,500,10.616,39.17758400000002,66.8654115430549,27.68782754305488,.706726,66.86544228189977,62.76376736473733,4.10167491716244,.104694,So 8. Mär 06:45:51 CET 2026
36,56.352603,2.99155306,9.0267,39.177584,4.340189,738.0,550,10.493,39.17758400000002,60.3218129282668,21.14422892826678,.539702,60.321830891901364,52.21498887685655,8.106842015044814,.206925,So 8. Mär 06:46:13 CET 2026
33,51.656553,2.74225698,9.0267,39.177584,4.340189,738.0,550,10.493,39.17758400000002,57.743306527327334,18.565722527327314,.473886,57.743320627577575,49.31653393703873,8.426786690538845,.215092,So 8. Mär 06:46:18 CET 2026
42,65.744704,3.49014526,9.0267,39.177584,4.340189,738.0,550,10.493,39.17758400000002,64.92415398920627,25.74656998920625,.657176,64.92418025643157,60.020012918814956,4.904167337616614,.125177,So 8. Mär 06:55:04 CET 2026
0,0,0,9.0267,39.177584,4.340189,738.0,550,10.534,39.17758400000002,39.17758400000002,0,0,39.177584599691066,35.54815939779548,3.629425201895586,.092640,So 8. Mär 06:55:14 CET 2026
45,70.440754,3.73944134,9.0267,39.177584,4.340189,738.0,550,10.493,39.17758400000002,66.8654115430549,27.68782754305488,.706726,66.86544207626896,62.77200340400935,4.09343867225961,.104484,So 8. Mär 06:56:10 CET 2026
3,4.696050,.24929607,9.0267,39.177584,4.340189,738.0,550,10.534,39.17758400000002,40.10892552652054,.93134152652052,.023772,40.10892633645441,36.216004177269845,3.892922159184565,.099366,So 8. Mär 06:56:27 CET 2026
6,9.392100,.49859215,9.0267,39.177584,4.340189,738.0,550,10.534,39.17758400000002,41.13252994342984,1.95494594342982,.049899,41.13253102675676,36.93866909874197,4.19386192801479,.107047,So 8. Mär 06:57:14 CET 2026
21,32.872352,1.74507263,9.0267,39.177584,4.340189,738.0,550,10.534,39.17758400000002,48.32597027448267,9.14838627448265,.233510,48.325974828255085,42.117339503670294,6.208635324584791,.158474,So 8. Mär 07:40:40 CET 2026
9,14.088150,.74788822,9.0267,39.177584,4.340189,738.0,550,10.534,39.17758400000002,42.264407343700256,3.086823343700236,.078790,42.264408780406676,37.74102021292441,4.523388567482266,.115458,So 8. Mär 07:40:41 CET 2026
15,23.480251,1.24648042,9.0267,39.177584,4.340189,738.0,550,10.534,39.17758400000002,44.93539072123375,5.75780672123373,.146966,44.935393304068,39.66151113186413,5.27388217220387,.134614,So 8. Mär 07:40:43 CET 2026
18,28.176301,1.49577650,9.0267,39.177584,4.340189,738.0,550,10.534,39.17758400000002,46.52595489629347,7.34837089629345,.187565,46.52595830559616,40.78095253371688,5.74500577187928,.146640,So 8. Mär 07:40:43 CET 2026
12,18.784201,.99718435,9.0267,39.177584,4.340189,738.0,550,10.534,39.17758400000002,43.52413430981063,4.34655030981061,.110944,43.52413624690532,38.65058005495433,4.87355619195099,.124396,So 8. Mär 07:40:50 CET 2026
33,51.656553,2.74225698,9.0267,39.177584,4.340189,738.0,550,10.534,39.17758400000002,57.743306527327334,18.565722527327314,.473886,57.743320738558666,49.33502804741638,8.408292691142286,.214619,So 8. Mär 07:40:51 CET 2026
12,18.784201,.99718435,9.0267,39.177584,4.340189,738.0,550,10.575,39.17758400000002,43.52413430981063,4.34655030981061,.110944,43.52413626715589,38.65621906991805,4.86791719723784,.124252,So 8. Mär 07:40:52 CET 2026
36,56.352603,2.99155306,9.0267,39.177584,4.340189,738.0,550,10.534,39.17758400000002,60.3218129282668,21.14422892826678,.539702,60.32183101701098,52.255027520743646,8.066803496267334,.205903,So 8. Mär 07:40:53 CET 2026
0,0,0,9.0267,39.177584,4.340189,738.0,550,10.575,39.17758400000002,39.17758400000002,0,0,39.177584604483215,35.55076990719276,3.626814697290455,.092573,So 8. Mär 07:40:55 CET 2026
39,61.048654,3.24084919,9.0267,39.177584,4.340189,738.0,550,10.534,39.17758400000002,62.739101028028855,23.561517028028835,.601403,62.73912328679927,56.22873817421598,6.51038511258329,.166176,So 8. Mär 07:40:56 CET 2026
30,46.960503,2.49296091,9.0267,39.177584,4.340189,738.0,550,10.534,39.17758400000002,55.13559380754688,15.95800980754686,.407325,55.13560463447785,47.517216461014286,7.618388173463564,.194457,So 8. Mär 07:41:05 CET 2026
6,9.392100,.49859215,9.0267,39.177584,4.340189,738.0,550,10.575,39.17758400000002,41.13252994342984,1.95494594342982,.049899,41.1325310346401,36.942572709569724,4.189958325070376,.106947,So 8. Mär 07:41:09 CET 2026
27,42.264452,2.24366478,9.0267,39.177584,4.340189,738.0,550,10.534,39.17758400000002,52.64298931104042,13.46540531104040,.343701,52.64299746675121,45.84995959307896,6.79303787367225,.173390,So 8. Mär 07:41:10 CET 2026
9,14.088150,.74788822,9.0267,39.177584,4.340189,738.0,550,10.575,39.17758400000002,42.264407343700256,3.086823343700236,.078790,42.26440878920727,37.74563702777842,4.51877176142885,.115340,So 8. Mär 07:41:11 CET 2026
3,4.696050,.24929607,9.0267,39.177584,4.340189,738.0,550,10.575,39.17758400000002,40.10892552652054,.93134152652052,.023772,40.10892634285304,36.21939081563134,3.88953552722170,.099279,So 8. Mär 07:41:15 CET 2026
24,37.568402,1.99436870,9.0267,39.177584,4.340189,738.0,550,10.534,39.17758400000002,50.36204203021083,11.18445803021081,.285481,50.362048132292124,43.66675286241521,6.695295269876914,.170896,So 8. Mär 07:41:17 CET 2026
21,32.872352,1.74507263,9.0267,39.177584,4.340189,738.0,550,10.575,39.17758400000002,48.32597027448267,9.14838627448265,.233510,48.32597485527584,42.12711406315263,6.19886079212321,.158224,So 8. Mär 07:41:37 CET 2026
15,23.480251,1.24648042,9.0267,39.177584,4.340189,738.0,550,10.575,39.17758400000002,44.93539072123375,5.75780672123373,.146966,44.93539332375616,39.66846349779016,5.26692982596600,.134437,So 8. Mär 07:41:44 CET 2026
42,65.744704,3.49014526,9.0267,39.177584,4.340189,738.0,550,10.534,39.17758400000002,64.92415398920627,25.74656998920625,.657176,64.92418045842332,60.06215283798197,4.86202762044135,.124102,So 8. Mär 07:41:49 CET 2026
45,70.440754,3.73944134,9.0267,39.177584,4.340189,738.0,550,10.534,39.17758400000002,66.8654115430549,27.68782754305488,.706726,66.86544225497151,62.79599077660023,4.06945147837128,.103871,So 8. Mär 07:41:50 CET 2026
18,28.176301,1.49577650,9.0267,39.177584,4.340189,738.0,550,10.575,39.17758400000002,46.52595489629347,7.34837089629345,.187565,46.52595833916426,40.78928184944682,5.73667648971744,.146427,So 8. Mär 07:42:07 CET 2026
24,37.568402,1.99436870,9.0267,39.177584,4.340189,738.0,550,10.575,39.17758400000002,50.36204203021083,11.18445803021081,.285481,50.362048169895395,43.67899098439666,6.683057185498735,.170583,So 8. Mär 07:42:25 CET 2026
27,42.264452,2.24366478,9.0267,39.177584,4.340189,738.0,550,10.575,39.17758400000002,52.64298931104042,13.46540531104040,.343701,52.64299751394787,45.85812768819942,6.78486982574845,.173182,So 8. Mär 07:44:50 CET 2026
30,46.960503,2.49296091,9.0267,39.177584,4.340189,738.0,550,10.575,39.17758400000002,55.13559380754688,15.95800980754686,.407325,55.13560472890735,47.52789433608487,7.60771039282248,.194185,So 8. Mär 07:53:05 CET 2026
33,51.656553,2.74225698,9.0267,39.177584,4.340189,738.0,550,10.575,39.17758400000002,57.743306527327334,18.565722527327314,.473886,57.74332084378959,49.35432025895676,8.38900058483283,.214127,So 8. Mär 07:53:16 CET 2026
36,56.352603,2.99155306,9.0267,39.177584,4.340189,738.0,550,10.575,39.17758400000002,60.3218129282668,21.14422892826678,.539702,60.321831138832,52.29482952955251,8.02700160927949,.204887,So 8. Mär 07:53:22 CET 2026
39,61.048654,3.24084919,9.0267,39.177584,4.340189,738.0,550,10.575,39.17758400000002,62.739101028028855,23.561517028028835,.601403,62.73912343438096,56.289411717325486,6.449711717055474,.164627,So 8. Mär 07:53:58 CET 2026
42,65.744704,3.49014526,9.0267,39.177584,4.340189,738.0,550,10.575,39.17758400000002,64.92415398920627,25.74656998920625,.657176,64.92418065242154,60.103685660001226,4.820494992420314,.123042,So 8. Mär 07:55:16 CET 2026
12,18.784201,.99718435,9.0267,39.177584,4.340189,738.0,550,10.616,39.17758400000002,43.52413430981063,4.34655030981061,.110944,43.52413628678791,38.66187741683855,4.86225886994936,.124108,So 8. Mär 08:37:09 CET 2026
3,4.696050,.24929607,9.0267,39.177584,4.340189,738.0,550,10.616,39.17758400000002,40.10892552652054,.93134152652052,.023772,40.10892634892672,36.22263246808822,3.88629388083850,.099196,So 8. Mär 08:37:09 CET 2026
0,0,0,9.0267,39.177584,4.340189,738.0,550,10.616,39.17758400000002,39.17758400000002,0,0,39.17758460902609,35.553553371439314,3.624031237586776,.092502,So 8. Mär 08:37:10 CET 2026
6,9.392100,.49859215,9.0267,39.177584,4.340189,738.0,550,10.616,39.17758400000002,41.13252994342984,1.95494594342982,.049899,41.132531042066205,36.94649581017606,4.186035231890145,.106847,So 8. Mär 08:37:20 CET 2026
9,14.088150,.74788822,9.0267,39.177584,4.340189,738.0,550,10.616,39.17758400000002,42.264407343700256,3.086823343700236,.078790,42.264408797523366,37.75033411801124,4.514074679512126,.115220,So 8. Mär 08:37:22 CET 2026
18,28.176301,1.49577650,9.0267,39.177584,4.340189,738.0,550,10.616,39.17758400000002,46.52595489629347,7.34837089629345,.187565,46.525958371614685,40.79748828651373,5.728470085100955,.146218,So 8. Mär 08:37:26 CET 2026
24,37.568402,1.99436870,9.0267,39.177584,4.340189,738.0,550,10.616,39.17758400000002,50.36204203021083,11.18445803021081,.285481,50.36204820574627,43.691344178526954,6.670704027219316,.170268,So 8. Mär 08:37:31 CET 2026
27,42.264452,2.24366478,9.0267,39.177584,4.340189,738.0,550,10.616,39.17758400000002,52.64298931104042,13.46540531104040,.343701,52.642997557816706,45.86645246961568,6.776545088201026,.172969,So 8. Mär 08:37:32 CET 2026
33,51.656553,2.74225698,9.0267,39.177584,4.340189,738.0,550,10.616,39.17758400000002,57.743306527327334,18.565722527327314,.473886,57.743320945228376,49.374068838320085,8.369252106908291,.213623,So 8. Mär 08:37:36 CET 2026
15,23.480251,1.24648042,9.0267,39.177584,4.340189,738.0,550,10.616,39.17758400000002,44.93539072123375,5.75780672123373,.146966,44.93539334246101,39.67548550648316,5.25990783597785,.134258,So 8. Mär 08:37:36 CET 2026
0,0,0,10.1000,42.224655,4.180659,738.0,450,10.493,42.22465499999999,42.22465499999999,0,0,42.22465643750833,37.711308945849915,4.513347491658415,.106888,So 8. Mär 08:37:37 CET 2026
45,70.440754,3.73944134,9.0267,39.177584,4.340189,738.0,550,10.575,39.17758400000002,66.8654115430549,27.68782754305488,.706726,66.86544242570167,62.81937569247289,4.04606673322878,.103275,So 8. Mär 08:37:42 CET 2026
21,32.872352,1.74507263,9.0267,39.177584,4.340189,738.0,550,10.616,39.17758400000002,48.32597027448267,9.14838627448265,.233510,48.325974880578634,42.137042911531296,6.188931969047338,.157971,So 8. Mär 08:37:43 CET 2026
36,56.352603,2.99155306,9.0267,39.177584,4.340189,738.0,550,10.616,39.17758400000002,60.3218129282668,21.14422892826678,.539702,60.32183125471648,52.33455650094265,7.98727475377383,.203873,So 8. Mär 08:37:49 CET 2026
30,46.960503,2.49296091,9.0267,39.177584,4.340189,738.0,550,10.616,39.17758400000002,55.13559380754688,15.95800980754686,.407325,55.135604819334404,47.5383907110849,7.597214108249504,.193917,So 8. Mär 08:37:55 CET 2026
39,61.048654,3.24084919,9.0267,39.177584,4.340189,738.0,550,10.616,39.17758400000002,62.739101028028855,23.561517028028835,.601403,62.73912357583777,56.35015246813681,6.38897110770096,.163077,So 8. Mär 08:37:58 CET 2026
6,8.714348,.49859213,10.1000,42.224655,4.180659,738.0,450,10.493,42.22465499999999,44.33164854219513,2.10699354219514,.049899,44.33165077794868,39.243048956651656,5.088601821297024,.120512,So 8. Mär 08:37:58 CET 2026
3,4.357174,.24929606,10.1000,42.224655,4.180659,738.0,450,10.493,42.22465499999999,43.22843240267742,1.00377740267743,.023772,43.228434195234094,38.44240214152913,4.786032053704964,.113346,So 8. Mär 08:38:08 CET 2026
42,65.744704,3.49014526,9.0267,39.177584,4.340189,738.0,550,10.616,39.17758400000002,64.92415398920627,25.74656998920625,.657176,64.92418083878476,60.14456594542731,4.77961489335745,.121998,So 8. Mär 08:38:08 CET 2026
9,13.071523,.74788826,10.1000,42.224655,4.180659,738.0,450,10.493,42.22465499999999,45.55155840254928,3.32690340254929,.078790,45.55156118848558,40.10186966581482,5.44969152267076,.129064,So 8. Mär 08:38:13 CET 2026
12,17.428697,.99718433,10.1000,42.224655,4.180659,738.0,450,10.493,42.22465499999999,46.90926152778782,4.68460652778783,.110944,46.90926499780748,41.07937619077009,5.82988880703739,.138068,So 8. Mär 08:38:53 CET 2026
45,70.440754,3.73944134,9.0267,39.177584,4.340189,738.0,550,10.616,39.17758400000002,66.8654115430549,27.68782754305488,.706726,66.86544258842981,62.84180758461743,4.02363500381238,.102702,So 8. Mär 08:39:03 CET 2026
15,21.785872,1.24648045,10.1000,42.224655,4.180659,738.0,450,10.493,42.22465499999999,48.43028105670576,6.20562605670577,.146966,48.43028545580259,42.23314003795277,6.19714541784982,.146766,So 8. Mär 08:43:10 CET 2026
18,26.143046,1.49577652,10.1000,42.224655,4.180659,738.0,450,10.493,42.22465499999999,50.14455174985741,7.91989674985742,.187565,50.14455728386897,43.52977836095775,6.61477892291122,.156656,So 8. Mär 08:52:08 CET 2026
21,30.500220,1.74507259,10.1000,42.224655,4.180659,738.0,450,10.493,42.22465499999999,52.084566114726606,9.859911114726616,.233510,52.084573157100166,45.233383504095784,6.851189653004382,.162255,So 8. Mär 08:52:16 CET 2026
24,34.857395,1.99436871,10.1000,42.224655,4.180659,738.0,450,10.493,42.22465499999999,54.27898720350326,12.05433220350327,.285480,54.27899621325628,46.941860542145236,7.337135671111044,.173764,So 8. Mär 08:52:32 CET 2026
27,39.214569,2.24366478,10.1000,42.224655,4.180659,738.0,450,10.493,42.22465499999999,56.737343985002596,14.512688985002606,.343701,56.737355501538616,48.61114352077082,8.126211980767796,.192451,So 8. Mär 08:53:08 CET 2026
30,43.571744,2.49296091,10.1000,42.224655,4.180659,738.0,450,10.493,42.22465499999999,59.42381413763187,17.19915913763188,.407325,59.42382887387537,50.995374128478616,8.428454745396754,.199609,So 8. Mär 08:53:52 CET 2026
6,8.714348,.49859213,10.1000,42.224655,4.180659,738.0,450,10.534,42.22465499999999,44.33164854219513,2.10699354219514,.049899,44.331650796806564,39.24959078771749,5.082060009089074,.120357,So 8. Mär 09:34:50 CET 2026
0,0,0,10.1000,42.224655,4.180659,738.0,450,10.534,42.22465499999999,42.22465499999999,0,0,42.224656451241614,37.71613812386702,4.508518327374594,.106774,So 8. Mär 09:34:50 CET 2026
3,4.357174,.24929606,10.1000,42.224655,4.180659,738.0,450,10.534,42.22465499999999,43.22843240267742,1.00377740267743,.023772,43.22843421186644,38.44790446291522,4.78052974895122,.113216,So 8. Mär 09:35:00 CET 2026
9,13.071523,.74788826,10.1000,42.224655,4.180659,738.0,450,10.534,42.22465499999999,45.55155840254928,3.32690340254929,.078790,45.55156120858695,40.10950370319173,5.44205750539522,.128883,So 8. Mär 09:35:03 CET 2026
15,21.785872,1.24648045,10.1000,42.224655,4.180659,738.0,450,10.534,42.22465499999999,48.43028105670576,6.20562605670577,.146966,48.43028549150029,42.24330764478389,6.18697784671640,.146525,So 8. Mär 09:35:17 CET 2026
33,47.928918,2.74225698,10.1000,42.224655,4.180659,738.0,450,10.493,42.22465499999999,62.23434076880261,20.00968576880262,.473886,62.23435935065391,54.88232124897819,7.35203810167572,.174117,So 8. Mär 09:35:21 CET 2026
24,34.857395,1.99436871,10.1000,42.224655,4.180659,738.0,450,10.534,42.22465499999999,54.27898720350326,12.05433220350327,.285480,54.27899627016923,46.95160582049146,7.32739044967777,.173533,So 8. Mär 09:35:25 CET 2026
21,30.500220,1.74507259,10.1000,42.224655,4.180659,738.0,450,10.534,42.22465499999999,52.084566114726606,9.859911114726616,.233510,52.0845732010868,45.256916931341046,6.827656269745754,.161698,So 8. Mär 09:35:26 CET 2026
18,26.143046,1.49577652,10.1000,42.224655,4.180659,738.0,450,10.534,42.22465499999999,50.14455174985741,7.91989674985742,.187565,50.144557339403406,43.54183107995772,6.602726259445686,.156371,So 8. Mär 09:35:27 CET 2026
12,17.428697,.99718433,10.1000,42.224655,4.180659,738.0,450,10.534,42.22465499999999,46.90926152778782,4.68460652778783,.110944,46.9092650358908,41.088324941952514,5.820940093938286,.137856,So 8. Mär 09:35:28 CET 2026
30,43.571744,2.49296091,10.1000,42.224655,4.180659,738.0,450,10.534,42.22465499999999,59.42381413763187,17.19915913763188,.407325,59.423828997610116,51.03244581016609,8.391383187444026,.198731,So 8. Mär 09:35:29 CET 2026
0,0,0,10.1000,42.224655,4.180659,738.0,450,10.575,42.22465499999999,42.22465499999999,0,0,42.22465646443925,37.72103736709299,4.50361909734626,.106658,So 8. Mär 09:35:30 CET 2026
42,61.000441,3.49014524,10.1000,42.224655,4.180659,738.0,450,10.493,42.22465499999999,69.97368737920175,27.74903237920176,.657176,69.97371934003226,66.1606055357122,3.81311380432006,.090305,So 8. Mär 09:35:35 CET 2026
39,56.643267,3.24084917,10.1000,42.224655,4.180659,738.0,450,10.493,42.22465499999999,67.61868923665115,25.39403423665116,.601403,67.61871662715504,63.4995932418166,4.11912338533844,.097552,So 8. Mär 09:35:41 CET 2026
36,52.286092,2.99155305,10.1000,42.224655,4.180659,738.0,450,10.493,42.22465499999999,65.01340200861581,22.78874700861582,.539702,65.01342487284523,59.886122921512445,5.127301951332785,.121429,So 8. Mär 09:35:46 CET 2026
45,65.357616,3.73944137,10.1000,42.224655,4.180659,738.0,450,10.493,42.22465499999999,72.06593343697244,29.84127843697245,.706726,72.0659697570732,68.28440683776914,3.78156291930406,.089558,So 8. Mär 09:35:47 CET 2026
33,47.928918,2.74225698,10.1000,42.224655,4.180659,738.0,450,10.534,42.22465499999999,62.23434076880261,20.00968576880262,.473886,62.23435948312934,54.93455307396719,7.29980640916215,.172880,So 8. Mär 09:35:54 CET 2026
27,39.214569,2.24366478,10.1000,42.224655,4.180659,738.0,450,10.534,42.22465499999999,56.737343985002596,14.512688985002606,.343701,56.73735559256279,48.622991370484236,8.114364222078554,.192171,So 8. Mär 09:36:08 CET 2026
42,61.000441,3.49014524,10.1000,42.224655,4.180659,738.0,450,10.534,42.22465499999999,69.97368737920175,27.74903237920176,.657176,69.97371955042388,66.18184129559552,3.79187825482836,.089802,So 8. Mär 09:36:48 CET 2026
39,56.643267,3.24084917,10.1000,42.224655,4.180659,738.0,450,10.534,42.22465499999999,67.61868923665115,25.39403423665116,.601403,67.61871679568868,63.51738932394054,4.10132747174814,.097131,So 8. Mär 09:37:38 CET 2026
36,52.286092,2.99155305,10.1000,42.224655,4.180659,738.0,450,10.534,42.22465499999999,65.01340200861581,22.78874700861582,.539702,65.01342501684944,59.93163182985673,5.08179318699271,.120351,So 8. Mär 09:37:53 CET 2026
45,65.357616,3.73944137,10.1000,42.224655,4.180659,738.0,450,10.534,42.22465499999999,72.06593343697244,29.84127843697245,.706726,72.06597003833902,68.29080080165835,3.77516923668067,.089406,So 8. Mär 09:38:11 CET 2026
3,4.357174,.24929606,10.1000,42.224655,4.180659,738.0,450,10.575,42.22465499999999,43.22843240267742,1.00377740267743,.023772,43.22843422777649,38.453386172850976,4.775048054925514,.113086,So 8. Mär 09:39:13 CET 2026
9,13.071523,.74788826,10.1000,42.224655,4.180659,738.0,450,10.575,42.22465499999999,45.55155840254928,3.32690340254929,.078790,45.55156122772434,40.11733823475539,5.43422299296895,.128697,So 8. Mär 09:50:05 CET 2026
12,17.428697,.99718433,10.1000,42.224655,4.180659,738.0,450,10.575,42.22465499999999,46.90926152778782,4.68460652778783,.110944,46.909265072941345,41.097067706778176,5.812197366163169,.137649,So 8. Mär 09:50:10 CET 2026
6,8.714348,.49859213,10.1000,42.224655,4.180659,738.0,450,10.575,42.22465499999999,44.33164854219513,2.10699354219514,.049899,44.331650814930015,39.25612827764809,5.075522537281925,.120202,So 8. Mär 09:50:45 CET 2026
18,26.143046,1.49577652,10.1000,42.224655,4.180659,738.0,450,10.575,42.22465499999999,50.14455174985741,7.91989674985742,.187565,50.1445573927512,43.55384088766271,6.59071650508849,.156086,So 8. Mär 09:51:40 CET 2026
15,21.785872,1.24648045,10.1000,42.224655,4.180659,738.0,450,10.575,42.22465499999999,48.43028105670576,6.20562605670577,.146966,48.43028552597135,42.25336336058325,6.17692216538810,.146287,So 8. Mär 09:52:23 CET 2026
21,30.500220,1.74507259,10.1000,42.224655,4.180659,738.0,450,10.575,42.22465499999999,52.084566114726606,9.859911114726616,.233510,52.08457325722861,45.2799652159958,6.80460804123281,.161152,So 8. Mär 10:32:34 CET 2026
3,4.357174,.24929606,10.1000,42.224655,4.180659,738.0,450,10.616,42.22465499999999,43.22843240267742,1.00377740267743,.023772,43.2284342430551,38.459015366883015,4.769418876172085,.112953,So 8. Mär 10:32:38 CET 2026
24,34.857395,1.99436871,10.1000,42.224655,4.180659,738.0,450,10.575,42.22465499999999,54.27898720350326,12.05433220350327,.285480,54.27899632468449,46.96116332496742,7.31783299971707,.173307,So 8. Mär 10:32:47 CET 2026
30,43.571744,2.49296091,10.1000,42.224655,4.180659,738.0,450,10.575,42.22465499999999,59.42381413763187,17.19915913763188,.407325,59.42382911587463,51.069701297732784,8.354127818141846,.197849,So 8. Mär 10:32:48 CET 2026
0,0,0,10.1000,42.224655,4.180659,738.0,450,10.616,42.22465499999999,42.22465499999999,0,0,42.2246564770156,37.72577314313239,4.49888333388321,.106546,So 8. Mär 10:32:49 CET 2026
27,39.214569,2.24366478,10.1000,42.224655,4.180659,738.0,450,10.575,42.22465499999999,56.737343985002596,14.512688985002606,.343701,56.73735570111132,48.6350483320606,8.10230736905072,.191885,So 8. Mär 10:32:55 CET 2026
6,8.714348,.49859213,10.1000,42.224655,4.180659,738.0,450,10.616,42.22465499999999,44.33164854219513,2.10699354219514,.049899,44.33165083224937,39.26260014137061,5.06905069087876,.120049,So 8. Mär 10:32:57 CET 2026
9,13.071523,.74788826,10.1000,42.224655,4.180659,738.0,450,10.616,42.22465499999999,45.55155840254928,3.32690340254929,.078790,45.55156124602137,40.12480932430037,5.42675192172100,.128520,So 8. Mär 10:33:18 CET 2026
15,21.785872,1.24648045,10.1000,42.224655,4.180659,738.0,450,10.616,42.22465499999999,48.43028105670576,6.20562605670577,.146966,48.430285558942224,42.263327680461686,6.166957878480538,.146051,So 8. Mär 10:33:25 CET 2026
21,30.500220,1.74507259,10.1000,42.224655,4.180659,738.0,450,10.616,42.22465499999999,52.084566114726606,9.859911114726616,.233510,52.08457332831676,45.3025531250976,6.78202020321916,.160617,So 8. Mär 10:33:29 CET 2026
18,26.143046,1.49577652,10.1000,42.224655,4.180659,738.0,450,10.616,42.22465499999999,50.14455174985741,7.91989674985742,.187565,50.14455744401335,43.56591427026894,6.57864317374441,.155800,So 8. Mär 10:33:31 CET 2026
33,47.928918,2.74225698,10.1000,42.224655,4.180659,738.0,450,10.575,42.22465499999999,62.23434076880261,20.00968576880262,.473886,62.234359609254874,54.986264012950194,7.248095596304680,.171655,So 8. Mär 10:33:32 CET 2026
24,34.857395,1.99436871,10.1000,42.224655,4.180659,738.0,450,10.616,42.22465499999999,54.27898720350326,12.05433220350327,.285480,54.27899641440977,46.97097784508463,7.30801856932514,.173074,So 8. Mär 10:33:48 CET 2026
36,52.286092,2.99155305,10.1000,42.224655,4.180659,738.0,450,10.575,42.22465499999999,65.01340200861581,22.78874700861582,.539702,65.01342515533943,59.97663594903821,5.03678920630122,.119285,So 8. Mär 10:34:04 CET 2026
39,56.643267,3.24084917,10.1000,42.224655,4.180659,738.0,450,10.575,42.22465499999999,67.61868923665115,25.39403423665116,.601403,67.61871695628207,63.53469816895656,4.08401878732551,.096721,So 8. Mär 10:34:04 CET 2026
42,61.000441,3.49014524,10.1000,42.224655,4.180659,738.0,450,10.575,42.22465499999999,69.97368737920175,27.74903237920176,.657176,69.97371975311768,66.20280513847935,3.77091461463833,.089305,So 8. Mär 10:34:08 CET 2026
27,39.214569,2.24366478,10.1000,42.224655,4.180659,738.0,450,10.616,42.22465499999999,56.737343985002596,14.512688985002606,.343701,56.737355805476994,48.647079835776275,8.090275969700719,.191600,So 8. Mär 10:34:12 CET 2026
12,17.428697,.99718433,10.1000,42.224655,4.180659,738.0,450,10.616,42.22465499999999,46.90926152778782,4.68460652778783,.110944,46.90926510822361,41.105597281516474,5.803667826707136,.137447,So 8. Mär 10:34:17 CET 2026
45,65.357616,3.73944137,10.1000,42.224655,4.180659,738.0,450,10.575,42.22465499999999,72.06593343697244,29.84127843697245,.706726,72.06597030777921,68.29744711245039,3.76852319532882,.089249,So 8. Mär 10:34:20 CET 2026
30,43.571744,2.49296091,10.1000,42.224655,4.180659,738.0,450,10.616,42.22465499999999,59.42381413763187,17.19915913763188,.407325,59.42382923009326,51.106985367314564,8.316843862778696,.196966,So 8. Mär 10:35:53 CET 2026
33,47.928918,2.74225698,10.1000,42.224655,4.180659,738.0,450,10.616,42.22465499999999,62.23434076880261,20.00968576880262,.473886,62.2343597310744,55.03902909822645,7.19533063284795,.170405,So 8. Mär 10:36:02 CET 2026
36,52.286092,2.99155305,10.1000,42.224655,4.180659,738.0,450,10.616,42.22465499999999,65.01340200861581,22.78874700861582,.539702,65.01342528721506,60.02082522935436,4.99260005786070,.118238,So 8. Mär 10:37:18 CET 2026
39,56.643267,3.24084917,10.1000,42.224655,4.180659,738.0,450,10.616,42.22465499999999,67.61868923665115,25.39403423665116,.601403,67.61871711547803,63.551649479854504,4.067067635623526,.096319,So 8. Mär 10:39:23 CET 2026
0,0,0,10.1000,42.224655,4.180659,738.0,500,10.493,42.22465499999999,42.22465499999999,0,0,42.224656401771,37.70142874399385,4.52322765777715,.107122,So 8. Mär 10:48:13 CET 2026
3,4.357174,.24929606,10.1000,42.224655,4.180659,738.0,500,10.493,42.22465499999999,43.22843240267742,1.00377740267743,.023772,43.228434149088855,38.43108314272569,4.797351006363165,.113614,So 8. Mär 10:48:50 CET 2026
45,65.357616,3.73944137,10.1000,42.224655,4.180659,738.0,450,10.616,42.22465499999999,72.06593343697244,29.84127843697245,.706726,72.06597056756463,68.30398043177371,3.76199013579092,.089094,So 8. Mär 10:49:22 CET 2026
6,8.714348,.49859213,10.1000,42.224655,4.180659,738.0,500,10.493,42.22465499999999,44.33164854219513,2.10699354219514,.049899,44.33165072141678,39.23130582076471,5.10034490065207,.120790,So 8. Mär 10:49:38 CET 2026
42,61.000441,3.49014524,10.1000,42.224655,4.180659,738.0,450,10.616,42.22465499999999,69.97368737920175,27.74903237920176,.657176,69.97371994629137,66.22355201006297,3.75016793622840,.088814,So 8. Mär 10:50:09 CET 2026
9,13.071523,.74788826,10.1000,42.224655,4.180659,738.0,500,10.493,42.22465499999999,45.55155840254928,3.32690340254929,.078790,45.55156112211577,40.08477696457067,5.46678415754510,.129469,So 8. Mär 11:30:11 CET 2026
12,17.428697,.99718433,10.1000,42.224655,4.180659,738.0,500,10.493,42.22465499999999,46.90926152778782,4.68460652778783,.110944,46.909264913309315,41.055292261584526,5.853972651724789,.138638,So 8. Mär 11:30:14 CET 2026
18,26.143046,1.49577652,10.1000,42.224655,4.180659,738.0,500,10.493,42.22465499999999,50.14455174985741,7.91989674985742,.187565,50.14455713441492,43.49779464189292,6.64676249252200,.157414,So 8. Mär 11:30:17 CET 2026
15,21.785872,1.24648045,10.1000,42.224655,4.180659,738.0,500,10.493,42.22465499999999,48.43028105670576,6.20562605670577,.146966,48.43028533771196,42.204262017268945,6.226023320443015,.147449,So 8. Mär 11:30:18 CET 2026
21,30.500220,1.74507259,10.1000,42.224655,4.180659,738.0,500,10.493,42.22465499999999,52.084566114726606,9.859911114726616,.233510,52.08457299726985,45.24410715030343,6.84046584696642,.162001,So 8. Mär 11:30:28 CET 2026
27,39.214569,2.24366478,10.1000,42.224655,4.180659,738.0,500,10.493,42.22465499999999,56.737343985002596,14.512688985002606,.343701,56.73735527426639,48.591292435317435,8.146062838948955,.192921,So 8. Mär 11:30:45 CET 2026
30,43.571744,2.49296091,10.1000,42.224655,4.180659,738.0,500,10.493,42.22465499999999,59.42381413763187,17.19915913763188,.407325,59.42382852391409,51.01162306079067,8.41220546312342,.199224,So 8. Mär 11:30:50 CET 2026
24,34.857395,1.99436871,10.1000,42.224655,4.180659,738.0,500,10.493,42.22465499999999,54.27898720350326,12.05433220350327,.285480,54.278996013803514,46.9312245394745,7.347771474329014,.174016,So 8. Mär 11:30:55 CET 2026
3,4.357174,.24929606,10.1000,42.224655,4.180659,738.0,500,10.534,42.22465499999999,43.22843240267742,1.00377740267743,.023772,43.22843416628078,38.43659798871361,4.79183617756717,.113484,So 8. Mär 11:30:56 CET 2026
0,0,0,10.1000,42.224655,4.180659,738.0,500,10.534,42.22465499999999,42.22465499999999,0,0,42.224656416003754,37.706182927328086,4.518473488675668,.107010,So 8. Mär 11:31:06 CET 2026
6,8.714348,.49859213,10.1000,42.224655,4.180659,738.0,500,10.534,42.22465499999999,44.33164854219513,2.10699354219514,.049899,44.331650740992416,39.23809024579252,5.093560495199896,.120630,So 8. Mär 11:31:09 CET 2026
15,21.785872,1.24648045,10.1000,42.224655,4.180659,738.0,500,10.534,42.22465499999999,48.43028105670576,6.20562605670577,.146966,48.43028537511812,42.21445363352314,6.21583174159498,.147208,So 8. Mär 11:31:18 CET 2026
33,47.928918,2.74225698,10.1000,42.224655,4.180659,738.0,500,10.493,42.22465499999999,62.23434076880261,20.00968576880262,.473886,62.234359002904,54.96813137358886,7.26622762931514,.172084,So 8. Mär 11:31:23 CET 2026
12,17.428697,.99718433,10.1000,42.224655,4.180659,738.0,500,10.534,42.22465499999999,46.90926152778782,4.68460652778783,.110944,46.909264933948805,41.064043295480154,5.845221638468651,.138431,So 8. Mär 11:31:34 CET 2026
9,13.071523,.74788826,10.1000,42.224655,4.180659,738.0,500,10.534,42.22465499999999,45.55155840254928,3.32690340254929,.078790,45.55156114315333,40.09232091625617,5.45924022689716,.129290,So 8. Mär 11:31:34 CET 2026
36,52.286092,2.99155305,10.1000,42.224655,4.180659,738.0,500,10.493,42.22465499999999,65.01340200861581,22.78874700861582,.539702,65.0134245559748,60.012068771182975,5.001355784791825,.118446,So 8. Mär 11:31:40 CET 2026
42,61.000441,3.49014524,10.1000,42.224655,4.180659,738.0,500,10.493,42.22465499999999,69.97368737920175,27.74903237920176,.657176,69.97371908278238,66.25353252705679,3.72018655572559,.088104,So 8. Mär 11:31:55 CET 2026
45,65.357616,3.73944137,10.1000,42.224655,4.180659,738.0,500,10.493,42.22465499999999,72.06593343697244,29.84127843697245,.706726,72.06596968342448,68.24053985772602,3.82542982569846,.090597,So 8. Mär 11:32:06 CET 2026
39,56.643267,3.24084917,10.1000,42.224655,4.180659,738.0,500,10.493,42.22465499999999,67.61868923665115,25.39403423665116,.601403,67.61871634912545,63.56471155790658,4.05400479121887,.096010,So 8. Mär 11:32:08 CET 2026
21,30.500220,1.74507259,10.1000,42.224655,4.180659,738.0,500,10.534,42.22465499999999,52.084566114726606,9.859911114726616,.233510,52.084573043602674,45.267849956343454,6.816723087259220,.161439,So 8. Mär 11:32:21 CET 2026
18,26.143046,1.49577652,10.1000,42.224655,4.180659,738.0,500,10.534,42.22465499999999,50.14455174985741,7.91989674985742,.187565,50.14455717027809,43.51016920080463,6.63438796947346,.157121,So 8. Mär 11:33:06 CET 2026
24,34.857395,1.99436871,10.1000,42.224655,4.180659,738.0,500,10.534,42.22465499999999,54.27898720350326,12.05433220350327,.285480,54.27899607360157,46.94107133038682,7.33792474321475,.173782,So 8. Mär 11:34:42 CET 2026
27,39.214569,2.24366478,10.1000,42.224655,4.180659,738.0,500,10.534,42.22465499999999,56.737343985002596,14.512688985002606,.343701,56.73735534509313,48.60321927419747,8.13413607089566,.192639,So 8. Mär 11:37:16 CET 2026
30,43.571744,2.49296091,10.1000,42.224655,4.180659,738.0,500,10.534,42.22465499999999,59.42381413763187,17.19915913763188,.407325,59.42382864740821,51.049729507371985,8.374099140036225,.198322,So 8. Mär 11:47:39 CET 2026
33,47.928918,2.74225698,10.1000,42.224655,4.180659,738.0,500,10.534,42.22465499999999,62.23434076880261,20.00968576880262,.473886,62.234359142328664,55.02220546677532,7.212153675553344,.170804,So 8. Mär 11:47:55 CET 2026
36,52.286092,2.99155305,10.1000,42.224655,4.180659,738.0,500,10.534,42.22465499999999,65.01340200861581,22.78874700861582,.539702,65.01342470949413,60.0560829772905,4.95734173220363,.117403,So 8. Mär 11:49:09 CET 2026
39,56.643267,3.24084917,10.1000,42.224655,4.180659,738.0,500,10.534,42.22465499999999,67.61868923665115,25.39403423665116,.601403,67.61871652865639,63.58246075006913,4.03625577858726,.095590,So 8. Mär 11:49:50 CET 2026
42,61.000441,3.49014524,10.1000,42.224655,4.180659,738.0,500,10.534,42.22465499999999,69.97368737920175,27.74903237920176,.657176,69.9737193074209,66.27299708290796,3.70072222451294,.087643,So 8. Mär 11:49:50 CET 2026
0,0,0,10.1000,42.224655,4.180659,738.0,500,10.575,42.22465499999999,42.22465499999999,0,0,42.22465642973421,37.710992481396815,4.513663948337395,.106896,So 8. Mär 12:27:36 CET 2026
3,4.357174,.24929606,10.1000,42.224655,4.180659,738.0,500,10.575,42.22465499999999,43.22843240267742,1.00377740267743,.023772,43.228434182843266,38.442101209835165,4.786332973008101,.113353,So 8. Mär 12:27:44 CET 2026
9,13.071523,.74788826,10.1000,42.224655,4.180659,738.0,500,10.575,42.22465499999999,45.55155840254928,3.32690340254929,.078790,45.55156116320385,40.09987370659149,5.45168745661236,.129111,So 8. Mär 12:27:58 CET 2026
6,8.714348,.49859213,10.1000,42.224655,4.180659,738.0,500,10.575,42.22465499999999,44.33164854219513,2.10699354219514,.049899,44.33165075984575,39.24452541098685,5.08712534885890,.120477,So 8. Mär 12:28:03 CET 2026
15,21.785872,1.24648045,10.1000,42.224655,4.180659,738.0,500,10.575,42.22465499999999,48.43028105670576,6.20562605670577,.146966,48.43028541090932,42.22437601939409,6.20590939151523,.146973,So 8. Mär 12:28:24 CET 2026
12,17.428697,.99718433,10.1000,42.224655,4.180659,738.0,500,10.575,42.22465499999999,46.90926152778782,4.68460652778783,.110944,46.909264963743006,41.073052276356854,5.836212687386152,.138218,So 8. Mär 12:28:29 CET 2026
18,26.143046,1.49577652,10.1000,42.224655,4.180659,738.0,500,10.575,42.22465499999999,50.14455174985741,7.91989674985742,.187565,50.144557225212885,43.52229384141651,6.622263383796375,.156834,So 8. Mär 12:28:36 CET 2026
27,39.214569,2.24366478,10.1000,42.224655,4.180659,738.0,500,10.575,42.22465499999999,56.737343985002596,14.512688985002606,.343701,56.73735541303218,48.61507191868821,8.12228349434397,.192358,So 8. Mär 12:28:37 CET 2026
21,30.500220,1.74507259,10.1000,42.224655,4.180659,738.0,500,10.575,42.22465499999999,52.084566114726606,9.859911114726616,.233510,52.084573087927396,45.29142926903068,6.793143818896716,.160880,So 8. Mär 12:28:40 CET 2026
0,0,0,10.1000,42.224655,4.180659,738.0,500,10.616,42.22465499999999,42.22465499999999,0,0,42.22465644285284,37.71593727222083,4.50871917063201,.106779,So 8. Mär 12:28:44 CET 2026
45,65.357616,3.73944137,10.1000,42.224655,4.180659,738.0,500,10.534,42.22465499999999,72.06593343697244,29.84127843697245,.706726,72.06596987906516,68.24715002665533,3.81881985240983,.090440,So 8. Mär 12:28:46 CET 2026
3,4.357174,.24929606,10.1000,42.224655,4.180659,738.0,500,10.616,42.22465499999999,43.22843240267742,1.00377740267743,.023772,43.228434198637636,38.44746147204589,4.780972726591746,.113227,So 8. Mär 12:28:46 CET 2026
30,43.571744,2.49296091,10.1000,42.224655,4.180659,738.0,500,10.575,42.22465499999999,59.42381413763187,17.19915913763188,.407325,59.4238287725576,51.08753347618827,8.33629529636933,.197427,So 8. Mär 12:28:52 CET 2026
6,8.714348,.49859213,10.1000,42.224655,4.180659,738.0,500,10.616,42.22465499999999,44.33164854219513,2.10699354219514,.049899,44.33165077799104,39.25102453044277,5.08062624754827,.120323,So 8. Mär 12:29:15 CET 2026
24,34.857395,1.99436871,10.1000,42.224655,4.180659,738.0,500,10.575,42.22465499999999,54.27898720350326,12.05433220350327,.285480,54.278996131377404,46.951082524093565,7.327913607283839,.173545,So 8. Mär 12:29:18 CET 2026
39,56.643267,3.24084917,10.1000,42.224655,4.180659,738.0,500,10.575,42.22465499999999,67.61868923665115,25.39403423665116,.601403,67.61871670039719,63.59994583321518,4.01877086718201,.095175,So 8. Mär 12:29:52 CET 2026
33,47.928918,2.74225698,10.1000,42.224655,4.180659,738.0,500,10.575,42.22465499999999,62.23434076880261,20.00968576880262,.473886,62.23435927588493,55.076956518973994,7.157402756910936,.169507,So 8. Mär 12:29:56 CET 2026
9,13.071523,.74788826,10.1000,42.224655,4.180659,738.0,500,10.616,42.22465499999999,45.55155840254928,3.32690340254929,.078790,45.551561182314146,40.107380494634846,5.444180687679300,.128933,So 8. Mär 12:29:58 CET 2026
45,65.357616,3.73944137,10.1000,42.224655,4.180659,738.0,500,10.575,42.22465499999999,72.06593343697244,29.84127843697245,.706726,72.06597006927561,68.25378366337287,3.81218640590274,.090283,So 8. Mär 12:30:34 CET 2026
12,17.428697,.99718433,10.1000,42.224655,4.180659,738.0,500,10.616,42.22465499999999,46.90926152778782,4.68460652778783,.110944,46.90926500055561,41.08168382628897,5.82758117426664,.138013,So 8. Mär 12:30:57 CET 2026
36,52.286092,2.99155305,10.1000,42.224655,4.180659,738.0,500,10.575,42.22465499999999,65.01340200861581,22.78874700861582,.539702,65.01342485683311,60.09949503343978,4.91392982339333,.116375,So 8. Mär 12:31:04 CET 2026
42,61.000441,3.49014524,10.1000,42.224655,4.180659,738.0,500,10.575,42.22465499999999,69.97368737920175,27.74903237920176,.657176,69.97371952290116,66.29210357407683,3.68161594882433,.087191,So 8. Mär 12:31:04 CET 2026
15,21.785872,1.24648045,10.1000,42.224655,4.180659,738.0,500,10.616,42.22465499999999,48.43028105670576,6.20562605670577,.146966,48.43028544534042,42.23435228780711,6.19593315753331,.146737,So 8. Mär 12:34:55 CET 2026
18,26.143046,1.49577652,10.1000,42.224655,4.180659,738.0,500,10.616,42.22465499999999,50.14455174985741,7.91989674985742,.187565,50.14455727852397,43.53431120684225,6.61024607168172,.156549,So 8. Mär 12:45:31 CET 2026
21,30.500220,1.74507259,10.1000,42.224655,4.180659,738.0,500,10.616,42.22465499999999,52.084566114726606,9.859911114726616,.233510,52.08457313020393,45.31453335749292,6.77003977271101,.160333,So 8. Mär 12:45:48 CET 2026
24,34.857395,1.99436871,10.1000,42.224655,4.180659,738.0,500,10.616,42.22465499999999,54.27898720350326,12.05433220350327,.285480,54.2789961862565,46.96082442695348,7.31817175930302,.173315,So 8. Mär 12:47:15 CET 2026
30,43.571744,2.49296091,10.1000,42.224655,4.180659,738.0,500,10.616,42.22465499999999,59.42381413763187,17.19915913763188,.407325,59.42382889224702,51.125134573771454,8.298694318475566,.196536,So 8. Mär 12:47:48 CET 2026
27,39.214569,2.24366478,10.1000,42.224655,4.180659,738.0,500,10.616,42.22465499999999,56.737343985002596,14.512688985002606,.343701,56.73735548605481,48.62687367048664,8.11048181556817,.192079,So 8. Mär 12:47:48 CET 2026
3,4.357174,.24929606,10.1000,42.224655,4.180659,738.0,550,10.493,42.22465499999999,43.22843240267742,1.00377740267743,.023772,43.22843412017983,38.42136994630498,4.80706417387485,.113844,So 8. Mär 13:25:39 CET 2026
33,47.928918,2.74225698,10.1000,42.224655,4.180659,738.0,500,10.616,42.22465499999999,62.23434076880261,20.00968576880262,.473886,62.234359404605286,55.1320917894238,7.102267615181486,.168201,So 8. Mär 13:25:45 CET 2026
18,26.143046,1.49577652,10.1000,42.224655,4.180659,738.0,550,10.493,42.22465499999999,50.14455174985741,7.91989674985742,.187565,50.14455706602235,43.47420601963297,6.67035104638938,.157972,So 8. Mär 13:26:09 CET 2026
9,13.071523,.74788826,10.1000,42.224655,4.180659,738.0,550,10.493,42.22465499999999,45.55155840254928,3.32690340254929,.078790,45.55156108115486,40.06919758105387,5.48236350010099,.129837,So 8. Mär 13:26:10 CET 2026
0,0,0,10.1000,42.224655,4.180659,738.0,550,10.493,42.22465499999999,42.22465499999999,0,0,42.22465637971154,37.69362232525693,4.53103405445461,.107307,So 8. Mär 13:26:12 CET 2026
6,8.714348,.49859213,10.1000,42.224655,4.180659,738.0,550,10.493,42.22465499999999,44.33164854219513,2.10699354219514,.049899,44.33165068553936,39.22027524767957,5.11137543785979,.121051,So 8. Mär 13:26:12 CET 2026
15,21.785872,1.24648045,10.1000,42.224655,4.180659,738.0,550,10.493,42.22465499999999,48.43028105670576,6.20562605670577,.146966,48.43028526085429,42.179018802244656,6.251266458609634,.148047,So 8. Mär 13:26:14 CET 2026
21,30.500220,1.74507259,10.1000,42.224655,4.180659,738.0,550,10.493,42.22465499999999,52.084566114726606,9.859911114726616,.233510,52.08457290166391,45.26310622072503,6.82146668093888,.161551,So 8. Mär 13:26:23 CET 2026
36,52.286092,2.99155305,10.1000,42.224655,4.180659,738.0,500,10.616,42.22465499999999,65.01340200861581,22.78874700861582,.539702,65.01342499645142,60.1420061495208,4.87141884693062,.115369,So 8. Mär 13:26:24 CET 2026
12,17.428697,.99718433,10.1000,42.224655,4.180659,738.0,550,10.493,42.22465499999999,46.90926152778782,4.68460652778783,.110944,46.90926486977242,41.033587864074335,5.875677005698085,.139152,So 8. Mär 13:26:31 CET 2026
42,61.000441,3.49014524,10.1000,42.224655,4.180659,738.0,500,10.616,42.22465499999999,69.97368737920175,27.74903237920176,.657176,69.97371972917178,66.31091051610231,3.66280921306947,.086745,So 8. Mär 13:26:34 CET 2026
39,56.643267,3.24084917,10.1000,42.224655,4.180659,738.0,500,10.616,42.22465499999999,67.61868923665115,25.39403423665116,.601403,67.6187168638174,63.617097141873266,4.001619721944134,.094769,So 8. Mär 13:26:52 CET 2026
27,39.214569,2.24366478,10.1000,42.224655,4.180659,738.0,550,10.493,42.22465499999999,56.737343985002596,14.512688985002606,.343701,56.73735515549566,48.57865137834313,8.15870377715253,.193221,So 8. Mär 13:27:07 CET 2026
24,34.857395,1.99436871,10.1000,42.224655,4.180659,738.0,550,10.493,42.22465499999999,54.27898720350326,12.05433220350327,.285480,54.27899589745361,46.9289314520315,7.35006444542211,.174070,So 8. Mär 13:27:08 CET 2026
45,65.357616,3.73944137,10.1000,42.224655,4.180659,738.0,500,10.616,42.22465499999999,72.06593343697244,29.84127843697245,.706726,72.06597034369857,68.2603349141626,3.80563542953597,.090128,So 8. Mär 13:27:21 CET 2026
30,43.571744,2.49296091,10.1000,42.224655,4.180659,738.0,550,10.493,42.22465499999999,59.42381413763187,17.19915913763188,.407325,59.42382843029509,51.03092805683894,8.39290037345615,.198767,So 8. Mär 13:27:23 CET 2026
0,0,0,10.1000,42.224655,4.180659,738.0,550,10.534,42.22465499999999,42.22465499999999,0,0,42.224656394449774,37.698096880830846,4.526559513618928,.107201,So 8. Mär 13:27:41 CET 2026
33,47.928918,2.74225698,10.1000,42.224655,4.180659,738.0,550,10.493,42.22465499999999,62.23434076880261,20.00968576880262,.473886,62.23435885612511,55.07097529453149,7.16338356159362,.169649,So 8. Mär 13:27:43 CET 2026
42,61.000441,3.49014524,10.1000,42.224655,4.180659,738.0,550,10.493,42.22465499999999,69.97368737920175,27.74903237920176,.657176,69.97371920366608,66.33213575933318,3.64158344433290,.086243,So 8. Mär 13:29:34 CET 2026
36,52.286092,2.99155305,10.1000,42.224655,4.180659,738.0,550,10.493,42.22465499999999,65.01340200861581,22.78874700861582,.539702,65.01342448900486,60.130226359423,4.88319812958186,.115648,So 8. Mär 13:29:37 CET 2026
39,56.643267,3.24084917,10.1000,42.224655,4.180659,738.0,550,10.493,42.22465499999999,67.61868923665115,25.39403423665116,.601403,67.61871637640203,63.632501361085495,3.986215015316535,.094404,So 8. Mär 13:29:50 CET 2026
45,65.357616,3.73944137,10.1000,42.224655,4.180659,738.0,550,10.493,42.22465499999999,72.06593343697244,29.84127843697245,.706726,72.0659700328073,68.19790897708775,3.86806105571955,.091606,So 8. Mär 13:29:53 CET 2026
3,4.357174,.24929606,10.1000,42.224655,4.180659,738.0,550,10.534,42.22465499999999,43.22843240267742,1.00377740267743,.023772,43.22843413795613,38.426836704301806,4.801597433654324,.113715,So 8. Mär 13:31:59 CET 2026
6,8.714348,.49859213,10.1000,42.224655,4.180659,738.0,550,10.534,42.22465499999999,44.33164854219513,2.10699354219514,.049899,44.33165070607823,39.226779998839035,5.104870707239195,.120897,So 8. Mär 13:42:11 CET 2026
9,13.071523,.74788826,10.1000,42.224655,4.180659,738.0,550,10.534,42.22465499999999,45.55155840254928,3.32690340254929,.078790,45.5515611030464,40.07659104564419,5.47497005740221,.129662,So 8. Mär 13:43:28 CET 2026
12,17.428697,.99718433,10.1000,42.224655,4.180659,738.0,550,10.534,42.22465499999999,46.90926152778782,4.68460652778783,.110944,46.90926489124184,41.042456088291914,5.866808802949926,.138942,So 8. Mär 13:44:21 CET 2026
18,26.143046,1.49577652,10.1000,42.224655,4.180659,738.0,550,10.534,42.22465499999999,50.14455174985741,7.91989674985742,.187565,50.144557099174456,43.486386090536534,6.658171008637922,.157684,So 8. Mär 13:44:27 CET 2026
15,21.785872,1.24648045,10.1000,42.224655,4.180659,738.0,550,10.534,42.22465499999999,48.43028105670576,6.20562605670577,.146966,48.43028529954163,42.18906181817122,6.24122348137041,.147809,So 8. Mär 13:44:34 CET 2026
21,30.500220,1.74507259,10.1000,42.224655,4.180659,738.0,550,10.534,42.22465499999999,52.084566114726606,9.859911114726616,.233510,52.084572950251705,45.287433192336636,6.797139757915069,.160975,So 8. Mär 14:23:13 CET 2026
24,34.857395,1.99436871,10.1000,42.224655,4.180659,738.0,550,10.534,42.22465499999999,54.27898720350326,12.05433220350327,.285480,54.2789959604978,46.93848924924629,7.34050671125151,.173844,So 8. Mär 14:23:26 CET 2026
0,0,0,10.1000,42.224655,4.180659,738.0,550,10.575,42.22465499999999,42.22465499999999,0,0,42.22465640856445,37.70286224983934,4.52179415872511,.107088,So 8. Mär 14:23:40 CET 2026
3,4.357174,.24929606,10.1000,42.224655,4.180659,738.0,550,10.575,42.22465499999999,43.22843240267742,1.00377740267743,.023772,43.228434155257,38.432296657067,4.796137498190,.113586,So 8. Mär 14:23:42 CET 2026
27,39.214569,2.24366478,10.1000,42.224655,4.180659,738.0,550,10.534,42.22465499999999,56.737343985002596,14.512688985002606,.343701,56.73735522999863,48.59049319263508,8.14686203736355,.192940,So 8. Mär 14:23:58 CET 2026
30,43.571744,2.49296091,10.1000,42.224655,4.180659,738.0,550,10.534,42.22465499999999,59.42381413763187,17.19915913763188,.407325,59.42382851146535,51.069311190430405,8.354517321034945,.197858,So 8. Mär 14:23:58 CET 2026
9,13.071523,.74788826,10.1000,42.224655,4.180659,738.0,550,10.575,42.22465499999999,45.55155840254928,3.32690340254929,.078790,45.55156112405205,40.084120182106034,5.467440941946016,.129484,So 8. Mär 14:24:15 CET 2026
33,47.928918,2.74225698,10.1000,42.224655,4.180659,738.0,550,10.534,42.22465499999999,62.23434076880261,20.00968576880262,.473886,62.2343590024353,55.12820550071876,7.10615350171654,.168293,So 8. Mär 14:24:34 CET 2026
36,52.286092,2.99155305,10.1000,42.224655,4.180659,738.0,550,10.534,42.22465499999999,65.01340200861581,22.78874700861582,.539702,65.01342464950784,60.172885339147385,4.840539310360455,.114637,So 8. Mär 14:24:34 CET 2026
18,26.143046,1.49577652,10.1000,42.224655,4.180659,738.0,550,10.575,42.22465499999999,50.14455174985741,7.91989674985742,.187565,50.14455713090214,43.49823807046569,6.64631906043645,.157403,So 8. Mär 14:24:35 CET 2026
6,8.714348,.49859213,10.1000,42.224655,4.180659,738.0,550,10.575,42.22465499999999,44.33164854219513,2.10699354219514,.049899,44.33165072569217,39.23327868651516,5.09837203917701,.120743,So 8. Mär 14:24:35 CET 2026
12,17.428697,.99718433,10.1000,42.224655,4.180659,738.0,550,10.575,42.22465499999999,46.90926152778782,4.68460652778783,.110944,46.909264911985765,41.05106925303343,5.858195658952335,.138738,So 8. Mär 14:24:37 CET 2026
45,65.357616,3.73944137,10.1000,42.224655,4.180659,738.0,550,10.534,42.22465499999999,72.06593343697244,29.84127843697245,.706726,72.06597023716138,68.20461125752128,3.86135897964010,.091447,So 8. Mär 14:24:52 CET 2026
15,21.785872,1.24648045,10.1000,42.224655,4.180659,738.0,550,10.575,42.22465499999999,48.43028105670576,6.20562605670577,.146966,48.43028533677964,42.199189589129844,6.231095747649796,.147570,So 8. Mär 14:25:01 CET 2026
42,61.000441,3.49014524,10.1000,42.224655,4.180659,738.0,550,10.534,42.22465499999999,69.97368737920175,27.74903237920176,.657176,69.9737194375057,66.34953491517962,3.62418452232608,.085831,So 8. Mär 14:25:06 CET 2026
24,34.857395,1.99436871,10.1000,42.224655,4.180659,738.0,550,10.575,42.22465499999999,54.27898720350326,12.05433220350327,.285480,54.278996020322246,46.94805007490724,7.330945945415006,.173617,So 8. Mär 14:25:09 CET 2026
21,30.500220,1.74507259,10.1000,42.224655,4.180659,738.0,550,10.575,42.22465499999999,52.084566114726606,9.859911114726616,.233510,52.084572996464146,45.3113217824728,6.773251213991346,.160409,So 8. Mär 14:25:10 CET 2026
39,56.643267,3.24084917,10.1000,42.224655,4.180659,738.0,550,10.534,42.22465499999999,67.61868923665115,25.39403423665116,.601403,67.6187165631929,63.65060388556682,3.96811267762608,.093976,So 8. Mär 14:25:14 CET 2026
27,39.214569,2.24366478,10.1000,42.224655,4.180659,738.0,550,10.575,42.22465499999999,56.737343985002596,14.512688985002606,.343701,56.737355300845714,48.60255904516199,8.134796255683724,.192655,So 8. Mär 14:27:01 CET 2026
30,43.571744,2.49296091,10.1000,42.224655,4.180659,738.0,550,10.575,42.22465499999999,59.42381413763187,17.19915913763188,.407325,59.42382858960118,51.10741373663245,8.31641485296873,.196956,So 8. Mär 14:27:12 CET 2026
33,47.928918,2.74225698,10.1000,42.224655,4.180659,738.0,550,10.575,42.22465499999999,62.23434076880261,20.00968576880262,.473886,62.23435914147591,55.18583059743437,7.04852854404154,.166929,So 8. Mär 14:27:41 CET 2026
36,52.286092,2.99155305,10.1000,42.224655,4.180659,738.0,550,10.575,42.22465499999999,65.01340200861581,22.78874700861582,.539702,65.01342480391156,60.21478867960179,4.79863612430977,.113645,So 8. Mär 14:29:02 CET 2026
39,56.643267,3.24084917,10.1000,42.224655,4.180659,738.0,550,10.575,42.22465499999999,67.61868923665115,25.39403423665116,.601403,67.61871674243588,63.66834675614999,3.95036998628589,.093556,So 8. Mär 14:29:55 CET 2026
3,4.357174,.24929606,10.1000,42.224655,4.180659,738.0,550,10.616,42.22465499999999,43.22843240267742,1.00377740267743,.023772,43.22843417164832,38.43768157007381,4.79075260157451,.113458,So 8. Mär 14:37:28 CET 2026
0,0,0,10.1000,42.224655,4.180659,738.0,550,10.616,42.22465499999999,42.22465499999999,0,0,42.22465642212832,37.707730210635944,4.516926211492376,.106973,So 8. Mär 14:37:38 CET 2026
6,8.714348,.49859213,10.1000,42.224655,4.180659,738.0,550,10.616,42.22465499999999,44.33164854219513,2.10699354219514,.049899,44.331650744417495,39.23971602728695,5.091934717130545,.120591,So 8. Mär 14:37:53 CET 2026
42,61.000441,3.49014524,10.1000,42.224655,4.180659,738.0,550,10.575,42.22465499999999,69.97368737920175,27.74903237920176,.657176,69.97371966207113,66.36650962355128,3.60721003851985,.085428,So 8. Mär 14:37:55 CET 2026
45,65.357616,3.73944137,10.1000,42.224655,4.180659,738.0,550,10.575,42.22465499999999,72.06593343697244,29.84127843697245,.706726,72.06597043089789,68.21150319013167,3.85446724076622,.091284,So 8. Mär 14:38:11 CET 2026
9,13.071523,.74788826,10.1000,42.224655,4.180659,738.0,550,10.616,42.22465499999999,45.55155840254928,3.32690340254929,.078790,45.55156114397771,40.09177143411837,5.45978970985934,.129303,So 8. Mär 14:53:13 CET 2026
15,21.785872,1.24648045,10.1000,42.224655,4.180659,738.0,550,10.616,42.22465499999999,48.43028105670576,6.20562605670577,.146966,48.43028537244991,42.20931371787833,6.22097165457158,.147330,So 8. Mär 14:53:15 CET 2026
12,17.428697,.99718433,10.1000,42.224655,4.180659,738.0,550,10.616,42.22465499999999,46.90926152778782,4.68460652778783,.110944,46.909264931690416,41.059536364377294,5.849728567313122,.138538,So 8. Mär 14:53:18 CET 2026
18,26.143046,1.49577652,10.1000,42.224655,4.180659,738.0,550,10.616,42.22465499999999,50.14455174985741,7.91989674985742,.187565,50.14455716825316,43.510369160510955,6.634188007742205,.157116,So 8. Mär 14:53:24 CET 2026
24,34.857395,1.99436871,10.1000,42.224655,4.180659,738.0,550,10.616,42.22465499999999,54.27898720350326,12.05433220350327,.285480,54.27899607771119,46.957452395172346,7.321543682538844,.173394,So 8. Mär 14:53:31 CET 2026
21,30.500220,1.74507259,10.1000,42.224655,4.180659,738.0,550,10.616,42.22465499999999,52.084566114726606,9.859911114726616,.233510,52.08457304050342,45.33486138996447,6.74971165053895,.159852,So 8. Mär 14:53:41 CET 2026
30,43.571744,2.49296091,10.1000,42.224655,4.180659,738.0,550,10.616,42.22465499999999,59.42381413763187,17.19915913763188,.407325,59.42382871340442,51.145225043626816,8.278603669777604,.196060,So 8. Mär 14:53:48 CET 2026
27,39.214569,2.24366478,10.1000,42.224655,4.180659,738.0,550,10.616,42.22465499999999,56.737343985002596,14.512688985002606,.343701,56.73735536884656,48.614311073052704,8.123044295793856,.192376,So 8. Mär 14:53:49 CET 2026
33,47.928918,2.74225698,10.1000,42.224655,4.180659,738.0,550,10.616,42.22465499999999,62.23434076880261,20.00968576880262,.473886,62.23435927602892,55.2439203227891,6.99043895323982,.165553,So 8. Mär 14:54:17 CET 2026
39,56.643267,3.24084917,10.1000,42.224655,4.180659,738.0,550,10.616,42.22465499999999,67.61868923665115,25.39403423665116,.601403,67.61871691410947,63.685706895472464,3.933010018637006,.093144,So 8. Mär 14:54:22 CET 2026
45,65.357616,3.73944137,10.1000,42.224655,4.180659,738.0,550,10.616,42.22465499999999,72.06593343697244,29.84127843697245,.706726,72.06597061618623,68.21825081515334,3.84771980103289,.091124,So 8. Mär 14:54:23 CET 2026
36,52.286092,2.99155305,10.1000,42.224655,4.180659,738.0,550,10.616,42.22465499999999,65.01340200861581,22.78874700861582,.539702,65.01342495086647,60.25600611328148,4.75741883758499,.112669,So 8. Mär 14:54:28 CET 2026
42,61.000441,3.49014524,10.1000,42.224655,4.180659,738.0,550,10.616,42.22465499999999,69.97368737920175,27.74903237920176,.657176,69.97371987759189,66.3832149061697,3.59050497142219,.085033,So 8. Mär 14:54:28 CET 2026
