Force_Target_N,Force_Actual_N,force_rescaled_N,Aspect_Ratio_a_b,muscle_b_cm,muscle_a_cm,Volume_cm3,surface_area_cm2,traction_N_cm2,Am,Rho,Initial_Length_cm,Final_Length_cm,Elongation_cm,Strain
36,2.751163,2.1299100158519786,6.88,27.124289,3.942484,421.6,15.543180090256,0.17700129471733397,550,10.493,27.124289,27.575964191439496,0.451675191439496,0.016652
3,0.208143,0.17749205237916907,7.9533,29.876603,3.756504,421.6,14.111322302016001,0.014750070584828457,550,10.493,29.876603,29.916856082480887,0.040253082480887,0.001347
15,1.146318,0.8874625711204346,6.88,27.124289,3.942484,421.6,15.543180090256,0.07375054482696403,550,10.493,27.124289,27.308962537947817,0.184673537947817,0.006808
30,2.292636,1.7749251422408692,6.88,27.124289,3.942484,421.6,15.543180090256,0.14750108965392805,550,10.493,27.124289,27.49864057688411,0.374351576884114,0.013801
27,2.063372,1.5974323183426533,6.88,27.124289,3.942484,421.6,15.543180090256,0.13275095495377587,550,10.493,27.124289,27.460293658807117,0.336004658807117,0.012387
33,2.521899,1.9524171919537625,6.88,27.124289,3.942484,421.6,15.543180090256,0.16225116001718176,550,10.493,27.124289,27.537196643913617,0.412907643913614,0.015222
0,0.0,0.0,6.88,27.124289,3.942484,421.6,15.543180090256,0.0,550,10.493,27.124289,27.124288999999987,-1.3e-14,0.0
9,0.68779,0.5324769233240024,6.88,27.124289,3.942484,421.6,15.543180090256,0.044250275426659616,550,10.493,27.124289,27.234505031502927,0.110216031502927,0.004063
0,0.0,0.0,7.9533,29.876603,3.756504,421.6,14.111322302016001,0.0,550,10.493,29.876603,29.87660300000001,1e-14,0.0
45,3.438954,2.662387713361304,6.88,27.124289,3.942484,421.6,15.543180090256,0.2212516344808921,550,10.493,27.124289,27.693553715492737,0.569264715492737,0.020987
39,2.980427,2.307402839750195,6.88,27.124289,3.942484,421.6,15.543180090256,0.1917514294174862,550,10.493,27.124289,27.614944911086045,0.490655911086045,0.018089
21,1.604845,1.242447444731544,6.88,27.124289,3.942484,421.6,15.543180090256,0.10325074989036995,550,10.493,27.124289,27.384220516751625,0.259931516751622,0.009582
42,3.20969,2.484894889463088,6.88,27.124289,3.942484,421.6,15.543180090256,0.2065014997807399,550,10.493,27.124289,27.654140707999755,0.529851707999755,0.019534
18,1.375581,1.0649546208333278,6.88,27.124289,3.942484,421.6,15.543180090256,0.08850061519021774,550,10.493,27.124289,27.34649050193917,0.22220150193917,0.008191
24,1.834109,1.4199402686297602,6.88,27.124289,3.942484,421.6,15.543180090256,0.11800088459052216,550,10.493,27.124289,27.42215434616669,0.29786534616669,0.010981
6,0.458527,0.3549848736111093,6.88,27.124289,3.942484,421.6,15.543180090256,0.029500205063405914,550,10.493,27.124289,27.197572293187747,0.073283293187747,0.002701
12,0.917054,0.7099697472222186,6.88,27.124289,3.942484,421.6,15.543180090256,0.05900041012681183,550,10.493,27.124289,27.271635235393777,0.147346235393777,0.005432
3,0.229263,0.17749204971289312,6.88,27.124289,3.942484,421.6,15.543180090256,0.0147500703632537,550,10.493,27.124289,27.16083386516492,0.03654486516492,0.001347
12,0.832574,0.7099699149985074,7.9533,29.876603,3.756504,421.6,14.111322302016001,0.05900042406947612,550,10.493,29.876603,30.03889978504245,0.162296785042446,0.005432
21,1.457004,1.2424469248769299,7.9533,29.876603,3.756504,421.6,14.111322302016001,0.10325070668904263,550,10.493,29.876603,30.162909816307923,0.286306816307923,0.009582
9,0.62443,0.5324770098784227,7.9533,29.876603,3.756504,421.6,14.111322302016001,0.04425028261956652,550,10.493,29.876603,29.998002594018555,0.121399594018555,0.004063
27,1.873292,1.5974327351170992,7.9533,29.876603,3.756504,421.6,14.111322302016001,0.13275098958886183,550,10.493,29.876603,30.24670229096607,0.37009929096607,0.012387
24,1.665148,1.4199398299970147,7.9533,29.876603,3.756504,421.6,14.111322302016001,0.11800084813895224,550,10.493,29.876603,30.20469281234182,0.32808981234182,0.010981
15,1.040717,0.8874619673776762,7.9533,29.876603,3.756504,421.6,14.111322302016001,0.07375049465430457,550,10.493,29.876603,30.080015269856823,0.203412269856823,0.006808
18,1.248861,1.0649548724977609,7.9533,29.876603,3.756504,421.6,14.111322302016001,0.08850063610421417,550,10.493,29.876603,30.121351436889015,0.244748436889018,0.008191
6,0.382594,0.3549847298976901,9.0267,32.507656,3.601278,421.6,12.969203233284002,0.02950019312043129,550,10.493,32.507656,32.595483407015784,0.087827407015784,0.002701
30,2.081435,1.7749247874962684,7.9533,29.876603,3.756504,421.6,14.111322302016001,0.1475010601736903,550,10.493,29.876603,30.28894011162211,0.412337111622114,0.013801
42,2.914009,2.4848947024947754,7.9533,29.876603,3.756504,421.6,14.111322302016001,0.20650148424316642,550,10.493,29.876603,30.460218918092743,0.583615918092743,0.019534
6,0.416287,0.3549849574992537,7.9533,29.876603,3.756504,421.6,14.111322302016001,0.02950021203473806,550,10.493,29.876603,29.957322130391947,0.080719130391947,0.002701
0,0.0,0.0,9.0267,32.507656,3.601278,421.6,12.969203233284002,0.0,550,10.493,32.507656,32.507656,0.0,0.0
45,3.122153,2.66238760761486,7.9533,29.876603,3.756504,421.6,14.111322302016001,0.22125162569307602,550,10.493,29.876603,30.503631330589105,0.627028330589105,0.020987
3,0.191297,0.17749236494884504,9.0267,32.507656,3.601278,421.6,12.969203233284002,0.014750096560215645,550,10.493,32.507656,32.551454151277156,0.043798151277156,0.001347
36,2.497722,2.1299097449955218,7.9533,29.876603,3.756504,421.6,14.111322302016001,0.17700127220842835,550,10.493,29.876603,30.374109765069797,0.497506765069797,0.016652
9,0.573891,0.5324770948465352,9.0267,32.507656,3.601278,421.6,12.969203233284002,0.04425028968064694,550,10.493,32.507656,32.639746532414755,0.132090532414755,0.004063
39,2.705866,2.3074026501156064,7.9533,29.876603,3.756504,421.6,14.111322302016001,0.19175141365833795,550,10.493,29.876603,30.417045991876684,0.540442991876684,0.018089
33,2.289579,1.9524176926163526,7.9533,29.876603,3.756504,421.6,14.111322302016001,0.16225120162359988,550,10.493,29.876603,30.331408665670217,0.454805665670214,0.015222
12,0.765188,0.7099694597953802,9.0267,32.507656,3.601278,421.6,12.969203233284002,0.05900038624086258,550,10.493,32.507656,32.684245161217916,0.176589161217916,0.005432
15,0.956485,0.8874618247442254,9.0267,32.507656,3.601278,421.6,12.969203233284002,0.07375048280107824,550,10.493,32.507656,32.728981533498306,0.221325533498306,0.006808
24,1.530377,1.4199398474273965,9.0267,32.507656,3.601278,421.6,12.969203233284002,0.11800084958746422,550,10.493,32.507656,32.864638671728585,0.356982671728585,0.010981
27,1.721674,1.5974322123762414,9.0267,32.507656,3.601278,421.6,12.969203233284002,0.13275094614767985,550,10.493,32.507656,32.910347551148114,0.402691551148114,0.012387
0,0.0,0.0,10.1,35.03594,3.468905,421.6,12.033301899025,0.0,550,10.493,35.03594,35.03593999999999,-1e-14,0.0
18,1.147783,1.0649551175297063,9.0267,32.507656,3.601278,421.6,12.969203233284002,0.08850065646703291,550,10.493,32.507656,32.77395795447577,0.26630195447577,0.008191
21,1.33908,1.2424474824785514,9.0267,32.507656,3.601278,421.6,12.969203233284002,0.10325075302724857,550,10.493,32.507656,32.81917619014383,0.31152019014383,0.009582
33,2.104269,1.9524178701105674,9.0267,32.507656,3.601278,421.6,12.969203233284002,0.16225121637385018,550,10.493,32.507656,33.00251379495345,0.49485779495345,0.015222
30,1.912971,1.7749245773250864,9.0267,32.507656,3.601278,421.6,12.969203233284002,0.1475010427078955,550,10.493,32.507656,32.956305028196056,0.448649028196056,0.013801
36,2.295566,2.1299102350594126,9.0267,32.507656,3.601278,421.6,12.969203233284002,0.17700131293406582,550,10.493,32.507656,33.04897537037898,0.54131937037898,0.016652
42,2.67816,2.484894964957103,9.0267,32.507656,3.601278,421.6,12.969203233284002,0.20650150605449713,550,10.493,32.507656,33.14266749167577,0.63501149167577,0.019534
3,0.177492,0.177492,10.1,35.03594,3.468905,421.6,12.033301899025,0.014750066231977553,550,10.493,35.03594,35.083144345301385,0.047204345301385,0.001347
45,2.869457,2.6623873299059477,9.0267,32.507656,3.601278,421.6,12.969203233284002,0.22125160261471277,550,10.493,32.507656,33.18990271781482,0.68224671781482,0.020987
6,0.354985,0.354985,10.1,35.03594,3.468905,421.6,12.033301899025,0.029500215566665263,550,10.493,35.03594,35.13059841778905,0.09465841778905,0.002701
39,2.486863,2.307402600008258,9.0267,32.507656,3.601278,421.6,12.969203233284002,0.1917514094942815,550,10.493,32.507656,33.095692472903515,0.588036472903515,0.018089
12,0.70997,0.70997,10.1,35.03594,3.468905,421.6,12.033301899025,0.059000431133330526,550,10.493,35.03594,35.22626337425374,0.19032337425374,0.005432
9,0.532477,0.532477,10.1,35.03594,3.468905,421.6,12.033301899025,0.044250281798642814,550,10.493,35.03594,35.17830395323753,0.14236395323753,0.004063
15,0.887462,0.8874619999999999,10.1,35.03594,3.468905,421.6,12.033301899025,0.07375049736530807,550,10.493,35.03594,35.27447921660677,0.23853921660677,0.006808
24,1.41994,1.41994,10.1,35.03594,3.468905,421.6,12.033301899025,0.11800086226666105,550,10.493,35.03594,35.42068710066062,0.38474710066062,0.010981
0,0.0,0.0,6.88,27.840773,4.046624,455.9,16.375165797376003,0.0,550,10.493,27.840773,27.84077300000001,1e-14,0.0
18,1.064955,1.064955,10.1,35.03594,3.468905,421.6,12.033301899025,0.0885006466999958,550,10.493,35.03594,35.32295330751319,0.28701330751319,0.008191
21,1.242447,1.242447,10.1,35.03594,3.468905,421.6,12.033301899025,0.10325071293197335,550,10.493,35.03594,35.37168837734286,0.33574837734286,0.009582
3,0.241535,0.17749216161504405,6.88,27.840773,4.046624,455.9,16.375165797376003,0.014750079662625716,550,10.493,27.840773,27.878283316364183,0.037510316364186,0.001347
33,1.952417,1.952417,10.1,35.03594,3.468905,421.6,12.033301899025,0.1622511440653039,550,10.493,35.03594,35.569285128299825,0.533345128299825,0.015222
12,0.966142,0.7099701161615579,6.88,27.840773,4.046624,455.9,16.375165797376003,0.05900044078667081,550,10.493,27.840773,27.99201088795025,0.15123788795025,0.005432
30,1.774925,1.774925,10.1,35.03594,3.468905,421.6,12.033301899025,0.14750107783332633,550,10.493,35.03594,35.519482895444405,0.483542895444405,0.013801
39,2.307402,2.307402,10.1,35.03594,3.468905,421.6,12.033301899025,0.19175135963196915,550,10.493,35.03594,35.66971092301385,0.63377092301385,0.018089
45,2.662387,2.662387,10.1,35.03594,3.468905,421.6,12.033301899025,0.2212515751986344,550,10.493,35.03594,35.77124828351826,0.73530828351826,0.020987
18,1.449213,1.064955174242337,6.88,27.840773,4.046624,455.9,16.375165797376003,0.08850066118000623,550,10.493,27.840773,28.06884398516752,0.22807098516752,0.008191
36,2.12991,2.12991,10.1,35.03594,3.468905,421.6,12.033301899025,0.1770012933999916,550,10.493,35.03594,35.61936026270318,0.58342026270318,0.016652
9,0.724606,0.5324772196958231,6.88,27.840773,4.046624,455.9,16.375165797376003,0.044250300055961124,550,10.493,27.840773,27.953900152444454,0.113127152444454,0.004063
27,1.597432,1.5974320000000002,10.1,35.03594,3.468905,421.6,12.033301899025,0.13275092849863862,550,10.493,35.03594,35.46995082903745,0.43401082903745,0.012387
42,2.484895,2.484895,10.1,35.03594,3.468905,421.6,12.033301899025,0.20650150896665684,550,10.493,35.03594,35.720339585501826,0.684399585501826,0.019534
6,0.483071,0.35498505808077896,6.88,27.840773,4.046624,455.9,16.375165797376003,0.029500220393335407,550,10.493,27.840773,27.915991846882857,0.075218846882857,0.002701
21,1.690748,1.2424473358573809,6.88,27.840773,4.046624,455.9,16.375165797376003,0.10325074084263193,550,10.493,27.840773,28.10757058574784,0.26679758574784,0.009582
15,1.207677,0.887462277776602,6.88,27.840773,4.046624,455.9,16.375165797376003,0.07375052044929653,550,10.493,27.840773,28.03032442060563,0.189551420605634,0.006808
27,2.173819,1.5974323939381598,6.88,27.840773,4.046624,455.9,16.375165797376003,0.13275096123596733,550,10.493,27.840773,28.185653126923604,0.344880126923604,0.012387
33,2.65689,1.9524174520189392,6.88,27.840773,4.046624,455.9,16.375165797376003,0.16225118162930277,550,10.493,27.840773,28.26458758986872,0.42381458986872,0.015222
24,1.932284,1.4199402323231158,6.88,27.840773,4.046624,455.9,16.375165797376003,0.11800088157334163,550,10.493,27.840773,28.14650646291218,0.30573346291218,0.010981
36,2.898426,2.129910348484674,6.88,27.840773,4.046624,455.9,16.375165797376003,0.17700132236001245,550,10.493,27.840773,28.304379156243268,0.463606156243268,0.016652
30,2.415355,1.774925290403895,6.88,27.840773,4.046624,455.9,16.375165797376003,0.14750110196667704,550,10.493,27.840773,28.225012986665625,0.384239986665625,0.013801
39,3.139961,2.3074025100997178,6.88,27.840773,4.046624,455.9,16.375165797376003,0.19175140202263816,550,10.493,27.840773,28.344389469210142,0.503616469210146,0.018089
45,3.623032,2.6623875681804967,6.88,27.840773,4.046624,455.9,16.375165797376003,0.22125162241597354,550,10.493,27.840773,28.425074697726274,0.584301697726274,0.020987
3,0.219285,0.17749252112365252,7.9533,30.665793,3.855732,455.9,14.866669255824002,0.014750109538765406,550,10.493,30.665793,30.707108810976152,0.041315810976152,0.001347
42,3.381497,2.4848954065654527,6.88,27.840773,4.046624,455.9,16.375165797376003,0.20650154275334784,550,10.493,27.840773,28.384620672955045,0.543847672955045,0.019534
0,0.0,0.0,7.9533,30.665793,3.855732,455.9,14.866669255824002,0.0,550,10.493,30.665793,30.665793000000004,4e-15,0.0
9,0.657855,0.5324775633709575,7.9533,30.665793,3.855732,455.9,14.866669255824002,0.044250328616296214,550,10.493,30.665793,30.790399336444228,0.124606336444228,0.004063
21,1.534995,1.2424476478655677,7.9533,30.665793,3.855732,455.9,14.866669255824002,0.10325076677135785,550,10.493,30.665793,30.95966272599644,0.293869725996438,0.009582
15,1.096425,0.8874626056182625,7.9533,30.665793,3.855732,455.9,14.866669255824002,0.07375054769382702,550,10.493,30.665793,30.874578420291257,0.208785420291254,0.006808
6,0.43857,0.35498504224730504,7.9533,30.665793,3.855732,455.9,14.866669255824002,0.029500219077530813,550,10.493,30.665793,30.748644367932663,0.082851367932666,0.002701
12,0.87714,0.7099700844946101,7.9533,30.665793,3.855732,455.9,14.866669255824002,0.059000438155061626,550,10.493,30.665793,30.832376935315096,0.166583935315096,0.005432
18,1.31571,1.064955126741915,7.9533,30.665793,3.855732,455.9,14.866669255824002,0.08850065723259243,550,10.493,30.665793,30.91700642647004,0.25121342647004,0.008191
24,1.75428,1.4199401689892202,7.9533,30.665793,3.855732,455.9,14.866669255824002,0.11800087631012325,550,10.493,30.665793,31.00254940866258,0.33675640866258,0.010981
27,1.973565,1.5974326901128726,7.9533,30.665793,3.855732,455.9,14.866669255824002,0.13275098584888864,550,10.493,30.665793,31.045668401880217,0.379875401880217,0.012387
30,2.19285,1.774925211236525,7.9533,30.665793,3.855732,455.9,14.866669255824002,0.14750109538765405,550,10.493,30.665793,31.089022128644157,0.423229128644157,0.013801
45,3.289275,2.6623878168547876,7.9533,30.665793,3.855732,455.9,14.866669255824002,0.22125164308148107,550,10.493,30.665793,31.309384250440043,0.643591250440043,0.020987
33,2.412135,1.952417732360178,7.9533,30.665793,3.855732,455.9,14.866669255824002,0.16225120492641948,550,10.493,30.665793,31.13261225582537,0.46681925582537,0.015222
42,3.06999,2.4848952957311354,7.9533,30.665793,3.855732,455.9,14.866669255824002,0.2065015335427157,550,10.493,30.665793,31.26482509888404,0.59903209888404,0.019534
39,2.850705,2.3074027746074828,7.9533,30.665793,3.855732,455.9,14.866669255824002,0.19175142400395026,550,10.493,30.665793,31.22051184365815,0.55471884365815,0.018089
0,0.0,0.0,9.0267,33.366348,3.696406,455.9,13.663417316836,0.0,550,10.493,33.366348,33.36634800000001,1e-14,0.0
36,2.63142,2.12991025348383,7.9533,30.665793,3.855732,455.9,14.866669255824002,0.17700131446518486,550,10.493,30.665793,31.176441677733,0.510648677733,0.016652
9,0.60461,0.5324769413435629,9.0267,33.366348,3.696406,455.9,13.663417316836,0.04425027692413393,550,10.493,33.366348,33.50192779507087,0.13557979507087,0.004063
3,0.201536,0.17749172665125668,9.0267,33.366348,3.696406,455.9,13.663417316836,0.014750043515956162,550,10.493,33.366348,33.41130268148408,0.04495468148408,0.001347
6,0.403073,0.35498433399740986,9.0267,33.366348,3.696406,455.9,13.663417316836,0.02950016022004505,550,10.493,33.366348,33.45649506605138,0.09014706605138,0.002701
18,1.209221,1.0649547633820224,9.0267,33.366348,3.696406,455.9,13.663417316836,0.08850062703640059,550,10.493,33.366348,33.63968447556639,0.27333647556639,0.008191
12,0.806147,0.7099695486897161,9.0267,33.366348,3.696406,455.9,13.663417316836,0.05900039362822281,550,10.493,33.366348,33.547602098189856,0.181254098189856,0.005432
15,1.007684,0.8874621560358692,9.0267,33.366348,3.696406,455.9,13.663417316836,0.0737505103323117,550,10.493,33.366348,33.59351975585263,0.22717175585263,0.006808
21,1.410758,1.2424473707281756,9.0267,33.366348,3.696406,455.9,13.663417316836,0.10325074374048947,550,10.493,33.366348,33.686096529244935,0.319748529244935,0.009582
27,1.813832,1.5974325854204818,9.0267,33.366348,3.696406,455.9,13.663417316836,0.13275097714866724,550,10.493,33.366348,33.77967642588567,0.41332842588567,0.012387
33,2.216906,1.952417800112788,9.0267,33.366348,3.696406,455.9,13.663417316836,0.162251210556845,550,10.493,33.366348,33.87427696636631,0.50792896636631,0.015222
24,1.612295,1.4199399780743287,9.0267,33.366348,3.696406,455.9,13.663417316836,0.11800086044457835,550,10.493,33.366348,33.73276038181253,0.36641238181253,0.010981
30,2.015369,1.7749251927666352,9.0267,33.366348,3.696406,455.9,13.663417316836,0.14750109385275614,550,10.493,33.366348,33.82684821673166,0.46050021673166,0.013801
36,2.418443,2.129910407458941,9.0267,33.366348,3.696406,455.9,13.663417316836,0.17700132726093387,550,10.493,33.366348,33.921966315596194,0.555618315596194,0.016652
39,2.619979,2.307402134110198,9.0267,33.366348,3.696406,455.9,13.663417316836,0.19175137077689003,550,10.493,33.366348,33.96991716766109,0.60356916766109,0.018089
42,2.821516,2.484894741456351,9.0267,33.366348,3.696406,455.9,13.663417316836,0.20650148748097893,550,10.493,33.366348,34.01813334602344,0.65178534602344,0.019534
0,0.0,0.0,10.1,35.961403,3.560535,455.9,12.677409486224999,0.0,550,10.493,35.961403,35.96140300000001,1e-14,0.0
9,0.560979,0.5324770548232285,10.1,35.961403,3.560535,455.9,12.677409486224999,0.04425028635460168,550,10.493,35.961403,36.10752759588873,0.14612459588873,0.004063
3,0.186993,0.17749235160774282,10.1,35.961403,3.560535,455.9,12.677409486224999,0.014750095451533893,550,10.493,35.961403,36.00985449552936,0.04845149552936,0.001347
45,3.023053,2.662387348802504,9.0267,33.366348,3.696406,455.9,13.663417316836,0.2212516041850678,550,10.493,33.366348,34.06661597901295,0.70026797901295,0.020987
15,0.934965,0.8874617580387142,10.1,35.961403,3.560535,455.9,12.677409486224999,0.07375047725766948,550,10.493,35.961403,36.20624295898934,0.24483995898934,0.006808
6,0.373986,0.35498470321548564,10.1,35.961403,3.560535,455.9,12.677409486224999,0.029500190903067786,550,10.493,35.961403,36.05856163663094,0.09715863663094,0.002701
18,1.121959,1.0649550588389487,10.1,35.961403,3.560535,455.9,12.677409486224999,0.0885006515896719,550,10.493,35.961403,36.25599774320075,0.29459474320075,0.008191
24,1.495945,1.4199397620544345,10.1,35.961403,3.560535,455.9,12.677409486224999,0.11800084249273969,550,10.493,35.961403,36.35631350001926,0.39491050001926,0.010981
21,1.308952,1.2424474104466914,10.1,35.961403,3.560535,455.9,12.677409486224999,0.10325074704120578,550,10.493,35.961403,36.30602053710102,0.34461753710102,0.009582
12,0.747972,0.7099694064309713,10.1,35.961403,3.560535,455.9,12.677409486224999,0.05900038180613557,550,10.493,35.961403,36.156753587500155,0.195350587500155,0.005432
36,2.243918,2.1299101176778974,10.1,35.961403,3.560535,455.9,12.677409486224999,0.1770013031793438,550,10.493,35.961403,36.560234282719335,0.598831282719335,0.016652
30,1.869931,1.77492446526992,10.1,35.961403,3.560535,455.9,12.677409486224999,0.14750103339580747,550,10.493,35.961403,36.45771841812162,0.49631541812162,0.013801
33,2.056925,1.9524177660701547,10.1,35.961403,3.560535,455.9,12.677409486224999,0.1622512077278099,550,10.493,35.961403,36.50883599834961,0.54743299834961,0.015222
27,1.682938,1.5974321136621774,10.1,35.961403,3.560535,455.9,12.677409486224999,0.1327509379442736,550,10.493,35.961403,36.4068781709374,0.4454751709374,0.012387
39,2.430911,2.3074024692856403,10.1,35.961403,3.560535,455.9,12.677409486224999,0.19175139863087767,550,10.493,35.961403,36.61191485538727,0.65051185538727,0.018089
42,2.617904,2.4848948208933828,10.1,35.961403,3.560535,455.9,12.677409486224999,0.20650149408241156,550,10.493,35.961403,36.66388098441135,0.70247798441135,0.019534
9,0.844393,0.5324773557621162,6.88,30.05402,4.368317,573.5,19.082193412489,0.04425031136343885,550,10.493,30.05402,30.1761404610051,0.1221204610051,0.004063
45,2.804897,2.6623871725011257,10.1,35.961403,3.560535,455.9,12.677409486224999,0.22125158953394547,550,10.493,35.961403,36.716134725280064,0.754731725280064,0.020987
0,0.0,0.0,6.88,30.05402,4.368317,573.5,19.082193412489,0.0,550,10.493,30.05402,30.054020000000005,5e-15,0.0
3,0.281464,0.1774922417194698,6.88,30.05402,4.368317,573.5,19.082193412489,0.014750086319520593,550,10.493,30.05402,30.094512051530597,0.040492051530597,0.001347
6,0.562928,0.3549844834389396,6.88,30.05402,4.368317,573.5,19.082193412489,0.029500172639041186,550,10.493,30.05402,30.135218247209473,0.081198247209473,0.002701
18,1.688786,1.0649547115242324,6.88,30.05402,4.368317,573.5,19.082193412489,0.0885006227268777,550,10.493,30.05402,30.30022181050607,0.24620181050607,0.008191
12,1.125857,0.7099695974815862,6.88,30.05402,4.368317,573.5,19.082193412489,0.05900039768295945,550,10.493,30.05402,30.217280470069426,0.163260470069422,0.005432
21,1.970251,1.2424475838474092,6.88,30.05402,4.368317,573.5,19.082193412489,0.10325076145127536,550,10.493,30.05402,30.342027157000583,0.288007157000583,0.009582
39,3.659038,2.307402925975348,6.88,30.05402,4.368317,573.5,19.082193412489,0.19175143658303012,550,10.493,30.05402,30.597672374306807,0.543652374306807,0.018089
24,2.251715,1.4199398255668787,6.88,30.05402,4.368317,573.5,19.082193412489,0.11800084777079595,550,10.493,30.05402,30.384058129556493,0.330038129556493,0.010981
30,2.814644,1.7749249396095252,6.88,30.05402,4.368317,573.5,19.082193412489,0.1475010728147142,550,10.493,30.05402,30.468805731562615,0.414785731562615,0.013801
27,2.53318,1.5974326978900555,6.88,30.05402,4.368317,573.5,19.082193412489,0.13275098649519362,550,10.493,30.05402,30.426317064352865,0.372297064352865,0.012387
15,1.407322,0.8874624698047626,6.88,30.05402,4.368317,573.5,19.082193412489,0.0737505364073571,550,10.493,30.05402,30.25864033284001,0.20462033284001,0.006808
36,3.377573,2.129910053652172,6.88,30.05402,4.368317,573.5,19.082193412489,0.17700129785863247,550,10.493,30.05402,30.554481230763898,0.500461230763898,0.016652
33,3.096109,1.9524178119327018,6.88,30.05402,4.368317,573.5,19.082193412489,0.16225121153911187,550,10.493,30.05402,30.511526447645338,0.457506447645334,0.015222
42,3.940502,2.4848951676948183,6.88,30.05402,4.368317,573.5,19.082193412489,0.20650152290255072,550,10.493,30.05402,30.64110172529919,0.58708172529919,0.019534
45,4.221966,2.662387409414288,6.88,30.05402,4.368317,573.5,19.082193412489,0.22125160922207132,550,10.493,30.05402,30.684771765771316,0.630751765771316,0.020987
0,0.0,0.0,7.9533,33.103591,4.162246,573.5,17.324291764515998,0.0,550,10.493,33.103591,33.10359100000002,2e-14,0.0
3,0.255535,0.17749238136623247,7.9533,33.103591,4.162246,573.5,17.324291764515998,0.014750097924545033,550,10.493,33.103591,33.14819196150493,0.04460096150493,0.001347
6,0.51107,0.35498476273246493,7.9533,33.103591,4.162246,573.5,17.324291764515998,0.029500195849090066,550,10.493,33.103591,33.193028632846136,0.089437632846136,0.002701
9,0.766605,0.5324771440986974,7.9533,33.103591,4.162246,573.5,17.324291764515998,0.044250293773635097,550,10.493,33.103591,33.23810306188398,0.13451206188398,0.004063
12,1.02214,0.7099695254649299,7.9533,33.103591,4.162246,573.5,17.324291764515998,0.05900039169818013,550,10.493,33.103591,33.28341744164942,0.17982644164942,0.005432
15,1.277676,0.8874626014224369,7.9533,33.103591,4.162246,573.5,17.324291764515998,0.07375054734514254,550,10.493,33.103591,33.32897411529091,0.22538311529091,0.006808
24,2.044281,1.419939745521134,7.9533,33.103591,4.162246,573.5,17.324291764515998,0.11800084111877762,550,10.493,33.103591,33.46711790607776,0.36352690607776,0.010981
27,2.299816,1.5974321268873666,7.9533,33.103591,4.162246,573.5,17.324291764515998,0.13275093904332266,550,10.493,33.103591,33.51366479663589,0.41007379663589,0.012387
18,1.533211,1.0649549827886693,7.9533,33.103591,4.162246,573.5,17.324291764515998,0.08850064526968757,550,10.493,33.103591,33.3747748716788,0.2711838716788,0.008191
33,2.810887,1.9524175842111064,7.9533,33.103591,4.162246,573.5,17.324291764515998,0.16225119261483012,550,10.493,33.103591,33.607520457588485,0.503929457588485,0.015222
30,2.555352,1.7749252028448739,7.9533,33.103591,4.162246,573.5,17.324291764515998,0.14750109469028508,550,10.493,33.103591,33.560464913168,0.456873913168,0.013801
21,1.788746,1.2424473641549016,7.9533,33.103591,4.162246,573.5,17.324291764515998,0.1032507431942326,550,10.493,33.103591,33.42082210648589,0.31723110648589,0.009582
36,3.066422,2.1299099655773386,7.9533,33.103591,4.162246,573.5,17.324291764515998,0.17700129053937513,550,10.493,33.103591,33.654833879391184,0.551242879391184,0.016652
42,3.577493,2.484895422901078,7.9533,33.103591,4.162246,573.5,17.324291764515998,0.20650154411088256,550,10.493,33.103591,33.750243791872755,0.646652791872755,0.019534
39,3.321957,2.307402346943571,7.9533,33.103591,4.162246,573.5,17.324291764515998,0.19175138846392015,550,10.493,33.103591,33.702407463499924,0.598816463499924,0.018089
45,3.833028,2.6623878042673104,7.9533,33.103591,4.162246,573.5,17.324291764515998,0.2212516420354276,550,10.493,33.103591,33.79834498784846,0.69475398784846,0.020987
0,0.0,0.0,9.0267,36.018861,3.990258,573.5,15.922158906563999,0.0,550,10.493,36.018861,36.01886100000001,1e-14,0.0
3,0.234853,0.1774920767639532,9.0267,36.018861,3.990258,573.5,15.922158906563999,0.014750072611270105,550,10.493,36.018861,36.06738976930957,0.048528769309564,0.001347
9,0.70456,0.5324769860500435,9.0267,36.018861,3.990258,573.5,15.922158906563999,0.04425028063936362,550,10.493,36.018861,36.16521892208642,0.14635792208642,0.004063
6,0.469707,0.3549849092860903,9.0267,36.018861,3.990258,573.5,15.922158906563999,0.029500208028093517,550,10.493,36.018861,36.11617473600505,0.09731373600505,0.002701
12,0.939414,0.7099698185721806,9.0267,36.018861,3.990258,573.5,15.922158906563999,0.059000416056187034,550,10.493,36.018861,36.21452388452135,0.19566288452135,0.005432
15,1.174267,0.8874618953361336,9.0267,36.018861,3.990258,573.5,15.922158906563999,0.07375048866745713,550,10.493,36.018861,36.26409223939058,0.24523123939058,0.006808
18,1.409121,1.064954727858271,9.0267,36.018861,3.990258,573.5,15.922158906563999,0.08850062408428057,550,10.493,36.018861,36.31392656947211,0.29506556947211,0.008191
24,1.878828,1.419939637144361,9.0267,36.018861,3.990258,573.5,15.922158906563999,0.11800083211237407,550,10.493,36.018861,36.41440192731226,0.39554092731226,0.010981
36,2.818243,2.1299102114747255,9.0267,36.018861,3.990258,573.5,15.922158906563999,0.17700131097411442,550,10.493,36.018861,36.61864911021316,0.59978811021316,0.016652
21,1.643975,1.242447560380408,9.0267,36.018861,3.990258,573.5,15.922158906563999,0.10325075950110398,550,10.493,36.018861,36.364029028359575,0.345168028359575,0.009582
30,2.348535,1.7749245464304517,9.0267,36.018861,3.990258,573.5,15.922158906563999,0.1475010401404676,550,10.493,36.018861,36.51596928226285,0.49710828226285,0.013801
0,0.0,0.0,10.1,38.820218,3.843586,573.5,14.773153339396002,0.0,550,10.493,38.820218,38.82021799999998,-2e-14,0.0
33,2.583389,1.9524173789525887,9.0267,36.018861,3.990258,573.5,15.922158906563999,0.16225117555729102,550,10.493,36.018861,36.56716877083528,0.54830777083528,0.015222
27,2.113682,1.5974324696664983,9.0267,36.018861,3.990258,573.5,15.922158906563999,0.1327509675291975,550,10.493,36.018861,36.4650480339898,0.4461870339898,0.012387
45,3.522803,2.6623871975247693,9.0267,36.018861,3.990258,573.5,15.922158906563999,0.22125159161347804,550,10.493,36.018861,36.77479835923728,0.75593735923728,0.020987
39,3.053096,2.307402288238679,9.0267,36.018861,3.990258,573.5,15.922158906563999,0.19175138358538454,550,10.493,36.018861,36.67041198483667,0.651550984836676,0.018089
42,3.28795,2.484895120760816,9.0267,36.018861,3.990258,573.5,15.922158906563999,0.20650151900220795,550,10.493,36.018861,36.72246106945817,0.70360006945817,0.019534
6,0.435811,0.35498483048510715,10.1,38.820218,3.843586,573.5,14.773153339396002,0.029500201479518255,550,10.493,38.820218,38.92510065288515,0.104882652885156,0.002701
3,0.217905,0.17749200797331247,10.1,38.820218,3.843586,573.5,14.773153339396002,0.014750066894581425,550,10.493,38.820218,38.87252027909179,0.05230227909179,0.001347
9,0.653716,0.5324768384584195,10.1,38.820218,3.843586,573.5,14.773153339396002,0.04425026837409968,550,10.493,38.820218,38.977958899357965,0.157740899357965,0.004063
15,1.089528,0.887462483482009,10.1,38.820218,3.843586,573.5,14.773153339396002,0.07375053754397334,550,10.493,38.820218,39.084522233614706,0.264304233614706,0.006808
12,0.871622,0.7099696609702143,10.1,38.820218,3.843586,573.5,14.773153339396002,0.05900040295903651,550,10.493,38.820218,39.03109854751916,0.21088054751916,0.005432
18,1.307433,1.0649544914553215,10.1,38.820218,3.843586,573.5,14.773153339396002,0.08850060443855477,550,10.493,38.820218,39.13823191162171,0.31801391162171,0.008191
21,1.525339,1.2424473139671162,10.1,38.820218,3.843586,573.5,14.773153339396002,0.1032507390234916,550,10.493,38.820218,39.19223112341731,0.37201312341731,0.009582
30,2.179056,1.774924966964018,10.1,38.820218,3.843586,573.5,14.773153339396002,0.1475010750879467,550,10.493,38.820218,39.355989007108576,0.535771007108576,0.013801
24,1.743245,1.4199401364789108,10.1,38.820218,3.843586,573.5,14.773153339396002,0.11800087360842842,550,10.493,38.820218,39.246522178545355,0.426304178545355,0.010981
36,2.614867,2.129909797449125,10.1,38.820218,3.843586,573.5,14.773153339396002,0.17700127656746492,550,10.493,38.820218,39.466654552778735,0.646436552778735,0.016652
27,1.96115,1.597432144452223,10.1,38.820218,3.843586,573.5,14.773153339396002,0.13275094050300984,550,10.493,38.820218,39.30110698975589,0.48088898975589,0.012387
33,2.396962,1.9524177894758126,10.1,38.820218,3.843586,573.5,14.773153339396002,0.1622512096728835,550,10.493,38.820218,39.4111706027554,0.5909526027554,0.015222
42,3.050679,2.4848954424727148,10.1,38.820218,3.843586,573.5,14.773153339396002,0.20650154573733862,550,10.493,38.820218,39.57854063848195,0.75832263848195,0.019534
45,3.268584,2.662387450446027,10.1,38.820218,3.843586,573.5,14.773153339396002,0.22125161263192003,550,10.493,38.820218,39.634948365539024,0.814730365539024,0.020987
39,2.832773,2.3074026199609197,10.1,38.820218,3.843586,573.5,14.773153339396002,0.19175141115240177,550,10.493,38.820218,39.522443595685566,0.702225595685566,0.018089
0,0.0,0.0,6.88,31.98351,4.648766,691.2,21.611025322756003,0.0,550,10.493,31.98351,31.983510000000013,1.3e-14,0.0
6,0.63753,0.3549850525420174,6.88,31.98351,4.648766,691.2,21.611025322756003,0.02950021993304931,550,10.493,31.98351,32.06992149105918,0.08641149105918,0.002701
9,0.956295,0.532477578813026,6.88,31.98351,4.648766,691.2,21.611025322756003,0.04425032989957396,550,10.493,31.98351,32.11347083359007,0.12996083359007,0.004063
3,0.318765,0.1774925262710087,6.88,31.98351,4.648766,691.2,21.611025322756003,0.014750109966524655,550,10.493,31.98351,32.02660181352589,0.04309181352589,0.001347
15,1.593825,0.8874626313550436,6.88,31.98351,4.648766,691.2,21.611025322756003,0.07375054983262327,550,10.493,31.98351,32.20126720061892,0.21775720061892,0.006808
12,1.27506,0.7099701050840348,6.88,31.98351,4.648766,691.2,21.611025322756003,0.05900043986609862,550,10.493,31.98351,32.15725206324725,0.17374206324725,0.005432
3,0.289399,0.17749220715949562,7.9533,35.228863,4.429465,691.2,19.620160186225004,0.014750083447493073,550,10.493,35.228863,35.27632729796137,0.04746429796137,0.001347
0,0.0,0.0,7.9533,35.228863,4.429465,691.2,19.620160186225004,0.0,550,10.493,35.228863,35.22886300000002,2e-14,0.0
21,2.231355,1.242447683897061,6.88,31.98351,4.648766,691.2,21.611025322756003,0.10325076976567259,550,10.493,31.98351,32.29000742353685,0.30649742353685,0.009582
18,1.91259,1.064955157626052,6.88,31.98351,4.648766,691.2,21.611025322756003,0.08850065979914792,550,10.493,31.98351,32.245518151082486,0.262008151082486,0.008191
24,2.55012,1.4199402101680696,6.88,31.98351,4.648766,691.2,21.611025322756003,0.11800087973219724,550,10.493,31.98351,32.3347368081812,0.3512268081812,0.010981
27,2.868885,1.5974327364390783,6.88,31.98351,4.648766,691.2,21.611025322756003,0.1327509896987219,550,10.493,31.98351,32.37970877448223,0.39619877448223,0.012387
39,4.143945,2.307402841523113,6.88,31.98351,4.648766,691.2,21.611025322756003,0.19175142956482052,550,10.493,31.98351,32.56206513180296,0.57855513180296,0.018089
30,3.18765,1.774925262710087,6.88,31.98351,4.648766,691.2,21.611025322756003,0.14750109966524655,550,10.493,31.98351,32.42492524816122,0.44141524816122,0.013801
33,3.506415,1.9524177889810956,6.88,31.98351,4.648766,691.2,21.611025322756003,0.1622512096317712,550,10.493,31.98351,32.47038875427551,0.48687875427551,0.015222
36,3.82518,2.129910315252104,6.88,31.98351,4.648766,691.2,21.611025322756003,0.17700131959829585,550,10.493,31.98351,32.516101321336286,0.532591321336286,0.016652
6,0.578799,0.3549850276321234,7.9533,35.228863,4.429465,691.2,19.620160186225004,0.029500217862969608,550,10.493,35.228863,35.32404257689655,0.09517957689655,0.002701
42,4.46271,2.484895367794122,6.88,31.98351,4.648766,691.2,21.611025322756003,0.20650153953134517,550,10.493,31.98351,32.60828284655827,0.62477284655827,0.019534
9,0.868198,0.532477234791619,7.9533,35.228863,4.429465,691.2,19.620160186225004,0.04425030131046268,550,10.493,35.228863,35.372010871339825,0.143147871339825,0.004063
45,4.781475,2.6623878940651307,6.88,31.98351,4.648766,691.2,21.611025322756003,0.22125164949786982,550,10.493,31.98351,32.654756669949286,0.671246669949286,0.020987
12,1.157598,0.7099700552642468,7.9533,35.228863,4.429465,691.2,19.620160186225004,0.059000435725939215,550,10.493,35.228863,35.420234555431556,0.191371555431556,0.005432
15,1.446997,0.8874622624237425,7.9533,35.228863,4.429465,691.2,19.620160186225004,0.0737505191734323,550,10.493,35.228863,35.468715792143335,0.239852792143335,0.006808
21,2.025796,1.2424472900558658,7.9533,35.228863,4.429465,691.2,19.620160186225004,0.1032507370364019,550,10.493,35.228863,35.56646047760927,0.33759747760927,0.009582
18,1.736397,1.0649550828963703,7.9533,35.228863,4.429465,691.2,19.620160186225004,0.08850065358890882,550,10.493,35.228863,35.51745702027863,0.28859402027863,0.008191
24,2.315196,1.4199401105284937,7.9533,35.228863,4.429465,691.2,19.620160186225004,0.11800087145187843,550,10.493,35.228863,35.61572866421331,0.38686566421331,0.010981
27,2.604595,1.5974323176879894,7.9533,35.228863,4.429465,691.2,19.620160186225004,0.13275095489937153,550,10.493,35.228863,35.66526386550677,0.43640086550677,0.012387
33,3.183394,1.9524173453201126,7.9533,35.228863,4.429465,691.2,19.620160186225004,0.1622511727623411,550,10.493,35.228863,35.765145454266474,0.536282454266474,0.015222
30,2.893995,1.774925138160617,7.9533,35.228863,4.429465,691.2,19.620160186225004,0.14750108931484804,550,10.493,35.228863,35.715068398295486,0.486205398295486,0.013801
36,3.472794,2.1299101657927406,7.9533,35.228863,4.429465,691.2,19.620160186225004,0.17700130717781765,550,10.493,35.228863,35.81549598164725,0.58663298164725,0.016652
39,3.762193,2.307402372952236,7.9533,35.228863,4.429465,691.2,19.620160186225004,0.1917513906253107,550,10.493,35.228863,35.866123890422706,0.637260890422706,0.018089
42,4.051593,2.484895193424864,7.9533,35.228863,4.429465,691.2,19.620160186225004,0.20650152504078728,550,10.493,35.228863,35.91703132416326,0.68816832416326,0.019534
6,0.531953,0.3549849425100149,9.0267,38.331258,4.246431,691.2,18.032176237761004,0.029500210789091694,550,10.493,38.331258,38.43481926995623,0.10356126995623,0.002701
0,0.0,0.0,9.0267,38.331258,4.246431,691.2,18.032176237761004,0.0,550,10.493,38.331258,38.33125800000002,2e-14,0.0
3,0.265976,0.177492137593065,9.0267,38.331258,4.246431,691.2,18.032176237761004,0.014750077666334153,550,10.493,38.331258,38.38290228396006,0.05164428396006,0.001347
45,4.340993,2.662388013897492,7.9533,35.228863,4.429465,691.2,19.620160186225004,0.22125165945626382,550,10.493,35.228863,35.96822054483412,0.73935754483412,0.020987
12,1.063906,0.7099698850200298,9.0267,38.331258,4.246431,691.2,18.032176237761004,0.05900042157818339,550,10.493,38.331258,38.539482510284245,0.208224510284245,0.005432
9,0.797929,0.5324770801030799,9.0267,38.331258,4.246431,691.2,18.032176237761004,0.04425028845542585,550,10.493,38.331258,38.48701196256181,0.15575396256181,0.004063
21,1.861836,1.2424476324469944,9.0267,38.331258,4.246431,691.2,18.032176237761004,0.10325076549003262,550,10.493,38.331258,38.698585558523106,0.367327558523106,0.009582
15,1.329882,0.8874620226130948,9.0267,38.331258,4.246431,691.2,18.032176237761004,0.07375049924451754,550,10.493,38.331258,38.5922331089951,0.2609751089951,0.006808
24,2.127812,1.4199397700400596,9.0267,38.331258,4.246431,691.2,18.032176237761004,0.11800084315636677,550,10.493,38.331258,38.75219250938118,0.42093450938118,0.010981
18,1.595859,1.0649548275300444,9.0267,38.331258,4.246431,691.2,18.032176237761004,0.08850063236727507,550,10.493,38.331258,38.64526674865861,0.31400874865861,0.008191
27,2.393789,1.597432574957009,9.0267,38.331258,4.246431,691.2,18.032176237761004,0.1327509762791243,550,10.493,38.331258,38.80609002578845,0.47483202578845,0.012387
30,2.659765,1.7749247125500744,9.0267,38.331258,4.246431,691.2,18.032176237761004,0.14750105394545848,550,10.493,38.331258,38.8602805654644,0.5290225654644,0.013801
33,2.925742,1.9524175174670242,9.0267,38.331258,4.246431,691.2,18.032176237761004,0.162251187068216,550,10.493,38.331258,38.91476694507413,0.58350894507413,0.015222
39,3.457695,2.3074024599770393,9.0267,38.331258,4.246431,691.2,18.032176237761004,0.19175139785730771,550,10.493,38.331258,39.02463865004056,0.69338065004056,0.018089
36,3.191719,2.129910322383974,9.0267,38.331258,4.246431,691.2,18.032176237761004,0.17700132019097353,550,10.493,38.331258,38.969552348424685,0.638294348424685,0.016652
45,3.989648,2.6623874024870537,9.0267,38.331258,4.246431,691.2,18.032176237761004,0.22125160864639937,550,10.493,38.331258,39.135725886137195,0.804467886137195,0.020987
42,3.723672,2.484895264893989,9.0267,38.331258,4.246431,691.2,18.032176237761004,0.20650153098006524,550,10.493,38.331258,39.08002913369032,0.748771133690324,0.019534
0,0.0,0.0,10.1,41.312504,4.090347,691.2,16.730938580409003,0.0,550,10.493,41.312504,41.312504,0.0,0.0
3,0.246783,0.17749239400258987,10.1,41.312504,4.090347,691.2,16.730938580409003,0.014750098974660581,550,10.493,41.312504,41.368164904819565,0.055660904819565,0.001347
9,0.740349,0.5324771820077697,10.1,41.312504,4.090347,691.2,16.730938580409003,0.04425029692398175,550,10.493,41.312504,41.480371578078,0.167867578078,0.004063
6,0.493566,0.35498478800517974,10.1,41.312504,4.090347,691.2,16.730938580409003,0.029500197949321162,550,10.493,41.312504,41.42411999031379,0.11161599031379,0.002701
21,1.727482,1.2424474772426868,10.1,41.312504,4.090347,691.2,16.730938580409003,0.10325075259213402,550,10.493,41.312504,41.70840103556188,0.39589703556188,0.009582
18,1.480699,1.064955083240097,10.1,41.312504,4.090347,691.2,16.730938580409003,0.08850065361747345,550,10.493,41.312504,41.65093517534962,0.33843117534962,0.008191
12,0.987132,0.7099695760103595,10.1,41.312504,4.090347,691.2,16.730938580409003,0.059000395898642324,550,10.493,41.312504,41.536923122306256,0.224419122306256,0.005432
15,1.233915,0.8874619700129495,10.1,41.312504,4.090347,691.2,16.730938580409003,0.07375049487330292,550,10.493,41.312504,41.59377665235281,0.28127265235281,0.006808
27,2.221048,1.5974322652478665,10.1,41.312504,4.090347,691.2,16.730938580409003,0.1327509505414552,550,10.493,41.312504,41.82426632859772,0.51176232859772,0.012387
30,2.467831,1.7749246592504564,10.1,41.312504,4.090347,691.2,16.730938580409003,0.14750104951611576,550,10.493,41.312504,41.88267161205451,0.570167612054516,0.013801
24,1.974265,1.4199398712452767,10.1,41.312504,4.090347,691.2,16.730938580409003,0.1180008515667946,550,10.493,41.312504,41.766177165871404,0.453673165871404,0.010981
33,2.714615,1.952417772477604,10.1,41.312504,4.090347,691.2,16.730938580409003,0.1622512082602863,550,10.493,41.312504,41.94139615248545,0.62889215248545,0.015222
36,2.961398,2.129910166480194,10.1,41.312504,4.090347,691.2,16.730938580409003,0.1770013072349469,550,10.493,41.312504,42.00044223644057,0.68793823644057,0.016652
39,3.208181,2.307402560482784,10.1,41.312504,4.090347,691.2,16.730938580409003,0.19175140620960748,550,10.493,41.312504,42.0598128111578,0.7473088111578,0.018089
42,3.454964,2.4848949544853736,10.1,41.312504,4.090347,691.2,16.730938580409003,0.20650150518426805,550,10.493,41.312504,42.119511348228485,0.807007348228485,0.019534
45,3.701747,2.6623873484879637,10.1,41.312504,4.090347,691.2,16.730938580409003,0.22125160415892864,550,10.493,41.312504,42.17954048830118,0.86703648830118,0.020987
0,0.0,0.0,6.88,32.689652,4.751403,738.0,22.575830468409,0.0,550,10.493,32.689652,32.68965200000002,2e-14,0.0
3,0.332995,0.1774920028511456,6.88,32.689652,4.751403,738.0,22.575830468409,0.014750066468915479,550,10.493,32.689652,32.73369455174917,0.04404255174917,0.001347
6,0.665991,0.35498453871931207,6.88,32.689652,4.751403,738.0,22.575830468409,0.029500177232989953,550,10.493,32.689652,32.77797061702548,0.08831861702548,0.002701
9,0.998987,0.5324770745874785,6.88,32.689652,4.751403,738.0,22.575830468409,0.04425028799706442,550,10.493,32.689652,32.82248209801781,0.13283009801781,0.004063
24,2.663967,1.4199397539283107,6.88,32.689652,4.751403,738.0,22.575830468409,0.11800084181743678,550,10.493,32.689652,33.048633280669286,0.358981280669286,0.010981
15,1.664979,0.8874621463238114,6.88,32.689652,4.751403,738.0,22.575830468409,0.07375050952521336,550,10.493,32.689652,32.91221668424845,0.22256468424845,0.006808
18,1.997975,1.064954682191978,6.88,32.689652,4.751403,738.0,22.575830468409,0.08850062028928785,550,10.493,32.689652,32.95744487777987,0.26779287777987,0.008191
21,2.330971,1.2424472180601442,6.88,32.689652,4.751403,738.0,22.575830468409,0.10325073105336231,550,10.493,32.689652,33.00291625983881,0.31326425983881,0.009582
12,1.331983,0.7099696104556449,6.88,32.689652,4.751403,738.0,22.575830468409,0.05900039876113889,550,10.493,32.689652,32.867229857136174,0.177577857136174,0.005432
30,3.329959,1.7749248256646437,6.88,32.689652,4.751403,738.0,22.575830468409,0.14750106334558574,550,10.493,32.689652,33.14081292057992,0.45116092057992,0.013801
27,2.996963,1.5974322897964772,6.88,32.689652,4.751403,738.0,22.575830468409,0.13275095258151126,550,10.493,32.689652,33.094598030989765,0.404946030989765,0.012387
33,3.662955,1.95241736153281,6.88,32.689652,4.751403,738.0,22.575830468409,0.1622511741096602,550,10.493,32.689652,33.18728008277144,0.49762808277144,0.015222
36,3.995951,2.1299098974009767,6.88,32.689652,4.751403,738.0,22.575830468409,0.17700128487373468,550,10.493,32.689652,33.23400182504145,0.54434982504145,0.016652
39,4.328947,2.307402433269143,6.88,32.689652,4.751403,738.0,22.575830468409,0.19175139563780916,550,10.493,32.689652,33.2809806399833,0.5913286399833,0.018089
42,4.661943,2.4848949691373092,6.88,32.689652,4.751403,738.0,22.575830468409,0.2065015064018836,550,10.493,32.689652,33.3282187036245,0.6385667036245,0.019534
45,4.994939,2.6623875050054755,6.88,32.689652,4.751403,738.0,22.575830468409,0.22125161716595806,550,10.493,32.689652,33.37571851469457,0.68606651469457,0.020987
0,0.0,0.0,7.9533,36.006656,4.52726,738.0,20.4960831076,0.0,550,10.493,36.006656,36.006656000000014,1.4e-14,0.0
3,0.302319,0.1774922446261158,7.9533,36.006656,4.52726,738.0,20.4960831076,0.014750086561070751,550,10.493,36.006656,36.05516814084856,0.04851214084856,0.001347
6,0.604638,0.3549844892522316,7.9533,36.006656,4.52726,738.0,20.4960831076,0.029500173122141503,550,10.493,36.006656,36.10393682606786,0.09728082606786,0.002701
12,1.209277,0.7099695656069762,7.9533,36.006656,4.52726,738.0,20.4960831076,0.059000395034092976,550,10.493,36.006656,36.2022527084205,0.1955967084205,0.005432
9,0.906958,0.5324773209808604,7.9533,36.006656,4.52726,738.0,20.4960831076,0.04425030847302223,550,10.493,36.006656,36.15296420848261,0.14630820848261,0.004063
21,2.116236,1.2424474736903495,7.9533,36.006656,4.52726,738.0,20.4960831076,0.10325075229692517,550,10.493,36.006656,36.35170725806623,0.34505125806623,0.009582
15,1.511597,0.887462397335605,7.9533,36.006656,4.52726,738.0,20.4960831076,0.0737505303849737,550,10.493,36.006656,36.25180443005513,0.24514843005513,0.006808
33,3.325514,1.952417626399839,7.9533,36.006656,4.52726,738.0,20.4960831076,0.16225119612082814,550,10.493,36.006656,36.5547778882916,0.5481218882916,0.015222
30,3.023194,1.77492479467121,7.9533,36.006656,4.52726,738.0,20.4960831076,0.1475010607699474,550,10.493,36.006656,36.50359589666456,0.496939896664564,0.013801
18,1.813916,1.0649546419617208,7.9533,36.006656,4.52726,738.0,20.4960831076,0.08850061694604446,550,10.493,36.006656,36.301621434081966,0.294965434081966,0.008191
24,2.418555,1.4199397183164653,7.9533,36.006656,4.52726,738.0,20.4960831076,0.11800083885799592,550,10.493,36.006656,36.402062886427416,0.395406886427416,0.010981
27,2.720875,1.5974325500450939,7.9533,36.006656,4.52726,738.0,20.4960831076,0.13275097420887663,550,10.493,36.006656,36.45269185850526,0.44603585850526,0.012387
36,3.627833,2.1299098710259545,7.9533,36.006656,4.52726,738.0,20.4960831076,0.17700128268189885,550,10.493,36.006656,36.60624071545979,0.59958471545979,0.016652
39,3.930153,2.307402702754583,7.9533,36.006656,4.52726,738.0,20.4960831076,0.1917514180327796,550,10.493,36.006656,36.65798644997289,0.65133044997289,0.018089
45,4.534792,2.6623877791093284,7.9533,36.006656,4.52726,738.0,20.4960831076,0.2212516399447311,550,10.493,36.006656,36.762337425132166,0.755681425132166,0.020987
42,4.232472,2.484894947380699,7.9533,36.006656,4.52726,738.0,20.4960831076,0.20650150459385033,550,10.493,36.006656,36.71001769211046,0.70336169211046,0.019534
0,0.0,0.0,9.0267,39.177547,4.340185,738.0,18.837205834225,0.0,550,10.493,39.177547,39.177547,0.0,0.0
3,0.27785,0.1774919784849106,9.0267,39.177547,4.340185,738.0,18.837205834225,0.014750064444015314,550,10.493,39.177547,39.23033130653558,0.05278430653558,0.001347
6,0.555701,0.3549845957748545,9.0267,39.177547,4.340185,738.0,18.837205834225,0.029500181974460155,550,10.493,39.177547,39.28339483583275,0.10584783583275,0.002701
9,0.833552,0.5324772130647982,9.0267,39.177547,4.340185,738.0,18.837205834225,0.04425029950490499,550,10.493,39.177547,39.33673969318566,0.15919269318566,0.004063
12,1.111403,0.7099698303547421,9.0267,39.177547,4.340185,738.0,18.837205834225,0.059000417035349834,550,10.493,39.177547,39.39036831917337,0.21282131917337,0.005432
18,1.667105,1.06495506493463,9.0267,39.177547,4.340185,738.0,18.837205834225,0.08850065209623953,550,10.493,39.177547,39.49848864326682,0.32094164326682,0.008191
15,1.389254,0.8874624476446861,9.0267,39.177547,4.340185,738.0,18.837205834225,0.07375053456579468,550,10.493,39.177547,39.44428414323537,0.26673714323537,0.006808
30,2.778508,1.7749248952893721,9.0267,39.177547,4.340185,738.0,18.837205834225,0.14750106913158936,550,10.493,39.177547,39.718249598924096,0.540702598924096,0.013801
27,2.500657,1.5974322779994279,9.0267,39.177547,4.340185,738.0,18.837205834225,0.1327509516011445,550,10.493,39.177547,39.66286246559585,0.48531546559585,0.012387
21,1.944956,1.2424476822245736,9.0267,39.177547,4.340185,738.0,18.837205834225,0.10325076962668435,550,10.493,39.177547,39.55298481578049,0.37543781578049,0.009582
33,3.056359,1.952417512579316,9.0267,39.177547,4.340185,738.0,18.837205834225,0.1622511866620342,550,10.493,39.177547,39.77393911607858,0.59639211607858,0.015222
24,2.222806,1.4199396607094843,9.0267,39.177547,4.340185,738.0,18.837205834225,0.11800083407069967,550,10.493,39.177547,39.60777497435512,0.43022797435512,0.010981
36,3.33421,2.12991012986926,9.0267,39.177547,4.340185,738.0,18.837205834225,0.17700130419247906,550,10.493,39.177547,39.82993375628913,0.65238675628913,0.016652
42,3.889912,2.484895364449147,9.0267,39.177547,4.340185,738.0,18.837205834225,0.2065015392533687,550,10.493,39.177547,39.94284978890194,0.76530278890194,0.019534
39,3.612061,2.3074027471592036,9.0267,39.177547,4.340185,738.0,18.837205834225,0.1917514217229239,550,10.493,39.177547,39.88623638851508,0.70868938851508,0.018089
0,0.0,0.0,10.1,42.224615,4.180655,738.0,17.477876229024996,0.0,550,10.493,42.224615,42.224614999999986,-1.4e-14,0.0
45,4.167762,2.662387342934058,9.0267,39.177547,4.340185,738.0,18.837205834225,0.22125160369738403,550,10.493,39.177547,39.99977664773826,0.82222964773826,0.020987
3,0.2578,0.17749211568491008,10.1,42.224615,4.180655,738.0,17.477876229024996,0.014750075845707105,550,10.493,42.224615,42.281504723713226,0.056889723713226,0.001347
9,0.773401,0.5324770355423785,10.1,42.224615,4.180655,738.0,17.477876229024996,0.04425028475231079,550,10.493,42.224615,42.39618890675485,0.17157390675485,0.004063
6,0.515601,0.3549849198574683,10.1,42.224615,4.180655,738.0,17.477876229024996,0.02950020890660368,550,10.493,42.224615,42.33869532688328,0.11408032688328,0.002701
12,1.031202,0.7099698397149365,10.1,42.224615,4.180655,738.0,17.477876229024996,0.05900041781320736,550,10.493,42.224615,42.45398911436856,0.22937411436856,0.005432
15,1.289003,0.8874626438874949,10.1,42.224615,4.180655,738.0,17.477876229024996,0.07375055087410394,550,10.493,42.224615,42.51209790670842,0.28748290670842,0.006808
18,1.546803,1.064954759572405,10.1,42.224615,4.180655,738.0,17.477876229024996,0.08850062671981104,550,10.493,42.224615,42.570518418116905,0.345903418116905,0.008191
30,2.578006,1.7749252877749897,10.1,42.224615,4.180655,738.0,17.477876229024996,0.14750110174820788,550,10.493,42.224615,42.80737132376161,0.58275632376161,0.013801
21,1.804604,1.2424475637449632,10.1,42.224615,4.180655,738.0,17.477876229024996,0.10325075978070763,550,10.493,42.224615,42.62925277500979,0.40463777500979,0.009582
24,2.062404,1.419939679429873,10.1,42.224615,4.180655,738.0,17.477876229024996,0.11800083562641472,550,10.493,42.224615,42.688304478226286,0.463689478226286,0.010981
27,2.320205,1.5974324836024316,10.1,42.224615,4.180655,738.0,17.477876229024996,0.13275096868731132,550,10.493,42.224615,42.747676474784555,0.523061474784555,0.012387
33,2.835806,1.9524174034598998,10.1,42.224615,4.180655,738.0,17.477876229024996,0.162251177593915,550,10.493,42.224615,42.86739196102479,0.64277696102479,0.015222
39,3.351407,2.307402323317368,10.1,42.224615,4.180655,738.0,17.477876229024996,0.19175138650051868,550,10.493,42.224615,42.98842312998294,0.76380812998294,0.018089
36,3.093607,2.129910207632458,10.1,42.224615,4.180655,738.0,17.477876229024996,0.17700131065481156,550,10.493,42.224615,42.927741761578815,0.703126761578815,0.016652
42,3.609208,2.4848951274899265,10.1,42.224615,4.180655,738.0,17.477876229024996,0.20650151956141527,550,10.493,42.224615,43.04943982112673,0.82482482112673,0.019534
45,3.867009,2.6623879316624848,10.1,42.224615,4.180655,738.0,17.477876229024996,0.22125165262231183,550,10.493,42.224615,43.11079439443843,0.88617939443843,0.020987
0,0.0,0.0,6.88,27.124289,3.942484,421.6,15.543180090256,0.0,450,10.534,27.124289,27.124288999999987,-1.3e-14,0.0
3,0.229263,0.17749204971289312,6.88,27.124289,3.942484,421.6,15.543180090256,0.0147500703632537,450,10.534,27.124289,27.16083386516492,0.03654486516492,0.001347
6,0.458527,0.3549848736111093,6.88,27.124289,3.942484,421.6,15.543180090256,0.029500205063405914,450,10.534,27.124289,27.197572293187747,0.073283293187747,0.002701
9,0.68779,0.5324769233240024,6.88,27.124289,3.942484,421.6,15.543180090256,0.044250275426659616,450,10.534,27.124289,27.234505031502927,0.110216031502927,0.004063
12,0.917054,0.7099697472222186,6.88,27.124289,3.942484,421.6,15.543180090256,0.05900041012681183,450,10.534,27.124289,27.271635235393777,0.147346235393777,0.005432
15,1.146318,0.8874625711204346,6.88,27.124289,3.942484,421.6,15.543180090256,0.07375054482696403,450,10.534,27.124289,27.308962537947817,0.184673537947817,0.006808
18,1.375581,1.0649546208333278,6.88,27.124289,3.942484,421.6,15.543180090256,0.08850061519021774,450,10.534,27.124289,27.34649050193917,0.22220150193917,0.008191
21,1.604845,1.242447444731544,6.88,27.124289,3.942484,421.6,15.543180090256,0.10325074989036995,450,10.534,27.124289,27.384220516751625,0.259931516751622,0.009582
24,1.834109,1.4199402686297602,6.88,27.124289,3.942484,421.6,15.543180090256,0.11800088459052216,450,10.534,27.124289,27.42215434616669,0.29786534616669,0.010981
33,2.521899,1.9524171919537625,6.88,27.124289,3.942484,421.6,15.543180090256,0.16225116001718176,450,10.534,27.124289,27.537196643913617,0.412907643913614,0.015222
30,2.292636,1.7749251422408692,6.88,27.124289,3.942484,421.6,15.543180090256,0.14750108965392805,450,10.534,27.124289,27.49864057688411,0.374351576884114,0.013801
27,2.063372,1.5974323183426533,6.88,27.124289,3.942484,421.6,15.543180090256,0.13275095495377587,450,10.534,27.124289,27.460293658807117,0.336004658807117,0.012387
36,2.751163,2.1299100158519786,6.88,27.124289,3.942484,421.6,15.543180090256,0.17700129471733397,450,10.534,27.124289,27.575964191439496,0.451675191439496,0.016652
39,2.980427,2.307402839750195,6.88,27.124289,3.942484,421.6,15.543180090256,0.1917514294174862,450,10.534,27.124289,27.614944911086045,0.490655911086045,0.018089
45,3.438954,2.662387713361304,6.88,27.124289,3.942484,421.6,15.543180090256,0.2212516344808921,450,10.534,27.124289,27.693553715492737,0.569264715492737,0.020987
42,3.20969,2.484894889463088,6.88,27.124289,3.942484,421.6,15.543180090256,0.2065014997807399,450,10.534,27.124289,27.654140707999755,0.529851707999755,0.019534
9,0.62443,0.5324770098784227,7.9533,29.876603,3.756504,421.6,14.111322302016001,0.04425028261956652,450,10.534,29.876603,29.998002594018555,0.121399594018555,0.004063
3,0.208143,0.17749205237916907,7.9533,29.876603,3.756504,421.6,14.111322302016001,0.014750070584828457,450,10.534,29.876603,29.916856082480887,0.040253082480887,0.001347
0,0.0,0.0,7.9533,29.876603,3.756504,421.6,14.111322302016001,0.0,450,10.534,29.876603,29.87660300000001,1e-14,0.0
12,0.832574,0.7099699149985074,7.9533,29.876603,3.756504,421.6,14.111322302016001,0.05900042406947612,450,10.534,29.876603,30.03889978504245,0.162296785042446,0.005432
15,1.040717,0.8874619673776762,7.9533,29.876603,3.756504,421.6,14.111322302016001,0.07375049465430457,450,10.534,29.876603,30.080015269856823,0.203412269856823,0.006808
6,0.416287,0.3549849574992537,7.9533,29.876603,3.756504,421.6,14.111322302016001,0.02950021203473806,450,10.534,29.876603,29.957322130391947,0.080719130391947,0.002701
18,1.248861,1.0649548724977609,7.9533,29.876603,3.756504,421.6,14.111322302016001,0.08850063610421417,450,10.534,29.876603,30.121351436889015,0.244748436889018,0.008191
21,1.457004,1.2424469248769299,7.9533,29.876603,3.756504,421.6,14.111322302016001,0.10325070668904263,450,10.534,29.876603,30.162909816307923,0.286306816307923,0.009582
24,1.665148,1.4199398299970147,7.9533,29.876603,3.756504,421.6,14.111322302016001,0.11800084813895224,450,10.534,29.876603,30.20469281234182,0.32808981234182,0.010981
30,2.081435,1.7749247874962684,7.9533,29.876603,3.756504,421.6,14.111322302016001,0.1475010601736903,450,10.534,29.876603,30.28894011162211,0.412337111622114,0.013801
27,1.873292,1.5974327351170992,7.9533,29.876603,3.756504,421.6,14.111322302016001,0.13275098958886183,450,10.534,29.876603,30.24670229096607,0.37009929096607,0.012387
33,2.289579,1.9524176926163526,7.9533,29.876603,3.756504,421.6,14.111322302016001,0.16225120162359988,450,10.534,29.876603,30.331408665670217,0.454805665670214,0.015222
36,2.497722,2.1299097449955218,7.9533,29.876603,3.756504,421.6,14.111322302016001,0.17700127220842835,450,10.534,29.876603,30.374109765069797,0.497506765069797,0.016652
39,2.705866,2.3074026501156064,7.9533,29.876603,3.756504,421.6,14.111322302016001,0.19175141365833795,450,10.534,29.876603,30.417045991876684,0.540442991876684,0.018089
42,2.914009,2.4848947024947754,7.9533,29.876603,3.756504,421.6,14.111322302016001,0.20650148424316642,450,10.534,29.876603,30.460218918092743,0.583615918092743,0.019534
3,0.191297,0.17749236494884504,9.0267,32.507656,3.601278,421.6,12.969203233284002,0.014750096560215645,450,10.534,32.507656,32.551454151277156,0.043798151277156,0.001347
0,0.0,0.0,9.0267,32.507656,3.601278,421.6,12.969203233284002,0.0,450,10.534,32.507656,32.507656,0.0,0.0
45,3.122153,2.66238760761486,7.9533,29.876603,3.756504,421.6,14.111322302016001,0.22125162569307602,450,10.534,29.876603,30.503631330589105,0.627028330589105,0.020987
9,0.573891,0.5324770948465352,9.0267,32.507656,3.601278,421.6,12.969203233284002,0.04425028968064694,450,10.534,32.507656,32.639746532414755,0.132090532414755,0.004063
6,0.382594,0.3549847298976901,9.0267,32.507656,3.601278,421.6,12.969203233284002,0.02950019312043129,450,10.534,32.507656,32.595483407015784,0.087827407015784,0.002701
12,0.765188,0.7099694597953802,9.0267,32.507656,3.601278,421.6,12.969203233284002,0.05900038624086258,450,10.534,32.507656,32.684245161217916,0.176589161217916,0.005432
15,0.956485,0.8874618247442254,9.0267,32.507656,3.601278,421.6,12.969203233284002,0.07375048280107824,450,10.534,32.507656,32.728981533498306,0.221325533498306,0.006808
21,1.33908,1.2424474824785514,9.0267,32.507656,3.601278,421.6,12.969203233284002,0.10325075302724857,450,10.534,32.507656,32.81917619014383,0.31152019014383,0.009582
18,1.147783,1.0649551175297063,9.0267,32.507656,3.601278,421.6,12.969203233284002,0.08850065646703291,450,10.534,32.507656,32.77395795447577,0.26630195447577,0.008191
24,1.530377,1.4199398474273965,9.0267,32.507656,3.601278,421.6,12.969203233284002,0.11800084958746422,450,10.534,32.507656,32.864638671728585,0.356982671728585,0.010981
27,1.721674,1.5974322123762414,9.0267,32.507656,3.601278,421.6,12.969203233284002,0.13275094614767985,450,10.534,32.507656,32.910347551148114,0.402691551148114,0.012387
30,1.912971,1.7749245773250864,9.0267,32.507656,3.601278,421.6,12.969203233284002,0.1475010427078955,450,10.534,32.507656,32.956305028196056,0.448649028196056,0.013801
36,2.295566,2.1299102350594126,9.0267,32.507656,3.601278,421.6,12.969203233284002,0.17700131293406582,450,10.534,32.507656,33.04897537037898,0.54131937037898,0.016652
33,2.104269,1.9524178701105674,9.0267,32.507656,3.601278,421.6,12.969203233284002,0.16225121637385018,450,10.534,32.507656,33.00251379495345,0.49485779495345,0.015222
39,2.486863,2.307402600008258,9.0267,32.507656,3.601278,421.6,12.969203233284002,0.1917514094942815,450,10.534,32.507656,33.095692472903515,0.588036472903515,0.018089
0,0.0,0.0,10.1,35.03594,3.468905,421.6,12.033301899025,0.0,450,10.534,35.03594,35.03593999999999,-1e-14,0.0
42,2.67816,2.484894964957103,9.0267,32.507656,3.601278,421.6,12.969203233284002,0.20650150605449713,450,10.534,32.507656,33.14266749167577,0.63501149167577,0.019534
3,0.177492,0.177492,10.1,35.03594,3.468905,421.6,12.033301899025,0.014750066231977553,450,10.534,35.03594,35.083144345301385,0.047204345301385,0.001347
45,2.869457,2.6623873299059477,9.0267,32.507656,3.601278,421.6,12.969203233284002,0.22125160261471277,450,10.534,32.507656,33.18990271781482,0.68224671781482,0.020987
9,0.532477,0.532477,10.1,35.03594,3.468905,421.6,12.033301899025,0.044250281798642814,450,10.534,35.03594,35.17830395323753,0.14236395323753,0.004063
6,0.354985,0.354985,10.1,35.03594,3.468905,421.6,12.033301899025,0.029500215566665263,450,10.534,35.03594,35.13059841778905,0.09465841778905,0.002701
12,0.70997,0.70997,10.1,35.03594,3.468905,421.6,12.033301899025,0.059000431133330526,450,10.534,35.03594,35.22626337425374,0.19032337425374,0.005432
18,1.064955,1.064955,10.1,35.03594,3.468905,421.6,12.033301899025,0.0885006466999958,450,10.534,35.03594,35.32295330751319,0.28701330751319,0.008191
24,1.41994,1.41994,10.1,35.03594,3.468905,421.6,12.033301899025,0.11800086226666105,450,10.534,35.03594,35.42068710066062,0.38474710066062,0.010981
27,1.597432,1.5974320000000002,10.1,35.03594,3.468905,421.6,12.033301899025,0.13275092849863862,450,10.534,35.03594,35.46995082903745,0.43401082903745,0.012387
15,0.887462,0.8874619999999999,10.1,35.03594,3.468905,421.6,12.033301899025,0.07375049736530807,450,10.534,35.03594,35.27447921660677,0.23853921660677,0.006808
21,1.242447,1.242447,10.1,35.03594,3.468905,421.6,12.033301899025,0.10325071293197335,450,10.534,35.03594,35.37168837734286,0.33574837734286,0.009582
30,1.774925,1.774925,10.1,35.03594,3.468905,421.6,12.033301899025,0.14750107783332633,450,10.534,35.03594,35.519482895444405,0.483542895444405,0.013801
33,1.952417,1.952417,10.1,35.03594,3.468905,421.6,12.033301899025,0.1622511440653039,450,10.534,35.03594,35.569285128299825,0.533345128299825,0.015222
36,2.12991,2.12991,10.1,35.03594,3.468905,421.6,12.033301899025,0.1770012933999916,450,10.534,35.03594,35.61936026270318,0.58342026270318,0.016652
39,2.307402,2.307402,10.1,35.03594,3.468905,421.6,12.033301899025,0.19175135963196915,450,10.534,35.03594,35.66971092301385,0.63377092301385,0.018089
42,2.484895,2.484895,10.1,35.03594,3.468905,421.6,12.033301899025,0.20650150896665684,450,10.534,35.03594,35.720339585501826,0.684399585501826,0.019534
45,2.662387,2.662387,10.1,35.03594,3.468905,421.6,12.033301899025,0.2212515751986344,450,10.534,35.03594,35.77124828351826,0.73530828351826,0.020987
0,0.0,0.0,6.88,27.840773,4.046624,455.9,16.375165797376003,0.0,450,10.534,27.840773,27.84077300000001,1e-14,0.0
3,0.241535,0.17749216161504405,6.88,27.840773,4.046624,455.9,16.375165797376003,0.014750079662625716,450,10.534,27.840773,27.878283316364183,0.037510316364186,0.001347
12,0.966142,0.7099701161615579,6.88,27.840773,4.046624,455.9,16.375165797376003,0.05900044078667081,450,10.534,27.840773,27.99201088795025,0.15123788795025,0.005432
6,0.483071,0.35498505808077896,6.88,27.840773,4.046624,455.9,16.375165797376003,0.029500220393335407,450,10.534,27.840773,27.915991846882857,0.075218846882857,0.002701
9,0.724606,0.5324772196958231,6.88,27.840773,4.046624,455.9,16.375165797376003,0.044250300055961124,450,10.534,27.840773,27.953900152444454,0.113127152444454,0.004063
15,1.207677,0.887462277776602,6.88,27.840773,4.046624,455.9,16.375165797376003,0.07375052044929653,450,10.534,27.840773,28.03032442060563,0.189551420605634,0.006808
30,2.415355,1.774925290403895,6.88,27.840773,4.046624,455.9,16.375165797376003,0.14750110196667704,450,10.534,27.840773,28.225012986665625,0.384239986665625,0.013801
18,1.449213,1.064955174242337,6.88,27.840773,4.046624,455.9,16.375165797376003,0.08850066118000623,450,10.534,27.840773,28.06884398516752,0.22807098516752,0.008191
21,1.690748,1.2424473358573809,6.88,27.840773,4.046624,455.9,16.375165797376003,0.10325074084263193,450,10.534,27.840773,28.10757058574784,0.26679758574784,0.009582
24,1.932284,1.4199402323231158,6.88,27.840773,4.046624,455.9,16.375165797376003,0.11800088157334163,450,10.534,27.840773,28.14650646291218,0.30573346291218,0.010981
27,2.173819,1.5974323939381598,6.88,27.840773,4.046624,455.9,16.375165797376003,0.13275096123596733,450,10.534,27.840773,28.185653126923604,0.344880126923604,0.012387
33,2.65689,1.9524174520189392,6.88,27.840773,4.046624,455.9,16.375165797376003,0.16225118162930277,450,10.534,27.840773,28.26458758986872,0.42381458986872,0.015222
36,2.898426,2.129910348484674,6.88,27.840773,4.046624,455.9,16.375165797376003,0.17700132236001245,450,10.534,27.840773,28.304379156243268,0.463606156243268,0.016652
39,3.139961,2.3074025100997178,6.88,27.840773,4.046624,455.9,16.375165797376003,0.19175140202263816,450,10.534,27.840773,28.344389469210142,0.503616469210146,0.018089
42,3.381497,2.4848954065654527,6.88,27.840773,4.046624,455.9,16.375165797376003,0.20650154275334784,450,10.534,27.840773,28.384620672955045,0.543847672955045,0.019534
45,3.623032,2.6623875681804967,6.88,27.840773,4.046624,455.9,16.375165797376003,0.22125162241597354,450,10.534,27.840773,28.425074697726274,0.584301697726274,0.020987
0,0.0,0.0,7.9533,30.665793,3.855732,455.9,14.866669255824002,0.0,450,10.534,30.665793,30.665793000000004,4e-15,0.0
3,0.219285,0.17749252112365252,7.9533,30.665793,3.855732,455.9,14.866669255824002,0.014750109538765406,450,10.534,30.665793,30.707108810976152,0.041315810976152,0.001347
6,0.43857,0.35498504224730504,7.9533,30.665793,3.855732,455.9,14.866669255824002,0.029500219077530813,450,10.534,30.665793,30.748644367932663,0.082851367932666,0.002701
9,0.657855,0.5324775633709575,7.9533,30.665793,3.855732,455.9,14.866669255824002,0.044250328616296214,450,10.534,30.665793,30.790399336444228,0.124606336444228,0.004063
12,0.87714,0.7099700844946101,7.9533,30.665793,3.855732,455.9,14.866669255824002,0.059000438155061626,450,10.534,30.665793,30.832376935315096,0.166583935315096,0.005432
18,1.31571,1.064955126741915,7.9533,30.665793,3.855732,455.9,14.866669255824002,0.08850065723259243,450,10.534,30.665793,30.91700642647004,0.25121342647004,0.008191
15,1.096425,0.8874626056182625,7.9533,30.665793,3.855732,455.9,14.866669255824002,0.07375054769382702,450,10.534,30.665793,30.874578420291257,0.208785420291254,0.006808
21,1.534995,1.2424476478655677,7.9533,30.665793,3.855732,455.9,14.866669255824002,0.10325076677135785,450,10.534,30.665793,30.95966272599644,0.293869725996438,0.009582
24,1.75428,1.4199401689892202,7.9533,30.665793,3.855732,455.9,14.866669255824002,0.11800087631012325,450,10.534,30.665793,31.00254940866258,0.33675640866258,0.010981
27,1.973565,1.5974326901128726,7.9533,30.665793,3.855732,455.9,14.866669255824002,0.13275098584888864,450,10.534,30.665793,31.045668401880217,0.379875401880217,0.012387
30,2.19285,1.774925211236525,7.9533,30.665793,3.855732,455.9,14.866669255824002,0.14750109538765405,450,10.534,30.665793,31.089022128644157,0.423229128644157,0.013801
33,2.412135,1.952417732360178,7.9533,30.665793,3.855732,455.9,14.866669255824002,0.16225120492641948,450,10.534,30.665793,31.13261225582537,0.46681925582537,0.015222
39,2.850705,2.3074027746074828,7.9533,30.665793,3.855732,455.9,14.866669255824002,0.19175142400395026,450,10.534,30.665793,31.22051184365815,0.55471884365815,0.018089
36,2.63142,2.12991025348383,7.9533,30.665793,3.855732,455.9,14.866669255824002,0.17700131446518486,450,10.534,30.665793,31.176441677733,0.510648677733,0.016652
42,3.06999,2.4848952957311354,7.9533,30.665793,3.855732,455.9,14.866669255824002,0.2065015335427157,450,10.534,30.665793,31.26482509888404,0.59903209888404,0.019534
45,3.289275,2.6623878168547876,7.9533,30.665793,3.855732,455.9,14.866669255824002,0.22125164308148107,450,10.534,30.665793,31.309384250440043,0.643591250440043,0.020987
0,0.0,0.0,9.0267,33.366348,3.696406,455.9,13.663417316836,0.0,450,10.534,33.366348,33.36634800000001,1e-14,0.0
3,0.201536,0.17749172665125668,9.0267,33.366348,3.696406,455.9,13.663417316836,0.014750043515956162,450,10.534,33.366348,33.41130268148408,0.04495468148408,0.001347
6,0.403073,0.35498433399740986,9.0267,33.366348,3.696406,455.9,13.663417316836,0.02950016022004505,450,10.534,33.366348,33.45649506605138,0.09014706605138,0.002701
9,0.60461,0.5324769413435629,9.0267,33.366348,3.696406,455.9,13.663417316836,0.04425027692413393,450,10.534,33.366348,33.50192779507087,0.13557979507087,0.004063
12,0.806147,0.7099695486897161,9.0267,33.366348,3.696406,455.9,13.663417316836,0.05900039362822281,450,10.534,33.366348,33.547602098189856,0.181254098189856,0.005432
21,1.410758,1.2424473707281756,9.0267,33.366348,3.696406,455.9,13.663417316836,0.10325074374048947,450,10.534,33.366348,33.686096529244935,0.319748529244935,0.009582
18,1.209221,1.0649547633820224,9.0267,33.366348,3.696406,455.9,13.663417316836,0.08850062703640059,450,10.534,33.366348,33.63968447556639,0.27333647556639,0.008191
15,1.007684,0.8874621560358692,9.0267,33.366348,3.696406,455.9,13.663417316836,0.0737505103323117,450,10.534,33.366348,33.59351975585263,0.22717175585263,0.006808
27,1.813832,1.5974325854204818,9.0267,33.366348,3.696406,455.9,13.663417316836,0.13275097714866724,450,10.534,33.366348,33.77967642588567,0.41332842588567,0.012387
33,2.216906,1.952417800112788,9.0267,33.366348,3.696406,455.9,13.663417316836,0.162251210556845,450,10.534,33.366348,33.87427696636631,0.50792896636631,0.015222
24,1.612295,1.4199399780743287,9.0267,33.366348,3.696406,455.9,13.663417316836,0.11800086044457835,450,10.534,33.366348,33.73276038181253,0.36641238181253,0.010981
36,2.418443,2.129910407458941,9.0267,33.366348,3.696406,455.9,13.663417316836,0.17700132726093387,450,10.534,33.366348,33.921966315596194,0.555618315596194,0.016652
30,2.015369,1.7749251927666352,9.0267,33.366348,3.696406,455.9,13.663417316836,0.14750109385275614,450,10.534,33.366348,33.82684821673166,0.46050021673166,0.013801
42,2.821516,2.484894741456351,9.0267,33.366348,3.696406,455.9,13.663417316836,0.20650148748097893,450,10.534,33.366348,34.01813334602344,0.65178534602344,0.019534
45,3.023053,2.662387348802504,9.0267,33.366348,3.696406,455.9,13.663417316836,0.2212516041850678,450,10.534,33.366348,34.06661597901295,0.70026797901295,0.020987
39,2.619979,2.307402134110198,9.0267,33.366348,3.696406,455.9,13.663417316836,0.19175137077689003,450,10.534,33.366348,33.96991716766109,0.60356916766109,0.018089
0,0.0,0.0,10.1,35.961403,3.560535,455.9,12.677409486224999,0.0,450,10.534,35.961403,35.96140300000001,1e-14,0.0
3,0.186993,0.17749235160774282,10.1,35.961403,3.560535,455.9,12.677409486224999,0.014750095451533893,450,10.534,35.961403,36.00985449552936,0.04845149552936,0.001347
6,0.373986,0.35498470321548564,10.1,35.961403,3.560535,455.9,12.677409486224999,0.029500190903067786,450,10.534,35.961403,36.05856163663094,0.09715863663094,0.002701
9,0.560979,0.5324770548232285,10.1,35.961403,3.560535,455.9,12.677409486224999,0.04425028635460168,450,10.534,35.961403,36.10752759588873,0.14612459588873,0.004063
12,0.747972,0.7099694064309713,10.1,35.961403,3.560535,455.9,12.677409486224999,0.05900038180613557,450,10.534,35.961403,36.156753587500155,0.195350587500155,0.005432
15,0.934965,0.8874617580387142,10.1,35.961403,3.560535,455.9,12.677409486224999,0.07375047725766948,450,10.534,35.961403,36.20624295898934,0.24483995898934,0.006808
18,1.121959,1.0649550588389487,10.1,35.961403,3.560535,455.9,12.677409486224999,0.0885006515896719,450,10.534,35.961403,36.25599774320075,0.29459474320075,0.008191
24,1.495945,1.4199397620544345,10.1,35.961403,3.560535,455.9,12.677409486224999,0.11800084249273969,450,10.534,35.961403,36.35631350001926,0.39491050001926,0.010981
36,2.243918,2.1299101176778974,10.1,35.961403,3.560535,455.9,12.677409486224999,0.1770013031793438,450,10.534,35.961403,36.560234282719335,0.598831282719335,0.016652
21,1.308952,1.2424474104466914,10.1,35.961403,3.560535,455.9,12.677409486224999,0.10325074704120578,450,10.534,35.961403,36.30602053710102,0.34461753710102,0.009582
30,1.869931,1.77492446526992,10.1,35.961403,3.560535,455.9,12.677409486224999,0.14750103339580747,450,10.534,35.961403,36.45771841812162,0.49631541812162,0.013801
27,1.682938,1.5974321136621774,10.1,35.961403,3.560535,455.9,12.677409486224999,0.1327509379442736,450,10.534,35.961403,36.4068781709374,0.4454751709374,0.012387
39,2.430911,2.3074024692856403,10.1,35.961403,3.560535,455.9,12.677409486224999,0.19175139863087767,450,10.534,35.961403,36.61191485538727,0.65051185538727,0.018089
33,2.056925,1.9524177660701547,10.1,35.961403,3.560535,455.9,12.677409486224999,0.1622512077278099,450,10.534,35.961403,36.50883599834961,0.54743299834961,0.015222
42,2.617904,2.4848948208933828,10.1,35.961403,3.560535,455.9,12.677409486224999,0.20650149408241156,450,10.534,35.961403,36.66388098441135,0.70247798441135,0.019534
45,2.804897,2.6623871725011257,10.1,35.961403,3.560535,455.9,12.677409486224999,0.22125158953394547,450,10.534,35.961403,36.716134725280064,0.754731725280064,0.020987
3,0.281464,0.1774922417194698,6.88,30.05402,4.368317,573.5,19.082193412489,0.014750086319520593,450,10.534,30.05402,30.094512051530597,0.040492051530597,0.001347
0,0.0,0.0,6.88,30.05402,4.368317,573.5,19.082193412489,0.0,450,10.534,30.05402,30.054020000000005,5e-15,0.0
6,0.562928,0.3549844834389396,6.88,30.05402,4.368317,573.5,19.082193412489,0.029500172639041186,450,10.534,30.05402,30.135218247209473,0.081198247209473,0.002701
9,0.844393,0.5324773557621162,6.88,30.05402,4.368317,573.5,19.082193412489,0.04425031136343885,450,10.534,30.05402,30.1761404610051,0.1221204610051,0.004063
12,1.125857,0.7099695974815862,6.88,30.05402,4.368317,573.5,19.082193412489,0.05900039768295945,450,10.534,30.05402,30.217280470069426,0.163260470069422,0.005432
15,1.407322,0.8874624698047626,6.88,30.05402,4.368317,573.5,19.082193412489,0.0737505364073571,450,10.534,30.05402,30.25864033284001,0.20462033284001,0.006808
18,1.688786,1.0649547115242324,6.88,30.05402,4.368317,573.5,19.082193412489,0.0885006227268777,450,10.534,30.05402,30.30022181050607,0.24620181050607,0.008191
24,2.251715,1.4199398255668787,6.88,30.05402,4.368317,573.5,19.082193412489,0.11800084777079595,450,10.534,30.05402,30.384058129556493,0.330038129556493,0.010981
27,2.53318,1.5974326978900555,6.88,30.05402,4.368317,573.5,19.082193412489,0.13275098649519362,450,10.534,30.05402,30.426317064352865,0.372297064352865,0.012387
30,2.814644,1.7749249396095252,6.88,30.05402,4.368317,573.5,19.082193412489,0.1475010728147142,450,10.534,30.05402,30.468805731562615,0.414785731562615,0.013801
21,1.970251,1.2424475838474092,6.88,30.05402,4.368317,573.5,19.082193412489,0.10325076145127536,450,10.534,30.05402,30.342027157000583,0.288007157000583,0.009582
36,3.377573,2.129910053652172,6.88,30.05402,4.368317,573.5,19.082193412489,0.17700129785863247,450,10.534,30.05402,30.554481230763898,0.500461230763898,0.016652
33,3.096109,1.9524178119327018,6.88,30.05402,4.368317,573.5,19.082193412489,0.16225121153911187,450,10.534,30.05402,30.511526447645338,0.457506447645334,0.015222
39,3.659038,2.307402925975348,6.88,30.05402,4.368317,573.5,19.082193412489,0.19175143658303012,450,10.534,30.05402,30.597672374306807,0.543652374306807,0.018089
45,4.221966,2.662387409414288,6.88,30.05402,4.368317,573.5,19.082193412489,0.22125160922207132,450,10.534,30.05402,30.684771765771316,0.630751765771316,0.020987
42,3.940502,2.4848951676948183,6.88,30.05402,4.368317,573.5,19.082193412489,0.20650152290255072,450,10.534,30.05402,30.64110172529919,0.58708172529919,0.019534
0,0.0,0.0,7.9533,33.103591,4.162246,573.5,17.324291764515998,0.0,450,10.534,33.103591,33.10359100000002,2e-14,0.0
3,0.255535,0.17749238136623247,7.9533,33.103591,4.162246,573.5,17.324291764515998,0.014750097924545033,450,10.534,33.103591,33.14819196150493,0.04460096150493,0.001347
9,0.766605,0.5324771440986974,7.9533,33.103591,4.162246,573.5,17.324291764515998,0.044250293773635097,450,10.534,33.103591,33.23810306188398,0.13451206188398,0.004063
6,0.51107,0.35498476273246493,7.9533,33.103591,4.162246,573.5,17.324291764515998,0.029500195849090066,450,10.534,33.103591,33.193028632846136,0.089437632846136,0.002701
12,1.02214,0.7099695254649299,7.9533,33.103591,4.162246,573.5,17.324291764515998,0.05900039169818013,450,10.534,33.103591,33.28341744164942,0.17982644164942,0.005432
15,1.277676,0.8874626014224369,7.9533,33.103591,4.162246,573.5,17.324291764515998,0.07375054734514254,450,10.534,33.103591,33.32897411529091,0.22538311529091,0.006808
18,1.533211,1.0649549827886693,7.9533,33.103591,4.162246,573.5,17.324291764515998,0.08850064526968757,450,10.534,33.103591,33.3747748716788,0.2711838716788,0.008191
21,1.788746,1.2424473641549016,7.9533,33.103591,4.162246,573.5,17.324291764515998,0.1032507431942326,450,10.534,33.103591,33.42082210648589,0.31723110648589,0.009582
24,2.044281,1.419939745521134,7.9533,33.103591,4.162246,573.5,17.324291764515998,0.11800084111877762,450,10.534,33.103591,33.46711790607776,0.36352690607776,0.010981
27,2.299816,1.5974321268873666,7.9533,33.103591,4.162246,573.5,17.324291764515998,0.13275093904332266,450,10.534,33.103591,33.51366479663589,0.41007379663589,0.012387
30,2.555352,1.7749252028448739,7.9533,33.103591,4.162246,573.5,17.324291764515998,0.14750109469028508,450,10.534,33.103591,33.560464913168,0.456873913168,0.013801
33,2.810887,1.9524175842111064,7.9533,33.103591,4.162246,573.5,17.324291764515998,0.16225119261483012,450,10.534,33.103591,33.607520457588485,0.503929457588485,0.015222
42,3.577493,2.484895422901078,7.9533,33.103591,4.162246,573.5,17.324291764515998,0.20650154411088256,450,10.534,33.103591,33.750243791872755,0.646652791872755,0.019534
0,0.0,0.0,9.0267,36.018861,3.990258,573.5,15.922158906563999,0.0,450,10.534,36.018861,36.01886100000001,1e-14,0.0
45,3.833028,2.6623878042673104,7.9533,33.103591,4.162246,573.5,17.324291764515998,0.2212516420354276,450,10.534,33.103591,33.79834498784846,0.69475398784846,0.020987
3,0.234853,0.1774920767639532,9.0267,36.018861,3.990258,573.5,15.922158906563999,0.014750072611270105,450,10.534,36.018861,36.06738976930957,0.048528769309564,0.001347
36,3.066422,2.1299099655773386,7.9533,33.103591,4.162246,573.5,17.324291764515998,0.17700129053937513,450,10.534,33.103591,33.654833879391184,0.551242879391184,0.016652
39,3.321957,2.307402346943571,7.9533,33.103591,4.162246,573.5,17.324291764515998,0.19175138846392015,450,10.534,33.103591,33.702407463499924,0.598816463499924,0.018089
6,0.469707,0.3549849092860903,9.0267,36.018861,3.990258,573.5,15.922158906563999,0.029500208028093517,450,10.534,36.018861,36.11617473600505,0.09731373600505,0.002701
9,0.70456,0.5324769860500435,9.0267,36.018861,3.990258,573.5,15.922158906563999,0.04425028063936362,450,10.534,36.018861,36.16521892208642,0.14635792208642,0.004063
15,1.174267,0.8874618953361336,9.0267,36.018861,3.990258,573.5,15.922158906563999,0.07375048866745713,450,10.534,36.018861,36.26409223939058,0.24523123939058,0.006808
12,0.939414,0.7099698185721806,9.0267,36.018861,3.990258,573.5,15.922158906563999,0.059000416056187034,450,10.534,36.018861,36.21452388452135,0.19566288452135,0.005432
21,1.643975,1.242447560380408,9.0267,36.018861,3.990258,573.5,15.922158906563999,0.10325075950110398,450,10.534,36.018861,36.364029028359575,0.345168028359575,0.009582
18,1.409121,1.064954727858271,9.0267,36.018861,3.990258,573.5,15.922158906563999,0.08850062408428057,450,10.534,36.018861,36.31392656947211,0.29506556947211,0.008191
24,1.878828,1.419939637144361,9.0267,36.018861,3.990258,573.5,15.922158906563999,0.11800083211237407,450,10.534,36.018861,36.41440192731226,0.39554092731226,0.010981
30,2.348535,1.7749245464304517,9.0267,36.018861,3.990258,573.5,15.922158906563999,0.1475010401404676,450,10.534,36.018861,36.51596928226285,0.49710828226285,0.013801
27,2.113682,1.5974324696664983,9.0267,36.018861,3.990258,573.5,15.922158906563999,0.1327509675291975,450,10.534,36.018861,36.4650480339898,0.4461870339898,0.012387
33,2.583389,1.9524173789525887,9.0267,36.018861,3.990258,573.5,15.922158906563999,0.16225117555729102,450,10.534,36.018861,36.56716877083528,0.54830777083528,0.015222
36,2.818243,2.1299102114747255,9.0267,36.018861,3.990258,573.5,15.922158906563999,0.17700131097411442,450,10.534,36.018861,36.61864911021316,0.59978811021316,0.016652
42,3.28795,2.484895120760816,9.0267,36.018861,3.990258,573.5,15.922158906563999,0.20650151900220795,450,10.534,36.018861,36.72246106945817,0.70360006945817,0.019534
0,0.0,0.0,10.1,38.820218,3.843586,573.5,14.773153339396002,0.0,450,10.534,38.820218,38.82021799999998,-2e-14,0.0
45,3.522803,2.6623871975247693,9.0267,36.018861,3.990258,573.5,15.922158906563999,0.22125159161347804,450,10.534,36.018861,36.77479835923728,0.75593735923728,0.020987
3,0.217905,0.17749200797331247,10.1,38.820218,3.843586,573.5,14.773153339396002,0.014750066894581425,450,10.534,38.820218,38.87252027909179,0.05230227909179,0.001347
39,3.053096,2.307402288238679,9.0267,36.018861,3.990258,573.5,15.922158906563999,0.19175138358538454,450,10.534,36.018861,36.67041198483667,0.651550984836676,0.018089
6,0.435811,0.35498483048510715,10.1,38.820218,3.843586,573.5,14.773153339396002,0.029500201479518255,450,10.534,38.820218,38.92510065288515,0.104882652885156,0.002701
9,0.653716,0.5324768384584195,10.1,38.820218,3.843586,573.5,14.773153339396002,0.04425026837409968,450,10.534,38.820218,38.977958899357965,0.157740899357965,0.004063
12,0.871622,0.7099696609702143,10.1,38.820218,3.843586,573.5,14.773153339396002,0.05900040295903651,450,10.534,38.820218,39.03109854751916,0.21088054751916,0.005432
21,1.525339,1.2424473139671162,10.1,38.820218,3.843586,573.5,14.773153339396002,0.1032507390234916,450,10.534,38.820218,39.19223112341731,0.37201312341731,0.009582
15,1.089528,0.887462483482009,10.1,38.820218,3.843586,573.5,14.773153339396002,0.07375053754397334,450,10.534,38.820218,39.084522233614706,0.264304233614706,0.006808
18,1.307433,1.0649544914553215,10.1,38.820218,3.843586,573.5,14.773153339396002,0.08850060443855477,450,10.534,38.820218,39.13823191162171,0.31801391162171,0.008191
27,1.96115,1.597432144452223,10.1,38.820218,3.843586,573.5,14.773153339396002,0.13275094050300984,450,10.534,38.820218,39.30110698975589,0.48088898975589,0.012387
24,1.743245,1.4199401364789108,10.1,38.820218,3.843586,573.5,14.773153339396002,0.11800087360842842,450,10.534,38.820218,39.246522178545355,0.426304178545355,0.010981
30,2.179056,1.774924966964018,10.1,38.820218,3.843586,573.5,14.773153339396002,0.1475010750879467,450,10.534,38.820218,39.355989007108576,0.535771007108576,0.013801
33,2.396962,1.9524177894758126,10.1,38.820218,3.843586,573.5,14.773153339396002,0.1622512096728835,450,10.534,38.820218,39.4111706027554,0.5909526027554,0.015222
39,2.832773,2.3074026199609197,10.1,38.820218,3.843586,573.5,14.773153339396002,0.19175141115240177,450,10.534,38.820218,39.522443595685566,0.702225595685566,0.018089
36,2.614867,2.129909797449125,10.1,38.820218,3.843586,573.5,14.773153339396002,0.17700127656746492,450,10.534,38.820218,39.466654552778735,0.646436552778735,0.016652
45,3.268584,2.662387450446027,10.1,38.820218,3.843586,573.5,14.773153339396002,0.22125161263192003,450,10.534,38.820218,39.634948365539024,0.814730365539024,0.020987
42,3.050679,2.4848954424727148,10.1,38.820218,3.843586,573.5,14.773153339396002,0.20650154573733862,450,10.534,38.820218,39.57854063848195,0.75832263848195,0.019534
0,0.0,0.0,6.88,31.98351,4.648766,691.2,21.611025322756003,0.0,450,10.534,31.98351,31.983510000000013,1.3e-14,0.0
6,0.63753,0.3549850525420174,6.88,31.98351,4.648766,691.2,21.611025322756003,0.02950021993304931,450,10.534,31.98351,32.06992149105918,0.08641149105918,0.002701
3,0.318765,0.1774925262710087,6.88,31.98351,4.648766,691.2,21.611025322756003,0.014750109966524655,450,10.534,31.98351,32.02660181352589,0.04309181352589,0.001347
9,0.956295,0.532477578813026,6.88,31.98351,4.648766,691.2,21.611025322756003,0.04425032989957396,450,10.534,31.98351,32.11347083359007,0.12996083359007,0.004063
18,1.91259,1.064955157626052,6.88,31.98351,4.648766,691.2,21.611025322756003,0.08850065979914792,450,10.534,31.98351,32.245518151082486,0.262008151082486,0.008191
15,1.593825,0.8874626313550436,6.88,31.98351,4.648766,691.2,21.611025322756003,0.07375054983262327,450,10.534,31.98351,32.20126720061892,0.21775720061892,0.006808
12,1.27506,0.7099701050840348,6.88,31.98351,4.648766,691.2,21.611025322756003,0.05900043986609862,450,10.534,31.98351,32.15725206324725,0.17374206324725,0.005432
21,2.231355,1.242447683897061,6.88,31.98351,4.648766,691.2,21.611025322756003,0.10325076976567259,450,10.534,31.98351,32.29000742353685,0.30649742353685,0.009582
24,2.55012,1.4199402101680696,6.88,31.98351,4.648766,691.2,21.611025322756003,0.11800087973219724,450,10.534,31.98351,32.3347368081812,0.3512268081812,0.010981
27,2.868885,1.5974327364390783,6.88,31.98351,4.648766,691.2,21.611025322756003,0.1327509896987219,450,10.534,31.98351,32.37970877448223,0.39619877448223,0.012387
0,0.0,0.0,7.9533,35.228863,4.429465,691.2,19.620160186225004,0.0,450,10.534,35.228863,35.22886300000002,2e-14,0.0
33,3.506415,1.9524177889810956,6.88,31.98351,4.648766,691.2,21.611025322756003,0.1622512096317712,450,10.534,31.98351,32.47038875427551,0.48687875427551,0.015222
3,0.289399,0.17749220715949562,7.9533,35.228863,4.429465,691.2,19.620160186225004,0.014750083447493073,450,10.534,35.228863,35.27632729796137,0.04746429796137,0.001347
30,3.18765,1.774925262710087,6.88,31.98351,4.648766,691.2,21.611025322756003,0.14750109966524655,450,10.534,31.98351,32.42492524816122,0.44141524816122,0.013801
36,3.82518,2.129910315252104,6.88,31.98351,4.648766,691.2,21.611025322756003,0.17700131959829585,450,10.534,31.98351,32.516101321336286,0.532591321336286,0.016652
39,4.143945,2.307402841523113,6.88,31.98351,4.648766,691.2,21.611025322756003,0.19175142956482052,450,10.534,31.98351,32.56206513180296,0.57855513180296,0.018089
42,4.46271,2.484895367794122,6.88,31.98351,4.648766,691.2,21.611025322756003,0.20650153953134517,450,10.534,31.98351,32.60828284655827,0.62477284655827,0.019534
45,4.781475,2.6623878940651307,6.88,31.98351,4.648766,691.2,21.611025322756003,0.22125164949786982,450,10.534,31.98351,32.654756669949286,0.671246669949286,0.020987
6,0.578799,0.3549850276321234,7.9533,35.228863,4.429465,691.2,19.620160186225004,0.029500217862969608,450,10.534,35.228863,35.32404257689655,0.09517957689655,0.002701
9,0.868198,0.532477234791619,7.9533,35.228863,4.429465,691.2,19.620160186225004,0.04425030131046268,450,10.534,35.228863,35.372010871339825,0.143147871339825,0.004063
12,1.157598,0.7099700552642468,7.9533,35.228863,4.429465,691.2,19.620160186225004,0.059000435725939215,450,10.534,35.228863,35.420234555431556,0.191371555431556,0.005432
15,1.446997,0.8874622624237425,7.9533,35.228863,4.429465,691.2,19.620160186225004,0.0737505191734323,450,10.534,35.228863,35.468715792143335,0.239852792143335,0.006808
18,1.736397,1.0649550828963703,7.9533,35.228863,4.429465,691.2,19.620160186225004,0.08850065358890882,450,10.534,35.228863,35.51745702027863,0.28859402027863,0.008191
24,2.315196,1.4199401105284937,7.9533,35.228863,4.429465,691.2,19.620160186225004,0.11800087145187843,450,10.534,35.228863,35.61572866421331,0.38686566421331,0.010981
21,2.025796,1.2424472900558658,7.9533,35.228863,4.429465,691.2,19.620160186225004,0.1032507370364019,450,10.534,35.228863,35.56646047760927,0.33759747760927,0.009582
27,2.604595,1.5974323176879894,7.9533,35.228863,4.429465,691.2,19.620160186225004,0.13275095489937153,450,10.534,35.228863,35.66526386550677,0.43640086550677,0.012387
30,2.893995,1.774925138160617,7.9533,35.228863,4.429465,691.2,19.620160186225004,0.14750108931484804,450,10.534,35.228863,35.715068398295486,0.486205398295486,0.013801
33,3.183394,1.9524173453201126,7.9533,35.228863,4.429465,691.2,19.620160186225004,0.1622511727623411,450,10.534,35.228863,35.765145454266474,0.536282454266474,0.015222
36,3.472794,2.1299101657927406,7.9533,35.228863,4.429465,691.2,19.620160186225004,0.17700130717781765,450,10.534,35.228863,35.81549598164725,0.58663298164725,0.016652
39,3.762193,2.307402372952236,7.9533,35.228863,4.429465,691.2,19.620160186225004,0.1917513906253107,450,10.534,35.228863,35.866123890422706,0.637260890422706,0.018089
42,4.051593,2.484895193424864,7.9533,35.228863,4.429465,691.2,19.620160186225004,0.20650152504078728,450,10.534,35.228863,35.91703132416326,0.68816832416326,0.019534
45,4.340993,2.662388013897492,7.9533,35.228863,4.429465,691.2,19.620160186225004,0.22125165945626382,450,10.534,35.228863,35.96822054483412,0.73935754483412,0.020987
0,0.0,0.0,9.0267,38.331258,4.246431,691.2,18.032176237761004,0.0,450,10.534,38.331258,38.33125800000002,2e-14,0.0
3,0.265976,0.177492137593065,9.0267,38.331258,4.246431,691.2,18.032176237761004,0.014750077666334153,450,10.534,38.331258,38.38290228396006,0.05164428396006,0.001347
6,0.531953,0.3549849425100149,9.0267,38.331258,4.246431,691.2,18.032176237761004,0.029500210789091694,450,10.534,38.331258,38.43481926995623,0.10356126995623,0.002701
9,0.797929,0.5324770801030799,9.0267,38.331258,4.246431,691.2,18.032176237761004,0.04425028845542585,450,10.534,38.331258,38.48701196256181,0.15575396256181,0.004063
12,1.063906,0.7099698850200298,9.0267,38.331258,4.246431,691.2,18.032176237761004,0.05900042157818339,450,10.534,38.331258,38.539482510284245,0.208224510284245,0.005432
18,1.595859,1.0649548275300444,9.0267,38.331258,4.246431,691.2,18.032176237761004,0.08850063236727507,450,10.534,38.331258,38.64526674865861,0.31400874865861,0.008191
15,1.329882,0.8874620226130948,9.0267,38.331258,4.246431,691.2,18.032176237761004,0.07375049924451754,450,10.534,38.331258,38.5922331089951,0.2609751089951,0.006808
24,2.127812,1.4199397700400596,9.0267,38.331258,4.246431,691.2,18.032176237761004,0.11800084315636677,450,10.534,38.331258,38.75219250938118,0.42093450938118,0.010981
21,1.861836,1.2424476324469944,9.0267,38.331258,4.246431,691.2,18.032176237761004,0.10325076549003262,450,10.534,38.331258,38.698585558523106,0.367327558523106,0.009582
27,2.393789,1.597432574957009,9.0267,38.331258,4.246431,691.2,18.032176237761004,0.1327509762791243,450,10.534,38.331258,38.80609002578845,0.47483202578845,0.012387
30,2.659765,1.7749247125500744,9.0267,38.331258,4.246431,691.2,18.032176237761004,0.14750105394545848,450,10.534,38.331258,38.8602805654644,0.5290225654644,0.013801
36,3.191719,2.129910322383974,9.0267,38.331258,4.246431,691.2,18.032176237761004,0.17700132019097353,450,10.534,38.331258,38.969552348424685,0.638294348424685,0.016652
33,2.925742,1.9524175174670242,9.0267,38.331258,4.246431,691.2,18.032176237761004,0.162251187068216,450,10.534,38.331258,38.91476694507413,0.58350894507413,0.015222
39,3.457695,2.3074024599770393,9.0267,38.331258,4.246431,691.2,18.032176237761004,0.19175139785730771,450,10.534,38.331258,39.02463865004056,0.69338065004056,0.018089
42,3.723672,2.484895264893989,9.0267,38.331258,4.246431,691.2,18.032176237761004,0.20650153098006524,450,10.534,38.331258,39.08002913369032,0.748771133690324,0.019534
45,3.989648,2.6623874024870537,9.0267,38.331258,4.246431,691.2,18.032176237761004,0.22125160864639937,450,10.534,38.331258,39.135725886137195,0.804467886137195,0.020987
0,0.0,0.0,10.1,41.312504,4.090347,691.2,16.730938580409003,0.0,450,10.534,41.312504,41.312504,0.0,0.0
3,0.246783,0.17749239400258987,10.1,41.312504,4.090347,691.2,16.730938580409003,0.014750098974660581,450,10.534,41.312504,41.368164904819565,0.055660904819565,0.001347
6,0.493566,0.35498478800517974,10.1,41.312504,4.090347,691.2,16.730938580409003,0.029500197949321162,450,10.534,41.312504,41.42411999031379,0.11161599031379,0.002701
12,0.987132,0.7099695760103595,10.1,41.312504,4.090347,691.2,16.730938580409003,0.059000395898642324,450,10.534,41.312504,41.536923122306256,0.224419122306256,0.005432
9,0.740349,0.5324771820077697,10.1,41.312504,4.090347,691.2,16.730938580409003,0.04425029692398175,450,10.534,41.312504,41.480371578078,0.167867578078,0.004063
15,1.233915,0.8874619700129495,10.1,41.312504,4.090347,691.2,16.730938580409003,0.07375049487330292,450,10.534,41.312504,41.59377665235281,0.28127265235281,0.006808
30,2.467831,1.7749246592504564,10.1,41.312504,4.090347,691.2,16.730938580409003,0.14750104951611576,450,10.534,41.312504,41.88267161205451,0.570167612054516,0.013801
24,1.974265,1.4199398712452767,10.1,41.312504,4.090347,691.2,16.730938580409003,0.1180008515667946,450,10.534,41.312504,41.766177165871404,0.453673165871404,0.010981
21,1.727482,1.2424474772426868,10.1,41.312504,4.090347,691.2,16.730938580409003,0.10325075259213402,450,10.534,41.312504,41.70840103556188,0.39589703556188,0.009582
18,1.480699,1.064955083240097,10.1,41.312504,4.090347,691.2,16.730938580409003,0.08850065361747345,450,10.534,41.312504,41.65093517534962,0.33843117534962,0.008191
27,2.221048,1.5974322652478665,10.1,41.312504,4.090347,691.2,16.730938580409003,0.1327509505414552,450,10.534,41.312504,41.82426632859772,0.51176232859772,0.012387
33,2.714615,1.952417772477604,10.1,41.312504,4.090347,691.2,16.730938580409003,0.1622512082602863,450,10.534,41.312504,41.94139615248545,0.62889215248545,0.015222
39,3.208181,2.307402560482784,10.1,41.312504,4.090347,691.2,16.730938580409003,0.19175140620960748,450,10.534,41.312504,42.0598128111578,0.7473088111578,0.018089
36,2.961398,2.129910166480194,10.1,41.312504,4.090347,691.2,16.730938580409003,0.1770013072349469,450,10.534,41.312504,42.00044223644057,0.68793823644057,0.016652
42,3.454964,2.4848949544853736,10.1,41.312504,4.090347,691.2,16.730938580409003,0.20650150518426805,450,10.534,41.312504,42.119511348228485,0.807007348228485,0.019534
45,3.701747,2.6623873484879637,10.1,41.312504,4.090347,691.2,16.730938580409003,0.22125160415892864,450,10.534,41.312504,42.17954048830118,0.86703648830118,0.020987
0,0.0,0.0,6.88,32.689652,4.751403,738.0,22.575830468409,0.0,450,10.534,32.689652,32.68965200000002,2e-14,0.0
3,0.332995,0.1774920028511456,6.88,32.689652,4.751403,738.0,22.575830468409,0.014750066468915479,450,10.534,32.689652,32.73369455174917,0.04404255174917,0.001347
6,0.665991,0.35498453871931207,6.88,32.689652,4.751403,738.0,22.575830468409,0.029500177232989953,450,10.534,32.689652,32.77797061702548,0.08831861702548,0.002701
9,0.998987,0.5324770745874785,6.88,32.689652,4.751403,738.0,22.575830468409,0.04425028799706442,450,10.534,32.689652,32.82248209801781,0.13283009801781,0.004063
12,1.331983,0.7099696104556449,6.88,32.689652,4.751403,738.0,22.575830468409,0.05900039876113889,450,10.534,32.689652,32.867229857136174,0.177577857136174,0.005432
15,1.664979,0.8874621463238114,6.88,32.689652,4.751403,738.0,22.575830468409,0.07375050952521336,450,10.534,32.689652,32.91221668424845,0.22256468424845,0.006808
18,1.997975,1.064954682191978,6.88,32.689652,4.751403,738.0,22.575830468409,0.08850062028928785,450,10.534,32.689652,32.95744487777987,0.26779287777987,0.008191
21,2.330971,1.2424472180601442,6.88,32.689652,4.751403,738.0,22.575830468409,0.10325073105336231,450,10.534,32.689652,33.00291625983881,0.31326425983881,0.009582
24,2.663967,1.4199397539283107,6.88,32.689652,4.751403,738.0,22.575830468409,0.11800084181743678,450,10.534,32.689652,33.048633280669286,0.358981280669286,0.010981
27,2.996963,1.5974322897964772,6.88,32.689652,4.751403,738.0,22.575830468409,0.13275095258151126,450,10.534,32.689652,33.094598030989765,0.404946030989765,0.012387
30,3.329959,1.7749248256646437,6.88,32.689652,4.751403,738.0,22.575830468409,0.14750106334558574,450,10.534,32.689652,33.14081292057992,0.45116092057992,0.013801
36,3.995951,2.1299098974009767,6.88,32.689652,4.751403,738.0,22.575830468409,0.17700128487373468,450,10.534,32.689652,33.23400182504145,0.54434982504145,0.016652
33,3.662955,1.95241736153281,6.88,32.689652,4.751403,738.0,22.575830468409,0.1622511741096602,450,10.534,32.689652,33.18728008277144,0.49762808277144,0.015222
42,4.661943,2.4848949691373092,6.88,32.689652,4.751403,738.0,22.575830468409,0.2065015064018836,450,10.534,32.689652,33.3282187036245,0.6385667036245,0.019534
45,4.994939,2.6623875050054755,6.88,32.689652,4.751403,738.0,22.575830468409,0.22125161716595806,450,10.534,32.689652,33.37571851469457,0.68606651469457,0.020987
0,0.0,0.0,7.9533,36.006656,4.52726,738.0,20.4960831076,0.0,450,10.534,36.006656,36.006656000000014,1.4e-14,0.0
39,4.328947,2.307402433269143,6.88,32.689652,4.751403,738.0,22.575830468409,0.19175139563780916,450,10.534,32.689652,33.2809806399833,0.5913286399833,0.018089
3,0.302319,0.1774922446261158,7.9533,36.006656,4.52726,738.0,20.4960831076,0.014750086561070751,450,10.534,36.006656,36.05516814084856,0.04851214084856,0.001347
12,1.209277,0.7099695656069762,7.9533,36.006656,4.52726,738.0,20.4960831076,0.059000395034092976,450,10.534,36.006656,36.2022527084205,0.1955967084205,0.005432
6,0.604638,0.3549844892522316,7.9533,36.006656,4.52726,738.0,20.4960831076,0.029500173122141503,450,10.534,36.006656,36.10393682606786,0.09728082606786,0.002701
9,0.906958,0.5324773209808604,7.9533,36.006656,4.52726,738.0,20.4960831076,0.04425030847302223,450,10.534,36.006656,36.15296420848261,0.14630820848261,0.004063
15,1.511597,0.887462397335605,7.9533,36.006656,4.52726,738.0,20.4960831076,0.0737505303849737,450,10.534,36.006656,36.25180443005513,0.24514843005513,0.006808
18,1.813916,1.0649546419617208,7.9533,36.006656,4.52726,738.0,20.4960831076,0.08850061694604446,450,10.534,36.006656,36.301621434081966,0.294965434081966,0.008191
21,2.116236,1.2424474736903495,7.9533,36.006656,4.52726,738.0,20.4960831076,0.10325075229692517,450,10.534,36.006656,36.35170725806623,0.34505125806623,0.009582
24,2.418555,1.4199397183164653,7.9533,36.006656,4.52726,738.0,20.4960831076,0.11800083885799592,450,10.534,36.006656,36.402062886427416,0.395406886427416,0.010981
27,2.720875,1.5974325500450939,7.9533,36.006656,4.52726,738.0,20.4960831076,0.13275097420887663,450,10.534,36.006656,36.45269185850526,0.44603585850526,0.012387
39,3.930153,2.307402702754583,7.9533,36.006656,4.52726,738.0,20.4960831076,0.1917514180327796,450,10.534,36.006656,36.65798644997289,0.65133044997289,0.018089
30,3.023194,1.77492479467121,7.9533,36.006656,4.52726,738.0,20.4960831076,0.1475010607699474,450,10.534,36.006656,36.50359589666456,0.496939896664564,0.013801
36,3.627833,2.1299098710259545,7.9533,36.006656,4.52726,738.0,20.4960831076,0.17700128268189885,450,10.534,36.006656,36.60624071545979,0.59958471545979,0.016652
33,3.325514,1.952417626399839,7.9533,36.006656,4.52726,738.0,20.4960831076,0.16225119612082814,450,10.534,36.006656,36.5547778882916,0.5481218882916,0.015222
42,4.232472,2.484894947380699,7.9533,36.006656,4.52726,738.0,20.4960831076,0.20650150459385033,450,10.534,36.006656,36.71001769211046,0.70336169211046,0.019534
45,4.534792,2.6623877791093284,7.9533,36.006656,4.52726,738.0,20.4960831076,0.2212516399447311,450,10.534,36.006656,36.762337425132166,0.755681425132166,0.020987
0,0.0,0.0,9.0267,39.177547,4.340185,738.0,18.837205834225,0.0,450,10.534,39.177547,39.177547,0.0,0.0
6,0.555701,0.3549845957748545,9.0267,39.177547,4.340185,738.0,18.837205834225,0.029500181974460155,450,10.534,39.177547,39.28339483583275,0.10584783583275,0.002701
3,0.27785,0.1774919784849106,9.0267,39.177547,4.340185,738.0,18.837205834225,0.014750064444015314,450,10.534,39.177547,39.23033130653558,0.05278430653558,0.001347
9,0.833552,0.5324772130647982,9.0267,39.177547,4.340185,738.0,18.837205834225,0.04425029950490499,450,10.534,39.177547,39.33673969318566,0.15919269318566,0.004063
12,1.111403,0.7099698303547421,9.0267,39.177547,4.340185,738.0,18.837205834225,0.059000417035349834,450,10.534,39.177547,39.39036831917337,0.21282131917337,0.005432
15,1.389254,0.8874624476446861,9.0267,39.177547,4.340185,738.0,18.837205834225,0.07375053456579468,450,10.534,39.177547,39.44428414323537,0.26673714323537,0.006808
18,1.667105,1.06495506493463,9.0267,39.177547,4.340185,738.0,18.837205834225,0.08850065209623953,450,10.534,39.177547,39.49848864326682,0.32094164326682,0.008191
21,1.944956,1.2424476822245736,9.0267,39.177547,4.340185,738.0,18.837205834225,0.10325076962668435,450,10.534,39.177547,39.55298481578049,0.37543781578049,0.009582
24,2.222806,1.4199396607094843,9.0267,39.177547,4.340185,738.0,18.837205834225,0.11800083407069967,450,10.534,39.177547,39.60777497435512,0.43022797435512,0.010981
27,2.500657,1.5974322779994279,9.0267,39.177547,4.340185,738.0,18.837205834225,0.1327509516011445,450,10.534,39.177547,39.66286246559585,0.48531546559585,0.012387
30,2.778508,1.7749248952893721,9.0267,39.177547,4.340185,738.0,18.837205834225,0.14750106913158936,450,10.534,39.177547,39.718249598924096,0.540702598924096,0.013801
39,3.612061,2.3074027471592036,9.0267,39.177547,4.340185,738.0,18.837205834225,0.1917514217229239,450,10.534,39.177547,39.88623638851508,0.70868938851508,0.018089
33,3.056359,1.952417512579316,9.0267,39.177547,4.340185,738.0,18.837205834225,0.1622511866620342,450,10.534,39.177547,39.77393911607858,0.59639211607858,0.015222
36,3.33421,2.12991012986926,9.0267,39.177547,4.340185,738.0,18.837205834225,0.17700130419247906,450,10.534,39.177547,39.82993375628913,0.65238675628913,0.016652
42,3.889912,2.484895364449147,9.0267,39.177547,4.340185,738.0,18.837205834225,0.2065015392533687,450,10.534,39.177547,39.94284978890194,0.76530278890194,0.019534
45,4.167762,2.662387342934058,9.0267,39.177547,4.340185,738.0,18.837205834225,0.22125160369738403,450,10.534,39.177547,39.99977664773826,0.82222964773826,0.020987
0,0.0,0.0,10.1,42.224615,4.180655,738.0,17.477876229024996,0.0,450,10.534,42.224615,42.224614999999986,-1.4e-14,0.0
3,0.2578,0.17749211568491008,10.1,42.224615,4.180655,738.0,17.477876229024996,0.014750075845707105,450,10.534,42.224615,42.281504723713226,0.056889723713226,0.001347
6,0.515601,0.3549849198574683,10.1,42.224615,4.180655,738.0,17.477876229024996,0.02950020890660368,450,10.534,42.224615,42.33869532688328,0.11408032688328,0.002701
9,0.773401,0.5324770355423785,10.1,42.224615,4.180655,738.0,17.477876229024996,0.04425028475231079,450,10.534,42.224615,42.39618890675485,0.17157390675485,0.004063
12,1.031202,0.7099698397149365,10.1,42.224615,4.180655,738.0,17.477876229024996,0.05900041781320736,450,10.534,42.224615,42.45398911436856,0.22937411436856,0.005432
15,1.289003,0.8874626438874949,10.1,42.224615,4.180655,738.0,17.477876229024996,0.07375055087410394,450,10.534,42.224615,42.51209790670842,0.28748290670842,0.006808
18,1.546803,1.064954759572405,10.1,42.224615,4.180655,738.0,17.477876229024996,0.08850062671981104,450,10.534,42.224615,42.570518418116905,0.345903418116905,0.008191
24,2.062404,1.419939679429873,10.1,42.224615,4.180655,738.0,17.477876229024996,0.11800083562641472,450,10.534,42.224615,42.688304478226286,0.463689478226286,0.010981
21,1.804604,1.2424475637449632,10.1,42.224615,4.180655,738.0,17.477876229024996,0.10325075978070763,450,10.534,42.224615,42.62925277500979,0.40463777500979,0.009582
27,2.320205,1.5974324836024316,10.1,42.224615,4.180655,738.0,17.477876229024996,0.13275096868731132,450,10.534,42.224615,42.747676474784555,0.523061474784555,0.012387
30,2.578006,1.7749252877749897,10.1,42.224615,4.180655,738.0,17.477876229024996,0.14750110174820788,450,10.534,42.224615,42.80737132376161,0.58275632376161,0.013801
33,2.835806,1.9524174034598998,10.1,42.224615,4.180655,738.0,17.477876229024996,0.162251177593915,450,10.534,42.224615,42.86739196102479,0.64277696102479,0.015222
36,3.093607,2.129910207632458,10.1,42.224615,4.180655,738.0,17.477876229024996,0.17700131065481156,450,10.534,42.224615,42.927741761578815,0.703126761578815,0.016652
42,3.609208,2.4848951274899265,10.1,42.224615,4.180655,738.0,17.477876229024996,0.20650151956141527,450,10.534,42.224615,43.04943982112673,0.82482482112673,0.019534
6,0.458527,0.3549848736111093,6.88,27.124289,3.942484,421.6,15.543180090256,0.029500205063405914,500,10.575,27.124289,27.197572293187747,0.073283293187747,0.002701
39,3.351407,2.307402323317368,10.1,42.224615,4.180655,738.0,17.477876229024996,0.19175138650051868,450,10.534,42.224615,42.98842312998294,0.76380812998294,0.018089
45,3.867009,2.6623879316624848,10.1,42.224615,4.180655,738.0,17.477876229024996,0.22125165262231183,450,10.534,42.224615,43.11079439443843,0.88617939443843,0.020987
3,0.229263,0.17749204971289312,6.88,27.124289,3.942484,421.6,15.543180090256,0.0147500703632537,500,10.575,27.124289,27.16083386516492,0.03654486516492,0.001347
0,0.0,0.0,6.88,27.124289,3.942484,421.6,15.543180090256,0.0,500,10.575,27.124289,27.124288999999987,-1.3e-14,0.0
9,0.68779,0.5324769233240024,6.88,27.124289,3.942484,421.6,15.543180090256,0.044250275426659616,500,10.575,27.124289,27.234505031502927,0.110216031502927,0.004063
12,0.917054,0.7099697472222186,6.88,27.124289,3.942484,421.6,15.543180090256,0.05900041012681183,500,10.575,27.124289,27.271635235393777,0.147346235393777,0.005432
15,1.146318,0.8874625711204346,6.88,27.124289,3.942484,421.6,15.543180090256,0.07375054482696403,500,10.575,27.124289,27.308962537947817,0.184673537947817,0.006808
18,1.375581,1.0649546208333278,6.88,27.124289,3.942484,421.6,15.543180090256,0.08850061519021774,500,10.575,27.124289,27.34649050193917,0.22220150193917,0.008191
21,1.604845,1.242447444731544,6.88,27.124289,3.942484,421.6,15.543180090256,0.10325074989036995,500,10.575,27.124289,27.384220516751625,0.259931516751622,0.009582
27,2.063372,1.5974323183426533,6.88,27.124289,3.942484,421.6,15.543180090256,0.13275095495377587,500,10.575,27.124289,27.460293658807117,0.336004658807117,0.012387
24,1.834109,1.4199402686297602,6.88,27.124289,3.942484,421.6,15.543180090256,0.11800088459052216,500,10.575,27.124289,27.42215434616669,0.29786534616669,0.010981
33,2.521899,1.9524171919537625,6.88,27.124289,3.942484,421.6,15.543180090256,0.16225116001718176,500,10.575,27.124289,27.537196643913617,0.412907643913614,0.015222
30,2.292636,1.7749251422408692,6.88,27.124289,3.942484,421.6,15.543180090256,0.14750108965392805,500,10.575,27.124289,27.49864057688411,0.374351576884114,0.013801
36,2.751163,2.1299100158519786,6.88,27.124289,3.942484,421.6,15.543180090256,0.17700129471733397,500,10.575,27.124289,27.575964191439496,0.451675191439496,0.016652
39,2.980427,2.307402839750195,6.88,27.124289,3.942484,421.6,15.543180090256,0.1917514294174862,500,10.575,27.124289,27.614944911086045,0.490655911086045,0.018089
42,3.20969,2.484894889463088,6.88,27.124289,3.942484,421.6,15.543180090256,0.2065014997807399,500,10.575,27.124289,27.654140707999755,0.529851707999755,0.019534
3,0.208143,0.17749205237916907,7.9533,29.876603,3.756504,421.6,14.111322302016001,0.014750070584828457,500,10.575,29.876603,29.916856082480887,0.040253082480887,0.001347
0,0.0,0.0,7.9533,29.876603,3.756504,421.6,14.111322302016001,0.0,500,10.575,29.876603,29.87660300000001,1e-14,0.0
9,0.62443,0.5324770098784227,7.9533,29.876603,3.756504,421.6,14.111322302016001,0.04425028261956652,500,10.575,29.876603,29.998002594018555,0.121399594018555,0.004063
6,0.416287,0.3549849574992537,7.9533,29.876603,3.756504,421.6,14.111322302016001,0.02950021203473806,500,10.575,29.876603,29.957322130391947,0.080719130391947,0.002701
45,3.438954,2.662387713361304,6.88,27.124289,3.942484,421.6,15.543180090256,0.2212516344808921,500,10.575,27.124289,27.693553715492737,0.569264715492737,0.020987
12,0.832574,0.7099699149985074,7.9533,29.876603,3.756504,421.6,14.111322302016001,0.05900042406947612,500,10.575,29.876603,30.03889978504245,0.162296785042446,0.005432
21,1.457004,1.2424469248769299,7.9533,29.876603,3.756504,421.6,14.111322302016001,0.10325070668904263,500,10.575,29.876603,30.162909816307923,0.286306816307923,0.009582
15,1.040717,0.8874619673776762,7.9533,29.876603,3.756504,421.6,14.111322302016001,0.07375049465430457,500,10.575,29.876603,30.080015269856823,0.203412269856823,0.006808
24,1.665148,1.4199398299970147,7.9533,29.876603,3.756504,421.6,14.111322302016001,0.11800084813895224,500,10.575,29.876603,30.20469281234182,0.32808981234182,0.010981
18,1.248861,1.0649548724977609,7.9533,29.876603,3.756504,421.6,14.111322302016001,0.08850063610421417,500,10.575,29.876603,30.121351436889015,0.244748436889018,0.008191
27,1.873292,1.5974327351170992,7.9533,29.876603,3.756504,421.6,14.111322302016001,0.13275098958886183,500,10.575,29.876603,30.24670229096607,0.37009929096607,0.012387
33,2.289579,1.9524176926163526,7.9533,29.876603,3.756504,421.6,14.111322302016001,0.16225120162359988,500,10.575,29.876603,30.331408665670217,0.454805665670214,0.015222
30,2.081435,1.7749247874962684,7.9533,29.876603,3.756504,421.6,14.111322302016001,0.1475010601736903,500,10.575,29.876603,30.28894011162211,0.412337111622114,0.013801
39,2.705866,2.3074026501156064,7.9533,29.876603,3.756504,421.6,14.111322302016001,0.19175141365833795,500,10.575,29.876603,30.417045991876684,0.540442991876684,0.018089
36,2.497722,2.1299097449955218,7.9533,29.876603,3.756504,421.6,14.111322302016001,0.17700127220842835,500,10.575,29.876603,30.374109765069797,0.497506765069797,0.016652
42,2.914009,2.4848947024947754,7.9533,29.876603,3.756504,421.6,14.111322302016001,0.20650148424316642,500,10.575,29.876603,30.460218918092743,0.583615918092743,0.019534
45,3.122153,2.66238760761486,7.9533,29.876603,3.756504,421.6,14.111322302016001,0.22125162569307602,500,10.575,29.876603,30.503631330589105,0.627028330589105,0.020987
0,0.0,0.0,9.0267,32.507656,3.601278,421.6,12.969203233284002,0.0,500,10.575,32.507656,32.507656,0.0,0.0
15,0.956485,0.8874618247442254,9.0267,32.507656,3.601278,421.6,12.969203233284002,0.07375048280107824,500,10.575,32.507656,32.728981533498306,0.221325533498306,0.006808
3,0.191297,0.17749236494884504,9.0267,32.507656,3.601278,421.6,12.969203233284002,0.014750096560215645,500,10.575,32.507656,32.551454151277156,0.043798151277156,0.001347
12,0.765188,0.7099694597953802,9.0267,32.507656,3.601278,421.6,12.969203233284002,0.05900038624086258,500,10.575,32.507656,32.684245161217916,0.176589161217916,0.005432
6,0.382594,0.3549847298976901,9.0267,32.507656,3.601278,421.6,12.969203233284002,0.02950019312043129,500,10.575,32.507656,32.595483407015784,0.087827407015784,0.002701
9,0.573891,0.5324770948465352,9.0267,32.507656,3.601278,421.6,12.969203233284002,0.04425028968064694,500,10.575,32.507656,32.639746532414755,0.132090532414755,0.004063
18,1.147783,1.0649551175297063,9.0267,32.507656,3.601278,421.6,12.969203233284002,0.08850065646703291,500,10.575,32.507656,32.77395795447577,0.26630195447577,0.008191
21,1.33908,1.2424474824785514,9.0267,32.507656,3.601278,421.6,12.969203233284002,0.10325075302724857,500,10.575,32.507656,32.81917619014383,0.31152019014383,0.009582
30,1.912971,1.7749245773250864,9.0267,32.507656,3.601278,421.6,12.969203233284002,0.1475010427078955,500,10.575,32.507656,32.956305028196056,0.448649028196056,0.013801
27,1.721674,1.5974322123762414,9.0267,32.507656,3.601278,421.6,12.969203233284002,0.13275094614767985,500,10.575,32.507656,32.910347551148114,0.402691551148114,0.012387
24,1.530377,1.4199398474273965,9.0267,32.507656,3.601278,421.6,12.969203233284002,0.11800084958746422,500,10.575,32.507656,32.864638671728585,0.356982671728585,0.010981
33,2.104269,1.9524178701105674,9.0267,32.507656,3.601278,421.6,12.969203233284002,0.16225121637385018,500,10.575,32.507656,33.00251379495345,0.49485779495345,0.015222
39,2.486863,2.307402600008258,9.0267,32.507656,3.601278,421.6,12.969203233284002,0.1917514094942815,500,10.575,32.507656,33.095692472903515,0.588036472903515,0.018089
36,2.295566,2.1299102350594126,9.0267,32.507656,3.601278,421.6,12.969203233284002,0.17700131293406582,500,10.575,32.507656,33.04897537037898,0.54131937037898,0.016652
42,2.67816,2.484894964957103,9.0267,32.507656,3.601278,421.6,12.969203233284002,0.20650150605449713,500,10.575,32.507656,33.14266749167577,0.63501149167577,0.019534
45,2.869457,2.6623873299059477,9.0267,32.507656,3.601278,421.6,12.969203233284002,0.22125160261471277,500,10.575,32.507656,33.18990271781482,0.68224671781482,0.020987
0,0.0,0.0,10.1,35.03594,3.468905,421.6,12.033301899025,0.0,500,10.575,35.03594,35.03593999999999,-1e-14,0.0
3,0.177492,0.177492,10.1,35.03594,3.468905,421.6,12.033301899025,0.014750066231977553,500,10.575,35.03594,35.083144345301385,0.047204345301385,0.001347
6,0.354985,0.354985,10.1,35.03594,3.468905,421.6,12.033301899025,0.029500215566665263,500,10.575,35.03594,35.13059841778905,0.09465841778905,0.002701
12,0.70997,0.70997,10.1,35.03594,3.468905,421.6,12.033301899025,0.059000431133330526,500,10.575,35.03594,35.22626337425374,0.19032337425374,0.005432
9,0.532477,0.532477,10.1,35.03594,3.468905,421.6,12.033301899025,0.044250281798642814,500,10.575,35.03594,35.17830395323753,0.14236395323753,0.004063
18,1.064955,1.064955,10.1,35.03594,3.468905,421.6,12.033301899025,0.0885006466999958,500,10.575,35.03594,35.32295330751319,0.28701330751319,0.008191
24,1.41994,1.41994,10.1,35.03594,3.468905,421.6,12.033301899025,0.11800086226666105,500,10.575,35.03594,35.42068710066062,0.38474710066062,0.010981
21,1.242447,1.242447,10.1,35.03594,3.468905,421.6,12.033301899025,0.10325071293197335,500,10.575,35.03594,35.37168837734286,0.33574837734286,0.009582
15,0.887462,0.8874619999999999,10.1,35.03594,3.468905,421.6,12.033301899025,0.07375049736530807,500,10.575,35.03594,35.27447921660677,0.23853921660677,0.006808
27,1.597432,1.5974320000000002,10.1,35.03594,3.468905,421.6,12.033301899025,0.13275092849863862,500,10.575,35.03594,35.46995082903745,0.43401082903745,0.012387
36,2.12991,2.12991,10.1,35.03594,3.468905,421.6,12.033301899025,0.1770012933999916,500,10.575,35.03594,35.61936026270318,0.58342026270318,0.016652
30,1.774925,1.774925,10.1,35.03594,3.468905,421.6,12.033301899025,0.14750107783332633,500,10.575,35.03594,35.519482895444405,0.483542895444405,0.013801
33,1.952417,1.952417,10.1,35.03594,3.468905,421.6,12.033301899025,0.1622511440653039,500,10.575,35.03594,35.569285128299825,0.533345128299825,0.015222
39,2.307402,2.307402,10.1,35.03594,3.468905,421.6,12.033301899025,0.19175135963196915,500,10.575,35.03594,35.66971092301385,0.63377092301385,0.018089
42,2.484895,2.484895,10.1,35.03594,3.468905,421.6,12.033301899025,0.20650150896665684,500,10.575,35.03594,35.720339585501826,0.684399585501826,0.019534
0,0.0,0.0,6.88,27.840773,4.046624,455.9,16.375165797376003,0.0,500,10.575,27.840773,27.84077300000001,1e-14,0.0
45,2.662387,2.662387,10.1,35.03594,3.468905,421.6,12.033301899025,0.2212515751986344,500,10.575,35.03594,35.77124828351826,0.73530828351826,0.020987
3,0.241535,0.17749216161504405,6.88,27.840773,4.046624,455.9,16.375165797376003,0.014750079662625716,500,10.575,27.840773,27.878283316364183,0.037510316364186,0.001347
6,0.483071,0.35498505808077896,6.88,27.840773,4.046624,455.9,16.375165797376003,0.029500220393335407,500,10.575,27.840773,27.915991846882857,0.075218846882857,0.002701
9,0.724606,0.5324772196958231,6.88,27.840773,4.046624,455.9,16.375165797376003,0.044250300055961124,500,10.575,27.840773,27.953900152444454,0.113127152444454,0.004063
12,0.966142,0.7099701161615579,6.88,27.840773,4.046624,455.9,16.375165797376003,0.05900044078667081,500,10.575,27.840773,27.99201088795025,0.15123788795025,0.005432
15,1.207677,0.887462277776602,6.88,27.840773,4.046624,455.9,16.375165797376003,0.07375052044929653,500,10.575,27.840773,28.03032442060563,0.189551420605634,0.006808
21,1.690748,1.2424473358573809,6.88,27.840773,4.046624,455.9,16.375165797376003,0.10325074084263193,500,10.575,27.840773,28.10757058574784,0.26679758574784,0.009582
24,1.932284,1.4199402323231158,6.88,27.840773,4.046624,455.9,16.375165797376003,0.11800088157334163,500,10.575,27.840773,28.14650646291218,0.30573346291218,0.010981
18,1.449213,1.064955174242337,6.88,27.840773,4.046624,455.9,16.375165797376003,0.08850066118000623,500,10.575,27.840773,28.06884398516752,0.22807098516752,0.008191
27,2.173819,1.5974323939381598,6.88,27.840773,4.046624,455.9,16.375165797376003,0.13275096123596733,500,10.575,27.840773,28.185653126923604,0.344880126923604,0.012387
30,2.415355,1.774925290403895,6.88,27.840773,4.046624,455.9,16.375165797376003,0.14750110196667704,500,10.575,27.840773,28.225012986665625,0.384239986665625,0.013801
33,2.65689,1.9524174520189392,6.88,27.840773,4.046624,455.9,16.375165797376003,0.16225118162930277,500,10.575,27.840773,28.26458758986872,0.42381458986872,0.015222
36,2.898426,2.129910348484674,6.88,27.840773,4.046624,455.9,16.375165797376003,0.17700132236001245,500,10.575,27.840773,28.304379156243268,0.463606156243268,0.016652
39,3.139961,2.3074025100997178,6.88,27.840773,4.046624,455.9,16.375165797376003,0.19175140202263816,500,10.575,27.840773,28.344389469210142,0.503616469210146,0.018089
42,3.381497,2.4848954065654527,6.88,27.840773,4.046624,455.9,16.375165797376003,0.20650154275334784,500,10.575,27.840773,28.384620672955045,0.543847672955045,0.019534
45,3.623032,2.6623875681804967,6.88,27.840773,4.046624,455.9,16.375165797376003,0.22125162241597354,500,10.575,27.840773,28.425074697726274,0.584301697726274,0.020987
0,0.0,0.0,7.9533,30.665793,3.855732,455.9,14.866669255824002,0.0,500,10.575,30.665793,30.665793000000004,4e-15,0.0
3,0.219285,0.17749252112365252,7.9533,30.665793,3.855732,455.9,14.866669255824002,0.014750109538765406,500,10.575,30.665793,30.707108810976152,0.041315810976152,0.001347
6,0.43857,0.35498504224730504,7.9533,30.665793,3.855732,455.9,14.866669255824002,0.029500219077530813,500,10.575,30.665793,30.748644367932663,0.082851367932666,0.002701
9,0.657855,0.5324775633709575,7.9533,30.665793,3.855732,455.9,14.866669255824002,0.044250328616296214,500,10.575,30.665793,30.790399336444228,0.124606336444228,0.004063
12,0.87714,0.7099700844946101,7.9533,30.665793,3.855732,455.9,14.866669255824002,0.059000438155061626,500,10.575,30.665793,30.832376935315096,0.166583935315096,0.005432
15,1.096425,0.8874626056182625,7.9533,30.665793,3.855732,455.9,14.866669255824002,0.07375054769382702,500,10.575,30.665793,30.874578420291257,0.208785420291254,0.006808
21,1.534995,1.2424476478655677,7.9533,30.665793,3.855732,455.9,14.866669255824002,0.10325076677135785,500,10.575,30.665793,30.95966272599644,0.293869725996438,0.009582
18,1.31571,1.064955126741915,7.9533,30.665793,3.855732,455.9,14.866669255824002,0.08850065723259243,500,10.575,30.665793,30.91700642647004,0.25121342647004,0.008191
24,1.75428,1.4199401689892202,7.9533,30.665793,3.855732,455.9,14.866669255824002,0.11800087631012325,500,10.575,30.665793,31.00254940866258,0.33675640866258,0.010981
27,1.973565,1.5974326901128726,7.9533,30.665793,3.855732,455.9,14.866669255824002,0.13275098584888864,500,10.575,30.665793,31.045668401880217,0.379875401880217,0.012387
33,2.412135,1.952417732360178,7.9533,30.665793,3.855732,455.9,14.866669255824002,0.16225120492641948,500,10.575,30.665793,31.13261225582537,0.46681925582537,0.015222
30,2.19285,1.774925211236525,7.9533,30.665793,3.855732,455.9,14.866669255824002,0.14750109538765405,500,10.575,30.665793,31.089022128644157,0.423229128644157,0.013801
42,3.06999,2.4848952957311354,7.9533,30.665793,3.855732,455.9,14.866669255824002,0.2065015335427157,500,10.575,30.665793,31.26482509888404,0.59903209888404,0.019534
45,3.289275,2.6623878168547876,7.9533,30.665793,3.855732,455.9,14.866669255824002,0.22125164308148107,500,10.575,30.665793,31.309384250440043,0.643591250440043,0.020987
39,2.850705,2.3074027746074828,7.9533,30.665793,3.855732,455.9,14.866669255824002,0.19175142400395026,500,10.575,30.665793,31.22051184365815,0.55471884365815,0.018089
36,2.63142,2.12991025348383,7.9533,30.665793,3.855732,455.9,14.866669255824002,0.17700131446518486,500,10.575,30.665793,31.176441677733,0.510648677733,0.016652
0,0.0,0.0,9.0267,33.366348,3.696406,455.9,13.663417316836,0.0,500,10.575,33.366348,33.36634800000001,1e-14,0.0
3,0.201536,0.17749172665125668,9.0267,33.366348,3.696406,455.9,13.663417316836,0.014750043515956162,500,10.575,33.366348,33.41130268148408,0.04495468148408,0.001347
9,0.60461,0.5324769413435629,9.0267,33.366348,3.696406,455.9,13.663417316836,0.04425027692413393,500,10.575,33.366348,33.50192779507087,0.13557979507087,0.004063
6,0.403073,0.35498433399740986,9.0267,33.366348,3.696406,455.9,13.663417316836,0.02950016022004505,500,10.575,33.366348,33.45649506605138,0.09014706605138,0.002701
15,1.007684,0.8874621560358692,9.0267,33.366348,3.696406,455.9,13.663417316836,0.0737505103323117,500,10.575,33.366348,33.59351975585263,0.22717175585263,0.006808
12,0.806147,0.7099695486897161,9.0267,33.366348,3.696406,455.9,13.663417316836,0.05900039362822281,500,10.575,33.366348,33.547602098189856,0.181254098189856,0.005432
18,1.209221,1.0649547633820224,9.0267,33.366348,3.696406,455.9,13.663417316836,0.08850062703640059,500,10.575,33.366348,33.63968447556639,0.27333647556639,0.008191
21,1.410758,1.2424473707281756,9.0267,33.366348,3.696406,455.9,13.663417316836,0.10325074374048947,500,10.575,33.366348,33.686096529244935,0.319748529244935,0.009582
27,1.813832,1.5974325854204818,9.0267,33.366348,3.696406,455.9,13.663417316836,0.13275097714866724,500,10.575,33.366348,33.77967642588567,0.41332842588567,0.012387
24,1.612295,1.4199399780743287,9.0267,33.366348,3.696406,455.9,13.663417316836,0.11800086044457835,500,10.575,33.366348,33.73276038181253,0.36641238181253,0.010981
33,2.216906,1.952417800112788,9.0267,33.366348,3.696406,455.9,13.663417316836,0.162251210556845,500,10.575,33.366348,33.87427696636631,0.50792896636631,0.015222
36,2.418443,2.129910407458941,9.0267,33.366348,3.696406,455.9,13.663417316836,0.17700132726093387,500,10.575,33.366348,33.921966315596194,0.555618315596194,0.016652
30,2.015369,1.7749251927666352,9.0267,33.366348,3.696406,455.9,13.663417316836,0.14750109385275614,500,10.575,33.366348,33.82684821673166,0.46050021673166,0.013801
39,2.619979,2.307402134110198,9.0267,33.366348,3.696406,455.9,13.663417316836,0.19175137077689003,500,10.575,33.366348,33.96991716766109,0.60356916766109,0.018089
0,0.0,0.0,10.1,35.961403,3.560535,455.9,12.677409486224999,0.0,500,10.575,35.961403,35.96140300000001,1e-14,0.0
42,2.821516,2.484894741456351,9.0267,33.366348,3.696406,455.9,13.663417316836,0.20650148748097893,500,10.575,33.366348,34.01813334602344,0.65178534602344,0.019534
6,0.373986,0.35498470321548564,10.1,35.961403,3.560535,455.9,12.677409486224999,0.029500190903067786,500,10.575,35.961403,36.05856163663094,0.09715863663094,0.002701
3,0.186993,0.17749235160774282,10.1,35.961403,3.560535,455.9,12.677409486224999,0.014750095451533893,500,10.575,35.961403,36.00985449552936,0.04845149552936,0.001347
45,3.023053,2.662387348802504,9.0267,33.366348,3.696406,455.9,13.663417316836,0.2212516041850678,500,10.575,33.366348,34.06661597901295,0.70026797901295,0.020987
9,0.560979,0.5324770548232285,10.1,35.961403,3.560535,455.9,12.677409486224999,0.04425028635460168,500,10.575,35.961403,36.10752759588873,0.14612459588873,0.004063
15,0.934965,0.8874617580387142,10.1,35.961403,3.560535,455.9,12.677409486224999,0.07375047725766948,500,10.575,35.961403,36.20624295898934,0.24483995898934,0.006808
12,0.747972,0.7099694064309713,10.1,35.961403,3.560535,455.9,12.677409486224999,0.05900038180613557,500,10.575,35.961403,36.156753587500155,0.195350587500155,0.005432
21,1.308952,1.2424474104466914,10.1,35.961403,3.560535,455.9,12.677409486224999,0.10325074704120578,500,10.575,35.961403,36.30602053710102,0.34461753710102,0.009582
18,1.121959,1.0649550588389487,10.1,35.961403,3.560535,455.9,12.677409486224999,0.0885006515896719,500,10.575,35.961403,36.25599774320075,0.29459474320075,0.008191
24,1.495945,1.4199397620544345,10.1,35.961403,3.560535,455.9,12.677409486224999,0.11800084249273969,500,10.575,35.961403,36.35631350001926,0.39491050001926,0.010981
27,1.682938,1.5974321136621774,10.1,35.961403,3.560535,455.9,12.677409486224999,0.1327509379442736,500,10.575,35.961403,36.4068781709374,0.4454751709374,0.012387
30,1.869931,1.77492446526992,10.1,35.961403,3.560535,455.9,12.677409486224999,0.14750103339580747,500,10.575,35.961403,36.45771841812162,0.49631541812162,0.013801
36,2.243918,2.1299101176778974,10.1,35.961403,3.560535,455.9,12.677409486224999,0.1770013031793438,500,10.575,35.961403,36.560234282719335,0.598831282719335,0.016652
33,2.056925,1.9524177660701547,10.1,35.961403,3.560535,455.9,12.677409486224999,0.1622512077278099,500,10.575,35.961403,36.50883599834961,0.54743299834961,0.015222
39,2.430911,2.3074024692856403,10.1,35.961403,3.560535,455.9,12.677409486224999,0.19175139863087767,500,10.575,35.961403,36.61191485538727,0.65051185538727,0.018089
42,2.617904,2.4848948208933828,10.1,35.961403,3.560535,455.9,12.677409486224999,0.20650149408241156,500,10.575,35.961403,36.66388098441135,0.70247798441135,0.019534
45,2.804897,2.6623871725011257,10.1,35.961403,3.560535,455.9,12.677409486224999,0.22125158953394547,500,10.575,35.961403,36.716134725280064,0.754731725280064,0.020987
3,0.281464,0.1774922417194698,6.88,30.05402,4.368317,573.5,19.082193412489,0.014750086319520593,500,10.575,30.05402,30.094512051530597,0.040492051530597,0.001347
12,1.125857,0.7099695974815862,6.88,30.05402,4.368317,573.5,19.082193412489,0.05900039768295945,500,10.575,30.05402,30.217280470069426,0.163260470069422,0.005432
9,0.844393,0.5324773557621162,6.88,30.05402,4.368317,573.5,19.082193412489,0.04425031136343885,500,10.575,30.05402,30.1761404610051,0.1221204610051,0.004063
0,0.0,0.0,6.88,30.05402,4.368317,573.5,19.082193412489,0.0,500,10.575,30.05402,30.054020000000005,5e-15,0.0
6,0.562928,0.3549844834389396,6.88,30.05402,4.368317,573.5,19.082193412489,0.029500172639041186,500,10.575,30.05402,30.135218247209473,0.081198247209473,0.002701
15,1.407322,0.8874624698047626,6.88,30.05402,4.368317,573.5,19.082193412489,0.0737505364073571,500,10.575,30.05402,30.25864033284001,0.20462033284001,0.006808
21,1.970251,1.2424475838474092,6.88,30.05402,4.368317,573.5,19.082193412489,0.10325076145127536,500,10.575,30.05402,30.342027157000583,0.288007157000583,0.009582
18,1.688786,1.0649547115242324,6.88,30.05402,4.368317,573.5,19.082193412489,0.0885006227268777,500,10.575,30.05402,30.30022181050607,0.24620181050607,0.008191
24,2.251715,1.4199398255668787,6.88,30.05402,4.368317,573.5,19.082193412489,0.11800084777079595,500,10.575,30.05402,30.384058129556493,0.330038129556493,0.010981
27,2.53318,1.5974326978900555,6.88,30.05402,4.368317,573.5,19.082193412489,0.13275098649519362,500,10.575,30.05402,30.426317064352865,0.372297064352865,0.012387
30,2.814644,1.7749249396095252,6.88,30.05402,4.368317,573.5,19.082193412489,0.1475010728147142,500,10.575,30.05402,30.468805731562615,0.414785731562615,0.013801
33,3.096109,1.9524178119327018,6.88,30.05402,4.368317,573.5,19.082193412489,0.16225121153911187,500,10.575,30.05402,30.511526447645338,0.457506447645334,0.015222
39,3.659038,2.307402925975348,6.88,30.05402,4.368317,573.5,19.082193412489,0.19175143658303012,500,10.575,30.05402,30.597672374306807,0.543652374306807,0.018089
36,3.377573,2.129910053652172,6.88,30.05402,4.368317,573.5,19.082193412489,0.17700129785863247,500,10.575,30.05402,30.554481230763898,0.500461230763898,0.016652
45,4.221966,2.662387409414288,6.88,30.05402,4.368317,573.5,19.082193412489,0.22125160922207132,500,10.575,30.05402,30.684771765771316,0.630751765771316,0.020987
42,3.940502,2.4848951676948183,6.88,30.05402,4.368317,573.5,19.082193412489,0.20650152290255072,500,10.575,30.05402,30.64110172529919,0.58708172529919,0.019534
0,0.0,0.0,7.9533,33.103591,4.162246,573.5,17.324291764515998,0.0,500,10.575,33.103591,33.10359100000002,2e-14,0.0
3,0.255535,0.17749238136623247,7.9533,33.103591,4.162246,573.5,17.324291764515998,0.014750097924545033,500,10.575,33.103591,33.14819196150493,0.04460096150493,0.001347
9,0.766605,0.5324771440986974,7.9533,33.103591,4.162246,573.5,17.324291764515998,0.044250293773635097,500,10.575,33.103591,33.23810306188398,0.13451206188398,0.004063
6,0.51107,0.35498476273246493,7.9533,33.103591,4.162246,573.5,17.324291764515998,0.029500195849090066,500,10.575,33.103591,33.193028632846136,0.089437632846136,0.002701
12,1.02214,0.7099695254649299,7.9533,33.103591,4.162246,573.5,17.324291764515998,0.05900039169818013,500,10.575,33.103591,33.28341744164942,0.17982644164942,0.005432
18,1.533211,1.0649549827886693,7.9533,33.103591,4.162246,573.5,17.324291764515998,0.08850064526968757,500,10.575,33.103591,33.3747748716788,0.2711838716788,0.008191
15,1.277676,0.8874626014224369,7.9533,33.103591,4.162246,573.5,17.324291764515998,0.07375054734514254,500,10.575,33.103591,33.32897411529091,0.22538311529091,0.006808
21,1.788746,1.2424473641549016,7.9533,33.103591,4.162246,573.5,17.324291764515998,0.1032507431942326,500,10.575,33.103591,33.42082210648589,0.31723110648589,0.009582
27,2.299816,1.5974321268873666,7.9533,33.103591,4.162246,573.5,17.324291764515998,0.13275093904332266,500,10.575,33.103591,33.51366479663589,0.41007379663589,0.012387
24,2.044281,1.419939745521134,7.9533,33.103591,4.162246,573.5,17.324291764515998,0.11800084111877762,500,10.575,33.103591,33.46711790607776,0.36352690607776,0.010981
30,2.555352,1.7749252028448739,7.9533,33.103591,4.162246,573.5,17.324291764515998,0.14750109469028508,500,10.575,33.103591,33.560464913168,0.456873913168,0.013801
33,2.810887,1.9524175842111064,7.9533,33.103591,4.162246,573.5,17.324291764515998,0.16225119261483012,500,10.575,33.103591,33.607520457588485,0.503929457588485,0.015222
36,3.066422,2.1299099655773386,7.9533,33.103591,4.162246,573.5,17.324291764515998,0.17700129053937513,500,10.575,33.103591,33.654833879391184,0.551242879391184,0.016652
39,3.321957,2.307402346943571,7.9533,33.103591,4.162246,573.5,17.324291764515998,0.19175138846392015,500,10.575,33.103591,33.702407463499924,0.598816463499924,0.018089
45,3.833028,2.6623878042673104,7.9533,33.103591,4.162246,573.5,17.324291764515998,0.2212516420354276,500,10.575,33.103591,33.79834498784846,0.69475398784846,0.020987
42,3.577493,2.484895422901078,7.9533,33.103591,4.162246,573.5,17.324291764515998,0.20650154411088256,500,10.575,33.103591,33.750243791872755,0.646652791872755,0.019534
3,0.234853,0.1774920767639532,9.0267,36.018861,3.990258,573.5,15.922158906563999,0.014750072611270105,500,10.575,36.018861,36.06738976930957,0.048528769309564,0.001347
0,0.0,0.0,9.0267,36.018861,3.990258,573.5,15.922158906563999,0.0,500,10.575,36.018861,36.01886100000001,1e-14,0.0
9,0.70456,0.5324769860500435,9.0267,36.018861,3.990258,573.5,15.922158906563999,0.04425028063936362,500,10.575,36.018861,36.16521892208642,0.14635792208642,0.004063
6,0.469707,0.3549849092860903,9.0267,36.018861,3.990258,573.5,15.922158906563999,0.029500208028093517,500,10.575,36.018861,36.11617473600505,0.09731373600505,0.002701
12,0.939414,0.7099698185721806,9.0267,36.018861,3.990258,573.5,15.922158906563999,0.059000416056187034,500,10.575,36.018861,36.21452388452135,0.19566288452135,0.005432
18,1.409121,1.064954727858271,9.0267,36.018861,3.990258,573.5,15.922158906563999,0.08850062408428057,500,10.575,36.018861,36.31392656947211,0.29506556947211,0.008191
21,1.643975,1.242447560380408,9.0267,36.018861,3.990258,573.5,15.922158906563999,0.10325075950110398,500,10.575,36.018861,36.364029028359575,0.345168028359575,0.009582
15,1.174267,0.8874618953361336,9.0267,36.018861,3.990258,573.5,15.922158906563999,0.07375048866745713,500,10.575,36.018861,36.26409223939058,0.24523123939058,0.006808
24,1.878828,1.419939637144361,9.0267,36.018861,3.990258,573.5,15.922158906563999,0.11800083211237407,500,10.575,36.018861,36.41440192731226,0.39554092731226,0.010981
27,2.113682,1.5974324696664983,9.0267,36.018861,3.990258,573.5,15.922158906563999,0.1327509675291975,500,10.575,36.018861,36.4650480339898,0.4461870339898,0.012387
30,2.348535,1.7749245464304517,9.0267,36.018861,3.990258,573.5,15.922158906563999,0.1475010401404676,500,10.575,36.018861,36.51596928226285,0.49710828226285,0.013801
33,2.583389,1.9524173789525887,9.0267,36.018861,3.990258,573.5,15.922158906563999,0.16225117555729102,500,10.575,36.018861,36.56716877083528,0.54830777083528,0.015222
39,3.053096,2.307402288238679,9.0267,36.018861,3.990258,573.5,15.922158906563999,0.19175138358538454,500,10.575,36.018861,36.67041198483667,0.651550984836676,0.018089
36,2.818243,2.1299102114747255,9.0267,36.018861,3.990258,573.5,15.922158906563999,0.17700131097411442,500,10.575,36.018861,36.61864911021316,0.59978811021316,0.016652
42,3.28795,2.484895120760816,9.0267,36.018861,3.990258,573.5,15.922158906563999,0.20650151900220795,500,10.575,36.018861,36.72246106945817,0.70360006945817,0.019534
45,3.522803,2.6623871975247693,9.0267,36.018861,3.990258,573.5,15.922158906563999,0.22125159161347804,500,10.575,36.018861,36.77479835923728,0.75593735923728,0.020987
3,0.217905,0.17749200797331247,10.1,38.820218,3.843586,573.5,14.773153339396002,0.014750066894581425,500,10.575,38.820218,38.87252027909179,0.05230227909179,0.001347
0,0.0,0.0,10.1,38.820218,3.843586,573.5,14.773153339396002,0.0,500,10.575,38.820218,38.82021799999998,-2e-14,0.0
6,0.435811,0.35498483048510715,10.1,38.820218,3.843586,573.5,14.773153339396002,0.029500201479518255,500,10.575,38.820218,38.92510065288515,0.104882652885156,0.002701
9,0.653716,0.5324768384584195,10.1,38.820218,3.843586,573.5,14.773153339396002,0.04425026837409968,500,10.575,38.820218,38.977958899357965,0.157740899357965,0.004063
15,1.089528,0.887462483482009,10.1,38.820218,3.843586,573.5,14.773153339396002,0.07375053754397334,500,10.575,38.820218,39.084522233614706,0.264304233614706,0.006808
12,0.871622,0.7099696609702143,10.1,38.820218,3.843586,573.5,14.773153339396002,0.05900040295903651,500,10.575,38.820218,39.03109854751916,0.21088054751916,0.005432
18,1.307433,1.0649544914553215,10.1,38.820218,3.843586,573.5,14.773153339396002,0.08850060443855477,500,10.575,38.820218,39.13823191162171,0.31801391162171,0.008191
21,1.525339,1.2424473139671162,10.1,38.820218,3.843586,573.5,14.773153339396002,0.1032507390234916,500,10.575,38.820218,39.19223112341731,0.37201312341731,0.009582
24,1.743245,1.4199401364789108,10.1,38.820218,3.843586,573.5,14.773153339396002,0.11800087360842842,500,10.575,38.820218,39.246522178545355,0.426304178545355,0.010981
30,2.179056,1.774924966964018,10.1,38.820218,3.843586,573.5,14.773153339396002,0.1475010750879467,500,10.575,38.820218,39.355989007108576,0.535771007108576,0.013801
27,1.96115,1.597432144452223,10.1,38.820218,3.843586,573.5,14.773153339396002,0.13275094050300984,500,10.575,38.820218,39.30110698975589,0.48088898975589,0.012387
33,2.396962,1.9524177894758126,10.1,38.820218,3.843586,573.5,14.773153339396002,0.1622512096728835,500,10.575,38.820218,39.4111706027554,0.5909526027554,0.015222
36,2.614867,2.129909797449125,10.1,38.820218,3.843586,573.5,14.773153339396002,0.17700127656746492,500,10.575,38.820218,39.466654552778735,0.646436552778735,0.016652
39,2.832773,2.3074026199609197,10.1,38.820218,3.843586,573.5,14.773153339396002,0.19175141115240177,500,10.575,38.820218,39.522443595685566,0.702225595685566,0.018089
42,3.050679,2.4848954424727148,10.1,38.820218,3.843586,573.5,14.773153339396002,0.20650154573733862,500,10.575,38.820218,39.57854063848195,0.75832263848195,0.019534
45,3.268584,2.662387450446027,10.1,38.820218,3.843586,573.5,14.773153339396002,0.22125161263192003,500,10.575,38.820218,39.634948365539024,0.814730365539024,0.020987
0,0.0,0.0,6.88,31.98351,4.648766,691.2,21.611025322756003,0.0,500,10.575,31.98351,31.983510000000013,1.3e-14,0.0
3,0.318765,0.1774925262710087,6.88,31.98351,4.648766,691.2,21.611025322756003,0.014750109966524655,500,10.575,31.98351,32.02660181352589,0.04309181352589,0.001347
6,0.63753,0.3549850525420174,6.88,31.98351,4.648766,691.2,21.611025322756003,0.02950021993304931,500,10.575,31.98351,32.06992149105918,0.08641149105918,0.002701
9,0.956295,0.532477578813026,6.88,31.98351,4.648766,691.2,21.611025322756003,0.04425032989957396,500,10.575,31.98351,32.11347083359007,0.12996083359007,0.004063
12,1.27506,0.7099701050840348,6.88,31.98351,4.648766,691.2,21.611025322756003,0.05900043986609862,500,10.575,31.98351,32.15725206324725,0.17374206324725,0.005432
15,1.593825,0.8874626313550436,6.88,31.98351,4.648766,691.2,21.611025322756003,0.07375054983262327,500,10.575,31.98351,32.20126720061892,0.21775720061892,0.006808
18,1.91259,1.064955157626052,6.88,31.98351,4.648766,691.2,21.611025322756003,0.08850065979914792,500,10.575,31.98351,32.245518151082486,0.262008151082486,0.008191
21,2.231355,1.242447683897061,6.88,31.98351,4.648766,691.2,21.611025322756003,0.10325076976567259,500,10.575,31.98351,32.29000742353685,0.30649742353685,0.009582
27,2.868885,1.5974327364390783,6.88,31.98351,4.648766,691.2,21.611025322756003,0.1327509896987219,500,10.575,31.98351,32.37970877448223,0.39619877448223,0.012387
24,2.55012,1.4199402101680696,6.88,31.98351,4.648766,691.2,21.611025322756003,0.11800087973219724,500,10.575,31.98351,32.3347368081812,0.3512268081812,0.010981
30,3.18765,1.774925262710087,6.88,31.98351,4.648766,691.2,21.611025322756003,0.14750109966524655,500,10.575,31.98351,32.42492524816122,0.44141524816122,0.013801
33,3.506415,1.9524177889810956,6.88,31.98351,4.648766,691.2,21.611025322756003,0.1622512096317712,500,10.575,31.98351,32.47038875427551,0.48687875427551,0.015222
39,4.143945,2.307402841523113,6.88,31.98351,4.648766,691.2,21.611025322756003,0.19175142956482052,500,10.575,31.98351,32.56206513180296,0.57855513180296,0.018089
36,3.82518,2.129910315252104,6.88,31.98351,4.648766,691.2,21.611025322756003,0.17700131959829585,500,10.575,31.98351,32.516101321336286,0.532591321336286,0.016652
0,0.0,0.0,7.9533,35.228863,4.429465,691.2,19.620160186225004,0.0,500,10.575,35.228863,35.22886300000002,2e-14,0.0
3,0.289399,0.17749220715949562,7.9533,35.228863,4.429465,691.2,19.620160186225004,0.014750083447493073,500,10.575,35.228863,35.27632729796137,0.04746429796137,0.001347
42,4.46271,2.484895367794122,6.88,31.98351,4.648766,691.2,21.611025322756003,0.20650153953134517,500,10.575,31.98351,32.60828284655827,0.62477284655827,0.019534
45,4.781475,2.6623878940651307,6.88,31.98351,4.648766,691.2,21.611025322756003,0.22125164949786982,500,10.575,31.98351,32.654756669949286,0.671246669949286,0.020987
6,0.578799,0.3549850276321234,7.9533,35.228863,4.429465,691.2,19.620160186225004,0.029500217862969608,500,10.575,35.228863,35.32404257689655,0.09517957689655,0.002701
9,0.868198,0.532477234791619,7.9533,35.228863,4.429465,691.2,19.620160186225004,0.04425030131046268,500,10.575,35.228863,35.372010871339825,0.143147871339825,0.004063
15,1.446997,0.8874622624237425,7.9533,35.228863,4.429465,691.2,19.620160186225004,0.0737505191734323,500,10.575,35.228863,35.468715792143335,0.239852792143335,0.006808
12,1.157598,0.7099700552642468,7.9533,35.228863,4.429465,691.2,19.620160186225004,0.059000435725939215,500,10.575,35.228863,35.420234555431556,0.191371555431556,0.005432
18,1.736397,1.0649550828963703,7.9533,35.228863,4.429465,691.2,19.620160186225004,0.08850065358890882,500,10.575,35.228863,35.51745702027863,0.28859402027863,0.008191
21,2.025796,1.2424472900558658,7.9533,35.228863,4.429465,691.2,19.620160186225004,0.1032507370364019,500,10.575,35.228863,35.56646047760927,0.33759747760927,0.009582
30,2.893995,1.774925138160617,7.9533,35.228863,4.429465,691.2,19.620160186225004,0.14750108931484804,500,10.575,35.228863,35.715068398295486,0.486205398295486,0.013801
24,2.315196,1.4199401105284937,7.9533,35.228863,4.429465,691.2,19.620160186225004,0.11800087145187843,500,10.575,35.228863,35.61572866421331,0.38686566421331,0.010981
27,2.604595,1.5974323176879894,7.9533,35.228863,4.429465,691.2,19.620160186225004,0.13275095489937153,500,10.575,35.228863,35.66526386550677,0.43640086550677,0.012387
33,3.183394,1.9524173453201126,7.9533,35.228863,4.429465,691.2,19.620160186225004,0.1622511727623411,500,10.575,35.228863,35.765145454266474,0.536282454266474,0.015222
36,3.472794,2.1299101657927406,7.9533,35.228863,4.429465,691.2,19.620160186225004,0.17700130717781765,500,10.575,35.228863,35.81549598164725,0.58663298164725,0.016652
42,4.051593,2.484895193424864,7.9533,35.228863,4.429465,691.2,19.620160186225004,0.20650152504078728,500,10.575,35.228863,35.91703132416326,0.68816832416326,0.019534
45,4.340993,2.662388013897492,7.9533,35.228863,4.429465,691.2,19.620160186225004,0.22125165945626382,500,10.575,35.228863,35.96822054483412,0.73935754483412,0.020987
39,3.762193,2.307402372952236,7.9533,35.228863,4.429465,691.2,19.620160186225004,0.1917513906253107,500,10.575,35.228863,35.866123890422706,0.637260890422706,0.018089
0,0.0,0.0,9.0267,38.331258,4.246431,691.2,18.032176237761004,0.0,500,10.575,38.331258,38.33125800000002,2e-14,0.0
3,0.265976,0.177492137593065,9.0267,38.331258,4.246431,691.2,18.032176237761004,0.014750077666334153,500,10.575,38.331258,38.38290228396006,0.05164428396006,0.001347
6,0.531953,0.3549849425100149,9.0267,38.331258,4.246431,691.2,18.032176237761004,0.029500210789091694,500,10.575,38.331258,38.43481926995623,0.10356126995623,0.002701
9,0.797929,0.5324770801030799,9.0267,38.331258,4.246431,691.2,18.032176237761004,0.04425028845542585,500,10.575,38.331258,38.48701196256181,0.15575396256181,0.004063
12,1.063906,0.7099698850200298,9.0267,38.331258,4.246431,691.2,18.032176237761004,0.05900042157818339,500,10.575,38.331258,38.539482510284245,0.208224510284245,0.005432
18,1.595859,1.0649548275300444,9.0267,38.331258,4.246431,691.2,18.032176237761004,0.08850063236727507,500,10.575,38.331258,38.64526674865861,0.31400874865861,0.008191
15,1.329882,0.8874620226130948,9.0267,38.331258,4.246431,691.2,18.032176237761004,0.07375049924451754,500,10.575,38.331258,38.5922331089951,0.2609751089951,0.006808
21,1.861836,1.2424476324469944,9.0267,38.331258,4.246431,691.2,18.032176237761004,0.10325076549003262,500,10.575,38.331258,38.698585558523106,0.367327558523106,0.009582
24,2.127812,1.4199397700400596,9.0267,38.331258,4.246431,691.2,18.032176237761004,0.11800084315636677,500,10.575,38.331258,38.75219250938118,0.42093450938118,0.010981
27,2.393789,1.597432574957009,9.0267,38.331258,4.246431,691.2,18.032176237761004,0.1327509762791243,500,10.575,38.331258,38.80609002578845,0.47483202578845,0.012387
33,2.925742,1.9524175174670242,9.0267,38.331258,4.246431,691.2,18.032176237761004,0.162251187068216,500,10.575,38.331258,38.91476694507413,0.58350894507413,0.015222
30,2.659765,1.7749247125500744,9.0267,38.331258,4.246431,691.2,18.032176237761004,0.14750105394545848,500,10.575,38.331258,38.8602805654644,0.5290225654644,0.013801
36,3.191719,2.129910322383974,9.0267,38.331258,4.246431,691.2,18.032176237761004,0.17700132019097353,500,10.575,38.331258,38.969552348424685,0.638294348424685,0.016652
39,3.457695,2.3074024599770393,9.0267,38.331258,4.246431,691.2,18.032176237761004,0.19175139785730771,500,10.575,38.331258,39.02463865004056,0.69338065004056,0.018089
42,3.723672,2.484895264893989,9.0267,38.331258,4.246431,691.2,18.032176237761004,0.20650153098006524,500,10.575,38.331258,39.08002913369032,0.748771133690324,0.019534
45,3.989648,2.6623874024870537,9.0267,38.331258,4.246431,691.2,18.032176237761004,0.22125160864639937,500,10.575,38.331258,39.135725886137195,0.804467886137195,0.020987
0,0.0,0.0,10.1,41.312504,4.090347,691.2,16.730938580409003,0.0,500,10.575,41.312504,41.312504,0.0,0.0
3,0.246783,0.17749239400258987,10.1,41.312504,4.090347,691.2,16.730938580409003,0.014750098974660581,500,10.575,41.312504,41.368164904819565,0.055660904819565,0.001347
6,0.493566,0.35498478800517974,10.1,41.312504,4.090347,691.2,16.730938580409003,0.029500197949321162,500,10.575,41.312504,41.42411999031379,0.11161599031379,0.002701
9,0.740349,0.5324771820077697,10.1,41.312504,4.090347,691.2,16.730938580409003,0.04425029692398175,500,10.575,41.312504,41.480371578078,0.167867578078,0.004063
12,0.987132,0.7099695760103595,10.1,41.312504,4.090347,691.2,16.730938580409003,0.059000395898642324,500,10.575,41.312504,41.536923122306256,0.224419122306256,0.005432
15,1.233915,0.8874619700129495,10.1,41.312504,4.090347,691.2,16.730938580409003,0.07375049487330292,500,10.575,41.312504,41.59377665235281,0.28127265235281,0.006808
18,1.480699,1.064955083240097,10.1,41.312504,4.090347,691.2,16.730938580409003,0.08850065361747345,500,10.575,41.312504,41.65093517534962,0.33843117534962,0.008191
21,1.727482,1.2424474772426868,10.1,41.312504,4.090347,691.2,16.730938580409003,0.10325075259213402,500,10.575,41.312504,41.70840103556188,0.39589703556188,0.009582
24,1.974265,1.4199398712452767,10.1,41.312504,4.090347,691.2,16.730938580409003,0.1180008515667946,500,10.575,41.312504,41.766177165871404,0.453673165871404,0.010981
27,2.221048,1.5974322652478665,10.1,41.312504,4.090347,691.2,16.730938580409003,0.1327509505414552,500,10.575,41.312504,41.82426632859772,0.51176232859772,0.012387
30,2.467831,1.7749246592504564,10.1,41.312504,4.090347,691.2,16.730938580409003,0.14750104951611576,500,10.575,41.312504,41.88267161205451,0.570167612054516,0.013801
33,2.714615,1.952417772477604,10.1,41.312504,4.090347,691.2,16.730938580409003,0.1622512082602863,500,10.575,41.312504,41.94139615248545,0.62889215248545,0.015222
42,3.454964,2.4848949544853736,10.1,41.312504,4.090347,691.2,16.730938580409003,0.20650150518426805,500,10.575,41.312504,42.119511348228485,0.807007348228485,0.019534
36,2.961398,2.129910166480194,10.1,41.312504,4.090347,691.2,16.730938580409003,0.1770013072349469,500,10.575,41.312504,42.00044223644057,0.68793823644057,0.016652
39,3.208181,2.307402560482784,10.1,41.312504,4.090347,691.2,16.730938580409003,0.19175140620960748,500,10.575,41.312504,42.0598128111578,0.7473088111578,0.018089
45,3.701747,2.6623873484879637,10.1,41.312504,4.090347,691.2,16.730938580409003,0.22125160415892864,500,10.575,41.312504,42.17954048830118,0.86703648830118,0.020987
0,0.0,0.0,6.88,32.689652,4.751403,738.0,22.575830468409,0.0,500,10.575,32.689652,32.68965200000002,2e-14,0.0
3,0.332995,0.1774920028511456,6.88,32.689652,4.751403,738.0,22.575830468409,0.014750066468915479,500,10.575,32.689652,32.73369455174917,0.04404255174917,0.001347
6,0.665991,0.35498453871931207,6.88,32.689652,4.751403,738.0,22.575830468409,0.029500177232989953,500,10.575,32.689652,32.77797061702548,0.08831861702548,0.002701
9,0.998987,0.5324770745874785,6.88,32.689652,4.751403,738.0,22.575830468409,0.04425028799706442,500,10.575,32.689652,32.82248209801781,0.13283009801781,0.004063
12,1.331983,0.7099696104556449,6.88,32.689652,4.751403,738.0,22.575830468409,0.05900039876113889,500,10.575,32.689652,32.867229857136174,0.177577857136174,0.005432
15,1.664979,0.8874621463238114,6.88,32.689652,4.751403,738.0,22.575830468409,0.07375050952521336,500,10.575,32.689652,32.91221668424845,0.22256468424845,0.006808
18,1.997975,1.064954682191978,6.88,32.689652,4.751403,738.0,22.575830468409,0.08850062028928785,500,10.575,32.689652,32.95744487777987,0.26779287777987,0.008191
21,2.330971,1.2424472180601442,6.88,32.689652,4.751403,738.0,22.575830468409,0.10325073105336231,500,10.575,32.689652,33.00291625983881,0.31326425983881,0.009582
30,3.329959,1.7749248256646437,6.88,32.689652,4.751403,738.0,22.575830468409,0.14750106334558574,500,10.575,32.689652,33.14081292057992,0.45116092057992,0.013801
24,2.663967,1.4199397539283107,6.88,32.689652,4.751403,738.0,22.575830468409,0.11800084181743678,500,10.575,32.689652,33.048633280669286,0.358981280669286,0.010981
27,2.996963,1.5974322897964772,6.88,32.689652,4.751403,738.0,22.575830468409,0.13275095258151126,500,10.575,32.689652,33.094598030989765,0.404946030989765,0.012387
33,3.662955,1.95241736153281,6.88,32.689652,4.751403,738.0,22.575830468409,0.1622511741096602,500,10.575,32.689652,33.18728008277144,0.49762808277144,0.015222
36,3.995951,2.1299098974009767,6.88,32.689652,4.751403,738.0,22.575830468409,0.17700128487373468,500,10.575,32.689652,33.23400182504145,0.54434982504145,0.016652
39,4.328947,2.307402433269143,6.88,32.689652,4.751403,738.0,22.575830468409,0.19175139563780916,500,10.575,32.689652,33.2809806399833,0.5913286399833,0.018089
42,4.661943,2.4848949691373092,6.88,32.689652,4.751403,738.0,22.575830468409,0.2065015064018836,500,10.575,32.689652,33.3282187036245,0.6385667036245,0.019534
0,0.0,0.0,7.9533,36.006656,4.52726,738.0,20.4960831076,0.0,500,10.575,36.006656,36.006656000000014,1.4e-14,0.0
45,4.994939,2.6623875050054755,6.88,32.689652,4.751403,738.0,22.575830468409,0.22125161716595806,500,10.575,32.689652,33.37571851469457,0.68606651469457,0.020987
3,0.302319,0.1774922446261158,7.9533,36.006656,4.52726,738.0,20.4960831076,0.014750086561070751,500,10.575,36.006656,36.05516814084856,0.04851214084856,0.001347
9,0.906958,0.5324773209808604,7.9533,36.006656,4.52726,738.0,20.4960831076,0.04425030847302223,500,10.575,36.006656,36.15296420848261,0.14630820848261,0.004063
6,0.604638,0.3549844892522316,7.9533,36.006656,4.52726,738.0,20.4960831076,0.029500173122141503,500,10.575,36.006656,36.10393682606786,0.09728082606786,0.002701
12,1.209277,0.7099695656069762,7.9533,36.006656,4.52726,738.0,20.4960831076,0.059000395034092976,500,10.575,36.006656,36.2022527084205,0.1955967084205,0.005432
15,1.511597,0.887462397335605,7.9533,36.006656,4.52726,738.0,20.4960831076,0.0737505303849737,500,10.575,36.006656,36.25180443005513,0.24514843005513,0.006808
18,1.813916,1.0649546419617208,7.9533,36.006656,4.52726,738.0,20.4960831076,0.08850061694604446,500,10.575,36.006656,36.301621434081966,0.294965434081966,0.008191
21,2.116236,1.2424474736903495,7.9533,36.006656,4.52726,738.0,20.4960831076,0.10325075229692517,500,10.575,36.006656,36.35170725806623,0.34505125806623,0.009582
24,2.418555,1.4199397183164653,7.9533,36.006656,4.52726,738.0,20.4960831076,0.11800083885799592,500,10.575,36.006656,36.402062886427416,0.395406886427416,0.010981
27,2.720875,1.5974325500450939,7.9533,36.006656,4.52726,738.0,20.4960831076,0.13275097420887663,500,10.575,36.006656,36.45269185850526,0.44603585850526,0.012387
30,3.023194,1.77492479467121,7.9533,36.006656,4.52726,738.0,20.4960831076,0.1475010607699474,500,10.575,36.006656,36.50359589666456,0.496939896664564,0.013801
33,3.325514,1.952417626399839,7.9533,36.006656,4.52726,738.0,20.4960831076,0.16225119612082814,500,10.575,36.006656,36.5547778882916,0.5481218882916,0.015222
36,3.627833,2.1299098710259545,7.9533,36.006656,4.52726,738.0,20.4960831076,0.17700128268189885,500,10.575,36.006656,36.60624071545979,0.59958471545979,0.016652
39,3.930153,2.307402702754583,7.9533,36.006656,4.52726,738.0,20.4960831076,0.1917514180327796,500,10.575,36.006656,36.65798644997289,0.65133044997289,0.018089
42,4.232472,2.484894947380699,7.9533,36.006656,4.52726,738.0,20.4960831076,0.20650150459385033,500,10.575,36.006656,36.71001769211046,0.70336169211046,0.019534
0,0.0,0.0,9.0267,39.177547,4.340185,738.0,18.837205834225,0.0,500,10.575,39.177547,39.177547,0.0,0.0
45,4.534792,2.6623877791093284,7.9533,36.006656,4.52726,738.0,20.4960831076,0.2212516399447311,500,10.575,36.006656,36.762337425132166,0.755681425132166,0.020987
3,0.27785,0.1774919784849106,9.0267,39.177547,4.340185,738.0,18.837205834225,0.014750064444015314,500,10.575,39.177547,39.23033130653558,0.05278430653558,0.001347
9,0.833552,0.5324772130647982,9.0267,39.177547,4.340185,738.0,18.837205834225,0.04425029950490499,500,10.575,39.177547,39.33673969318566,0.15919269318566,0.004063
6,0.555701,0.3549845957748545,9.0267,39.177547,4.340185,738.0,18.837205834225,0.029500181974460155,500,10.575,39.177547,39.28339483583275,0.10584783583275,0.002701
12,1.111403,0.7099698303547421,9.0267,39.177547,4.340185,738.0,18.837205834225,0.059000417035349834,500,10.575,39.177547,39.39036831917337,0.21282131917337,0.005432
15,1.389254,0.8874624476446861,9.0267,39.177547,4.340185,738.0,18.837205834225,0.07375053456579468,500,10.575,39.177547,39.44428414323537,0.26673714323537,0.006808
21,1.944956,1.2424476822245736,9.0267,39.177547,4.340185,738.0,18.837205834225,0.10325076962668435,500,10.575,39.177547,39.55298481578049,0.37543781578049,0.009582
18,1.667105,1.06495506493463,9.0267,39.177547,4.340185,738.0,18.837205834225,0.08850065209623953,500,10.575,39.177547,39.49848864326682,0.32094164326682,0.008191
24,2.222806,1.4199396607094843,9.0267,39.177547,4.340185,738.0,18.837205834225,0.11800083407069967,500,10.575,39.177547,39.60777497435512,0.43022797435512,0.010981
27,2.500657,1.5974322779994279,9.0267,39.177547,4.340185,738.0,18.837205834225,0.1327509516011445,500,10.575,39.177547,39.66286246559585,0.48531546559585,0.012387
30,2.778508,1.7749248952893721,9.0267,39.177547,4.340185,738.0,18.837205834225,0.14750106913158936,500,10.575,39.177547,39.718249598924096,0.540702598924096,0.013801
33,3.056359,1.952417512579316,9.0267,39.177547,4.340185,738.0,18.837205834225,0.1622511866620342,500,10.575,39.177547,39.77393911607858,0.59639211607858,0.015222
36,3.33421,2.12991012986926,9.0267,39.177547,4.340185,738.0,18.837205834225,0.17700130419247906,500,10.575,39.177547,39.82993375628913,0.65238675628913,0.016652
39,3.612061,2.3074027471592036,9.0267,39.177547,4.340185,738.0,18.837205834225,0.1917514217229239,500,10.575,39.177547,39.88623638851508,0.70868938851508,0.018089
42,3.889912,2.484895364449147,9.0267,39.177547,4.340185,738.0,18.837205834225,0.2065015392533687,500,10.575,39.177547,39.94284978890194,0.76530278890194,0.019534
45,4.167762,2.662387342934058,9.0267,39.177547,4.340185,738.0,18.837205834225,0.22125160369738403,500,10.575,39.177547,39.99977664773826,0.82222964773826,0.020987
0,0.0,0.0,10.1,42.224615,4.180655,738.0,17.477876229024996,0.0,500,10.575,42.224615,42.224614999999986,-1.4e-14,0.0
6,0.515601,0.3549849198574683,10.1,42.224615,4.180655,738.0,17.477876229024996,0.02950020890660368,500,10.575,42.224615,42.33869532688328,0.11408032688328,0.002701
9,0.773401,0.5324770355423785,10.1,42.224615,4.180655,738.0,17.477876229024996,0.04425028475231079,500,10.575,42.224615,42.39618890675485,0.17157390675485,0.004063
12,1.031202,0.7099698397149365,10.1,42.224615,4.180655,738.0,17.477876229024996,0.05900041781320736,500,10.575,42.224615,42.45398911436856,0.22937411436856,0.005432
15,1.289003,0.8874626438874949,10.1,42.224615,4.180655,738.0,17.477876229024996,0.07375055087410394,500,10.575,42.224615,42.51209790670842,0.28748290670842,0.006808
3,0.2578,0.17749211568491008,10.1,42.224615,4.180655,738.0,17.477876229024996,0.014750075845707105,500,10.575,42.224615,42.281504723713226,0.056889723713226,0.001347
18,1.546803,1.064954759572405,10.1,42.224615,4.180655,738.0,17.477876229024996,0.08850062671981104,500,10.575,42.224615,42.570518418116905,0.345903418116905,0.008191
21,1.804604,1.2424475637449632,10.1,42.224615,4.180655,738.0,17.477876229024996,0.10325075978070763,500,10.575,42.224615,42.62925277500979,0.40463777500979,0.009582
27,2.320205,1.5974324836024316,10.1,42.224615,4.180655,738.0,17.477876229024996,0.13275096868731132,500,10.575,42.224615,42.747676474784555,0.523061474784555,0.012387
24,2.062404,1.419939679429873,10.1,42.224615,4.180655,738.0,17.477876229024996,0.11800083562641472,500,10.575,42.224615,42.688304478226286,0.463689478226286,0.010981
33,2.835806,1.9524174034598998,10.1,42.224615,4.180655,738.0,17.477876229024996,0.162251177593915,500,10.575,42.224615,42.86739196102479,0.64277696102479,0.015222
30,2.578006,1.7749252877749897,10.1,42.224615,4.180655,738.0,17.477876229024996,0.14750110174820788,500,10.575,42.224615,42.80737132376161,0.58275632376161,0.013801
36,3.093607,2.129910207632458,10.1,42.224615,4.180655,738.0,17.477876229024996,0.17700131065481156,500,10.575,42.224615,42.927741761578815,0.703126761578815,0.016652
39,3.351407,2.307402323317368,10.1,42.224615,4.180655,738.0,17.477876229024996,0.19175138650051868,500,10.575,42.224615,42.98842312998294,0.76380812998294,0.018089
45,3.867009,2.6623879316624848,10.1,42.224615,4.180655,738.0,17.477876229024996,0.22125165262231183,500,10.575,42.224615,43.11079439443843,0.88617939443843,0.020987
42,3.609208,2.4848951274899265,10.1,42.224615,4.180655,738.0,17.477876229024996,0.20650151956141527,500,10.575,42.224615,43.04943982112673,0.82482482112673,0.019534
