Force_N,muscle_y_cm,muscle_x_cm,Volume_cm3,Am,Rho,Initial_Length_cm,Final_Length_cm,Elongation_cm,Strain,Completed_Date
0,32.69,3.591226,421.6,450,10.493,32.69,32.69000000000002,.00000000000002,0,Di 2. Dez 13:10:53 CET 2025
7,32.69,3.591226,421.6,450,10.493,32.69,34.48155663151954,1.79155663151954,.054804,Di 2. Dez 13:17:58 CET 2025
14,32.69,3.591226,421.6,450,10.493,32.69,36.71850594684114,4.02850594684114,.123233,Di 2. Dez 13:24:59 CET 2025
21,32.69,3.591226,421.6,450,10.493,32.69,39.596593280638906,6.906593280638906,.211275,Di 2. Dez 13:32:11 CET 2025
28,32.69,3.591226,421.6,450,10.493,32.69,43.35097483613126,10.66097483613126,.326123,Di 2. Dez 13:39:22 CET 2025
31,32.69,3.591226,421.6,450,10.493,32.69,45.24415780279165,12.55415780279165,.384036,Di 2. Dez 13:46:35 CET 2025
0,33.69,3.537527,421.6,450,10.493,33.69,33.69000000000002,.00000000000002,0,Di 2. Dez 13:53:47 CET 2025
7,33.69,3.537527,421.6,450,10.493,33.69,35.59924146862285,1.90924146862285,.056670,Di 2. Dez 14:01:09 CET 2025
14,33.69,3.537527,421.6,450,10.493,33.69,38.001779104693185,4.311779104693185,.127983,Di 2. Dez 14:08:20 CET 2025
21,33.69,3.537527,421.6,450,10.493,33.69,41.12205882963995,7.43205882963995,.220601,Di 2. Dez 14:15:33 CET 2025
28,33.69,3.537527,421.6,450,10.493,33.69,45.21820343432321,11.52820343432321,.342184,Di 2. Dez 14:22:46 CET 2025
31,33.69,3.537527,421.6,450,10.493,33.69,47.273235624176394,13.583235624176394,.403183,Di 2. Dez 14:30:02 CET 2025
0,34.69,3.486166,421.6,450,10.493,34.69,34.69000000000002,.00000000000002,0,Di 2. Dez 14:37:14 CET 2025
7,34.69,3.486166,421.6,450,10.493,34.69,36.72110134194243,2.03110134194243,.058550,Di 2. Dez 14:44:27 CET 2025
14,34.69,3.486166,421.6,450,10.493,34.69,39.29713729807142,4.60713729807142,.132808,Di 2. Dez 14:51:42 CET 2025
21,34.69,3.486166,421.6,450,10.493,34.69,42.67434213698959,7.98434213698959,.230162,Di 2. Dez 14:58:57 CET 2025
28,34.69,3.486166,421.6,450,10.493,34.69,47.131295728302035,12.441295728302035,.358642,Di 2. Dez 15:06:09 CET 2025
31,34.69,3.486166,421.6,450,10.493,34.69,49.35043861639255,14.66043861639255,.422612,Di 2. Dez 15:13:22 CET 2025
0,34.97,3.472182,421.6,450,10.493,34.97,34.97000000000002,.00000000000002,0,Di 2. Dez 15:20:34 CET 2025
7,34.97,3.472182,421.6,450,10.493,34.97,37.035975007954434,2.065975007954434,.059078,Di 2. Dez 15:27:47 CET 2025
14,34.97,3.472182,421.6,450,10.493,34.97,39.66203834714204,4.69203834714204,.134173,Di 2. Dez 15:35:01 CET 2025
21,34.97,3.472182,421.6,450,10.493,34.97,43.1139000148611,8.1439000148611,.232882,Di 2. Dez 15:42:13 CET 2025
28,34.97,3.472182,421.6,450,10.493,34.97,47.675178170014576,12.705178170014576,.363316,Di 2. Dez 15:49:28 CET 2025
31,34.97,3.472182,421.6,450,10.493,34.97,49.94036717149515,14.97036717149515,.428091,Di 2. Dez 15:56:38 CET 2025
0,32.69,3.734455,455.9,450,10.493,32.69,32.69000000000002,.00000000000002,0,Di 2. Dez 16:03:48 CET 2025
7,32.69,3.734455,455.9,450,10.493,32.69,34.33323611369103,1.64323611369103,.050267,Di 2. Dez 16:11:03 CET 2025
14,32.69,3.734455,455.9,450,10.493,32.69,36.34657972313776,3.65657972313776,.111856,Di 2. Dez 16:18:16 CET 2025
21,32.69,3.734455,455.9,450,10.493,32.69,38.87832385163323,6.18832385163323,.189303,Di 2. Dez 16:25:27 CET 2025
28,32.69,3.734455,455.9,450,10.493,32.69,42.119189291903965,9.429189291903965,.288442,Di 2. Dez 16:32:45 CET 2025
31,32.69,3.734455,455.9,450,10.493,32.69,43.75912887182053,11.06912887182053,.338609,Di 2. Dez 16:40:02 CET 2025
0,33.69,3.678614,455.9,450,10.493,33.69,33.69000000000002,.00000000000002,0,Di 2. Dez 16:47:16 CET 2025
6,32.69,3.591226,421.6,450,10.493,32.69,34.201994851433454,1.511994851433454,.046252,Di 2. Dez 22:32:17 CET 2025
12,32.69,3.591226,421.6,450,10.493,32.69,36.023923594325,3.333923594325,.101986,Di 2. Dez 22:32:17 CET 2025
3,32.69,3.591226,421.6,450,10.493,32.69,33.41284414603679,.72284414603679,.022112,Di 2. Dez 22:32:17 CET 2025
9,32.69,3.591226,421.6,450,10.493,32.69,35.068078836812674,2.378078836812674,.072746,Di 2. Dez 22:32:17 CET 2025
9,32.69,3.591226,421.6,450,10.493,32.69,35.068078836812674,2.378078836812674,.072746,Di 2. Dez 23:00:30 CET 2025
18,32.69,3.591226,421.6,450,10.493,32.69,38.26908409628068,5.57908409628068,.170666,Di 2. Dez 23:00:57 CET 2025
6,32.69,3.591226,421.6,450,10.493,32.69,34.201994851433454,1.511994851433454,.046252,Di 2. Dez 23:00:59 CET 2025
12,32.69,3.591226,421.6,450,10.493,32.69,36.023923594325,3.333923594325,.101986,Di 2. Dez 23:01:02 CET 2025
15,32.69,3.591226,421.6,450,10.493,32.69,37.084910867035,4.394910867035,.134442,Di 2. Dez 23:01:07 CET 2025
21,32.69,3.591226,421.6,450,10.493,32.69,39.596593280638906,6.906593280638906,.211275,Di 2. Dez 23:01:27 CET 2025
0,32.69,3.591226,421.6,450,10.493,32.69,32.69000000000002,.00000000000002,0,Di 2. Dez 23:01:29 CET 2025
3,32.69,3.591226,421.6,450,10.493,32.69,33.41284414603679,.72284414603679,.022112,Di 2. Dez 23:01:32 CET 2025
24,32.69,3.591226,421.6,450,10.493,32.69,41.08740061776442,8.39740061776442,.256879,Di 2. Dez 23:09:39 CET 2025
30,32.69,3.591226,421.6,450,10.493,32.69,44.59694205045441,11.90694205045441,.364238,Di 2. Dez 23:09:44 CET 2025
6,33.19,3.564073,421.6,450,10.493,33.19,34.75080141620945,1.56080141620945,.047026,Di 2. Dez 23:10:07 CET 2025
31,32.69,3.591226,421.6,450,10.493,32.69,45.24415780279165,12.55415780279165,.384036,Di 2. Dez 23:10:15 CET 2025
27,32.69,3.591226,421.6,450,10.493,32.69,42.75541683662154,10.06541683662154,.307905,Di 2. Dez 23:10:16 CET 2025
3,33.19,3.564073,421.6,450,10.493,33.19,33.93562312746083,.74562312746083,.022465,Di 2. Dez 23:10:32 CET 2025
0,33.19,3.564073,421.6,450,10.493,33.19,33.19000000000002,.00000000000002,0,Di 2. Dez 23:10:36 CET 2025
9,33.19,3.564073,421.6,450,10.493,33.19,35.6468781783736,2.4568781783736,.074024,Di 2. Dez 23:10:48 CET 2025
15,33.19,3.564073,421.6,450,10.493,33.19,37.73941141853495,4.54941141853495,.137071,Di 2. Dez 23:18:51 CET 2025
21,33.19,3.564073,421.6,450,10.493,33.19,40.35603057245489,7.16603057245489,.215909,Di 2. Dez 23:19:00 CET 2025
18,33.19,3.564073,421.6,450,10.493,33.19,38.97172228346876,5.78172228346876,.174200,Di 2. Dez 23:19:01 CET 2025
24,33.19,3.564073,421.6,450,10.493,33.19,41.913247532322,8.723247532322,.262827,Di 2. Dez 23:19:23 CET 2025
12,33.19,3.564073,421.6,450,10.493,33.19,36.63758208092976,3.44758208092976,.103874,Di 2. Dez 23:19:24 CET 2025
27,33.19,3.564073,421.6,450,10.493,33.19,43.656707250926054,10.466707250926054,.315357,Di 2. Dez 23:19:39 CET 2025
30,33.19,3.564073,421.6,450,10.493,33.19,45.578758013842865,12.388758013842865,.373267,Di 2. Dez 23:19:45 CET 2025
31,33.19,3.564073,421.6,450,10.493,33.19,46.25256329506157,13.06256329506157,.393569,Di 2. Dez 23:20:02 CET 2025
6,33.69,3.537527,421.6,450,10.493,33.69,35.30045602470259,1.61045602470259,.047802,Di 2. Dez 23:28:00 CET 2025
0,33.69,3.537527,421.6,450,10.493,33.69,33.69000000000002,.00000000000002,0,Di 2. Dez 23:28:06 CET 2025
3,33.69,3.537527,421.6,450,10.493,33.69,34.45877111950715,.76877111950715,.022818,Di 2. Dez 23:28:15 CET 2025
15,33.69,3.537527,421.6,450,10.493,33.69,38.39729102538152,4.70729102538152,.139723,Di 2. Dez 23:28:23 CET 2025
9,33.69,3.537527,421.6,450,10.493,33.69,36.22715214300188,2.53715214300188,.075308,Di 2. Dez 23:28:39 CET 2025
12,33.69,3.537527,421.6,450,10.493,33.69,37.25353984074873,3.56353984074873,.105774,Di 2. Dez 23:28:43 CET 2025
18,33.69,3.537527,421.6,450,10.493,33.69,39.679153962358,5.989153962358,.177772,Di 2. Dez 23:28:44 CET 2025
21,33.69,3.537527,421.6,450,10.493,33.69,41.12205882963995,7.43205882963995,.220601,Di 2. Dez 23:29:08 CET 2025
24,33.69,3.537527,421.6,450,10.493,33.69,42.747811119120854,9.057811119120854,.268857,Di 2. Dez 23:37:03 CET 2025
27,33.69,3.537527,421.6,450,10.493,33.69,44.56884272023122,10.87884272023122,.322910,Di 2. Dez 23:37:08 CET 2025
30,33.69,3.537527,421.6,450,10.493,33.69,46.57275317540846,12.88275317540846,.382391,Di 2. Dez 23:37:22 CET 2025
31,33.69,3.537527,421.6,450,10.493,33.69,47.273235624176394,13.583235624176394,.403183,Di 2. Dez 23:37:24 CET 2025
3,34.19,3.511565,421.6,450,10.493,34.19,34.98228918377104,.79228918377104,.023173,Di 2. Dez 23:37:34 CET 2025
0,34.19,3.511565,421.6,450,10.493,34.19,34.19000000000002,.00000000000002,0,Di 2. Dez 23:38:02 CET 2025
6,34.19,3.511565,421.6,450,10.493,34.19,35.85096248890048,1.66096248890048,.048580,Di 2. Dez 23:38:03 CET 2025
9,34.19,3.511565,421.6,450,10.493,34.19,36.80890873086133,2.61890873086133,.076598,Di 2. Dez 23:38:39 CET 2025
15,34.19,3.511565,421.6,450,10.493,34.19,39.058594832876466,4.868594832876466,.142398,Di 2. Dez 23:45:48 CET 2025
18,34.19,3.511565,421.6,450,10.493,34.19,40.39145611284741,6.20145611284741,.181382,Di 2. Dez 23:46:11 CET 2025
24,34.19,3.511565,421.6,450,10.493,34.19,43.591229039907645,9.401229039907645,.274970,Di 2. Dez 23:46:26 CET 2025
12,34.19,3.511565,421.6,450,10.493,34.19,37.87181376873841,3.68181376873841,.107686,Di 2. Dez 23:46:48 CET 2025
21,34.19,3.511565,421.6,450,10.493,34.19,41.89479138108182,7.70479138108182,.225352,Di 2. Dez 23:46:50 CET 2025
27,34.19,3.511565,421.6,450,10.493,34.19,45.49190996390992,11.30190996390992,.330561,Di 2. Dez 23:47:02 CET 2025
30,34.19,3.511565,421.6,450,10.493,34.19,47.57881874048392,13.38881874048392,.391600,Di 2. Dez 23:47:35 CET 2025
31,34.19,3.511565,421.6,450,10.493,34.19,48.30594743098487,14.11594743098487,.412867,Di 2. Dez 23:47:57 CET 2025
0,34.97,3.472182,421.6,450,10.493,34.97,34.97000000000002,.00000000000002,0,Di 2. Dez 23:54:48 CET 2025
3,34.97,3.472182,421.6,450,10.493,34.97,35.79971770458346,.82971770458346,.023726,Di 2. Dez 23:55:01 CET 2025
6,34.97,3.472182,421.6,450,10.493,34.97,36.711462386563745,1.741462386563745,.049798,Di 2. Dez 23:55:45 CET 2025
9,34.97,3.472182,421.6,450,10.493,34.97,37.71943816410425,2.74943816410425,.078622,Di 2. Dez 23:55:56 CET 2025
15,34.97,3.472182,421.6,450,10.493,34.97,40.09716443510588,5.12716443510588,.146616,Di 2. Dez 23:56:13 CET 2025
12,34.97,3.472182,421.6,450,10.493,34.97,38.84100641636147,3.87100641636147,.110695,Di 2. Dez 23:56:14 CET 2025
18,34.97,3.472182,421.6,450,10.493,34.97,41.51254205750275,6.54254205750275,.187090,Di 2. Dez 23:56:39 CET 2025
21,34.97,3.472182,421.6,450,10.493,34.97,43.1139000148611,8.1439000148611,.232882,Di 2. Dez 23:57:21 CET 2025
24,34.97,3.472182,421.6,450,10.493,34.97,44.9249410287091,9.9549410287091,.284670,Mi 3. Dez 00:03:50 CET 2025
27,34.97,3.472182,421.6,450,10.493,34.97,46.953875512565155,11.983875512565155,.342690,Mi 3. Dez 00:04:34 CET 2025
30,34.97,3.472182,421.6,450,10.493,34.97,49.17197306697435,14.20197306697435,.406118,Mi 3. Dez 00:04:37 CET 2025
31,34.97,3.472182,421.6,450,10.493,34.97,49.94036717149515,14.97036717149515,.428091,Mi 3. Dez 00:04:43 CET 2025
0,32.69,3.734455,455.9,450,10.493,32.69,32.69000000000002,.00000000000002,0,Mi 3. Dez 00:04:57 CET 2025
3,32.69,3.734455,455.9,450,10.493,32.69,33.35627358676717,.66627358676717,.020381,Mi 3. Dez 00:05:24 CET 2025
6,32.69,3.734455,455.9,450,10.493,32.69,34.078616889687055,1.388616889687055,.042478,Mi 3. Dez 00:06:07 CET 2025
9,32.69,3.734455,455.9,450,10.493,32.69,34.865249835902574,2.175249835902574,.066541,Mi 3. Dez 00:06:30 CET 2025
12,32.69,3.734455,455.9,450,10.493,32.69,35.72596380096918,3.03596380096918,.092871,Mi 3. Dez 00:12:32 CET 2025
18,32.69,3.734455,455.9,450,10.493,32.69,37.718023434979514,5.028023434979514,.153809,Mi 3. Dez 00:13:23 CET 2025
15,32.69,3.734455,455.9,450,10.493,32.69,36.67236430540367,3.98236430540367,.121822,Mi 3. Dez 00:13:41 CET 2025
24,32.69,3.734455,455.9,450,10.493,32.69,40.169538128743184,7.479538128743184,.228802,Mi 3. Dez 00:14:05 CET 2025
27,32.69,3.734455,455.9,450,10.493,32.69,41.60627489148091,8.91627489148091,.272752,Mi 3. Dez 00:14:13 CET 2025
21,32.69,3.734455,455.9,450,10.493,32.69,38.87832385163323,6.18832385163323,.189303,Mi 3. Dez 00:14:25 CET 2025
30,32.69,3.734455,455.9,450,10.493,32.69,43.19604229410232,10.50604229410232,.321383,Mi 3. Dez 00:15:28 CET 2025
31,32.69,3.734455,455.9,450,10.493,32.69,43.75912887182053,11.06912887182053,.338609,Mi 3. Dez 00:15:43 CET 2025
0,33.19,3.706219,455.9,450,10.493,33.19,33.19000000000002,.00000000000002,0,Mi 3. Dez 00:21:45 CET 2025
3,33.19,3.706219,455.9,450,10.493,33.19,33.87723363679204,.68723363679204,.020706,Mi 3. Dez 00:22:46 CET 2025
9,33.19,3.706219,455.9,450,10.493,33.19,35.4368898118781,2.2468898118781,.067697,Mi 3. Dez 00:22:53 CET 2025
15,33.19,3.706219,455.9,450,10.493,33.19,37.31071939345719,4.12071939345719,.124155,Mi 3. Dez 00:23:06 CET 2025
6,33.19,3.706219,455.9,450,10.493,33.19,34.62327221158863,1.43327221158863,.043183,Mi 3. Dez 00:23:24 CET 2025
12,33.19,3.706219,455.9,450,10.493,33.19,36.328557888882166,3.138557888882166,.094563,Mi 3. Dez 00:23:28 CET 2025
21,33.19,3.706219,455.9,450,10.493,33.19,39.606690730542155,6.416690730542155,.193332,Mi 3. Dez 00:24:31 CET 2025
18,33.19,3.706219,455.9,450,10.493,33.19,38.39793920676557,5.20793920676557,.156912,Mi 3. Dez 00:24:51 CET 2025
24,33.19,3.706219,455.9,450,10.493,33.19,40.95423909675093,7.76423909675093,.233933,Mi 3. Dez 00:30:58 CET 2025
27,33.19,3.706219,455.9,450,10.493,33.19,42.45559731554708,9.26559731554708,.279168,Mi 3. Dez 00:31:47 CET 2025
31,33.19,3.706219,455.9,450,10.493,33.19,44.70499353943254,11.51499353943254,.346941,Mi 3. Dez 00:32:02 CET 2025
30,33.19,3.706219,455.9,450,10.493,33.19,44.11705700554012,10.92705700554012,.329227,Mi 3. Dez 00:32:17 CET 2025
0,33.69,3.678614,455.9,450,10.493,33.69,33.69000000000002,.00000000000002,0,Mi 3. Dez 00:32:23 CET 2025
3,33.69,3.678614,455.9,450,10.493,33.69,34.39853130696341,.70853130696341,.021030,Mi 3. Dez 00:32:44 CET 2025
6,33.69,3.678614,455.9,450,10.493,33.69,35.16869733953556,1.47869733953556,.043891,Mi 3. Dez 00:33:35 CET 2025
9,33.69,3.678614,455.9,450,10.493,33.69,36.00984730916062,2.31984730916062,.068858,Mi 3. Dez 00:34:17 CET 2025
12,33.69,3.678614,455.9,450,10.493,33.69,36.93317675716592,3.24317675716592,.096265,Mi 3. Dez 00:40:35 CET 2025
18,33.69,3.678614,455.9,450,10.493,33.69,39.08196537429002,5.39196537429002,.160046,Mi 3. Dez 00:40:57 CET 2025
21,33.69,3.678614,455.9,450,10.493,33.69,40.34065970501619,6.65065970501619,.197407,Mi 3. Dez 00:41:17 CET 2025
15,33.69,3.678614,455.9,450,10.493,33.69,37.95201169971739,4.26201169971739,.126506,Mi 3. Dez 00:41:20 CET 2025
27,33.69,3.678614,455.9,450,10.493,33.69,43.31435014815861,9.62435014815861,.285673,Mi 3. Dez 00:41:50 CET 2025
24,33.69,3.678614,455.9,450,10.493,33.69,41.74635371185264,8.05635371185264,.239131,Mi 3. Dez 00:42:00 CET 2025
30,33.69,3.678614,455.9,450,10.493,33.69,45.04936216185647,11.35936216185647,.337173,Mi 3. Dez 00:42:32 CET 2025
31,33.69,3.678614,455.9,450,10.493,33.69,45.662625370959816,11.972625370959816,.355376,Mi 3. Dez 00:43:32 CET 2025
0,34.19,3.651617,455.9,450,10.493,34.19,34.19000000000002,.00000000000002,0,Mi 3. Dez 00:49:23 CET 2025
3,34.19,3.651617,455.9,450,10.493,34.19,34.920167892096025,.730167892096025,.021356,Mi 3. Dez 00:50:22 CET 2025
9,34.19,3.651617,455.9,450,10.493,34.19,36.584130108906784,2.394130108906784,.070024,Mi 3. Dez 00:50:27 CET 2025
6,34.19,3.651617,455.9,450,10.493,34.19,35.714891376452336,1.524891376452336,.044600,Mi 3. Dez 00:50:33 CET 2025
15,34.19,3.651617,455.9,450,10.493,34.19,38.59627461765906,4.40627461765906,.128876,Mi 3. Dez 00:50:40 CET 2025
12,34.19,3.651617,455.9,450,10.493,34.19,37.53983775064673,3.34983775064673,.097977,Mi 3. Dez 00:51:15 CET 2025
18,34.19,3.651617,455.9,450,10.493,34.19,39.77015921011052,5.58015921011052,.163210,Mi 3. Dez 00:52:01 CET 2025
21,34.19,3.651617,455.9,450,10.493,34.19,41.08030761390709,6.89030761390709,.201529,Mi 3. Dez 00:52:25 CET 2025
24,34.19,3.651617,455.9,450,10.493,34.19,42.546000814325545,8.356000814325545,.244398,Mi 3. Dez 00:59:04 CET 2025
30,34.19,3.651617,455.9,450,10.493,34.19,45.99300787282215,11.80300787282215,.345218,Mi 3. Dez 00:59:20 CET 2025
27,34.19,3.651617,455.9,450,10.493,34.19,44.18266473311598,9.99266473311598,.292268,Mi 3. Dez 00:59:27 CET 2025
0,34.97,3.610663,455.9,450,10.493,34.97,34.97000000000002,.00000000000002,0,Mi 3. Dez 00:59:30 CET 2025
31,34.19,3.651617,455.9,450,10.493,34.19,46.632002748841614,12.442002748841614,.363907,Mi 3. Dez 00:59:42 CET 2025
3,34.97,3.610663,455.9,450,10.493,34.97,35.734598704651624,.764598704651624,.021864,Mi 3. Dez 01:00:57 CET 2025
6,34.97,3.610663,455.9,450,10.493,34.97,36.5685014207346,1.5985014207346,.045710,Mi 3. Dez 01:01:14 CET 2025
9,34.97,3.610663,455.9,450,10.493,34.97,37.48267972469763,2.51267972469763,.071852,Mi 3. Dez 01:01:32 CET 2025
15,34.97,3.610663,455.9,450,10.493,34.97,39.607340872417446,4.637340872417446,.132609,Mi 3. Dez 01:08:07 CET 2025
12,34.97,3.610663,455.9,450,10.493,34.97,38.49035255954986,3.52035255954986,.100667,Mi 3. Dez 01:08:18 CET 2025
21,34.97,3.610663,455.9,450,10.493,34.97,42.245740924052264,7.275740924052264,.208056,Mi 3. Dez 01:08:33 CET 2025
18,34.97,3.610663,455.9,450,10.493,34.97,40.852208761486956,5.882208761486956,.168207,Mi 3. Dez 01:08:47 CET 2025
24,34.97,3.610663,455.9,450,10.493,34.97,43.80878179458354,8.83878179458354,.252753,Mi 3. Dez 01:08:55 CET 2025
27,34.97,3.610663,455.9,450,10.493,34.97,45.556623106588276,10.586623106588276,.302734,Mi 3. Dez 01:10:06 CET 2025
30,34.97,3.610663,455.9,450,10.493,34.97,47.487811110345774,12.517811110345774,.357958,Mi 3. Dez 01:10:35 CET 2025
31,34.97,3.610663,455.9,450,10.493,34.97,48.16760702636987,13.19760702636987,.377397,Mi 3. Dez 01:10:45 CET 2025
3,32.69,3.967981,514.7,450,10.493,32.69,33.27746100564386,.58746100564386,.017970,Mi 3. Dez 01:17:13 CET 2025
0,32.69,3.967981,514.7,450,10.493,32.69,32.69000000000002,.00000000000002,0,Mi 3. Dez 01:17:19 CET 2025
6,32.69,3.967981,514.7,450,10.493,32.69,33.9082264157782,1.2182264157782,.037266,Mi 3. Dez 01:17:26 CET 2025
9,32.69,3.967981,514.7,450,10.493,32.69,34.587836454151635,1.897836454151635,.058055,Mi 3. Dez 01:17:59 CET 2025
12,32.69,3.967981,514.7,450,10.493,32.69,35.32275918840989,2.63275918840989,.080537,Mi 3. Dez 01:18:01 CET 2025
15,32.69,3.967981,514.7,450,10.493,32.69,36.12053318584917,3.43053318584917,.104941,Mi 3. Dez 01:19:31 CET 2025
18,32.69,3.967981,514.7,450,10.493,32.69,36.98988173595087,4.29988173595087,.131535,Mi 3. Dez 01:19:38 CET 2025
21,32.69,3.967981,514.7,450,10.493,32.69,37.94074158820089,5.25074158820089,.160622,Mi 3. Dez 01:19:51 CET 2025
30,32.69,3.967981,514.7,450,10.493,32.69,41.39236423588382,8.70236423588382,.266208,Mi 3. Dez 01:26:17 CET 2025
27,32.69,3.967981,514.7,450,10.493,32.69,40.13122119931452,7.44122119931452,.227629,Mi 3. Dez 01:26:18 CET 2025
24,32.69,3.967981,514.7,450,10.493,32.69,38.98407537065695,6.29407537065695,.192538,Mi 3. Dez 01:26:32 CET 2025
31,32.69,3.967981,514.7,450,10.493,32.69,41.83932263551702,9.14932263551702,.279881,Mi 3. Dez 01:26:58 CET 2025
0,33.19,3.937979,514.7,450,10.493,33.19,33.19000000000002,.00000000000002,0,Mi 3. Dez 01:27:00 CET 2025
3,33.19,3.937979,514.7,450,10.493,33.19,33.795897490097495,.605897490097495,.018255,Mi 3. Dez 01:28:33 CET 2025
9,33.19,3.937979,514.7,450,10.493,33.19,35.149819097451825,1.959819097451825,.059048,Mi 3. Dez 01:29:26 CET 2025
6,33.19,3.937979,514.7,450,10.493,33.19,34.44720140668031,1.25720140668031,.037878,Mi 3. Dez 01:29:29 CET 2025
12,33.19,3.937979,514.7,450,10.493,33.19,35.910666608614925,2.720666608614925,.081972,Mi 3. Dez 01:35:06 CET 2025
15,33.19,3.937979,514.7,450,10.493,33.19,36.737818785030754,3.547818785030754,.106894,Mi 3. Dez 01:35:21 CET 2025
18,33.19,3.937979,514.7,450,10.493,33.19,37.64063492234073,4.45063492234073,.134095,Mi 3. Dez 01:35:31 CET 2025
24,33.19,3.937979,514.7,450,10.493,33.19,39.71697072587739,6.52697072587739,.196654,Mi 3. Dez 01:35:59 CET 2025
21,33.19,3.937979,514.7,450,10.493,33.19,38.62977680602185,5.43977680602185,.163898,Mi 3. Dez 01:36:21 CET 2025
27,33.19,3.937979,514.7,450,10.493,33.19,40.914227664470445,7.724227664470445,.232727,Mi 3. Dez 01:37:39 CET 2025
30,33.19,3.937979,514.7,450,10.493,33.19,42.232003976698216,9.042003976698216,.272431,Mi 3. Dez 01:38:26 CET 2025
31,33.19,3.937979,514.7,450,10.493,33.19,42.69920810082054,9.50920810082054,.286508,Mi 3. Dez 01:39:17 CET 2025
3,33.69,3.908648,514.7,450,10.493,33.69,34.31462885269675,.62462885269675,.018540,Mi 3. Dez 01:44:15 CET 2025
0,33.69,3.908648,514.7,450,10.493,33.69,33.69000000000002,.00000000000002,0,Mi 3. Dez 01:44:28 CET 2025
9,33.69,3.908648,514.7,450,10.493,33.69,35.712914593789264,2.022914593789264,.060044,Mi 3. Dez 01:45:00 CET 2025
6,33.69,3.908648,514.7,450,10.493,33.69,34.98683499258811,1.29683499258811,.038493,Mi 3. Dez 01:45:04 CET 2025
12,33.69,3.908648,514.7,450,10.493,33.69,36.5002522528832,2.8102522528832,.083415,Mi 3. Dez 01:45:37 CET 2025
15,33.69,3.908648,514.7,450,10.493,33.69,37.357490998894335,3.667490998894335,.108859,Mi 3. Dez 01:46:40 CET 2025
18,33.69,3.908648,514.7,450,10.493,33.69,38.29466187775515,4.60466187775515,.136677,Mi 3. Dez 01:47:55 CET 2025
21,33.69,3.908648,514.7,450,10.493,33.69,39.323191594231446,5.633191594231446,.167206,Mi 3. Dez 01:48:22 CET 2025
24,33.69,3.908648,514.7,450,10.493,33.69,40.45560650229378,6.76560650229378,.200819,Mi 3. Dez 01:53:26 CET 2025
27,33.69,3.908648,514.7,450,10.493,33.69,41.70458517143242,8.01458517143242,.237892,Mi 3. Dez 01:53:50 CET 2025
30,33.69,3.908648,514.7,450,10.493,33.69,43.08077280723532,9.39077280723532,.278740,Mi 3. Dez 01:54:18 CET 2025
31,33.69,3.908648,514.7,450,10.493,33.69,43.568830020636106,9.878830020636106,.293227,Mi 3. Dez 01:54:25 CET 2025
0,34.19,3.879962,514.7,450,10.493,34.19,34.19000000000002,.00000000000002,0,Mi 3. Dez 01:54:46 CET 2025
3,34.19,3.879962,514.7,450,10.493,34.19,34.833655934048075,.643655934048075,.018825,Mi 3. Dez 01:55:52 CET 2025
6,34.19,3.879962,514.7,450,10.493,34.19,35.52713238541651,1.33713238541651,.039108,Mi 3. Dez 01:57:13 CET 2025
9,34.19,3.879962,514.7,450,10.493,34.19,36.277130465761545,2.087130465761545,.061045,Mi 3. Dez 01:57:15 CET 2025
12,34.19,3.879962,514.7,450,10.493,34.19,37.09153152041434,2.90153152041434,.084864,Mi 3. Dez 02:02:44 CET 2025
15,34.19,3.879962,514.7,450,10.493,34.19,37.979576880234234,3.789576880234234,.110838,Mi 3. Dez 02:02:48 CET 2025
21,34.19,3.879962,514.7,450,10.493,34.19,40.02105570213772,5.83105570213772,.170548,Mi 3. Dez 02:03:43 CET 2025
18,34.19,3.879962,514.7,450,10.493,34.19,38.95200751033283,4.76200751033283,.139280,Mi 3. Dez 02:03:47 CET 2025
24,34.19,3.879962,514.7,450,10.493,34.19,41.20007940015662,7.01007940015662,.205033,Mi 3. Dez 02:04:05 CET 2025
27,34.19,3.879962,514.7,450,10.493,34.19,42.5024274354118,8.3124274354118,.243124,Mi 3. Dez 02:04:49 CET 2025
30,34.19,3.879962,514.7,450,10.493,34.19,43.9388301860075,9.7488301860075,.285136,Mi 3. Dez 02:06:07 CET 2025
31,34.19,3.879962,514.7,450,10.493,34.19,44.44833714866715,10.25833714866715,.300039,Mi 3. Dez 02:06:36 CET 2025
0,34.97,3.836447,514.7,450,10.493,34.97,34.97000000000002,.00000000000002,0,Mi 3. Dez 02:11:45 CET 2025
3,34.97,3.836447,514.7,450,10.493,34.97,35.643929889400596,.673929889400596,.019271,Mi 3. Dez 02:11:57 CET 2025
6,34.97,3.836447,514.7,450,10.493,34.97,36.371323308728364,1.401323308728364,.040072,Mi 3. Dez 02:13:04 CET 2025
9,34.97,3.836447,514.7,450,10.493,34.97,37.15955653545767,2.18955653545767,.062612,Mi 3. Dez 02:13:15 CET 2025
12,34.97,3.836447,514.7,450,10.493,34.97,38.01733573916035,3.04733573916035,.087141,Mi 3. Dez 02:13:21 CET 2025
15,34.97,3.836447,514.7,450,10.493,34.97,38.954902491840464,3.984902491840464,.113952,Mi 3. Dez 02:13:57 CET 2025
18,34.97,3.836447,514.7,450,10.493,34.97,39.98418392886524,5.01418392886524,.143385,Mi 3. Dez 02:15:10 CET 2025
21,34.97,3.836447,514.7,450,10.493,34.97,41.11875452914999,6.14875452914999,.175829,Mi 3. Dez 02:16:07 CET 2025
24,34.97,3.836447,514.7,450,10.493,34.97,42.373331822117436,7.403331822117436,.211705,Mi 3. Dez 02:20:40 CET 2025
27,34.97,3.836447,514.7,450,10.493,34.97,43.76226578722762,8.79226578722762,.251423,Mi 3. Dez 02:20:54 CET 2025
0,32.69,4.188507,573.5,450,10.493,32.69,32.69000000000002,.00000000000002,0,Mi 3. Dez 02:22:29 CET 2025
30,34.97,3.836447,514.7,450,10.493,34.97,45.296204876820546,10.326204876820546,.295287,Mi 3. Dez 02:22:33 CET 2025
31,34.97,3.836447,514.7,450,10.493,34.97,45.84031122345258,10.87031122345258,.310846,Mi 3. Dez 02:22:43 CET 2025
3,32.69,4.188507,573.5,450,10.493,32.69,33.21532348479839,.52532348479839,.016069,Mi 3. Dez 02:23:10 CET 2025
6,32.69,4.188507,573.5,450,10.493,32.69,33.775096968345956,1.085096968345956,.033193,Mi 3. Dez 02:24:39 CET 2025
9,32.69,4.188507,573.5,450,10.493,32.69,34.37322809711252,1.68322809711252,.051490,Mi 3. Dez 02:25:15 CET 2025
12,32.69,4.188507,573.5,450,10.493,32.69,35.01420898151421,2.32420898151421,.071098,Mi 3. Dez 02:29:47 CET 2025
15,32.69,4.188507,573.5,450,10.493,32.69,35.70319768156659,3.01319768156659,.092174,Mi 3. Dez 02:30:08 CET 2025
21,32.69,4.188507,573.5,450,10.493,32.69,37.249581651083155,4.559581651083155,.139479,Mi 3. Dez 02:31:41 CET 2025
18,32.69,4.188507,573.5,450,10.493,32.69,36.44609282226196,3.75609282226196,.114900,Mi 3. Dez 02:31:51 CET 2025
24,32.69,4.188507,573.5,450,10.493,32.69,38.121156726405324,5.431156726405324,.166141,Mi 3. Dez 02:32:04 CET 2025
27,32.69,4.188507,573.5,450,10.493,32.69,39.06884223880154,6.37884223880154,.195131,Mi 3. Dez 02:32:12 CET 2025
30,32.69,4.188507,573.5,450,10.493,32.69,40.10084848895824,7.41084848895824,.226700,Mi 3. Dez 02:33:52 CET 2025
31,32.69,4.188507,573.5,450,10.493,32.69,40.46491508234671,7.77491508234671,.237837,Mi 3. Dez 02:34:33 CET 2025
3,33.19,4.156837,573.5,450,10.493,33.19,33.73177852695116,.54177852695116,.016323,Mi 3. Dez 02:39:03 CET 2025
0,33.19,4.156837,573.5,450,10.493,33.19,33.19000000000002,.00000000000002,0,Mi 3. Dez 02:39:06 CET 2025
6,33.19,4.156837,573.5,450,10.493,33.19,34.30967188480038,1.11967188480038,.033735,Mi 3. Dez 02:40:46 CET 2025
9,33.19,4.156837,573.5,450,10.493,33.19,34.92784625627775,1.73784625627775,.052360,Mi 3. Dez 02:41:07 CET 2025
12,33.19,4.156837,573.5,450,10.493,33.19,35.59110007607099,2.40110007607099,.072344,Mi 3. Dez 02:41:20 CET 2025
15,33.19,4.156837,573.5,450,10.493,33.19,36.304955171627356,3.114955171627356,.093852,Mi 3. Dez 02:41:22 CET 2025
18,33.19,4.156837,573.5,450,10.493,33.19,37.07573923210509,3.88573923210509,.117075,Mi 3. Dez 02:43:05 CET 2025
21,33.19,4.156837,573.5,450,10.493,33.19,37.91063502819165,4.72063502819165,.142230,Mi 3. Dez 02:44:11 CET 2025
24,33.19,4.156837,573.5,450,10.493,33.19,38.81764557679702,5.62764557679702,.169558,Mi 3. Dez 02:48:03 CET 2025
27,33.19,4.156837,573.5,450,10.493,33.19,39.80538290385009,6.61538290385009,.199318,Mi 3. Dez 02:48:32 CET 2025
30,33.19,4.156837,573.5,450,10.493,33.19,40.88251135623427,7.69251135623427,.231771,Mi 3. Dez 02:49:56 CET 2025
31,33.19,4.156837,573.5,450,10.493,33.19,41.26279314328826,8.07279314328826,.243229,Mi 3. Dez 02:50:02 CET 2025
0,33.69,4.125876,573.5,450,10.493,33.69,33.69000000000002,.00000000000002,0,Mi 3. Dez 02:50:30 CET 2025
3,33.69,4.125876,573.5,450,10.493,33.69,34.24849538761763,.55849538761763,.016577,Mi 3. Dez 02:50:45 CET 2025
6,33.69,4.125876,573.5,450,10.493,33.69,34.844825014823584,1.154825014823584,.034277,Mi 3. Dez 02:52:31 CET 2025
9,33.69,4.125876,573.5,450,10.493,33.69,35.483426426337104,1.793426426337104,.053233,Mi 3. Dez 02:53:03 CET 2025
12,33.69,4.125876,573.5,450,10.493,33.69,36.169421244280855,2.479421244280855,.073595,Mi 3. Dez 02:57:01 CET 2025
15,33.69,4.125876,573.5,450,10.493,33.69,36.90871518933349,3.21871518933349,.095539,Mi 3. Dez 02:57:39 CET 2025
18,33.69,4.125876,573.5,450,10.493,33.69,37.70808682213626,4.01808682213626,.119266,Mi 3. Dez 02:58:48 CET 2025
21,33.69,4.125876,573.5,450,10.493,33.69,38.57523586647691,4.88523586647691,.145005,Mi 3. Dez 02:59:13 CET 2025
24,33.69,4.125876,573.5,450,10.493,33.69,39.518736730074586,5.828736730074586,.173010,Mi 3. Dez 02:59:47 CET 2025
27,33.69,4.125876,573.5,450,10.493,33.69,40.5477745186415,6.8577745186415,.203555,Mi 3. Dez 02:59:55 CET 2025
30,33.69,4.125876,573.5,450,10.493,33.69,41.671476281457,7.981476281457,.236909,Mi 3. Dez 03:02:00 CET 2025
31,33.69,4.125876,573.5,450,10.493,33.69,42.068492976834975,8.378492976834975,.248693,Mi 3. Dez 03:02:14 CET 2025
0,34.19,4.095596,573.5,450,10.493,34.19,34.19000000000002,.00000000000002,0,Mi 3. Dez 03:06:32 CET 2025
6,34.19,4.095596,573.5,450,10.493,34.19,35.38055905868265,1.19055905868265,.034821,Mi 3. Dez 03:07:17 CET 2025
3,34.19,4.095596,573.5,450,10.493,34.19,34.76547475930386,.57547475930386,.016831,Mi 3. Dez 03:07:17 CET 2025
9,34.19,4.095596,573.5,450,10.493,34.19,36.03997460867343,1.84997460867343,.054108,Mi 3. Dez 03:08:44 CET 2025
15,34.19,4.095596,573.5,450,10.493,34.19,37.51449884217731,3.32449884217731,.097236,Mi 3. Dez 03:09:08 CET 2025
12,34.19,4.095596,573.5,450,10.493,34.19,36.7491840399535,2.5591840399535,.074851,Mi 3. Dez 03:09:19 CET 2025
18,34.19,4.095596,573.5,450,10.493,34.19,38.34317160780508,4.15317160780508,.121473,Mi 3. Dez 03:11:04 CET 2025
21,34.19,4.095596,573.5,450,10.493,34.19,39.243450334801565,5.053450334801565,.147804,Mi 3. Dez 03:11:21 CET 2025
24,34.19,4.095596,573.5,450,10.493,34.19,40.2245071763844,6.0345071763844,.176499,Mi 3. Dez 03:15:26 CET 2025
27,34.19,4.095596,573.5,450,10.493,34.19,41.29612042204265,7.10612042204265,.207842,Mi 3. Dez 03:16:22 CET 2025
30,34.19,4.095596,573.5,450,10.493,34.19,42.46787778066553,8.27787778066553,.242114,Mi 3. Dez 03:16:28 CET 2025
31,34.19,4.095596,573.5,450,10.493,34.19,42.88215966582467,8.69215966582467,.254231,Mi 3. Dez 03:18:11 CET 2025
0,34.97,4.049663,573.5,450,10.493,34.97,34.97000000000002,.00000000000002,0,Mi 3. Dez 03:18:24 CET 2025
3,34.97,4.049663,573.5,450,10.493,34.97,35.57248726926277,.60248726926277,.017228,Mi 3. Dez 03:18:40 CET 2025
6,34.97,4.049663,573.5,450,10.493,34.97,36.217467171450494,1.247467171450494,.035672,Mi 3. Dez 03:19:58 CET 2025
9,34.97,4.049663,573.5,450,10.493,34.97,36.910133225322035,1.940133225322035,.055479,Mi 3. Dez 03:20:41 CET 2025
12,34.97,4.049663,573.5,450,10.493,34.97,37.65651642039724,2.68651642039724,.076823,Mi 3. Dez 03:24:12 CET 2025
15,34.97,4.049663,573.5,450,10.493,34.97,38.46360029296122,3.49360029296122,.099902,Mi 3. Dez 03:25:35 CET 2025
18,34.97,4.049663,573.5,450,10.493,34.97,39.339435911301145,4.369435911301145,.124948,Mi 3. Dez 03:25:56 CET 2025
24,34.97,4.049663,573.5,450,10.493,34.97,41.335008954464946,6.365008954464946,.182013,Mi 3. Dez 03:27:33 CET 2025
21,34.97,4.049663,573.5,450,10.493,34.97,40.29318339194982,5.32318339194982,.152221,Mi 3. Dez 03:27:41 CET 2025
27,34.97,4.049663,573.5,450,10.493,34.97,42.475656006790715,7.505656006790715,.214631,Mi 3. Dez 03:27:46 CET 2025
30,34.97,4.049663,573.5,450,10.493,34.97,43.725389275520435,8.755389275520435,.250368,Mi 3. Dez 03:29:01 CET 2025
31,34.97,4.049663,573.5,450,10.493,34.97,44.16767444039888,9.19767444039888,.263016,Mi 3. Dez 03:29:47 CET 2025
0,32.69,4.397988,632.3,450,10.493,32.69,32.69000000000002,.00000000000002,0,Mi 3. Dez 03:33:00 CET 2025
3,32.69,4.397988,632.3,450,10.493,32.69,33.16507472636055,.47507472636055,.014532,Mi 3. Dez 03:35:19 CET 2025
6,32.69,4.397988,632.3,450,10.493,32.69,33.66820702364692,.97820702364692,.029923,Mi 3. Dez 03:35:32 CET 2025
9,32.69,4.397988,632.3,450,10.493,32.69,34.202255911453065,1.512255911453065,.046260,Mi 3. Dez 03:36:50 CET 2025
15,32.69,4.397988,632.3,450,10.493,32.69,35.37651130793563,2.68651130793563,.082181,Mi 3. Dez 03:36:57 CET 2025
12,32.69,4.397988,632.3,450,10.493,32.69,34.770464340133124,2.080464340133124,.063642,Mi 3. Dez 03:37:01 CET 2025
18,32.69,4.397988,632.3,450,10.493,32.69,36.02455965192929,3.33455965192929,.102005,Mi 3. Dez 03:38:32 CET 2025
21,32.69,4.397988,632.3,450,10.493,32.69,36.71929928073058,4.02929928073058,.123257,Mi 3. Dez 03:38:39 CET 2025
24,32.69,4.397988,632.3,450,10.493,32.69,37.46596363416803,4.77596363416803,.146098,Mi 3. Dez 03:42:23 CET 2025
27,32.69,4.397988,632.3,450,10.493,32.69,38.270272176611265,5.580272176611265,.170702,Mi 3. Dez 03:44:24 CET 2025
30,32.69,4.397988,632.3,450,10.493,32.69,39.138310149511014,6.448310149511014,.197256,Mi 3. Dez 03:44:33 CET 2025
3,33.19,4.364735,632.3,450,10.493,33.19,33.67993281697078,.48993281697078,.014761,Mi 3. Dez 03:45:46 CET 2025
0,33.19,4.364735,632.3,450,10.493,33.19,33.19000000000002,.00000000000002,0,Mi 3. Dez 03:46:04 CET 2025
31,32.69,4.397988,632.3,450,10.493,32.69,39.44288263108556,6.75288263108556,.206573,Mi 3. Dez 03:46:05 CET 2025
9,33.19,4.364735,632.3,450,10.493,33.19,34.75107133484238,1.56107133484238,.047034,Mi 3. Dez 03:48:02 CET 2025
6,33.19,4.364735,632.3,450,10.493,33.19,34.19927445263289,1.00927445263289,.030408,Mi 3. Dez 03:48:19 CET 2025
12,33.19,4.364735,632.3,450,10.493,33.19,35.338786392018434,2.148786392018434,.064741,Mi 3. Dez 03:51:51 CET 2025
15,33.19,4.364735,632.3,450,10.493,33.19,35.96635723316656,2.77635723316656,.083650,Mi 3. Dez 03:53:11 CET 2025
18,33.19,4.364735,632.3,450,10.493,33.19,36.63824214324288,3.44824214324288,.103894,Mi 3. Dez 03:53:30 CET 2025
24,33.19,4.364735,632.3,450,10.493,33.19,38.13567022471362,4.94567022471362,.149010,Mi 3. Dez 03:55:03 CET 2025
21,33.19,4.364735,632.3,450,10.493,33.19,37.35947775700053,4.16947775700053,.125624,Mi 3. Dez 03:55:03 CET 2025
27,33.19,4.364735,632.3,450,10.493,33.19,38.97296034583696,5.78296034583696,.174238,Mi 3. Dez 03:55:10 CET 2025
30,33.19,4.364735,632.3,450,10.493,33.19,39.87783788281046,6.68783788281046,.201501,Mi 3. Dez 03:56:55 CET 2025
31,33.19,4.364735,632.3,450,10.493,33.19,40.19561077153497,7.00561077153497,.211075,Mi 3. Dez 03:58:07 CET 2025
0,33.69,4.332225,632.3,450,10.493,33.69,33.69000000000002,.00000000000002,0,Mi 3. Dez 04:01:06 CET 2025
3,33.69,4.332225,632.3,450,10.493,33.69,34.1950263529186,.5050263529186,.014990,Mi 3. Dez 04:02:40 CET 2025
6,33.69,4.332225,632.3,450,10.493,33.69,34.730857156049865,1.040857156049865,.030895,Mi 3. Dez 04:02:52 CET 2025
9,33.69,4.332225,632.3,450,10.493,33.69,35.300735769788574,1.610735769788574,.047810,Mi 3. Dez 04:03:59 CET 2025
12,33.69,4.332225,632.3,450,10.493,33.69,35.908356612041075,2.218356612041075,.065846,Mi 3. Dez 04:04:31 CET 2025
15,33.69,4.332225,632.3,450,10.493,33.69,36.5579271530069,2.8679271530069,.085126,Mi 3. Dez 04:04:34 CET 2025
18,33.69,4.332225,632.3,450,10.493,33.69,37.25422410577178,3.56422410577178,.105794,Mi 3. Dez 04:06:12 CET 2025
21,33.69,4.332225,632.3,450,10.493,33.69,38.002639675802705,4.312639675802705,.128009,Mi 3. Dez 04:07:32 CET 2025
24,33.69,4.332225,632.3,450,10.493,33.69,38.80918932574913,5.11918932574913,.151949,Mi 3. Dez 04:10:11 CET 2025
27,33.69,4.332225,632.3,450,10.493,33.69,39.68044543468122,5.99044543468122,.177810,Mi 3. Dez 04:11:29 CET 2025
30,33.69,4.332225,632.3,450,10.493,33.69,40.62332061324926,6.93332061324926,.205797,Mi 3. Dez 04:11:58 CET 2025
31,33.69,4.332225,632.3,450,10.493,33.69,40.95471620303194,7.26471620303194,.215634,Mi 3. Dez 04:13:10 CET 2025
3,34.19,4.300431,632.3,450,10.493,34.19,34.710355856683655,.520355856683655,.015219,Mi 3. Dez 04:13:40 CET 2025
0,34.19,4.300431,632.3,450,10.493,34.19,34.19000000000002,.00000000000002,0,Mi 3. Dez 04:13:55 CET 2025
6,34.19,4.300431,632.3,450,10.493,34.19,35.26295543242478,1.07295543242478,.031382,Mi 3. Dez 04:15:32 CET 2025
9,34.19,4.300431,632.3,450,10.493,34.19,35.85125077053452,1.66125077053452,.048588,Mi 3. Dez 04:16:50 CET 2025
12,34.19,4.300431,632.3,450,10.493,34.19,36.47917975993465,2.28917975993465,.066954,Mi 3. Dez 04:19:37 CET 2025
15,34.19,4.300431,632.3,450,10.493,34.19,37.15123409262591,2.96123409262591,.086611,Mi 3. Dez 04:20:11 CET 2025
18,34.19,4.300431,632.3,450,10.493,34.19,37.87252362114142,3.68252362114142,.107707,Mi 3. Dez 04:21:02 CET 2025
21,34.19,4.300431,632.3,450,10.493,34.19,38.64882213850843,4.45882213850843,.130413,Mi 3. Dez 04:22:31 CET 2025
27,34.19,4.300431,632.3,450,10.493,34.19,40.392800021350226,6.202800021350226,.181421,Mi 3. Dez 04:22:41 CET 2025
24,34.19,4.300431,632.3,450,10.493,34.19,39.48657242659617,5.29657242659617,.154915,Mi 3. Dez 04:22:52 CET 2025
30,34.19,4.300431,632.3,450,10.493,34.19,41.374850908812256,7.184850908812256,.210144,Mi 3. Dez 04:24:53 CET 2025
31,34.19,4.300431,632.3,450,10.493,34.19,41.72030423870247,7.53030423870247,.220248,Mi 3. Dez 04:26:01 CET 2025
0,34.97,4.252200,632.3,450,10.493,34.97,34.97000000000002,.00000000000002,0,Mi 3. Dez 04:28:42 CET 2025
3,34.97,4.252200,632.3,450,10.493,34.97,35.514741556092574,.544741556092574,.015577,Mi 3. Dez 04:29:43 CET 2025
6,34.97,4.252200,632.3,450,10.493,34.97,36.094065335270095,1.124065335270095,.032143,Mi 3. Dez 04:30:31 CET 2025
9,34.97,4.252200,632.3,450,10.493,34.97,36.7117660176703,1.7417660176703,.049807,Mi 3. Dez 04:31:49 CET 2025
12,34.97,4.252200,632.3,450,10.493,34.97,37.37218659415922,2.40218659415922,.068692,Mi 3. Dez 04:31:50 CET 2025
15,34.97,4.252200,632.3,450,10.493,34.97,38.08029559334444,3.11029559334444,.088941,Mi 3. Dez 04:32:15 CET 2025
18,34.97,4.252200,632.3,450,10.493,34.97,38.84175766584033,3.87175766584033,.110716,Mi 3. Dez 04:33:51 CET 2025
21,34.97,4.252200,632.3,450,10.493,34.97,39.662985469950854,4.692985469950854,.134200,Mi 3. Dez 04:35:58 CET 2025
24,34.97,4.252200,632.3,450,10.493,34.97,40.55113206299066,5.58113206299066,.159597,Mi 3. Dez 04:37:38 CET 2025
27,34.97,4.252200,632.3,450,10.493,34.97,41.51397272598695,6.54397272598695,.187131,Mi 3. Dez 04:38:48 CET 2025
30,34.97,4.252200,632.3,450,10.493,34.97,42.55955252797516,7.58955252797516,.217030,Mi 3. Dez 04:39:39 CET 2025
31,34.97,4.252200,632.3,450,10.493,34.97,42.927811107104944,7.957811107104944,.227561,Mi 3. Dez 04:40:52 CET 2025
0,32.69,4.598269,691.2,450,10.493,32.69,32.69000000000002,.00000000000002,0,Mi 3. Dez 04:41:29 CET 2025
3,32.69,4.598269,691.2,450,10.493,32.69,33.12353568282326,.43353568282326,.013262,Mi 3. Dez 04:41:43 CET 2025
6,32.69,4.598269,691.2,450,10.493,32.69,33.580356918287784,.890356918287784,.027236,Mi 3. Dez 04:42:57 CET 2025
9,32.69,4.598269,691.2,450,10.493,32.69,34.06261573340386,1.37261573340386,.041988,Mi 3. Dez 04:44:59 CET 2025
12,32.69,4.598269,691.2,450,10.493,32.69,34.57273032127396,1.88273032127396,.057593,Mi 3. Dez 04:46:45 CET 2025
15,32.69,4.598269,691.2,450,10.493,32.69,35.11340838927037,2.42340838927037,.074133,Mi 3. Dez 04:48:06 CET 2025
18,32.69,4.598269,691.2,450,10.493,32.69,35.68769577535688,2.99769577535688,.091700,Mi 3. Dez 04:48:53 CET 2025
21,32.69,4.598269,691.2,450,10.493,32.69,36.29898731782553,3.60898731782553,.110400,Mi 3. Dez 04:50:29 CET 2025
27,32.69,4.598269,691.2,450,10.493,32.69,37.6480528751104,4.9580528751104,.151668,Mi 3. Dez 04:50:45 CET 2025
24,32.69,4.598269,691.2,450,10.493,32.69,36.951056834167744,4.261056834167744,.130347,Mi 3. Dez 04:50:52 CET 2025
30,32.69,4.598269,691.2,450,10.493,32.69,38.39445315035019,5.70445315035019,.174501,Mi 3. Dez 04:51:53 CET 2025
31,32.69,4.598269,691.2,450,10.493,32.69,38.65504013566762,5.96504013566762,.182472,Mi 3. Dez 04:53:51 CET 2025
0,33.19,4.563501,691.2,450,10.493,33.19,33.19000000000002,.00000000000002,0,Mi 3. Dez 04:56:22 CET 2025
3,33.19,4.563501,691.2,450,10.493,33.19,33.63707747564828,.44707747564828,.013470,Mi 3. Dez 04:57:16 CET 2025
6,33.19,4.563501,691.2,450,10.493,33.19,34.10855844374127,.91855844374127,.027675,Mi 3. Dez 04:58:04 CET 2025
9,33.19,4.563501,691.2,450,10.493,33.19,34.606736528548176,1.416736528548176,.042685,Mi 3. Dez 04:59:58 CET 2025
12,33.19,4.563501,691.2,450,10.493,33.19,35.13419100841689,1.94419100841689,.058577,Mi 3. Dez 05:00:00 CET 2025
15,33.19,4.563501,691.2,450,10.493,33.19,35.69382102004066,2.50382102004066,.075439,Mi 3. Dez 05:00:06 CET 2025
18,33.19,4.563501,691.2,450,10.493,33.19,36.28888361255494,3.09888361255494,.093367,Mi 3. Dez 05:01:21 CET 2025
21,33.19,4.563501,691.2,450,10.493,33.19,36.92302089012269,3.73302089012269,.112474,Mi 3. Dez 05:02:47 CET 2025
24,33.19,4.563501,691.2,450,10.493,33.19,37.600284358701764,4.410284358701764,.132879,Mi 3. Dez 05:05:42 CET 2025
27,33.19,4.563501,691.2,450,10.493,33.19,38.32512473017606,5.13512473017606,.154719,Mi 3. Dez 05:06:15 CET 2025
30,33.19,4.563501,691.2,450,10.493,33.19,39.102338187553144,5.912338187553144,.178136,Mi 3. Dez 05:07:18 CET 2025
0,33.69,4.529511,691.2,450,10.493,33.69,33.69000000000002,.00000000000002,0,Mi 3. Dez 05:09:06 CET 2025
3,33.69,4.529511,691.2,450,10.493,33.69,34.150833046603466,.460833046603466,.013678,Mi 3. Dez 05:09:11 CET 2025
31,33.19,4.563501,691.2,450,10.493,33.19,39.37391027307136,6.18391027307136,.186318,Mi 3. Dez 05:09:32 CET 2025
6,33.69,4.529511,691.2,450,10.493,33.69,34.63722393738467,.94722393738467,.028115,Mi 3. Dez 05:10:38 CET 2025
9,33.69,4.529511,691.2,450,10.493,33.69,35.15161476851004,1.46161476851004,.043384,Mi 3. Dez 05:11:42 CET 2025
12,33.69,4.529511,691.2,450,10.493,33.69,35.696755247229675,2.006755247229675,.059565,Mi 3. Dez 05:14:42 CET 2025
15,33.69,4.529511,691.2,450,10.493,33.69,36.27574309454121,2.58574309454121,.076751,Mi 3. Dez 05:15:53 CET 2025
18,33.69,4.529511,691.2,450,10.493,33.69,36.89206006872816,3.20206006872816,.095044,Mi 3. Dez 05:16:55 CET 2025
21,33.69,4.529511,691.2,450,10.493,33.69,37.54961272513658,3.85961272513658,.114562,Mi 3. Dez 05:18:08 CET 2025
24,33.69,4.529511,691.2,450,10.493,33.69,38.25274258619814,4.56274258619814,.135433,Mi 3. Dez 05:18:28 CET 2025
27,33.69,4.529511,691.2,450,10.493,33.69,39.00622072061165,5.31622072061165,.157798,Mi 3. Dez 05:18:35 CET 2025
30,33.69,4.529511,691.2,450,10.493,33.69,39.815176613828484,6.125176613828484,.181809,Mi 3. Dez 05:19:55 CET 2025
31,33.69,4.529511,691.2,450,10.493,33.69,40.098075666093365,6.408075666093365,.190207,Mi 3. Dez 05:20:44 CET 2025
0,34.19,4.496269,691.2,450,10.493,34.19,34.19000000000002,.00000000000002,0,Mi 3. Dez 05:23:38 CET 2025
3,34.19,4.496269,691.2,450,10.493,34.19,34.66480276066433,.47480276066433,.013887,Mi 3. Dez 05:24:55 CET 2025
6,34.19,4.496269,691.2,450,10.493,34.19,35.16635348216364,.97635348216364,.028556,Mi 3. Dez 05:26:42 CET 2025
12,34.19,4.496269,691.2,450,10.493,34.19,36.26042677266089,2.07042677266089,.060556,Mi 3. Dez 05:27:31 CET 2025
15,34.19,4.496269,691.2,450,10.493,34.19,36.859183075448904,2.669183075448904,.078069,Mi 3. Dez 05:27:37 CET 2025
9,34.19,4.496269,691.2,450,10.493,34.19,35.69725224454822,1.50725224454822,.044084,Mi 3. Dez 05:27:37 CET 2025
18,34.19,4.496269,691.2,450,10.493,34.19,37.49724555072999,3.30724555072999,.096731,Mi 3. Dez 05:29:05 CET 2025
21,34.19,4.496269,691.2,450,10.493,34.19,38.17879235986749,3.98879235986749,.116665,Mi 3. Dez 05:30:15 CET 2025
24,34.19,4.496269,691.2,450,10.493,34.19,38.908474920381664,4.718474920381664,.138007,Mi 3. Dez 05:32:55 CET 2025
27,34.19,4.496269,691.2,450,10.493,34.19,39.69140033777583,5.50140033777583,.160906,Mi 3. Dez 05:34:15 CET 2025
30,34.19,4.496269,691.2,450,10.493,34.19,40.53304760840028,6.34304760840028,.185523,Mi 3. Dez 05:35:38 CET 2025
31,34.19,4.496269,691.2,450,10.493,34.19,40.8276223262234,6.6376223262234,.194139,Mi 3. Dez 05:36:35 CET 2025
3,34.97,4.445842,691.2,450,10.493,34.97,35.46702357410274,.49702357410274,.014212,Mi 3. Dez 05:36:43 CET 2025
0,34.97,4.445842,691.2,450,10.493,34.97,34.97000000000002,.00000000000002,0,Mi 3. Dez 05:36:46 CET 2025
6,34.97,4.445842,691.2,450,10.493,34.97,35.9927301027358,1.0227301027358,.029245,Mi 3. Dez 05:38:41 CET 2025
9,34.97,4.445842,691.2,450,10.493,34.97,36.54997419564393,1.57997419564393,.045180,Mi 3. Dez 05:39:19 CET 2025
12,34.97,4.445842,691.2,450,10.493,34.97,37.141983342149835,2.171983342149835,.062109,Mi 3. Dez 05:41:55 CET 2025
15,34.97,4.445842,691.2,450,10.493,34.97,37.77241273490494,2.80241273490494,.080137,Mi 3. Dez 05:43:33 CET 2025
18,34.97,4.445842,691.2,450,10.493,34.97,38.44538699170576,3.47538699170576,.099381,Mi 3. Dez 05:44:59 CET 2025
24,34.97,4.445842,691.2,450,10.493,34.97,39.93804884996385,4.96804884996385,.142066,Mi 3. Dez 05:45:43 CET 2025
27,34.97,4.445842,691.2,450,10.493,34.97,40.76857118827672,5.79857118827672,.165815,Mi 3. Dez 05:46:01 CET 2025
21,34.97,4.445842,691.2,450,10.493,34.97,39.165543391797044,4.195543391797044,.119975,Mi 3. Dez 05:46:07 CET 2025
30,34.97,4.445842,691.2,450,10.493,34.97,41.66316302929334,6.69316302929334,.191397,Mi 3. Dez 05:48:00 CET 2025
31,34.97,4.445842,691.2,450,10.493,34.97,41.97666757902398,7.00666757902398,.200362,Mi 3. Dez 05:48:37 CET 2025
0,32.69,4.751390,738.0,450,10.493,32.69,32.69000000000002,.00000000000002,0,Mi 3. Dez 05:50:51 CET 2025
3,32.69,4.751390,738.0,450,10.493,32.69,33.09537304823762,.40537304823762,.012400,Mi 3. Dez 05:52:53 CET 2025
6,32.69,4.751390,738.0,450,10.493,32.69,33.521057249959455,.831057249959455,.025422,Mi 3. Dez 05:54:09 CET 2025
9,32.69,4.751390,738.0,450,10.493,32.69,33.96880151869826,1.27880151869826,.039119,Mi 3. Dez 05:54:49 CET 2025
12,32.69,4.751390,738.0,450,10.493,32.69,34.44055478135515,1.75055478135515,.053550,Mi 3. Dez 05:55:14 CET 2025
15,32.69,4.751390,738.0,450,10.493,32.69,34.9384878193574,2.2484878193574,.068782,Mi 3. Dez 05:55:27 CET 2025
18,32.69,4.751390,738.0,450,10.493,32.69,35.4650183729037,2.7750183729037,.084888,Mi 3. Dez 05:57:13 CET 2025
21,32.69,4.751390,738.0,450,10.493,32.69,36.022832932438085,3.332832932438085,.101952,Mi 3. Dez 05:58:20 CET 2025
24,32.69,4.751390,738.0,450,10.493,32.69,36.6149024863664,3.9249024863664,.120064,Mi 3. Dez 05:59:55 CET 2025
27,32.69,4.751390,738.0,450,10.493,32.69,37.244497361563816,4.554497361563816,.139323,Mi 3. Dez 06:01:54 CET 2025
30,32.69,4.751390,738.0,450,10.493,32.69,37.91515055228757,5.22515055228757,.159839,Mi 3. Dez 06:03:21 CET 2025
0,33.19,4.715465,738.0,450,10.493,33.19,33.19000000000002,.00000000000002,0,Mi 3. Dez 06:04:15 CET 2025
3,33.19,4.715465,738.0,450,10.493,33.19,33.60802413797667,.41802413797667,.012594,Mi 3. Dez 06:04:22 CET 2025
31,32.69,4.751390,738.0,450,10.493,32.69,38.148472480591536,5.458472480591536,.166976,Mi 3. Dez 06:04:43 CET 2025
6,33.19,4.715465,738.0,450,10.493,33.19,34.047332926235214,.857332926235214,.025831,Mi 3. Dez 06:06:20 CET 2025
9,33.19,4.715465,738.0,450,10.493,33.19,34.50979009209348,1.31979009209348,.039764,Mi 3. Dez 06:07:37 CET 2025
12,33.19,4.715465,738.0,450,10.493,33.19,34.99747188711489,1.80747188711489,.054458,Mi 3. Dez 06:08:55 CET 2025
15,33.19,4.715465,738.0,450,10.493,33.19,35.512703342441995,2.322703342441995,.069982,Mi 3. Dez 06:11:17 CET 2025
18,33.19,4.715465,738.0,450,10.493,33.19,36.05806992269121,2.86806992269121,.086413,Mi 3. Dez 06:12:45 CET 2025
21,33.19,4.715465,738.0,450,10.493,33.19,36.63645185645454,3.44645185645454,.103840,Mi 3. Dez 06:13:29 CET 2025
24,33.19,4.715465,738.0,450,10.493,33.19,37.25103839747922,4.06103839747922,.122357,Mi 3. Dez 06:13:38 CET 2025
27,33.19,4.715465,738.0,450,10.493,33.19,37.905332569762976,4.715332569762976,.142070,Mi 3. Dez 06:14:03 CET 2025
30,33.19,4.715465,738.0,450,10.493,33.19,38.603132094668034,5.413132094668034,.163095,Mi 3. Dez 06:15:30 CET 2025
31,33.19,4.715465,738.0,450,10.493,33.19,38.84609121005601,5.65609121005601,.170415,Mi 3. Dez 06:17:06 CET 2025
0,33.69,4.680342,738.0,450,10.493,33.69,33.69000000000002,.00000000000002,0,Mi 3. Dez 06:17:58 CET 2025
3,33.69,4.680342,738.0,450,10.493,33.69,34.12087481969739,.43087481969739,.012789,Mi 3. Dez 06:20:48 CET 2025
6,33.69,4.680342,738.0,450,10.493,33.69,34.57403886188449,.88403886188449,.026240,Mi 3. Dez 06:22:00 CET 2025
9,33.69,4.680342,738.0,450,10.493,33.69,35.05147518562424,1.36147518562424,.040411,Mi 3. Dez 06:22:26 CET 2025
12,33.69,4.680342,738.0,450,10.493,33.69,35.555402410954954,1.865402410954954,.055369,Mi 3. Dez 06:23:00 CET 2025
15,33.69,4.680342,738.0,450,10.493,33.69,36.08829319470799,2.39829319470799,.071187,Mi 3. Dez 06:23:20 CET 2025
18,33.69,4.680342,738.0,450,10.493,33.69,36.65292060272589,2.96292060272589,.087946,Mi 3. Dez 06:25:17 CET 2025
21,33.69,4.680342,738.0,450,10.493,33.69,37.252367102558,3.562367102558,.105739,Mi 3. Dez 06:25:48 CET 2025
24,33.69,4.680342,738.0,450,10.493,33.69,37.89005075793691,4.20005075793691,.124667,Mi 3. Dez 06:27:02 CET 2025
27,33.69,4.680342,738.0,450,10.493,33.69,38.56972788974088,4.87972788974088,.144842,Mi 3. Dez 06:30:03 CET 2025
30,33.69,4.680342,738.0,450,10.493,33.69,39.295466441477515,5.605466441477515,.166383,Mi 3. Dez 06:31:28 CET 2025
3,34.19,4.645993,738.0,450,10.493,34.19,34.63392470761183,.44392470761183,.012984,Mi 3. Dez 06:31:58 CET 2025
31,33.69,4.680342,738.0,450,10.493,33.69,39.54835442283899,5.85835442283899,.173890,Mi 3. Dez 06:32:18 CET 2025
0,34.19,4.645993,738.0,450,10.493,34.19,34.19000000000002,.00000000000002,0,Mi 3. Dez 06:32:20 CET 2025
6,34.19,4.645993,738.0,450,10.493,34.19,35.101175357136626,.911175357136626,.026650,Mi 3. Dez 06:34:00 CET 2025
9,34.19,4.645993,738.0,450,10.493,34.19,35.593861308142564,1.403861308142564,.041060,Mi 3. Dez 06:35:10 CET 2025
12,34.19,4.645993,738.0,450,10.493,34.19,36.11434288711595,1.92434288711595,.056283,Mi 3. Dez 06:35:59 CET 2025
15,34.19,4.645993,738.0,450,10.493,34.19,36.66526433234436,2.47526433234436,.072397,Mi 3. Dez 06:39:01 CET 2025
21,34.19,4.645993,738.0,450,10.493,34.19,37.87059907688857,3.68059907688857,.107651,Mi 3. Dez 06:40:53 CET 2025
18,34.19,4.645993,738.0,450,10.493,34.19,37.249583268019975,3.059583268019975,.089487,Mi 3. Dez 06:41:09 CET 2025
24,34.19,4.645993,738.0,450,10.493,34.19,38.53197251521253,4.34197251521253,.126995,Mi 3. Dez 06:41:47 CET 2025
27,34.19,4.645993,738.0,450,10.493,34.19,39.237726591582415,5.047726591582415,.147637,Mi 3. Dez 06:41:51 CET 2025
30,34.19,4.645993,738.0,450,10.493,34.19,39.9922129312919,5.8022129312919,.169704,Mi 3. Dez 06:43:34 CET 2025
31,34.19,4.645993,738.0,450,10.493,34.19,40.25532646450934,6.06532646450934,.177400,Mi 3. Dez 06:44:10 CET 2025
0,34.97,4.593887,738.0,450,10.493,34.97,34.97000000000002,.00000000000002,0,Mi 3. Dez 06:45:07 CET 2025
3,34.97,4.593887,738.0,450,10.493,34.97,35.43468119416587,.46468119416587,.013287,Mi 3. Dez 06:48:07 CET 2025
6,34.97,4.593887,738.0,450,10.493,34.97,35.92437156805976,.95437156805976,.027291,Mi 3. Dez 06:50:17 CET 2025
15,34.97,4.593887,738.0,450,10.493,34.97,37.56812067165912,2.59812067165912,.074295,Mi 3. Dez 06:50:27 CET 2025
9,34.97,4.593887,738.0,450,10.493,34.97,36.441387436633484,1.471387436633484,.042075,Mi 3. Dez 06:50:31 CET 2025
12,34.97,4.593887,738.0,450,10.493,34.97,36.9883309903658,2.0183309903658,.057716,Mi 3. Dez 06:50:56 CET 2025
18,34.97,4.593887,738.0,450,10.493,34.97,38.184031377957524,3.214031377957524,.091908,Mi 3. Dez 06:52:57 CET 2025
21,34.97,4.593887,738.0,450,10.493,34.97,38.839722709638366,3.869722709638366,.110658,Mi 3. Dez 06:53:16 CET 2025
24,34.97,4.593887,738.0,450,10.493,34.97,39.53926059853652,4.56926059853652,.130662,Mi 3. Dez 06:54:22 CET 2025
27,34.97,4.593887,738.0,450,10.493,34.97,40.287113410213834,5.317113410213834,.152047,Mi 3. Dez 06:57:50 CET 2025
30,34.97,4.593887,738.0,450,10.493,34.97,41.08810262761407,6.11810262761407,.174952,Mi 3. Dez 06:59:26 CET 2025
0,32.69,3.591226,421.6,500,10.493,32.69,32.69000000000002,.00000000000002,0,Mi 3. Dez 06:59:27 CET 2025
3,32.69,3.591226,421.6,500,10.493,32.69,33.41284414603679,.72284414603679,.022112,Mi 3. Dez 07:00:03 CET 2025
31,34.97,4.593887,738.0,450,10.493,34.97,41.36777783909725,6.39777783909725,.182950,Mi 3. Dez 07:00:05 CET 2025
6,32.69,3.591226,421.6,500,10.493,32.69,34.201994851433454,1.511994851433454,.046252,Mi 3. Dez 07:01:52 CET 2025
9,32.69,3.591226,421.6,500,10.493,32.69,35.068078836812674,2.378078836812674,.072746,Mi 3. Dez 07:02:09 CET 2025
12,32.69,3.591226,421.6,500,10.493,32.69,36.023923594325,3.333923594325,.101986,Mi 3. Dez 07:02:49 CET 2025
15,32.69,3.591226,421.6,500,10.493,32.69,37.084910867035,4.394910867035,.134442,Mi 3. Dez 07:06:50 CET 2025
18,32.69,3.591226,421.6,500,10.493,32.69,38.26908409628068,5.57908409628068,.170666,Mi 3. Dez 07:08:31 CET 2025
21,32.69,3.591226,421.6,500,10.493,32.69,39.596593280638906,6.906593280638906,.211275,Mi 3. Dez 07:08:39 CET 2025
24,32.69,3.591226,421.6,500,10.493,32.69,41.08740061776442,8.39740061776442,.256879,Mi 3. Dez 07:09:06 CET 2025
27,32.69,3.591226,421.6,500,10.493,32.69,42.75541683662154,10.06541683662154,.307905,Mi 3. Dez 07:09:35 CET 2025
30,32.69,3.591226,421.6,500,10.493,32.69,44.59694205045441,11.90694205045441,.364238,Mi 3. Dez 07:11:03 CET 2025
31,32.69,3.591226,421.6,500,10.493,32.69,45.24415780279165,12.55415780279165,.384036,Mi 3. Dez 07:11:37 CET 2025
0,33.19,3.564073,421.6,500,10.493,33.19,33.19000000000002,.00000000000002,0,Mi 3. Dez 07:11:57 CET 2025
3,33.19,3.564073,421.6,500,10.493,33.19,33.93562312746083,.74562312746083,.022465,Mi 3. Dez 07:16:06 CET 2025
6,33.19,3.564073,421.6,500,10.493,33.19,34.75080141620945,1.56080141620945,.047026,Mi 3. Dez 07:17:26 CET 2025
9,33.19,3.564073,421.6,500,10.493,33.19,35.6468781783736,2.4568781783736,.074024,Mi 3. Dez 07:17:38 CET 2025
12,33.19,3.564073,421.6,500,10.493,33.19,36.63758208092976,3.44758208092976,.103874,Mi 3. Dez 07:18:01 CET 2025
15,33.19,3.564073,421.6,500,10.493,33.19,37.73941141853495,4.54941141853495,.137071,Mi 3. Dez 07:18:31 CET 2025
18,33.19,3.564073,421.6,500,10.493,33.19,38.97172228346876,5.78172228346876,.174200,Mi 3. Dez 07:20:24 CET 2025
21,33.19,3.564073,421.6,500,10.493,33.19,40.35603057245489,7.16603057245489,.215909,Mi 3. Dez 07:20:29 CET 2025
24,33.19,3.564073,421.6,500,10.493,33.19,41.913247532322,8.723247532322,.262827,Mi 3. Dez 07:21:13 CET 2025
27,33.19,3.564073,421.6,500,10.493,33.19,43.656707250926054,10.466707250926054,.315357,Mi 3. Dez 07:25:03 CET 2025
31,33.19,3.564073,421.6,500,10.493,33.19,46.25256329506157,13.06256329506157,.393569,Mi 3. Dez 07:26:49 CET 2025
30,33.19,3.564073,421.6,500,10.493,33.19,45.578758013842865,12.388758013842865,.373267,Mi 3. Dez 07:26:54 CET 2025
0,33.69,3.537527,421.6,500,10.493,33.69,33.69000000000002,.00000000000002,0,Mi 3. Dez 07:27:20 CET 2025
3,33.69,3.537527,421.6,500,10.493,33.69,34.45877111950715,.76877111950715,.022818,Mi 3. Dez 07:27:38 CET 2025
9,33.69,3.537527,421.6,500,10.493,33.69,36.22715214300188,2.53715214300188,.075308,Mi 3. Dez 07:29:45 CET 2025
6,33.69,3.537527,421.6,500,10.493,33.69,35.30045602470259,1.61045602470259,.047802,Mi 3. Dez 07:29:57 CET 2025
12,33.69,3.537527,421.6,500,10.493,33.69,37.25353984074873,3.56353984074873,.105774,Mi 3. Dez 07:30:13 CET 2025
15,33.69,3.537527,421.6,500,10.493,33.69,38.39729102538152,4.70729102538152,.139723,Mi 3. Dez 07:33:55 CET 2025
18,33.69,3.537527,421.6,500,10.493,33.69,39.679153962358,5.989153962358,.177772,Mi 3. Dez 07:35:40 CET 2025
24,33.69,3.537527,421.6,500,10.493,33.69,42.747811119120854,9.057811119120854,.268857,Mi 3. Dez 07:36:09 CET 2025
21,33.69,3.537527,421.6,500,10.493,33.69,41.12205882963995,7.43205882963995,.220601,Mi 3. Dez 07:36:10 CET 2025
27,33.69,3.537527,421.6,500,10.493,33.69,44.56884272023122,10.87884272023122,.322910,Mi 3. Dez 07:36:47 CET 2025
30,33.69,3.537527,421.6,500,10.493,33.69,46.57275317540846,12.88275317540846,.382391,Mi 3. Dez 07:39:06 CET 2025
31,33.69,3.537527,421.6,500,10.493,33.69,47.273235624176394,13.583235624176394,.403183,Mi 3. Dez 07:39:25 CET 2025
0,34.19,3.511565,421.6,500,10.493,34.19,34.19000000000002,.00000000000002,0,Mi 3. Dez 07:39:36 CET 2025
3,34.19,3.511565,421.6,500,10.493,34.19,34.98228918377104,.79228918377104,.023173,Mi 3. Dez 07:42:29 CET 2025
6,34.19,3.511565,421.6,500,10.493,34.19,35.85096248890048,1.66096248890048,.048580,Mi 3. Dez 07:44:47 CET 2025
12,34.19,3.511565,421.6,500,10.493,34.19,37.87181376873841,3.68181376873841,.107686,Mi 3. Dez 07:45:15 CET 2025
9,34.19,3.511565,421.6,500,10.493,34.19,36.80890873086133,2.61890873086133,.076598,Mi 3. Dez 07:45:32 CET 2025
15,34.19,3.511565,421.6,500,10.493,34.19,39.058594832876466,4.868594832876466,.142398,Mi 3. Dez 07:45:38 CET 2025
18,34.19,3.511565,421.6,500,10.493,34.19,40.39145611284741,6.20145611284741,.181382,Mi 3. Dez 07:48:19 CET 2025
21,34.19,3.511565,421.6,500,10.493,34.19,41.89479138108182,7.70479138108182,.225352,Mi 3. Dez 07:48:39 CET 2025
24,34.19,3.511565,421.6,500,10.493,34.19,43.591229039907645,9.401229039907645,.274970,Mi 3. Dez 07:48:45 CET 2025
27,34.19,3.511565,421.6,500,10.493,34.19,45.49190996390992,11.30190996390992,.330561,Mi 3. Dez 07:51:39 CET 2025
30,34.19,3.511565,421.6,500,10.493,34.19,47.57881874048392,13.38881874048392,.391600,Mi 3. Dez 07:54:10 CET 2025
31,34.19,3.511565,421.6,500,10.493,34.19,48.30594743098487,14.11594743098487,.412867,Mi 3. Dez 07:54:22 CET 2025
0,34.97,3.472182,421.6,500,10.493,34.97,34.97000000000002,.00000000000002,0,Mi 3. Dez 07:54:32 CET 2025
3,34.97,3.472182,421.6,500,10.493,34.97,35.79971770458346,.82971770458346,.023726,Mi 3. Dez 07:54:48 CET 2025
9,34.97,3.472182,421.6,500,10.493,34.97,37.71943816410425,2.74943816410425,.078622,Mi 3. Dez 07:57:29 CET 2025
12,34.97,3.472182,421.6,500,10.493,34.97,38.84100641636147,3.87100641636147,.110695,Mi 3. Dez 07:57:46 CET 2025
6,34.97,3.472182,421.6,500,10.493,34.97,36.711462386563745,1.741462386563745,.049798,Mi 3. Dez 07:57:54 CET 2025
15,34.97,3.472182,421.6,500,10.493,34.97,40.09716443510588,5.12716443510588,.146616,Mi 3. Dez 08:00:14 CET 2025
18,34.97,3.472182,421.6,500,10.493,34.97,41.51254205750275,6.54254205750275,.187090,Mi 3. Dez 08:03:26 CET 2025
21,34.97,3.472182,421.6,500,10.493,34.97,43.1139000148611,8.1439000148611,.232882,Mi 3. Dez 08:03:26 CET 2025
24,34.97,3.472182,421.6,500,10.493,34.97,44.9249410287091,9.9549410287091,.284670,Mi 3. Dez 08:03:53 CET 2025
27,34.97,3.472182,421.6,500,10.493,34.97,46.953875512565155,11.983875512565155,.342690,Mi 3. Dez 08:03:56 CET 2025
30,34.97,3.472182,421.6,500,10.493,34.97,49.17197306697435,14.20197306697435,.406118,Mi 3. Dez 08:06:07 CET 2025
0,32.69,3.734455,455.9,500,10.493,32.69,32.69000000000002,.00000000000002,0,Mi 3. Dez 08:06:53 CET 2025
31,34.97,3.472182,421.6,500,10.493,34.97,49.94036717149515,14.97036717149515,.428091,Mi 3. Dez 08:07:11 CET 2025
3,32.69,3.734455,455.9,500,10.493,32.69,33.35627358676717,.66627358676717,.020381,Mi 3. Dez 08:09:12 CET 2025
6,32.69,3.734455,455.9,500,10.493,32.69,34.078616889687055,1.388616889687055,.042478,Mi 3. Dez 08:12:33 CET 2025
15,32.69,3.734455,455.9,500,10.493,32.69,36.67236430540367,3.98236430540367,.121822,Mi 3. Dez 08:13:04 CET 2025
9,32.69,3.734455,455.9,500,10.493,32.69,34.865249835902574,2.175249835902574,.066541,Mi 3. Dez 08:13:12 CET 2025
12,32.69,3.734455,455.9,500,10.493,32.69,35.72596380096918,3.03596380096918,.092871,Mi 3. Dez 08:13:26 CET 2025
18,32.69,3.734455,455.9,500,10.493,32.69,37.718023434979514,5.028023434979514,.153809,Mi 3. Dez 08:15:02 CET 2025
21,32.69,3.734455,455.9,500,10.493,32.69,38.87832385163323,6.18832385163323,.189303,Mi 3. Dez 08:15:48 CET 2025
24,32.69,3.734455,455.9,500,10.493,32.69,40.169538128743184,7.479538128743184,.228802,Mi 3. Dez 08:16:12 CET 2025
27,32.69,3.734455,455.9,500,10.493,32.69,41.60627489148091,8.91627489148091,.272752,Mi 3. Dez 08:17:55 CET 2025
30,32.69,3.734455,455.9,500,10.493,32.69,43.19604229410232,10.50604229410232,.321383,Mi 3. Dez 08:21:47 CET 2025
31,32.69,3.734455,455.9,500,10.493,32.69,43.75912887182053,11.06912887182053,.338609,Mi 3. Dez 08:22:16 CET 2025
0,33.19,3.706219,455.9,500,10.493,33.19,33.19000000000002,.00000000000002,0,Mi 3. Dez 08:22:40 CET 2025
3,33.19,3.706219,455.9,500,10.493,33.19,33.87723363679204,.68723363679204,.020706,Mi 3. Dez 08:22:51 CET 2025
6,33.19,3.706219,455.9,500,10.493,33.19,34.62327221158863,1.43327221158863,.043183,Mi 3. Dez 08:24:27 CET 2025
9,33.19,3.706219,455.9,500,10.493,33.19,35.4368898118781,2.2468898118781,.067697,Mi 3. Dez 08:24:46 CET 2025
12,33.19,3.706219,455.9,500,10.493,33.19,36.328557888882166,3.138557888882166,.094563,Mi 3. Dez 08:25:09 CET 2025
15,33.19,3.706219,455.9,500,10.493,33.19,37.31071939345719,4.12071939345719,.124155,Mi 3. Dez 08:27:12 CET 2025
18,33.19,3.706219,455.9,500,10.493,33.19,38.39793920676557,5.20793920676557,.156912,Mi 3. Dez 08:30:58 CET 2025
21,33.19,3.706219,455.9,500,10.493,33.19,39.606690730542155,6.416690730542155,.193332,Mi 3. Dez 08:31:31 CET 2025
27,33.19,3.706219,455.9,500,10.493,33.19,42.45559731554708,9.26559731554708,.279168,Mi 3. Dez 08:31:51 CET 2025
24,33.19,3.706219,455.9,500,10.493,33.19,40.95423909675093,7.76423909675093,.233933,Mi 3. Dez 08:32:06 CET 2025
30,33.19,3.706219,455.9,500,10.493,33.19,44.11705700554012,10.92705700554012,.329227,Mi 3. Dez 08:33:29 CET 2025
31,33.19,3.706219,455.9,500,10.493,33.19,44.70499353943254,11.51499353943254,.346941,Mi 3. Dez 08:33:58 CET 2025
0,33.69,3.678614,455.9,500,10.493,33.69,33.69000000000002,.00000000000002,0,Mi 3. Dez 08:34:17 CET 2025
3,33.69,3.678614,455.9,500,10.493,33.69,34.39853130696341,.70853130696341,.021030,Mi 3. Dez 08:36:12 CET 2025
6,33.69,3.678614,455.9,500,10.493,33.69,35.16869733953556,1.47869733953556,.043891,Mi 3. Dez 08:40:22 CET 2025
9,33.69,3.678614,455.9,500,10.493,33.69,36.00984730916062,2.31984730916062,.068858,Mi 3. Dez 08:40:27 CET 2025
15,33.69,3.678614,455.9,500,10.493,33.69,37.95201169971739,4.26201169971739,.126506,Mi 3. Dez 08:41:08 CET 2025
12,33.69,3.678614,455.9,500,10.493,33.69,36.93317675716592,3.24317675716592,.096265,Mi 3. Dez 08:41:29 CET 2025
18,33.69,3.678614,455.9,500,10.493,33.69,39.08196537429002,5.39196537429002,.160046,Mi 3. Dez 08:42:28 CET 2025
21,33.69,3.678614,455.9,500,10.493,33.69,40.34065970501619,6.65065970501619,.197407,Mi 3. Dez 08:43:07 CET 2025
24,33.69,3.678614,455.9,500,10.493,33.69,41.74635371185264,8.05635371185264,.239131,Mi 3. Dez 08:43:34 CET 2025
27,33.69,3.678614,455.9,500,10.493,33.69,43.31435014815861,9.62435014815861,.285673,Mi 3. Dez 08:45:17 CET 2025
30,33.69,3.678614,455.9,500,10.493,33.69,45.04936216185647,11.35936216185647,.337173,Mi 3. Dez 08:49:14 CET 2025
31,33.69,3.678614,455.9,500,10.493,33.69,45.662625370959816,11.972625370959816,.355376,Mi 3. Dez 08:49:33 CET 2025
3,34.19,3.651617,455.9,500,10.493,34.19,34.920167892096025,.730167892096025,.021356,Mi 3. Dez 08:50:23 CET 2025
0,34.19,3.651617,455.9,500,10.493,34.19,34.19000000000002,.00000000000002,0,Mi 3. Dez 08:50:35 CET 2025
6,34.19,3.651617,455.9,500,10.493,34.19,35.714891376452336,1.524891376452336,.044600,Mi 3. Dez 08:51:54 CET 2025
9,34.19,3.651617,455.9,500,10.493,34.19,36.584130108906784,2.394130108906784,.070024,Mi 3. Dez 08:52:24 CET 2025
12,34.19,3.651617,455.9,500,10.493,34.19,37.53983775064673,3.34983775064673,.097977,Mi 3. Dez 08:52:50 CET 2025
15,34.19,3.651617,455.9,500,10.493,34.19,38.59627461765906,4.40627461765906,.128876,Mi 3. Dez 08:54:26 CET 2025
18,34.19,3.651617,455.9,500,10.493,34.19,39.77015921011052,5.58015921011052,.163210,Mi 3. Dez 08:58:33 CET 2025
21,34.19,3.651617,455.9,500,10.493,34.19,41.08030761390709,6.89030761390709,.201529,Mi 3. Dez 08:58:42 CET 2025
27,34.19,3.651617,455.9,500,10.493,34.19,44.18266473311598,9.99266473311598,.292268,Mi 3. Dez 08:59:24 CET 2025
24,34.19,3.651617,455.9,500,10.493,34.19,42.546000814325545,8.356000814325545,.244398,Mi 3. Dez 08:59:39 CET 2025
30,34.19,3.651617,455.9,500,10.493,34.19,45.99300787282215,11.80300787282215,.345218,Mi 3. Dez 09:00:43 CET 2025
0,34.97,3.610663,455.9,500,10.493,34.97,34.97000000000002,.00000000000002,0,Mi 3. Dez 09:01:52 CET 2025
31,34.19,3.651617,455.9,500,10.493,34.19,46.632002748841614,12.442002748841614,.363907,Mi 3. Dez 09:01:57 CET 2025
3,34.97,3.610663,455.9,500,10.493,34.97,35.734598704651624,.764598704651624,.021864,Mi 3. Dez 09:03:19 CET 2025
6,34.97,3.610663,455.9,500,10.493,34.97,36.5685014207346,1.5985014207346,.045710,Mi 3. Dez 09:07:47 CET 2025
9,34.97,3.610663,455.9,500,10.493,34.97,37.48267972469763,2.51267972469763,.071852,Mi 3. Dez 09:07:49 CET 2025
12,34.97,3.610663,455.9,500,10.493,34.97,38.49035255954986,3.52035255954986,.100667,Mi 3. Dez 09:08:26 CET 2025
15,34.97,3.610663,455.9,500,10.493,34.97,39.607340872417446,4.637340872417446,.132609,Mi 3. Dez 09:09:21 CET 2025
18,34.97,3.610663,455.9,500,10.493,34.97,40.852208761486956,5.882208761486956,.168207,Mi 3. Dez 09:09:46 CET 2025
21,34.97,3.610663,455.9,500,10.493,34.97,42.245740924052264,7.275740924052264,.208056,Mi 3. Dez 09:11:07 CET 2025
24,34.97,3.610663,455.9,500,10.493,34.97,43.80878179458354,8.83878179458354,.252753,Mi 3. Dez 09:11:20 CET 2025
27,34.97,3.610663,455.9,500,10.493,34.97,45.556623106588276,10.586623106588276,.302734,Mi 3. Dez 09:12:27 CET 2025
30,34.97,3.610663,455.9,500,10.493,34.97,47.487811110345774,12.517811110345774,.357958,Mi 3. Dez 09:16:39 CET 2025
31,34.97,3.610663,455.9,500,10.493,34.97,48.16760702636987,13.19760702636987,.377397,Mi 3. Dez 09:17:00 CET 2025
0,32.69,3.967981,514.7,500,10.493,32.69,32.69000000000002,.00000000000002,0,Mi 3. Dez 09:17:30 CET 2025
3,32.69,3.967981,514.7,500,10.493,32.69,33.27746100564386,.58746100564386,.017970,Mi 3. Dez 09:18:42 CET 2025
6,32.69,3.967981,514.7,500,10.493,32.69,33.9082264157782,1.2182264157782,.037266,Mi 3. Dez 09:18:45 CET 2025
12,32.69,3.967981,514.7,500,10.493,32.69,35.32275918840989,2.63275918840989,.080537,Mi 3. Dez 09:20:31 CET 2025
9,32.69,3.967981,514.7,500,10.493,32.69,34.587836454151635,1.897836454151635,.058055,Mi 3. Dez 09:20:36 CET 2025
15,32.69,3.967981,514.7,500,10.493,32.69,36.12053318584917,3.43053318584917,.104941,Mi 3. Dez 09:21:36 CET 2025
18,32.69,3.967981,514.7,500,10.493,32.69,36.98988173595087,4.29988173595087,.131535,Mi 3. Dez 09:25:51 CET 2025
21,32.69,3.967981,514.7,500,10.493,32.69,37.94074158820089,5.25074158820089,.160622,Mi 3. Dez 09:26:00 CET 2025
24,32.69,3.967981,514.7,500,10.493,32.69,38.98407537065695,6.29407537065695,.192538,Mi 3. Dez 09:26:57 CET 2025
30,32.69,3.967981,514.7,500,10.493,32.69,41.39236423588382,8.70236423588382,.266208,Mi 3. Dez 09:27:41 CET 2025
27,32.69,3.967981,514.7,500,10.493,32.69,40.13122119931452,7.44122119931452,.227629,Mi 3. Dez 09:27:46 CET 2025
0,33.19,3.937979,514.7,500,10.493,33.19,33.19000000000002,.00000000000002,0,Mi 3. Dez 09:29:40 CET 2025
31,32.69,3.967981,514.7,500,10.493,32.69,41.83932263551702,9.14932263551702,.279881,Mi 3. Dez 09:29:51 CET 2025
3,33.19,3.937979,514.7,500,10.493,33.19,33.795897490097495,.605897490097495,.018255,Mi 3. Dez 09:30:32 CET 2025
6,33.19,3.937979,514.7,500,10.493,33.19,34.44720140668031,1.25720140668031,.037878,Mi 3. Dez 09:35:00 CET 2025
9,33.19,3.937979,514.7,500,10.493,33.19,35.149819097451825,1.959819097451825,.059048,Mi 3. Dez 09:35:34 CET 2025
12,33.19,3.937979,514.7,500,10.493,33.19,35.910666608614925,2.720666608614925,.081972,Mi 3. Dez 09:35:49 CET 2025
15,33.19,3.937979,514.7,500,10.493,33.19,36.737818785030754,3.547818785030754,.106894,Mi 3. Dez 09:36:58 CET 2025
18,33.19,3.937979,514.7,500,10.493,33.19,37.64063492234073,4.45063492234073,.134095,Mi 3. Dez 09:37:07 CET 2025
24,33.19,3.937979,514.7,500,10.493,33.19,39.71697072587739,6.52697072587739,.196654,Mi 3. Dez 09:38:56 CET 2025
21,33.19,3.937979,514.7,500,10.493,33.19,38.62977680602185,5.43977680602185,.163898,Mi 3. Dez 09:39:04 CET 2025
27,33.19,3.937979,514.7,500,10.493,33.19,40.914227664470445,7.724227664470445,.232727,Mi 3. Dez 09:39:30 CET 2025
30,33.19,3.937979,514.7,500,10.493,33.19,42.232003976698216,9.042003976698216,.272431,Mi 3. Dez 09:44:00 CET 2025
31,33.19,3.937979,514.7,500,10.493,33.19,42.69920810082054,9.50920810082054,.286508,Mi 3. Dez 09:44:27 CET 2025
0,33.69,3.908648,514.7,500,10.493,33.69,33.69000000000002,.00000000000002,0,Mi 3. Dez 09:45:09 CET 2025
6,33.69,3.908648,514.7,500,10.493,33.69,34.98683499258811,1.29683499258811,.038493,Mi 3. Dez 09:46:22 CET 2025
3,33.69,3.908648,514.7,500,10.493,33.69,34.31462885269675,.62462885269675,.018540,Mi 3. Dez 09:46:31 CET 2025
9,33.69,3.908648,514.7,500,10.493,33.69,35.712914593789264,2.022914593789264,.060044,Mi 3. Dez 09:47:44 CET 2025
12,33.69,3.908648,514.7,500,10.493,33.69,36.5002522528832,2.8102522528832,.083415,Mi 3. Dez 09:48:25 CET 2025
15,33.69,3.908648,514.7,500,10.493,33.69,37.357490998894335,3.667490998894335,.108859,Mi 3. Dez 09:48:37 CET 2025
18,33.69,3.908648,514.7,500,10.493,33.69,38.29466187775515,4.60466187775515,.136677,Mi 3. Dez 09:52:50 CET 2025
21,33.69,3.908648,514.7,500,10.493,33.69,39.323191594231446,5.633191594231446,.167206,Mi 3. Dez 09:54:19 CET 2025
24,33.69,3.908648,514.7,500,10.493,33.69,40.45560650229378,6.76560650229378,.200819,Mi 3. Dez 09:54:26 CET 2025
27,33.69,3.908648,514.7,500,10.493,33.69,41.70458517143242,8.01458517143242,.237892,Mi 3. Dez 09:55:34 CET 2025
30,33.69,3.908648,514.7,500,10.493,33.69,43.08077280723532,9.39077280723532,.278740,Mi 3. Dez 09:55:50 CET 2025
31,33.69,3.908648,514.7,500,10.493,33.69,43.568830020636106,9.878830020636106,.293227,Mi 3. Dez 09:56:56 CET 2025
0,34.19,3.879962,514.7,500,10.493,34.19,34.19000000000002,.00000000000002,0,Mi 3. Dez 09:57:31 CET 2025
3,34.19,3.879962,514.7,500,10.493,34.19,34.833655934048075,.643655934048075,.018825,Mi 3. Dez 09:57:43 CET 2025
6,34.19,3.879962,514.7,500,10.493,34.19,35.52713238541651,1.33713238541651,.039108,Mi 3. Dez 10:01:51 CET 2025
9,34.19,3.879962,514.7,500,10.493,34.19,36.277130465761545,2.087130465761545,.061045,Mi 3. Dez 10:03:34 CET 2025
12,34.19,3.879962,514.7,500,10.493,34.19,37.09153152041434,2.90153152041434,.084864,Mi 3. Dez 10:04:08 CET 2025
15,34.19,3.879962,514.7,500,10.493,34.19,37.979576880234234,3.789576880234234,.110838,Mi 3. Dez 10:04:20 CET 2025
18,34.19,3.879962,514.7,500,10.493,34.19,38.95200751033283,4.76200751033283,.139280,Mi 3. Dez 10:04:57 CET 2025
21,34.19,3.879962,514.7,500,10.493,34.19,40.02105570213772,5.83105570213772,.170548,Mi 3. Dez 10:05:51 CET 2025
24,34.19,3.879962,514.7,500,10.493,34.19,41.20007940015662,7.01007940015662,.205033,Mi 3. Dez 10:06:43 CET 2025
27,34.19,3.879962,514.7,500,10.493,34.19,42.5024274354118,8.3124274354118,.243124,Mi 3. Dez 10:07:05 CET 2025
30,34.19,3.879962,514.7,500,10.493,34.19,43.9388301860075,9.7488301860075,.285136,Mi 3. Dez 10:11:09 CET 2025
31,34.19,3.879962,514.7,500,10.493,34.19,44.44833714866715,10.25833714866715,.300039,Mi 3. Dez 10:12:56 CET 2025
0,34.97,3.836447,514.7,500,10.493,34.97,34.97000000000002,.00000000000002,0,Mi 3. Dez 10:13:36 CET 2025
3,34.97,3.836447,514.7,500,10.493,34.97,35.643929889400596,.673929889400596,.019271,Mi 3. Dez 10:13:43 CET 2025
6,34.97,3.836447,514.7,500,10.493,34.97,36.371323308728364,1.401323308728364,.040072,Mi 3. Dez 10:14:24 CET 2025
9,34.97,3.836447,514.7,500,10.493,34.97,37.15955653545767,2.18955653545767,.062612,Mi 3. Dez 10:15:14 CET 2025
12,34.97,3.836447,514.7,500,10.493,34.97,38.01733573916035,3.04733573916035,.087141,Mi 3. Dez 10:16:18 CET 2025
15,34.97,3.836447,514.7,500,10.493,34.97,38.954902491840464,3.984902491840464,.113952,Mi 3. Dez 10:16:41 CET 2025
18,34.97,3.836447,514.7,500,10.493,34.97,39.98418392886524,5.01418392886524,.143385,Mi 3. Dez 10:21:06 CET 2025
21,34.97,3.836447,514.7,500,10.493,34.97,41.11875452914999,6.14875452914999,.175829,Mi 3. Dez 10:22:59 CET 2025
24,34.97,3.836447,514.7,500,10.493,34.97,42.373331822117436,7.403331822117436,.211705,Mi 3. Dez 10:23:10 CET 2025
27,34.97,3.836447,514.7,500,10.493,34.97,43.76226578722762,8.79226578722762,.251423,Mi 3. Dez 10:23:35 CET 2025
30,34.97,3.836447,514.7,500,10.493,34.97,45.296204876820546,10.326204876820546,.295287,Mi 3. Dez 10:24:17 CET 2025
31,34.97,3.836447,514.7,500,10.493,34.97,45.84031122345258,10.87031122345258,.310846,Mi 3. Dez 10:25:18 CET 2025
0,32.69,4.188507,573.5,500,10.493,32.69,32.69000000000002,.00000000000002,0,Mi 3. Dez 10:26:06 CET 2025
3,32.69,4.188507,573.5,500,10.493,32.69,33.21532348479839,.52532348479839,.016069,Mi 3. Dez 10:26:33 CET 2025
6,32.69,4.188507,573.5,500,10.493,32.69,33.775096968345956,1.085096968345956,.033193,Mi 3. Dez 10:31:05 CET 2025
9,32.69,4.188507,573.5,500,10.493,32.69,34.37322809711252,1.68322809711252,.051490,Mi 3. Dez 10:32:16 CET 2025
12,32.69,4.188507,573.5,500,10.493,32.69,35.01420898151421,2.32420898151421,.071098,Mi 3. Dez 10:32:47 CET 2025
15,32.69,4.188507,573.5,500,10.493,32.69,35.70319768156659,3.01319768156659,.092174,Mi 3. Dez 10:33:19 CET 2025
18,32.69,4.188507,573.5,500,10.493,32.69,36.44609282226196,3.75609282226196,.114900,Mi 3. Dez 10:34:15 CET 2025
21,32.69,4.188507,573.5,500,10.493,32.69,37.249581651083155,4.559581651083155,.139479,Mi 3. Dez 10:34:46 CET 2025
24,32.69,4.188507,573.5,500,10.493,32.69,38.121156726405324,5.431156726405324,.166141,Mi 3. Dez 10:35:44 CET 2025
27,32.69,4.188507,573.5,500,10.493,32.69,39.06884223880154,6.37884223880154,.195131,Mi 3. Dez 10:35:51 CET 2025
30,32.69,4.188507,573.5,500,10.493,32.69,40.10084848895824,7.41084848895824,.226700,Mi 3. Dez 10:40:37 CET 2025
31,32.69,4.188507,573.5,500,10.493,32.69,40.46491508234671,7.77491508234671,.237837,Mi 3. Dez 10:41:41 CET 2025
0,33.19,4.156837,573.5,500,10.493,33.19,33.19000000000002,.00000000000002,0,Mi 3. Dez 10:42:10 CET 2025
3,33.19,4.156837,573.5,500,10.493,33.19,33.73177852695116,.54177852695116,.016323,Mi 3. Dez 10:42:38 CET 2025
6,33.19,4.156837,573.5,500,10.493,33.19,34.30967188480038,1.11967188480038,.033735,Mi 3. Dez 10:43:46 CET 2025
9,33.19,4.156837,573.5,500,10.493,33.19,34.92784625627775,1.73784625627775,.052360,Mi 3. Dez 10:44:13 CET 2025
12,33.19,4.156837,573.5,500,10.493,33.19,35.59110007607099,2.40110007607099,.072344,Mi 3. Dez 10:45:05 CET 2025
15,33.19,4.156837,573.5,500,10.493,33.19,36.304955171627356,3.114955171627356,.093852,Mi 3. Dez 10:45:07 CET 2025
18,33.19,4.156837,573.5,500,10.493,33.19,37.07573923210509,3.88573923210509,.117075,Mi 3. Dez 10:50:04 CET 2025
21,33.19,4.156837,573.5,500,10.493,33.19,37.91063502819165,4.72063502819165,.142230,Mi 3. Dez 10:51:11 CET 2025
27,33.19,4.156837,573.5,500,10.493,33.19,39.80538290385009,6.61538290385009,.199318,Mi 3. Dez 10:51:54 CET 2025
24,33.19,4.156837,573.5,500,10.493,33.19,38.81764557679702,5.62764557679702,.169558,Mi 3. Dez 10:52:01 CET 2025
30,33.19,4.156837,573.5,500,10.493,33.19,40.88251135623427,7.69251135623427,.231771,Mi 3. Dez 10:52:34 CET 2025
31,33.19,4.156837,573.5,500,10.493,33.19,41.26279314328826,8.07279314328826,.243229,Mi 3. Dez 10:53:12 CET 2025
0,33.69,4.125876,573.5,500,10.493,33.69,33.69000000000002,.00000000000002,0,Mi 3. Dez 10:54:17 CET 2025
3,33.69,4.125876,573.5,500,10.493,33.69,34.24849538761763,.55849538761763,.016577,Mi 3. Dez 10:54:47 CET 2025
6,33.69,4.125876,573.5,500,10.493,33.69,34.844825014823584,1.154825014823584,.034277,Mi 3. Dez 10:59:28 CET 2025
9,33.69,4.125876,573.5,500,10.493,33.69,35.483426426337104,1.793426426337104,.053233,Mi 3. Dez 11:00:21 CET 2025
15,33.69,4.125876,573.5,500,10.493,33.69,36.90871518933349,3.21871518933349,.095539,Mi 3. Dez 11:01:07 CET 2025
18,33.69,4.125876,573.5,500,10.493,33.69,37.70808682213626,4.01808682213626,.119266,Mi 3. Dez 11:01:39 CET 2025
12,33.69,4.125876,573.5,500,10.493,33.69,36.169421244280855,2.479421244280855,.073595,Mi 3. Dez 11:01:50 CET 2025
21,33.69,4.125876,573.5,500,10.493,33.69,38.57523586647691,4.88523586647691,.145005,Mi 3. Dez 11:02:07 CET 2025
24,33.69,4.125876,573.5,500,10.493,33.69,39.518736730074586,5.828736730074586,.173010,Mi 3. Dez 11:02:54 CET 2025
27,33.69,4.125876,573.5,500,10.493,33.69,40.5477745186415,6.8577745186415,.203555,Mi 3. Dez 11:04:00 CET 2025
30,33.69,4.125876,573.5,500,10.493,33.69,41.671476281457,7.981476281457,.236909,Mi 3. Dez 11:08:59 CET 2025
31,33.69,4.125876,573.5,500,10.493,33.69,42.068492976834975,8.378492976834975,.248693,Mi 3. Dez 11:09:07 CET 2025
3,34.19,4.095596,573.5,500,10.493,34.19,34.76547475930386,.57547475930386,.016831,Mi 3. Dez 11:10:38 CET 2025
0,34.19,4.095596,573.5,500,10.493,34.19,34.19000000000002,.00000000000002,0,Mi 3. Dez 11:10:40 CET 2025
6,34.19,4.095596,573.5,500,10.493,34.19,35.38055905868265,1.19055905868265,.034821,Mi 3. Dez 11:10:48 CET 2025
9,34.19,4.095596,573.5,500,10.493,34.19,36.03997460867343,1.84997460867343,.054108,Mi 3. Dez 11:11:18 CET 2025
12,34.19,4.095596,573.5,500,10.493,34.19,36.7491840399535,2.5591840399535,.074851,Mi 3. Dez 11:12:34 CET 2025
15,34.19,4.095596,573.5,500,10.493,34.19,37.51449884217731,3.32449884217731,.097236,Mi 3. Dez 11:13:10 CET 2025
18,34.19,4.095596,573.5,500,10.493,34.19,38.34317160780508,4.15317160780508,.121473,Mi 3. Dez 11:17:51 CET 2025
21,34.19,4.095596,573.5,500,10.493,34.19,39.243450334801565,5.053450334801565,.147804,Mi 3. Dez 11:18:25 CET 2025
24,34.19,4.095596,573.5,500,10.493,34.19,40.2245071763844,6.0345071763844,.176499,Mi 3. Dez 11:19:31 CET 2025
27,34.19,4.095596,573.5,500,10.493,34.19,41.29612042204265,7.10612042204265,.207842,Mi 3. Dez 11:19:47 CET 2025
30,34.19,4.095596,573.5,500,10.493,34.19,42.46787778066553,8.27787778066553,.242114,Mi 3. Dez 11:20:08 CET 2025
31,34.19,4.095596,573.5,500,10.493,34.19,42.88215966582467,8.69215966582467,.254231,Mi 3. Dez 11:20:12 CET 2025
0,34.97,4.049663,573.5,500,10.493,34.97,34.97000000000002,.00000000000002,0,Mi 3. Dez 11:22:14 CET 2025
3,34.97,4.049663,573.5,500,10.493,34.97,35.57248726926277,.60248726926277,.017228,Mi 3. Dez 11:22:30 CET 2025
6,34.97,4.049663,573.5,500,10.493,34.97,36.217467171450494,1.247467171450494,.035672,Mi 3. Dez 11:27:30 CET 2025
9,34.97,4.049663,573.5,500,10.493,34.97,36.910133225322035,1.940133225322035,.055479,Mi 3. Dez 11:27:35 CET 2025
15,34.97,4.049663,573.5,500,10.493,34.97,38.46360029296122,3.49360029296122,.099902,Mi 3. Dez 11:28:42 CET 2025
12,34.97,4.049663,573.5,500,10.493,34.97,37.65651642039724,2.68651642039724,.076823,Mi 3. Dez 11:28:44 CET 2025
18,34.97,4.049663,573.5,500,10.493,34.97,39.339435911301145,4.369435911301145,.124948,Mi 3. Dez 11:29:01 CET 2025
21,34.97,4.049663,573.5,500,10.493,34.97,40.29318339194982,5.32318339194982,.152221,Mi 3. Dez 11:29:16 CET 2025
24,34.97,4.049663,573.5,500,10.493,34.97,41.335008954464946,6.365008954464946,.182013,Mi 3. Dez 11:31:30 CET 2025
27,34.97,4.049663,573.5,500,10.493,34.97,42.475656006790715,7.505656006790715,.214631,Mi 3. Dez 11:32:22 CET 2025
30,34.97,4.049663,573.5,500,10.493,34.97,43.725389275520435,8.755389275520435,.250368,Mi 3. Dez 11:36:19 CET 2025
31,34.97,4.049663,573.5,500,10.493,34.97,44.16767444039888,9.19767444039888,.263016,Mi 3. Dez 11:36:51 CET 2025
0,32.69,4.397988,632.3,500,10.493,32.69,32.69000000000002,.00000000000002,0,Mi 3. Dez 11:37:49 CET 2025
3,32.69,4.397988,632.3,500,10.493,32.69,33.16507472636055,.47507472636055,.014532,Mi 3. Dez 11:37:50 CET 2025
6,32.69,4.397988,632.3,500,10.493,32.69,33.66820702364692,.97820702364692,.029923,Mi 3. Dez 11:38:18 CET 2025
9,32.69,4.397988,632.3,500,10.493,32.69,34.202255911453065,1.512255911453065,.046260,Mi 3. Dez 11:38:33 CET 2025
12,32.69,4.397988,632.3,500,10.493,32.69,34.770464340133124,2.080464340133124,.063642,Mi 3. Dez 11:40:29 CET 2025
15,32.69,4.397988,632.3,500,10.493,32.69,35.37651130793563,2.68651130793563,.082181,Mi 3. Dez 11:41:15 CET 2025
18,32.69,4.397988,632.3,500,10.493,32.69,36.02455965192929,3.33455965192929,.102005,Mi 3. Dez 11:45:40 CET 2025
21,32.69,4.397988,632.3,500,10.493,32.69,36.71929928073058,4.02929928073058,.123257,Mi 3. Dez 11:46:09 CET 2025
27,32.69,4.397988,632.3,500,10.493,32.69,38.270272176611265,5.580272176611265,.170702,Mi 3. Dez 11:47:01 CET 2025
24,32.69,4.397988,632.3,500,10.493,32.69,37.46596363416803,4.77596363416803,.146098,Mi 3. Dez 11:47:19 CET 2025
30,32.69,4.397988,632.3,500,10.493,32.69,39.138310149511014,6.448310149511014,.197256,Mi 3. Dez 11:47:28 CET 2025
31,32.69,4.397988,632.3,500,10.493,32.69,39.44288263108556,6.75288263108556,.206573,Mi 3. Dez 11:47:40 CET 2025
0,33.19,4.364735,632.3,500,10.493,33.19,33.19000000000002,.00000000000002,0,Mi 3. Dez 11:49:47 CET 2025
3,33.19,4.364735,632.3,500,10.493,33.19,33.67993281697078,.48993281697078,.014761,Mi 3. Dez 11:50:22 CET 2025
6,33.19,4.364735,632.3,500,10.493,33.19,34.19927445263289,1.00927445263289,.030408,Mi 3. Dez 11:54:53 CET 2025
9,33.19,4.364735,632.3,500,10.493,33.19,34.75107133484238,1.56107133484238,.047034,Mi 3. Dez 11:55:05 CET 2025
15,33.19,4.364735,632.3,500,10.493,33.19,35.96635723316656,2.77635723316656,.083650,Mi 3. Dez 11:56:07 CET 2025
12,33.19,4.364735,632.3,500,10.493,33.19,35.338786392018434,2.148786392018434,.064741,Mi 3. Dez 11:56:20 CET 2025
21,33.19,4.364735,632.3,500,10.493,33.19,37.35947775700053,4.16947775700053,.125624,Mi 3. Dez 11:56:48 CET 2025
18,33.19,4.364735,632.3,500,10.493,33.19,36.63824214324288,3.44824214324288,.103894,Mi 3. Dez 11:56:49 CET 2025
24,33.19,4.364735,632.3,500,10.493,33.19,38.13567022471362,4.94567022471362,.149010,Mi 3. Dez 11:58:55 CET 2025
27,33.19,4.364735,632.3,500,10.493,33.19,38.97296034583696,5.78296034583696,.174238,Mi 3. Dez 11:59:52 CET 2025
30,33.19,4.364735,632.3,500,10.493,33.19,39.87783788281046,6.68783788281046,.201501,Mi 3. Dez 12:04:17 CET 2025
31,33.19,4.364735,632.3,500,10.493,33.19,40.19561077153497,7.00561077153497,.211075,Mi 3. Dez 12:04:34 CET 2025
0,33.69,4.332225,632.3,500,10.493,33.69,33.69000000000002,.00000000000002,0,Mi 3. Dez 12:05:19 CET 2025
3,33.69,4.332225,632.3,500,10.493,33.69,34.1950263529186,.5050263529186,.014990,Mi 3. Dez 12:05:21 CET 2025
6,33.69,4.332225,632.3,500,10.493,33.69,34.730857156049865,1.040857156049865,.030895,Mi 3. Dez 12:05:46 CET 2025
9,33.69,4.332225,632.3,500,10.493,33.69,35.300735769788574,1.610735769788574,.047810,Mi 3. Dez 12:06:34 CET 2025
12,33.69,4.332225,632.3,500,10.493,33.69,35.908356612041075,2.218356612041075,.065846,Mi 3. Dez 12:07:46 CET 2025
15,33.69,4.332225,632.3,500,10.493,33.69,36.5579271530069,2.8679271530069,.085126,Mi 3. Dez 12:08:44 CET 2025
18,33.69,4.332225,632.3,500,10.493,33.69,37.25422410577178,3.56422410577178,.105794,Mi 3. Dez 12:13:16 CET 2025
21,33.69,4.332225,632.3,500,10.493,33.69,38.002639675802705,4.312639675802705,.128009,Mi 3. Dez 12:13:50 CET 2025
27,33.69,4.332225,632.3,500,10.493,33.69,39.68044543468122,5.99044543468122,.177810,Mi 3. Dez 12:14:38 CET 2025
30,33.69,4.332225,632.3,500,10.493,33.69,40.62332061324926,6.93332061324926,.205797,Mi 3. Dez 12:14:47 CET 2025
24,33.69,4.332225,632.3,500,10.493,33.69,38.80918932574913,5.11918932574913,.151949,Mi 3. Dez 12:14:59 CET 2025
31,33.69,4.332225,632.3,500,10.493,33.69,40.95471620303194,7.26471620303194,.215634,Mi 3. Dez 12:15:45 CET 2025
0,34.19,4.300431,632.3,500,10.493,34.19,34.19000000000002,.00000000000002,0,Mi 3. Dez 12:16:38 CET 2025
3,34.19,4.300431,632.3,500,10.493,34.19,34.710355856683655,.520355856683655,.015219,Mi 3. Dez 12:18:35 CET 2025
6,34.19,4.300431,632.3,500,10.493,34.19,35.26295543242478,1.07295543242478,.031382,Mi 3. Dez 12:22:27 CET 2025
9,34.19,4.300431,632.3,500,10.493,34.19,35.85125077053452,1.66125077053452,.048588,Mi 3. Dez 12:22:39 CET 2025
15,34.19,4.300431,632.3,500,10.493,34.19,37.15123409262591,2.96123409262591,.086611,Mi 3. Dez 12:23:34 CET 2025
12,34.19,4.300431,632.3,500,10.493,34.19,36.47917975993465,2.28917975993465,.066954,Mi 3. Dez 12:23:57 CET 2025
18,34.19,4.300431,632.3,500,10.493,34.19,37.87252362114142,3.68252362114142,.107707,Mi 3. Dez 12:24:57 CET 2025
21,34.19,4.300431,632.3,500,10.493,34.19,38.64882213850843,4.45882213850843,.130413,Mi 3. Dez 12:25:17 CET 2025
24,34.19,4.300431,632.3,500,10.493,34.19,39.48657242659617,5.29657242659617,.154915,Mi 3. Dez 12:25:45 CET 2025
27,34.19,4.300431,632.3,500,10.493,34.19,40.392800021350226,6.202800021350226,.181421,Mi 3. Dez 12:28:00 CET 2025
30,34.19,4.300431,632.3,500,10.493,34.19,41.374850908812256,7.184850908812256,.210144,Mi 3. Dez 12:31:08 CET 2025
31,34.19,4.300431,632.3,500,10.493,34.19,41.72030423870247,7.53030423870247,.220248,Mi 3. Dez 12:31:39 CET 2025
0,34.97,4.252200,632.3,500,10.493,34.97,34.97000000000002,.00000000000002,0,Mi 3. Dez 12:32:32 CET 2025
3,34.97,4.252200,632.3,500,10.493,34.97,35.514741556092574,.544741556092574,.015577,Mi 3. Dez 12:33:02 CET 2025
6,34.97,4.252200,632.3,500,10.493,34.97,36.094065335270095,1.124065335270095,.032143,Mi 3. Dez 12:34:11 CET 2025
9,34.97,4.252200,632.3,500,10.493,34.97,36.7117660176703,1.7417660176703,.049807,Mi 3. Dez 12:34:44 CET 2025
12,34.97,4.252200,632.3,500,10.493,34.97,37.37218659415922,2.40218659415922,.068692,Mi 3. Dez 12:34:58 CET 2025
15,34.97,4.252200,632.3,500,10.493,34.97,38.08029559334444,3.11029559334444,.088941,Mi 3. Dez 12:37:00 CET 2025
18,34.97,4.252200,632.3,500,10.493,34.97,38.84175766584033,3.87175766584033,.110716,Mi 3. Dez 12:40:02 CET 2025
21,34.97,4.252200,632.3,500,10.493,34.97,39.662985469950854,4.692985469950854,.134200,Mi 3. Dez 12:41:27 CET 2025
24,34.97,4.252200,632.3,500,10.493,34.97,40.55113206299066,5.58113206299066,.159597,Mi 3. Dez 12:41:58 CET 2025
27,34.97,4.252200,632.3,500,10.493,34.97,41.51397272598695,6.54397272598695,.187131,Mi 3. Dez 12:42:26 CET 2025
30,34.97,4.252200,632.3,500,10.493,34.97,42.55955252797516,7.58955252797516,.217030,Mi 3. Dez 12:43:26 CET 2025
31,34.97,4.252200,632.3,500,10.493,34.97,42.927811107104944,7.957811107104944,.227561,Mi 3. Dez 12:43:31 CET 2025
0,32.69,4.598269,691.2,500,10.493,32.69,32.69000000000002,.00000000000002,0,Mi 3. Dez 12:43:46 CET 2025
3,32.69,4.598269,691.2,500,10.493,32.69,33.12353568282326,.43353568282326,.013262,Mi 3. Dez 12:46:59 CET 2025
6,32.69,4.598269,691.2,500,10.493,32.69,33.580356918287784,.890356918287784,.027236,Mi 3. Dez 12:49:52 CET 2025
9,32.69,4.598269,691.2,500,10.493,32.69,34.06261573340386,1.37261573340386,.041988,Mi 3. Dez 12:50:19 CET 2025
12,32.69,4.598269,691.2,500,10.493,32.69,34.57273032127396,1.88273032127396,.057593,Mi 3. Dez 12:50:42 CET 2025
24,32.69,4.598269,691.2,500,10.493,32.69,36.951056834167744,4.261056834167744,.130347,Mi 3. Dez 20:53:36 CET 2025
21,32.69,4.598269,691.2,500,10.493,32.69,36.29898731782553,3.60898731782553,.110400,Mi 3. Dez 20:53:39 CET 2025
3,33.19,4.563501,691.2,500,10.493,33.19,33.63707747564828,.44707747564828,.013470,Mi 3. Dez 20:53:40 CET 2025
31,32.69,4.598269,691.2,500,10.493,32.69,38.65504013566762,5.96504013566762,.182472,Mi 3. Dez 20:53:42 CET 2025
15,32.69,4.598269,691.2,500,10.493,32.69,35.11340838927037,2.42340838927037,.074133,Mi 3. Dez 20:53:44 CET 2025
18,32.69,4.598269,691.2,500,10.493,32.69,35.68769577535688,2.99769577535688,.091700,Mi 3. Dez 20:53:44 CET 2025
12,33.19,4.563501,691.2,500,10.493,33.19,35.13419100841689,1.94419100841689,.058577,Mi 3. Dez 20:53:45 CET 2025
30,32.69,4.598269,691.2,500,10.493,32.69,38.39445315035019,5.70445315035019,.174501,Mi 3. Dez 20:53:45 CET 2025
0,33.19,4.563501,691.2,500,10.493,33.19,33.19000000000002,.00000000000002,0,Mi 3. Dez 20:53:46 CET 2025
9,33.19,4.563501,691.2,500,10.493,33.19,34.606736528548176,1.416736528548176,.042685,Mi 3. Dez 20:53:50 CET 2025
6,33.19,4.563501,691.2,500,10.493,33.19,34.10855844374127,.91855844374127,.027675,Mi 3. Dez 20:53:51 CET 2025
27,32.69,4.598269,691.2,500,10.493,32.69,37.6480528751104,4.9580528751104,.151668,Mi 3. Dez 20:53:53 CET 2025
18,33.19,4.563501,691.2,500,10.493,33.19,36.28888361255494,3.09888361255494,.093367,Mi 3. Dez 21:05:15 CET 2025
24,33.19,4.563501,691.2,500,10.493,33.19,37.600284358701764,4.410284358701764,.132879,Mi 3. Dez 21:05:18 CET 2025
30,33.19,4.563501,691.2,500,10.493,33.19,39.102338187553144,5.912338187553144,.178136,Mi 3. Dez 21:05:18 CET 2025
15,33.19,4.563501,691.2,500,10.493,33.19,35.69382102004066,2.50382102004066,.075439,Mi 3. Dez 21:05:20 CET 2025
21,33.19,4.563501,691.2,500,10.493,33.19,36.92302089012269,3.73302089012269,.112474,Mi 3. Dez 21:05:21 CET 2025
3,33.69,4.529511,691.2,500,10.493,33.69,34.150833046603466,.460833046603466,.013678,Mi 3. Dez 21:05:22 CET 2025
31,33.19,4.563501,691.2,500,10.493,33.19,39.37391027307136,6.18391027307136,.186318,Mi 3. Dez 21:05:25 CET 2025
27,33.19,4.563501,691.2,500,10.493,33.19,38.32512473017606,5.13512473017606,.154719,Mi 3. Dez 21:05:27 CET 2025
9,33.69,4.529511,691.2,500,10.493,33.69,35.15161476851004,1.46161476851004,.043384,Mi 3. Dez 21:05:29 CET 2025
0,33.69,4.529511,691.2,500,10.493,33.69,33.69000000000002,.00000000000002,0,Mi 3. Dez 21:05:30 CET 2025
6,33.69,4.529511,691.2,500,10.493,33.69,34.63722393738467,.94722393738467,.028115,Mi 3. Dez 21:05:32 CET 2025
12,33.69,4.529511,691.2,500,10.493,33.69,35.696755247229675,2.006755247229675,.059565,Mi 3. Dez 21:05:36 CET 2025
15,33.69,4.529511,691.2,500,10.493,33.69,36.27574309454121,2.58574309454121,.076751,Mi 3. Dez 21:16:54 CET 2025
6,34.19,4.496269,691.2,500,10.493,34.19,35.16635348216364,.97635348216364,.028556,Mi 3. Dez 21:16:55 CET 2025
21,33.69,4.529511,691.2,500,10.493,33.69,37.54961272513658,3.85961272513658,.114562,Mi 3. Dez 21:16:58 CET 2025
31,33.69,4.529511,691.2,500,10.493,33.69,40.098075666093365,6.408075666093365,.190207,Mi 3. Dez 21:17:01 CET 2025
18,33.69,4.529511,691.2,500,10.493,33.69,36.89206006872816,3.20206006872816,.095044,Mi 3. Dez 21:17:02 CET 2025
24,33.69,4.529511,691.2,500,10.493,33.69,38.25274258619814,4.56274258619814,.135433,Mi 3. Dez 21:17:03 CET 2025
0,34.19,4.496269,691.2,500,10.493,34.19,34.19000000000002,.00000000000002,0,Mi 3. Dez 21:17:04 CET 2025
30,33.69,4.529511,691.2,500,10.493,33.69,39.815176613828484,6.125176613828484,.181809,Mi 3. Dez 21:17:09 CET 2025
3,34.19,4.496269,691.2,500,10.493,34.19,34.66480276066433,.47480276066433,.013887,Mi 3. Dez 21:17:10 CET 2025
27,33.69,4.529511,691.2,500,10.493,33.69,39.00622072061165,5.31622072061165,.157798,Mi 3. Dez 21:17:10 CET 2025
9,34.19,4.496269,691.2,500,10.493,34.19,35.69725224454822,1.50725224454822,.044084,Mi 3. Dez 21:17:12 CET 2025
12,34.19,4.496269,691.2,500,10.493,34.19,36.26042677266089,2.07042677266089,.060556,Mi 3. Dez 21:17:15 CET 2025
15,34.19,4.496269,691.2,500,10.493,34.19,36.859183075448904,2.669183075448904,.078069,Mi 3. Dez 21:28:21 CET 2025
18,34.19,4.496269,691.2,500,10.493,34.19,37.49724555072999,3.30724555072999,.096731,Mi 3. Dez 21:28:34 CET 2025
21,34.19,4.496269,691.2,500,10.493,34.19,38.17879235986749,3.98879235986749,.116665,Mi 3. Dez 21:28:37 CET 2025
30,34.19,4.496269,691.2,500,10.493,34.19,40.53304760840028,6.34304760840028,.185523,Mi 3. Dez 21:28:41 CET 2025
24,34.19,4.496269,691.2,500,10.493,34.19,38.908474920381664,4.718474920381664,.138007,Mi 3. Dez 21:28:42 CET 2025
31,34.19,4.496269,691.2,500,10.493,34.19,40.8276223262234,6.6376223262234,.194139,Mi 3. Dez 21:28:47 CET 2025
27,34.19,4.496269,691.2,500,10.493,34.19,39.69140033777583,5.50140033777583,.160906,Mi 3. Dez 21:28:47 CET 2025
6,34.97,4.445842,691.2,500,10.493,34.97,35.9927301027358,1.0227301027358,.029245,Mi 3. Dez 21:28:48 CET 2025
9,34.97,4.445842,691.2,500,10.493,34.97,36.54997419564393,1.57997419564393,.045180,Mi 3. Dez 21:28:49 CET 2025
12,34.97,4.445842,691.2,500,10.493,34.97,37.141983342149835,2.171983342149835,.062109,Mi 3. Dez 21:28:49 CET 2025
3,34.97,4.445842,691.2,500,10.493,34.97,35.46702357410274,.49702357410274,.014212,Mi 3. Dez 21:28:50 CET 2025
0,34.97,4.445842,691.2,500,10.493,34.97,34.97000000000002,.00000000000002,0,Mi 3. Dez 21:28:52 CET 2025
15,34.97,4.445842,691.2,500,10.493,34.97,37.77241273490494,2.80241273490494,.080137,Mi 3. Dez 21:40:06 CET 2025
21,34.97,4.445842,691.2,500,10.493,34.97,39.165543391797044,4.195543391797044,.119975,Mi 3. Dez 21:40:12 CET 2025
27,34.97,4.445842,691.2,500,10.493,34.97,40.76857118827672,5.79857118827672,.165815,Mi 3. Dez 21:40:14 CET 2025
24,34.97,4.445842,691.2,500,10.493,34.97,39.93804884996385,4.96804884996385,.142066,Mi 3. Dez 21:40:20 CET 2025
12,32.69,4.751390,738.0,500,10.493,32.69,34.44055478135515,1.75055478135515,.053550,Mi 3. Dez 21:40:24 CET 2025
6,32.69,4.751390,738.0,500,10.493,32.69,33.521057249959455,.831057249959455,.025422,Mi 3. Dez 21:40:25 CET 2025
18,34.97,4.445842,691.2,500,10.493,34.97,38.44538699170576,3.47538699170576,.099381,Mi 3. Dez 21:40:25 CET 2025
30,34.97,4.445842,691.2,500,10.493,34.97,41.66316302929334,6.69316302929334,.191397,Mi 3. Dez 21:40:26 CET 2025
31,34.97,4.445842,691.2,500,10.493,34.97,41.97666757902398,7.00666757902398,.200362,Mi 3. Dez 21:40:29 CET 2025
0,32.69,4.751390,738.0,500,10.493,32.69,32.69000000000002,.00000000000002,0,Mi 3. Dez 21:40:34 CET 2025
9,32.69,4.751390,738.0,500,10.493,32.69,33.96880151869826,1.27880151869826,.039119,Mi 3. Dez 21:40:35 CET 2025
3,32.69,4.751390,738.0,500,10.493,32.69,33.09537304823762,.40537304823762,.012400,Mi 3. Dez 21:40:35 CET 2025
15,32.69,4.751390,738.0,500,10.493,32.69,34.9384878193574,2.2484878193574,.068782,Mi 3. Dez 21:51:35 CET 2025
18,32.69,4.751390,738.0,500,10.493,32.69,35.4650183729037,2.7750183729037,.084888,Mi 3. Dez 21:51:49 CET 2025
21,32.69,4.751390,738.0,500,10.493,32.69,36.022832932438085,3.332832932438085,.101952,Mi 3. Dez 21:51:56 CET 2025
27,32.69,4.751390,738.0,500,10.493,32.69,37.244497361563816,4.554497361563816,.139323,Mi 3. Dez 21:52:02 CET 2025
24,32.69,4.751390,738.0,500,10.493,32.69,36.6149024863664,3.9249024863664,.120064,Mi 3. Dez 21:52:04 CET 2025
30,32.69,4.751390,738.0,500,10.493,32.69,37.91515055228757,5.22515055228757,.159839,Mi 3. Dez 21:52:05 CET 2025
31,32.69,4.751390,738.0,500,10.493,32.69,38.148472480591536,5.458472480591536,.166976,Mi 3. Dez 21:52:06 CET 2025
3,33.19,4.715465,738.0,500,10.493,33.19,33.60802413797667,.41802413797667,.012594,Mi 3. Dez 21:52:09 CET 2025
12,33.19,4.715465,738.0,500,10.493,33.19,34.99747188711489,1.80747188711489,.054458,Mi 3. Dez 21:52:12 CET 2025
0,33.19,4.715465,738.0,500,10.493,33.19,33.19000000000002,.00000000000002,0,Mi 3. Dez 21:52:13 CET 2025
6,33.19,4.715465,738.0,500,10.493,33.19,34.047332926235214,.857332926235214,.025831,Mi 3. Dez 21:52:16 CET 2025
9,33.19,4.715465,738.0,500,10.493,33.19,34.50979009209348,1.31979009209348,.039764,Mi 3. Dez 21:52:19 CET 2025
15,33.19,4.715465,738.0,500,10.493,33.19,35.512703342441995,2.322703342441995,.069982,Mi 3. Dez 22:03:15 CET 2025
18,33.19,4.715465,738.0,500,10.493,33.19,36.05806992269121,2.86806992269121,.086413,Mi 3. Dez 22:03:27 CET 2025
21,33.19,4.715465,738.0,500,10.493,33.19,36.63645185645454,3.44645185645454,.103840,Mi 3. Dez 22:03:33 CET 2025
27,33.19,4.715465,738.0,500,10.493,33.19,37.905332569762976,4.715332569762976,.142070,Mi 3. Dez 22:03:35 CET 2025
31,33.19,4.715465,738.0,500,10.493,33.19,38.84609121005601,5.65609121005601,.170415,Mi 3. Dez 22:03:46 CET 2025
0,33.69,4.680342,738.0,500,10.493,33.69,33.69000000000002,.00000000000002,0,Mi 3. Dez 22:03:47 CET 2025
30,33.19,4.715465,738.0,500,10.493,33.19,38.603132094668034,5.413132094668034,.163095,Mi 3. Dez 22:03:48 CET 2025
24,33.19,4.715465,738.0,500,10.493,33.19,37.25103839747922,4.06103839747922,.122357,Mi 3. Dez 22:03:50 CET 2025
12,33.69,4.680342,738.0,500,10.493,33.69,35.555402410954954,1.865402410954954,.055369,Mi 3. Dez 22:03:53 CET 2025
6,33.69,4.680342,738.0,500,10.493,33.69,34.57403886188449,.88403886188449,.026240,Mi 3. Dez 22:03:54 CET 2025
9,33.69,4.680342,738.0,500,10.493,33.69,35.05147518562424,1.36147518562424,.040411,Mi 3. Dez 22:03:55 CET 2025
3,33.69,4.680342,738.0,500,10.493,33.69,34.12087481969739,.43087481969739,.012789,Mi 3. Dez 22:04:01 CET 2025
15,33.69,4.680342,738.0,500,10.493,33.69,36.08829319470799,2.39829319470799,.071187,Mi 3. Dez 22:14:53 CET 2025
21,33.69,4.680342,738.0,500,10.493,33.69,37.252367102558,3.562367102558,.105739,Mi 3. Dez 22:15:08 CET 2025
18,33.69,4.680342,738.0,500,10.493,33.69,36.65292060272589,2.96292060272589,.087946,Mi 3. Dez 22:15:10 CET 2025
27,33.69,4.680342,738.0,500,10.493,33.69,38.56972788974088,4.87972788974088,.144842,Mi 3. Dez 22:15:15 CET 2025
24,33.69,4.680342,738.0,500,10.493,33.69,37.89005075793691,4.20005075793691,.124667,Mi 3. Dez 22:15:23 CET 2025
31,33.69,4.680342,738.0,500,10.493,33.69,39.54835442283899,5.85835442283899,.173890,Mi 3. Dez 22:15:23 CET 2025
30,33.69,4.680342,738.0,500,10.493,33.69,39.295466441477515,5.605466441477515,.166383,Mi 3. Dez 22:15:27 CET 2025
0,34.19,4.645993,738.0,500,10.493,34.19,34.19000000000002,.00000000000002,0,Mi 3. Dez 22:15:30 CET 2025
6,34.19,4.645993,738.0,500,10.493,34.19,35.101175357136626,.911175357136626,.026650,Mi 3. Dez 22:15:32 CET 2025
3,34.19,4.645993,738.0,500,10.493,34.19,34.63392470761183,.44392470761183,.012984,Mi 3. Dez 22:15:32 CET 2025
9,34.19,4.645993,738.0,500,10.493,34.19,35.593861308142564,1.403861308142564,.041060,Mi 3. Dez 22:15:36 CET 2025
12,34.19,4.645993,738.0,500,10.493,34.19,36.11434288711595,1.92434288711595,.056283,Mi 3. Dez 22:15:39 CET 2025
15,34.19,4.645993,738.0,500,10.493,34.19,36.66526433234436,2.47526433234436,.072397,Mi 3. Dez 22:26:34 CET 2025
21,34.19,4.645993,738.0,500,10.493,34.19,37.87059907688857,3.68059907688857,.107651,Mi 3. Dez 22:26:50 CET 2025
18,34.19,4.645993,738.0,500,10.493,34.19,37.249583268019975,3.059583268019975,.089487,Mi 3. Dez 22:26:53 CET 2025
24,34.19,4.645993,738.0,500,10.493,34.19,38.53197251521253,4.34197251521253,.126995,Mi 3. Dez 22:26:59 CET 2025
27,34.19,4.645993,738.0,500,10.493,34.19,39.237726591582415,5.047726591582415,.147637,Mi 3. Dez 22:27:01 CET 2025
30,34.19,4.645993,738.0,500,10.493,34.19,39.9922129312919,5.8022129312919,.169704,Mi 3. Dez 22:27:04 CET 2025
31,34.19,4.645993,738.0,500,10.493,34.19,40.25532646450934,6.06532646450934,.177400,Mi 3. Dez 22:27:06 CET 2025
3,34.97,4.593887,738.0,500,10.493,34.97,35.43468119416587,.46468119416587,.013287,Mi 3. Dez 22:27:08 CET 2025
0,34.97,4.593887,738.0,500,10.493,34.97,34.97000000000002,.00000000000002,0,Mi 3. Dez 22:27:10 CET 2025
6,34.97,4.593887,738.0,500,10.493,34.97,35.92437156805976,.95437156805976,.027291,Mi 3. Dez 22:27:14 CET 2025
12,34.97,4.593887,738.0,500,10.493,34.97,36.9883309903658,2.0183309903658,.057716,Mi 3. Dez 22:27:16 CET 2025
9,34.97,4.593887,738.0,500,10.493,34.97,36.441387436633484,1.471387436633484,.042075,Mi 3. Dez 22:27:24 CET 2025
15,34.97,4.593887,738.0,500,10.493,34.97,37.56812067165912,2.59812067165912,.074295,Mi 3. Dez 22:38:14 CET 2025
18,34.97,4.593887,738.0,500,10.493,34.97,38.184031377957524,3.214031377957524,.091908,Mi 3. Dez 22:38:22 CET 2025
0,32.69,3.591226,421.6,550,10.493,32.69,32.69000000000002,.00000000000002,0,Mi 3. Dez 22:38:36 CET 2025
24,34.97,4.593887,738.0,500,10.493,34.97,39.53926059853652,4.56926059853652,.130662,Mi 3. Dez 22:38:36 CET 2025
21,34.97,4.593887,738.0,500,10.493,34.97,38.839722709638366,3.869722709638366,.110658,Mi 3. Dez 22:38:39 CET 2025
30,34.97,4.593887,738.0,500,10.493,34.97,41.08810262761407,6.11810262761407,.174952,Mi 3. Dez 22:38:40 CET 2025
6,32.69,3.591226,421.6,550,10.493,32.69,34.201994851433454,1.511994851433454,.046252,Mi 3. Dez 22:38:46 CET 2025
3,32.69,3.591226,421.6,550,10.493,32.69,33.41284414603679,.72284414603679,.022112,Mi 3. Dez 22:38:47 CET 2025
12,32.69,3.591226,421.6,550,10.493,32.69,36.023923594325,3.333923594325,.101986,Mi 3. Dez 22:38:48 CET 2025
9,32.69,3.591226,421.6,550,10.493,32.69,35.068078836812674,2.378078836812674,.072746,Mi 3. Dez 22:38:51 CET 2025
31,34.97,4.593887,738.0,500,10.493,34.97,41.36777783909725,6.39777783909725,.182950,Mi 3. Dez 22:38:52 CET 2025
27,34.97,4.593887,738.0,500,10.493,34.97,40.287113410213834,5.317113410213834,.152047,Mi 3. Dez 22:39:00 CET 2025
15,32.69,3.591226,421.6,550,10.493,32.69,37.084910867035,4.394910867035,.134442,Mi 3. Dez 22:49:46 CET 2025
18,32.69,3.591226,421.6,550,10.493,32.69,38.26908409628068,5.57908409628068,.170666,Mi 3. Dez 22:49:48 CET 2025
21,32.69,3.591226,421.6,550,10.493,32.69,39.596593280638906,6.906593280638906,.211275,Mi 3. Dez 22:49:57 CET 2025
24,32.69,3.591226,421.6,550,10.493,32.69,41.08740061776442,8.39740061776442,.256879,Mi 3. Dez 22:50:08 CET 2025
30,32.69,3.591226,421.6,550,10.493,32.69,44.59694205045441,11.90694205045441,.364238,Mi 3. Dez 22:50:14 CET 2025
3,33.19,3.564073,421.6,550,10.493,33.19,33.93562312746083,.74562312746083,.022465,Mi 3. Dez 22:50:17 CET 2025
0,33.19,3.564073,421.6,550,10.493,33.19,33.19000000000002,.00000000000002,0,Mi 3. Dez 22:50:19 CET 2025
27,32.69,3.591226,421.6,550,10.493,32.69,42.75541683662154,10.06541683662154,.307905,Mi 3. Dez 22:50:22 CET 2025
9,33.19,3.564073,421.6,550,10.493,33.19,35.6468781783736,2.4568781783736,.074024,Mi 3. Dez 22:50:23 CET 2025
31,32.69,3.591226,421.6,550,10.493,32.69,45.24415780279165,12.55415780279165,.384036,Mi 3. Dez 22:50:28 CET 2025
6,33.19,3.564073,421.6,550,10.493,33.19,34.75080141620945,1.56080141620945,.047026,Mi 3. Dez 22:50:29 CET 2025
12,33.19,3.564073,421.6,550,10.493,33.19,36.63758208092976,3.44758208092976,.103874,Mi 3. Dez 22:50:33 CET 2025
15,33.19,3.564073,421.6,550,10.493,33.19,37.73941141853495,4.54941141853495,.137071,Mi 3. Dez 23:01:12 CET 2025
18,33.19,3.564073,421.6,550,10.493,33.19,38.97172228346876,5.78172228346876,.174200,Mi 3. Dez 23:01:21 CET 2025
21,33.19,3.564073,421.6,550,10.493,33.19,40.35603057245489,7.16603057245489,.215909,Mi 3. Dez 23:01:27 CET 2025
31,33.19,3.564073,421.6,550,10.493,33.19,46.25256329506157,13.06256329506157,.393569,Mi 3. Dez 23:01:41 CET 2025
30,33.19,3.564073,421.6,550,10.493,33.19,45.578758013842865,12.388758013842865,.373267,Mi 3. Dez 23:01:44 CET 2025
24,33.19,3.564073,421.6,550,10.493,33.19,41.913247532322,8.723247532322,.262827,Mi 3. Dez 23:01:44 CET 2025
27,33.19,3.564073,421.6,550,10.493,33.19,43.656707250926054,10.466707250926054,.315357,Mi 3. Dez 23:01:47 CET 2025
6,33.69,3.537527,421.6,550,10.493,33.69,35.30045602470259,1.61045602470259,.047802,Mi 3. Dez 23:01:55 CET 2025
3,33.69,3.537527,421.6,550,10.493,33.69,34.45877111950715,.76877111950715,.022818,Mi 3. Dez 23:01:57 CET 2025
0,33.69,3.537527,421.6,550,10.493,33.69,33.69000000000002,.00000000000002,0,Mi 3. Dez 23:01:58 CET 2025
9,33.69,3.537527,421.6,550,10.493,33.69,36.22715214300188,2.53715214300188,.075308,Mi 3. Dez 23:02:08 CET 2025
12,33.69,3.537527,421.6,550,10.493,33.69,37.25353984074873,3.56353984074873,.105774,Mi 3. Dez 23:02:12 CET 2025
15,33.69,3.537527,421.6,550,10.493,33.69,38.39729102538152,4.70729102538152,.139723,Mi 3. Dez 23:12:32 CET 2025
18,33.69,3.537527,421.6,550,10.493,33.69,39.679153962358,5.989153962358,.177772,Mi 3. Dez 23:12:54 CET 2025
21,33.69,3.537527,421.6,550,10.493,33.69,41.12205882963995,7.43205882963995,.220601,Mi 3. Dez 23:12:59 CET 2025
24,33.69,3.537527,421.6,550,10.493,33.69,42.747811119120854,9.057811119120854,.268857,Mi 3. Dez 23:13:17 CET 2025
30,33.69,3.537527,421.6,550,10.493,33.69,46.57275317540846,12.88275317540846,.382391,Mi 3. Dez 23:13:19 CET 2025
27,33.69,3.537527,421.6,550,10.493,33.69,44.56884272023122,10.87884272023122,.322910,Mi 3. Dez 23:13:20 CET 2025
31,33.69,3.537527,421.6,550,10.493,33.69,47.273235624176394,13.583235624176394,.403183,Mi 3. Dez 23:13:21 CET 2025
0,34.19,3.511565,421.6,550,10.493,34.19,34.19000000000002,.00000000000002,0,Mi 3. Dez 23:13:25 CET 2025
9,34.19,3.511565,421.6,550,10.493,34.19,36.80890873086133,2.61890873086133,.076598,Mi 3. Dez 23:13:27 CET 2025
6,34.19,3.511565,421.6,550,10.493,34.19,35.85096248890048,1.66096248890048,.048580,Mi 3. Dez 23:13:35 CET 2025
3,34.19,3.511565,421.6,550,10.493,34.19,34.98228918377104,.79228918377104,.023173,Mi 3. Dez 23:13:35 CET 2025
12,34.19,3.511565,421.6,550,10.493,34.19,37.87181376873841,3.68181376873841,.107686,Mi 3. Dez 23:13:48 CET 2025
15,34.19,3.511565,421.6,550,10.493,34.19,39.058594832876466,4.868594832876466,.142398,Mi 3. Dez 23:24:04 CET 2025
18,34.19,3.511565,421.6,550,10.493,34.19,40.39145611284741,6.20145611284741,.181382,Mi 3. Dez 23:24:17 CET 2025
21,34.19,3.511565,421.6,550,10.493,34.19,41.89479138108182,7.70479138108182,.225352,Mi 3. Dez 23:24:27 CET 2025
24,34.19,3.511565,421.6,550,10.493,34.19,43.591229039907645,9.401229039907645,.274970,Mi 3. Dez 23:24:51 CET 2025
31,34.19,3.511565,421.6,550,10.493,34.19,48.30594743098487,14.11594743098487,.412867,Mi 3. Dez 23:24:56 CET 2025
27,34.19,3.511565,421.6,550,10.493,34.19,45.49190996390992,11.30190996390992,.330561,Mi 3. Dez 23:24:56 CET 2025
3,34.97,3.472182,421.6,550,10.493,34.97,35.79971770458346,.82971770458346,.023726,Mi 3. Dez 23:25:00 CET 2025
30,34.19,3.511565,421.6,550,10.493,34.19,47.57881874048392,13.38881874048392,.391600,Mi 3. Dez 23:25:01 CET 2025
0,34.97,3.472182,421.6,550,10.493,34.97,34.97000000000002,.00000000000002,0,Mi 3. Dez 23:25:02 CET 2025
6,34.97,3.472182,421.6,550,10.493,34.97,36.711462386563745,1.741462386563745,.049798,Mi 3. Dez 23:25:06 CET 2025
9,34.97,3.472182,421.6,550,10.493,34.97,37.71943816410425,2.74943816410425,.078622,Mi 3. Dez 23:25:09 CET 2025
12,34.97,3.472182,421.6,550,10.493,34.97,38.84100641636147,3.87100641636147,.110695,Mi 3. Dez 23:25:24 CET 2025
15,34.97,3.472182,421.6,550,10.493,34.97,40.09716443510588,5.12716443510588,.146616,Mi 3. Dez 23:35:40 CET 2025
21,34.97,3.472182,421.6,550,10.493,34.97,43.1139000148611,8.1439000148611,.232882,Mi 3. Dez 23:35:50 CET 2025
18,34.97,3.472182,421.6,550,10.493,34.97,41.51254205750275,6.54254205750275,.187090,Mi 3. Dez 23:35:51 CET 2025
24,34.97,3.472182,421.6,550,10.493,34.97,44.9249410287091,9.9549410287091,.284670,Mi 3. Dez 23:36:13 CET 2025
30,34.97,3.472182,421.6,550,10.493,34.97,49.17197306697435,14.20197306697435,.406118,Mi 3. Dez 23:36:26 CET 2025
0,32.69,3.734455,455.9,550,10.493,32.69,32.69000000000002,.00000000000002,0,Mi 3. Dez 23:36:27 CET 2025
3,32.69,3.734455,455.9,550,10.493,32.69,33.35627358676717,.66627358676717,.020381,Mi 3. Dez 23:36:31 CET 2025
31,34.97,3.472182,421.6,550,10.493,34.97,49.94036717149515,14.97036717149515,.428091,Mi 3. Dez 23:36:32 CET 2025
27,34.97,3.472182,421.6,550,10.493,34.97,46.953875512565155,11.983875512565155,.342690,Mi 3. Dez 23:36:33 CET 2025
9,32.69,3.734455,455.9,550,10.493,32.69,34.865249835902574,2.175249835902574,.066541,Mi 3. Dez 23:36:48 CET 2025
6,32.69,3.734455,455.9,550,10.493,32.69,34.078616889687055,1.388616889687055,.042478,Mi 3. Dez 23:36:54 CET 2025
12,32.69,3.734455,455.9,550,10.493,32.69,35.72596380096918,3.03596380096918,.092871,Mi 3. Dez 23:36:58 CET 2025
15,32.69,3.734455,455.9,550,10.493,32.69,36.67236430540367,3.98236430540367,.121822,Mi 3. Dez 23:47:05 CET 2025
18,32.69,3.734455,455.9,550,10.493,32.69,37.718023434979514,5.028023434979514,.153809,Mi 3. Dez 23:47:21 CET 2025
21,32.69,3.734455,455.9,550,10.493,32.69,38.87832385163323,6.18832385163323,.189303,Mi 3. Dez 23:47:23 CET 2025
24,32.69,3.734455,455.9,550,10.493,32.69,40.169538128743184,7.479538128743184,.228802,Mi 3. Dez 23:47:49 CET 2025
27,32.69,3.734455,455.9,550,10.493,32.69,41.60627489148091,8.91627489148091,.272752,Mi 3. Dez 23:47:57 CET 2025
30,32.69,3.734455,455.9,550,10.493,32.69,43.19604229410232,10.50604229410232,.321383,Mi 3. Dez 23:47:58 CET 2025
0,33.19,3.706219,455.9,550,10.493,33.19,33.19000000000002,.00000000000002,0,Mi 3. Dez 23:48:01 CET 2025
31,32.69,3.734455,455.9,550,10.493,32.69,43.75912887182053,11.06912887182053,.338609,Mi 3. Dez 23:48:06 CET 2025
3,33.19,3.706219,455.9,550,10.493,33.19,33.87723363679204,.68723363679204,.020706,Mi 3. Dez 23:48:13 CET 2025
6,33.19,3.706219,455.9,550,10.493,33.19,34.62327221158863,1.43327221158863,.043183,Mi 3. Dez 23:48:23 CET 2025
9,33.19,3.706219,455.9,550,10.493,33.19,35.4368898118781,2.2468898118781,.067697,Mi 3. Dez 23:48:26 CET 2025
12,33.19,3.706219,455.9,550,10.493,33.19,36.328557888882166,3.138557888882166,.094563,Mi 3. Dez 23:48:31 CET 2025
15,33.19,3.706219,455.9,550,10.493,33.19,37.31071939345719,4.12071939345719,.124155,Mi 3. Dez 23:58:39 CET 2025
21,33.19,3.706219,455.9,550,10.493,33.19,39.606690730542155,6.416690730542155,.193332,Mi 3. Dez 23:58:50 CET 2025
18,33.19,3.706219,455.9,550,10.493,33.19,38.39793920676557,5.20793920676557,.156912,Mi 3. Dez 23:58:55 CET 2025
24,33.19,3.706219,455.9,550,10.493,33.19,40.95423909675093,7.76423909675093,.233933,Mi 3. Dez 23:59:21 CET 2025
31,33.19,3.706219,455.9,550,10.493,33.19,44.70499353943254,11.51499353943254,.346941,Mi 3. Dez 23:59:29 CET 2025
30,33.19,3.706219,455.9,550,10.493,33.19,44.11705700554012,10.92705700554012,.329227,Mi 3. Dez 23:59:35 CET 2025
27,33.19,3.706219,455.9,550,10.493,33.19,42.45559731554708,9.26559731554708,.279168,Mi 3. Dez 23:59:37 CET 2025
0,33.69,3.678614,455.9,550,10.493,33.69,33.69000000000002,.00000000000002,0,Mi 3. Dez 23:59:44 CET 2025
3,33.69,3.678614,455.9,550,10.493,33.69,34.39853130696341,.70853130696341,.021030,Mi 3. Dez 23:59:50 CET 2025
9,33.69,3.678614,455.9,550,10.493,33.69,36.00984730916062,2.31984730916062,.068858,Mi 3. Dez 23:59:56 CET 2025
12,33.69,3.678614,455.9,550,10.493,33.69,36.93317675716592,3.24317675716592,.096265,Do 4. Dez 00:00:00 CET 2025
6,33.69,3.678614,455.9,550,10.493,33.69,35.16869733953556,1.47869733953556,.043891,Do 4. Dez 00:00:02 CET 2025
15,33.69,3.678614,455.9,550,10.493,33.69,37.95201169971739,4.26201169971739,.126506,Do 4. Dez 00:10:16 CET 2025
18,33.69,3.678614,455.9,550,10.493,33.69,39.08196537429002,5.39196537429002,.160046,Do 4. Dez 00:10:21 CET 2025
21,33.69,3.678614,455.9,550,10.493,33.69,40.34065970501619,6.65065970501619,.197407,Do 4. Dez 00:10:32 CET 2025
24,33.69,3.678614,455.9,550,10.493,33.69,41.74635371185264,8.05635371185264,.239131,Do 4. Dez 00:10:56 CET 2025
27,33.69,3.678614,455.9,550,10.493,33.69,43.31435014815861,9.62435014815861,.285673,Do 4. Dez 00:11:06 CET 2025
30,33.69,3.678614,455.9,550,10.493,33.69,45.04936216185647,11.35936216185647,.337173,Do 4. Dez 00:11:06 CET 2025
31,33.69,3.678614,455.9,550,10.493,33.69,45.662625370959816,11.972625370959816,.355376,Do 4. Dez 00:11:09 CET 2025
0,34.19,3.651617,455.9,550,10.493,34.19,34.19000000000002,.00000000000002,0,Do 4. Dez 00:11:20 CET 2025
3,34.19,3.651617,455.9,550,10.493,34.19,34.920167892096025,.730167892096025,.021356,Do 4. Dez 00:11:22 CET 2025
9,34.19,3.651617,455.9,550,10.493,34.19,36.584130108906784,2.394130108906784,.070024,Do 4. Dez 00:11:26 CET 2025
6,34.19,3.651617,455.9,550,10.493,34.19,35.714891376452336,1.524891376452336,.044600,Do 4. Dez 00:11:34 CET 2025
12,34.19,3.651617,455.9,550,10.493,34.19,37.53983775064673,3.34983775064673,.097977,Do 4. Dez 00:11:37 CET 2025
15,34.19,3.651617,455.9,550,10.493,34.19,38.59627461765906,4.40627461765906,.128876,Do 4. Dez 00:21:54 CET 2025
18,34.19,3.651617,455.9,550,10.493,34.19,39.77015921011052,5.58015921011052,.163210,Do 4. Dez 00:22:01 CET 2025
21,34.19,3.651617,455.9,550,10.493,34.19,41.08030761390709,6.89030761390709,.201529,Do 4. Dez 00:22:08 CET 2025
24,34.19,3.651617,455.9,550,10.493,34.19,42.546000814325545,8.356000814325545,.244398,Do 4. Dez 00:22:24 CET 2025
27,34.19,3.651617,455.9,550,10.493,34.19,44.18266473311598,9.99266473311598,.292268,Do 4. Dez 00:22:37 CET 2025
31,34.19,3.651617,455.9,550,10.493,34.19,46.632002748841614,12.442002748841614,.363907,Do 4. Dez 00:22:45 CET 2025
30,34.19,3.651617,455.9,550,10.493,34.19,45.99300787282215,11.80300787282215,.345218,Do 4. Dez 00:22:48 CET 2025
3,34.97,3.610663,455.9,550,10.493,34.97,35.734598704651624,.764598704651624,.021864,Do 4. Dez 00:22:50 CET 2025
0,34.97,3.610663,455.9,550,10.493,34.97,34.97000000000002,.00000000000002,0,Do 4. Dez 00:22:58 CET 2025
6,34.97,3.610663,455.9,550,10.493,34.97,36.5685014207346,1.5985014207346,.045710,Do 4. Dez 00:23:03 CET 2025
9,34.97,3.610663,455.9,550,10.493,34.97,37.48267972469763,2.51267972469763,.071852,Do 4. Dez 00:23:14 CET 2025
12,34.97,3.610663,455.9,550,10.493,34.97,38.49035255954986,3.52035255954986,.100667,Do 4. Dez 00:23:17 CET 2025
15,34.97,3.610663,455.9,550,10.493,34.97,39.607340872417446,4.637340872417446,.132609,Do 4. Dez 00:33:34 CET 2025
18,34.97,3.610663,455.9,550,10.493,34.97,40.852208761486956,5.882208761486956,.168207,Do 4. Dez 00:33:46 CET 2025
21,34.97,3.610663,455.9,550,10.493,34.97,42.245740924052264,7.275740924052264,.208056,Do 4. Dez 00:33:49 CET 2025
24,34.97,3.610663,455.9,550,10.493,34.97,43.80878179458354,8.83878179458354,.252753,Do 4. Dez 00:34:03 CET 2025
27,34.97,3.610663,455.9,550,10.493,34.97,45.556623106588276,10.586623106588276,.302734,Do 4. Dez 00:34:11 CET 2025
31,34.97,3.610663,455.9,550,10.493,34.97,48.16760702636987,13.19760702636987,.377397,Do 4. Dez 00:34:30 CET 2025
30,34.97,3.610663,455.9,550,10.493,34.97,47.487811110345774,12.517811110345774,.357958,Do 4. Dez 00:34:33 CET 2025
0,32.69,3.967981,514.7,550,10.493,32.69,32.69000000000002,.00000000000002,0,Do 4. Dez 00:34:37 CET 2025
6,32.69,3.967981,514.7,550,10.493,32.69,33.9082264157782,1.2182264157782,.037266,Do 4. Dez 00:34:42 CET 2025
3,32.69,3.967981,514.7,550,10.493,32.69,33.27746100564386,.58746100564386,.017970,Do 4. Dez 00:34:43 CET 2025
9,32.69,3.967981,514.7,550,10.493,32.69,34.587836454151635,1.897836454151635,.058055,Do 4. Dez 00:35:06 CET 2025
12,32.69,3.967981,514.7,550,10.493,32.69,35.32275918840989,2.63275918840989,.080537,Do 4. Dez 00:35:11 CET 2025
15,32.69,3.967981,514.7,550,10.493,32.69,36.12053318584917,3.43053318584917,.104941,Do 4. Dez 00:45:14 CET 2025
18,32.69,3.967981,514.7,550,10.493,32.69,36.98988173595087,4.29988173595087,.131535,Do 4. Dez 00:45:18 CET 2025
21,32.69,3.967981,514.7,550,10.493,32.69,37.94074158820089,5.25074158820089,.160622,Do 4. Dez 00:45:22 CET 2025
24,32.69,3.967981,514.7,550,10.493,32.69,38.98407537065695,6.29407537065695,.192538,Do 4. Dez 00:45:38 CET 2025
27,32.69,3.967981,514.7,550,10.493,32.69,40.13122119931452,7.44122119931452,.227629,Do 4. Dez 00:45:46 CET 2025
30,32.69,3.967981,514.7,550,10.493,32.69,41.39236423588382,8.70236423588382,.266208,Do 4. Dez 00:46:01 CET 2025
31,32.69,3.967981,514.7,550,10.493,32.69,41.83932263551702,9.14932263551702,.279881,Do 4. Dez 00:46:08 CET 2025
0,33.19,3.937979,514.7,550,10.493,33.19,33.19000000000002,.00000000000002,0,Do 4. Dez 00:46:12 CET 2025
3,33.19,3.937979,514.7,550,10.493,33.19,33.795897490097495,.605897490097495,.018255,Do 4. Dez 00:46:21 CET 2025
6,33.19,3.937979,514.7,550,10.493,33.19,34.44720140668031,1.25720140668031,.037878,Do 4. Dez 00:46:24 CET 2025
9,33.19,3.937979,514.7,550,10.493,33.19,35.149819097451825,1.959819097451825,.059048,Do 4. Dez 00:46:39 CET 2025
12,33.19,3.937979,514.7,550,10.493,33.19,35.910666608614925,2.720666608614925,.081972,Do 4. Dez 00:46:53 CET 2025
15,33.19,3.937979,514.7,550,10.493,33.19,36.737818785030754,3.547818785030754,.106894,Do 4. Dez 00:56:45 CET 2025
18,33.19,3.937979,514.7,550,10.493,33.19,37.64063492234073,4.45063492234073,.134095,Do 4. Dez 00:56:58 CET 2025
21,33.19,3.937979,514.7,550,10.493,33.19,38.62977680602185,5.43977680602185,.163898,Do 4. Dez 00:56:58 CET 2025
24,33.19,3.937979,514.7,550,10.493,33.19,39.71697072587739,6.52697072587739,.196654,Do 4. Dez 00:57:13 CET 2025
27,33.19,3.937979,514.7,550,10.493,33.19,40.914227664470445,7.724227664470445,.232727,Do 4. Dez 00:57:25 CET 2025
30,33.19,3.937979,514.7,550,10.493,33.19,42.232003976698216,9.042003976698216,.272431,Do 4. Dez 00:57:28 CET 2025
31,33.19,3.937979,514.7,550,10.493,33.19,42.69920810082054,9.50920810082054,.286508,Do 4. Dez 00:57:42 CET 2025
0,33.69,3.908648,514.7,550,10.493,33.69,33.69000000000002,.00000000000002,0,Do 4. Dez 00:57:47 CET 2025
3,33.69,3.908648,514.7,550,10.493,33.69,34.31462885269675,.62462885269675,.018540,Do 4. Dez 00:57:56 CET 2025
6,33.69,3.908648,514.7,550,10.493,33.69,34.98683499258811,1.29683499258811,.038493,Do 4. Dez 00:58:07 CET 2025
9,33.69,3.908648,514.7,550,10.493,33.69,35.712914593789264,2.022914593789264,.060044,Do 4. Dez 00:58:17 CET 2025
12,33.69,3.908648,514.7,550,10.493,33.69,36.5002522528832,2.8102522528832,.083415,Do 4. Dez 00:58:30 CET 2025
15,33.69,3.908648,514.7,550,10.493,33.69,37.357490998894335,3.667490998894335,.108859,Do 4. Dez 01:08:12 CET 2025
21,33.69,3.908648,514.7,550,10.493,33.69,39.323191594231446,5.633191594231446,.167206,Do 4. Dez 01:08:34 CET 2025
18,33.69,3.908648,514.7,550,10.493,33.69,38.29466187775515,4.60466187775515,.136677,Do 4. Dez 01:08:39 CET 2025
24,33.69,3.908648,514.7,550,10.493,33.69,40.45560650229378,6.76560650229378,.200819,Do 4. Dez 01:08:57 CET 2025
27,33.69,3.908648,514.7,550,10.493,33.69,41.70458517143242,8.01458517143242,.237892,Do 4. Dez 01:09:07 CET 2025
31,33.69,3.908648,514.7,550,10.493,33.69,43.568830020636106,9.878830020636106,.293227,Do 4. Dez 01:09:08 CET 2025
30,33.69,3.908648,514.7,550,10.493,33.69,43.08077280723532,9.39077280723532,.278740,Do 4. Dez 01:09:08 CET 2025
0,34.19,3.879962,514.7,550,10.493,34.19,34.19000000000002,.00000000000002,0,Do 4. Dez 01:09:21 CET 2025
3,34.19,3.879962,514.7,550,10.493,34.19,34.833655934048075,.643655934048075,.018825,Do 4. Dez 01:09:30 CET 2025
6,34.19,3.879962,514.7,550,10.493,34.19,35.52713238541651,1.33713238541651,.039108,Do 4. Dez 01:09:47 CET 2025
9,34.19,3.879962,514.7,550,10.493,34.19,36.277130465761545,2.087130465761545,.061045,Do 4. Dez 01:09:56 CET 2025
12,34.19,3.879962,514.7,550,10.493,34.19,37.09153152041434,2.90153152041434,.084864,Do 4. Dez 01:10:13 CET 2025
15,34.19,3.879962,514.7,550,10.493,34.19,37.979576880234234,3.789576880234234,.110838,Do 4. Dez 01:19:44 CET 2025
18,34.19,3.879962,514.7,550,10.493,34.19,38.95200751033283,4.76200751033283,.139280,Do 4. Dez 01:20:01 CET 2025
21,34.19,3.879962,514.7,550,10.493,34.19,40.02105570213772,5.83105570213772,.170548,Do 4. Dez 01:20:16 CET 2025
27,34.19,3.879962,514.7,550,10.493,34.19,42.5024274354118,8.3124274354118,.243124,Do 4. Dez 01:20:36 CET 2025
31,34.19,3.879962,514.7,550,10.493,34.19,44.44833714866715,10.25833714866715,.300039,Do 4. Dez 01:20:41 CET 2025
24,34.19,3.879962,514.7,550,10.493,34.19,41.20007940015662,7.01007940015662,.205033,Do 4. Dez 01:20:42 CET 2025
30,34.19,3.879962,514.7,550,10.493,34.19,43.9388301860075,9.7488301860075,.285136,Do 4. Dez 01:20:46 CET 2025
0,34.97,3.836447,514.7,550,10.493,34.97,34.97000000000002,.00000000000002,0,Do 4. Dez 01:20:57 CET 2025
3,34.97,3.836447,514.7,550,10.493,34.97,35.643929889400596,.673929889400596,.019271,Do 4. Dez 01:21:06 CET 2025
6,34.97,3.836447,514.7,550,10.493,34.97,36.371323308728364,1.401323308728364,.040072,Do 4. Dez 01:21:28 CET 2025
9,34.97,3.836447,514.7,550,10.493,34.97,37.15955653545767,2.18955653545767,.062612,Do 4. Dez 01:21:35 CET 2025
12,34.97,3.836447,514.7,550,10.493,34.97,38.01733573916035,3.04733573916035,.087141,Do 4. Dez 01:21:47 CET 2025
15,34.97,3.836447,514.7,550,10.493,34.97,38.954902491840464,3.984902491840464,.113952,Do 4. Dez 01:31:21 CET 2025
18,34.97,3.836447,514.7,550,10.493,34.97,39.98418392886524,5.01418392886524,.143385,Do 4. Dez 01:31:40 CET 2025
21,34.97,3.836447,514.7,550,10.493,34.97,41.11875452914999,6.14875452914999,.175829,Do 4. Dez 01:31:51 CET 2025
24,34.97,3.836447,514.7,550,10.493,34.97,42.373331822117436,7.403331822117436,.211705,Do 4. Dez 01:32:11 CET 2025
30,34.97,3.836447,514.7,550,10.493,34.97,45.296204876820546,10.326204876820546,.295287,Do 4. Dez 01:32:13 CET 2025
27,34.97,3.836447,514.7,550,10.493,34.97,43.76226578722762,8.79226578722762,.251423,Do 4. Dez 01:32:18 CET 2025
31,34.97,3.836447,514.7,550,10.493,34.97,45.84031122345258,10.87031122345258,.310846,Do 4. Dez 01:32:22 CET 2025
0,32.69,4.188507,573.5,550,10.493,32.69,32.69000000000002,.00000000000002,0,Do 4. Dez 01:32:33 CET 2025
3,32.69,4.188507,573.5,550,10.493,32.69,33.21532348479839,.52532348479839,.016069,Do 4. Dez 01:32:43 CET 2025
6,32.69,4.188507,573.5,550,10.493,32.69,33.775096968345956,1.085096968345956,.033193,Do 4. Dez 01:33:05 CET 2025
9,32.69,4.188507,573.5,550,10.493,32.69,34.37322809711252,1.68322809711252,.051490,Do 4. Dez 01:33:05 CET 2025
12,32.69,4.188507,573.5,550,10.493,32.69,35.01420898151421,2.32420898151421,.071098,Do 4. Dez 01:33:31 CET 2025
15,32.69,4.188507,573.5,550,10.493,32.69,35.70319768156659,3.01319768156659,.092174,Do 4. Dez 01:43:01 CET 2025
18,32.69,4.188507,573.5,550,10.493,32.69,36.44609282226196,3.75609282226196,.114900,Do 4. Dez 01:43:22 CET 2025
21,32.69,4.188507,573.5,550,10.493,32.69,37.249581651083155,4.559581651083155,.139479,Do 4. Dez 01:43:28 CET 2025
24,32.69,4.188507,573.5,550,10.493,32.69,38.121156726405324,5.431156726405324,.166141,Do 4. Dez 01:43:47 CET 2025
27,32.69,4.188507,573.5,550,10.493,32.69,39.06884223880154,6.37884223880154,.195131,Do 4. Dez 01:43:51 CET 2025
30,32.69,4.188507,573.5,550,10.493,32.69,40.10084848895824,7.41084848895824,.226700,Do 4. Dez 01:43:56 CET 2025
31,32.69,4.188507,573.5,550,10.493,32.69,40.46491508234671,7.77491508234671,.237837,Do 4. Dez 01:44:03 CET 2025
0,33.19,4.156837,573.5,550,10.493,33.19,33.19000000000002,.00000000000002,0,Do 4. Dez 01:44:08 CET 2025
3,33.19,4.156837,573.5,550,10.493,33.19,33.73177852695116,.54177852695116,.016323,Do 4. Dez 01:44:12 CET 2025
9,33.19,4.156837,573.5,550,10.493,33.19,34.92784625627775,1.73784625627775,.052360,Do 4. Dez 01:44:39 CET 2025
6,33.19,4.156837,573.5,550,10.493,33.19,34.30967188480038,1.11967188480038,.033735,Do 4. Dez 01:44:43 CET 2025
12,33.19,4.156837,573.5,550,10.493,33.19,35.59110007607099,2.40110007607099,.072344,Do 4. Dez 01:45:08 CET 2025
15,33.19,4.156837,573.5,550,10.493,33.19,36.304955171627356,3.114955171627356,.093852,Do 4. Dez 01:54:30 CET 2025
18,33.19,4.156837,573.5,550,10.493,33.19,37.07573923210509,3.88573923210509,.117075,Do 4. Dez 01:54:54 CET 2025
21,33.19,4.156837,573.5,550,10.493,33.19,37.91063502819165,4.72063502819165,.142230,Do 4. Dez 01:55:04 CET 2025
24,33.19,4.156837,573.5,550,10.493,33.19,38.81764557679702,5.62764557679702,.169558,Do 4. Dez 01:55:26 CET 2025
27,33.19,4.156837,573.5,550,10.493,33.19,39.80538290385009,6.61538290385009,.199318,Do 4. Dez 01:55:33 CET 2025
30,33.19,4.156837,573.5,550,10.493,33.19,40.88251135623427,7.69251135623427,.231771,Do 4. Dez 01:55:40 CET 2025
31,33.19,4.156837,573.5,550,10.493,33.19,41.26279314328826,8.07279314328826,.243229,Do 4. Dez 01:55:42 CET 2025
0,33.69,4.125876,573.5,550,10.493,33.69,33.69000000000002,.00000000000002,0,Do 4. Dez 01:55:48 CET 2025
3,33.69,4.125876,573.5,550,10.493,33.69,34.24849538761763,.55849538761763,.016577,Do 4. Dez 01:55:51 CET 2025
9,33.69,4.125876,573.5,550,10.493,33.69,35.483426426337104,1.793426426337104,.053233,Do 4. Dez 01:56:26 CET 2025
6,33.69,4.125876,573.5,550,10.493,33.69,34.844825014823584,1.154825014823584,.034277,Do 4. Dez 01:56:27 CET 2025
12,33.69,4.125876,573.5,550,10.493,33.69,36.169421244280855,2.479421244280855,.073595,Do 4. Dez 01:56:40 CET 2025
15,33.69,4.125876,573.5,550,10.493,33.69,36.90871518933349,3.21871518933349,.095539,Do 4. Dez 02:06:00 CET 2025
18,33.69,4.125876,573.5,550,10.493,33.69,37.70808682213626,4.01808682213626,.119266,Do 4. Dez 02:06:30 CET 2025
21,33.69,4.125876,573.5,550,10.493,33.69,38.57523586647691,4.88523586647691,.145005,Do 4. Dez 02:06:45 CET 2025
24,33.69,4.125876,573.5,550,10.493,33.69,39.518736730074586,5.828736730074586,.173010,Do 4. Dez 02:06:57 CET 2025
27,33.69,4.125876,573.5,550,10.493,33.69,40.5477745186415,6.8577745186415,.203555,Do 4. Dez 02:07:04 CET 2025
30,33.69,4.125876,573.5,550,10.493,33.69,41.671476281457,7.981476281457,.236909,Do 4. Dez 02:07:13 CET 2025
31,33.69,4.125876,573.5,550,10.493,33.69,42.068492976834975,8.378492976834975,.248693,Do 4. Dez 02:07:20 CET 2025
0,34.19,4.095596,573.5,550,10.493,34.19,34.19000000000002,.00000000000002,0,Do 4. Dez 02:07:21 CET 2025
3,34.19,4.095596,573.5,550,10.493,34.19,34.76547475930386,.57547475930386,.016831,Do 4. Dez 02:07:31 CET 2025
9,34.19,4.095596,573.5,550,10.493,34.19,36.03997460867343,1.84997460867343,.054108,Do 4. Dez 02:08:05 CET 2025
6,34.19,4.095596,573.5,550,10.493,34.19,35.38055905868265,1.19055905868265,.034821,Do 4. Dez 02:08:08 CET 2025
12,34.19,4.095596,573.5,550,10.493,34.19,36.7491840399535,2.5591840399535,.074851,Do 4. Dez 02:08:19 CET 2025
15,34.19,4.095596,573.5,550,10.493,34.19,37.51449884217731,3.32449884217731,.097236,Do 4. Dez 02:17:38 CET 2025
18,34.19,4.095596,573.5,550,10.493,34.19,38.34317160780508,4.15317160780508,.121473,Do 4. Dez 02:18:04 CET 2025
21,34.19,4.095596,573.5,550,10.493,34.19,39.243450334801565,5.053450334801565,.147804,Do 4. Dez 02:18:24 CET 2025
24,34.19,4.095596,573.5,550,10.493,34.19,40.2245071763844,6.0345071763844,.176499,Do 4. Dez 02:18:37 CET 2025
27,34.19,4.095596,573.5,550,10.493,34.19,41.29612042204265,7.10612042204265,.207842,Do 4. Dez 02:18:42 CET 2025
30,34.19,4.095596,573.5,550,10.493,34.19,42.46787778066553,8.27787778066553,.242114,Do 4. Dez 02:18:49 CET 2025
31,34.19,4.095596,573.5,550,10.493,34.19,42.88215966582467,8.69215966582467,.254231,Do 4. Dez 02:18:55 CET 2025
0,34.97,4.049663,573.5,550,10.493,34.97,34.97000000000002,.00000000000002,0,Do 4. Dez 02:19:02 CET 2025
3,34.97,4.049663,573.5,550,10.493,34.97,35.57248726926277,.60248726926277,.017228,Do 4. Dez 02:19:21 CET 2025
6,34.97,4.049663,573.5,550,10.493,34.97,36.217467171450494,1.247467171450494,.035672,Do 4. Dez 02:19:44 CET 2025
9,34.97,4.049663,573.5,550,10.493,34.97,36.910133225322035,1.940133225322035,.055479,Do 4. Dez 02:19:50 CET 2025
12,34.97,4.049663,573.5,550,10.493,34.97,37.65651642039724,2.68651642039724,.076823,Do 4. Dez 02:19:51 CET 2025
15,34.97,4.049663,573.5,550,10.493,34.97,38.46360029296122,3.49360029296122,.099902,Do 4. Dez 02:29:12 CET 2025
18,34.97,4.049663,573.5,550,10.493,34.97,39.339435911301145,4.369435911301145,.124948,Do 4. Dez 02:29:41 CET 2025
21,34.97,4.049663,573.5,550,10.493,34.97,40.29318339194982,5.32318339194982,.152221,Do 4. Dez 02:29:56 CET 2025
24,34.97,4.049663,573.5,550,10.493,34.97,41.335008954464946,6.365008954464946,.182013,Do 4. Dez 02:30:18 CET 2025
27,34.97,4.049663,573.5,550,10.493,34.97,42.475656006790715,7.505656006790715,.214631,Do 4. Dez 02:30:22 CET 2025
30,34.97,4.049663,573.5,550,10.493,34.97,43.725389275520435,8.755389275520435,.250368,Do 4. Dez 02:30:22 CET 2025
31,34.97,4.049663,573.5,550,10.493,34.97,44.16767444039888,9.19767444039888,.263016,Do 4. Dez 02:30:39 CET 2025
0,32.69,4.397988,632.3,550,10.493,32.69,32.69000000000002,.00000000000002,0,Do 4. Dez 02:30:44 CET 2025
3,32.69,4.397988,632.3,550,10.493,32.69,33.16507472636055,.47507472636055,.014532,Do 4. Dez 02:30:58 CET 2025
6,32.69,4.397988,632.3,550,10.493,32.69,33.66820702364692,.97820702364692,.029923,Do 4. Dez 02:31:27 CET 2025
12,32.69,4.397988,632.3,550,10.493,32.69,34.770464340133124,2.080464340133124,.063642,Do 4. Dez 02:31:31 CET 2025
9,32.69,4.397988,632.3,550,10.493,32.69,34.202255911453065,1.512255911453065,.046260,Do 4. Dez 02:31:33 CET 2025
15,32.69,4.397988,632.3,550,10.493,32.69,35.37651130793563,2.68651130793563,.082181,Do 4. Dez 02:40:47 CET 2025
18,32.69,4.397988,632.3,550,10.493,32.69,36.02455965192929,3.33455965192929,.102005,Do 4. Dez 02:41:21 CET 2025
21,32.69,4.397988,632.3,550,10.493,32.69,36.71929928073058,4.02929928073058,.123257,Do 4. Dez 02:41:32 CET 2025
27,32.69,4.397988,632.3,550,10.493,32.69,38.270272176611265,5.580272176611265,.170702,Do 4. Dez 02:41:59 CET 2025
24,32.69,4.397988,632.3,550,10.493,32.69,37.46596363416803,4.77596363416803,.146098,Do 4. Dez 02:42:00 CET 2025
30,32.69,4.397988,632.3,550,10.493,32.69,39.138310149511014,6.448310149511014,.197256,Do 4. Dez 02:42:07 CET 2025
0,33.19,4.364735,632.3,550,10.493,33.19,33.19000000000002,.00000000000002,0,Do 4. Dez 02:42:23 CET 2025
31,32.69,4.397988,632.3,550,10.493,32.69,39.44288263108556,6.75288263108556,.206573,Do 4. Dez 02:42:24 CET 2025
3,33.19,4.364735,632.3,550,10.493,33.19,33.67993281697078,.48993281697078,.014761,Do 4. Dez 02:42:35 CET 2025
6,33.19,4.364735,632.3,550,10.493,33.19,34.19927445263289,1.00927445263289,.030408,Do 4. Dez 02:42:59 CET 2025
12,33.19,4.364735,632.3,550,10.493,33.19,35.338786392018434,2.148786392018434,.064741,Do 4. Dez 02:43:12 CET 2025
9,33.19,4.364735,632.3,550,10.493,33.19,34.75107133484238,1.56107133484238,.047034,Do 4. Dez 02:43:12 CET 2025
15,33.19,4.364735,632.3,550,10.493,33.19,35.96635723316656,2.77635723316656,.083650,Do 4. Dez 02:52:27 CET 2025
18,33.19,4.364735,632.3,550,10.493,33.19,36.63824214324288,3.44824214324288,.103894,Do 4. Dez 02:52:55 CET 2025
21,33.19,4.364735,632.3,550,10.493,33.19,37.35947775700053,4.16947775700053,.125624,Do 4. Dez 02:53:14 CET 2025
24,33.19,4.364735,632.3,550,10.493,33.19,38.13567022471362,4.94567022471362,.149010,Do 4. Dez 02:53:39 CET 2025
27,33.19,4.364735,632.3,550,10.493,33.19,38.97296034583696,5.78296034583696,.174238,Do 4. Dez 02:53:41 CET 2025
30,33.19,4.364735,632.3,550,10.493,33.19,39.87783788281046,6.68783788281046,.201501,Do 4. Dez 02:53:45 CET 2025
31,33.19,4.364735,632.3,550,10.493,33.19,40.19561077153497,7.00561077153497,.211075,Do 4. Dez 02:53:55 CET 2025
0,33.69,4.332225,632.3,550,10.493,33.69,33.69000000000002,.00000000000002,0,Do 4. Dez 02:54:04 CET 2025
3,33.69,4.332225,632.3,550,10.493,33.69,34.1950263529186,.5050263529186,.014990,Do 4. Dez 02:54:20 CET 2025
6,33.69,4.332225,632.3,550,10.493,33.69,34.730857156049865,1.040857156049865,.030895,Do 4. Dez 02:54:41 CET 2025
9,33.69,4.332225,632.3,550,10.493,33.69,35.300735769788574,1.610735769788574,.047810,Do 4. Dez 02:54:53 CET 2025
12,33.69,4.332225,632.3,550,10.493,33.69,35.908356612041075,2.218356612041075,.065846,Do 4. Dez 02:54:57 CET 2025
15,33.69,4.332225,632.3,550,10.493,33.69,36.5579271530069,2.8679271530069,.085126,Do 4. Dez 03:04:08 CET 2025
18,33.69,4.332225,632.3,550,10.493,33.69,37.25422410577178,3.56422410577178,.105794,Do 4. Dez 03:04:28 CET 2025
21,33.69,4.332225,632.3,550,10.493,33.69,38.002639675802705,4.312639675802705,.128009,Do 4. Dez 03:04:54 CET 2025
24,33.69,4.332225,632.3,550,10.493,33.69,38.80918932574913,5.11918932574913,.151949,Do 4. Dez 03:05:18 CET 2025
27,33.69,4.332225,632.3,550,10.493,33.69,39.68044543468122,5.99044543468122,.177810,Do 4. Dez 03:05:20 CET 2025
30,33.69,4.332225,632.3,550,10.493,33.69,40.62332061324926,6.93332061324926,.205797,Do 4. Dez 03:05:25 CET 2025
31,33.69,4.332225,632.3,550,10.493,33.69,40.95471620303194,7.26471620303194,.215634,Do 4. Dez 03:05:36 CET 2025
0,34.19,4.300431,632.3,550,10.493,34.19,34.19000000000002,.00000000000002,0,Do 4. Dez 03:05:50 CET 2025
3,34.19,4.300431,632.3,550,10.493,34.19,34.710355856683655,.520355856683655,.015219,Do 4. Dez 03:05:56 CET 2025
6,34.19,4.300431,632.3,550,10.493,34.19,35.26295543242478,1.07295543242478,.031382,Do 4. Dez 03:06:25 CET 2025
12,34.19,4.300431,632.3,550,10.493,34.19,36.47917975993465,2.28917975993465,.066954,Do 4. Dez 03:06:26 CET 2025
9,34.19,4.300431,632.3,550,10.493,34.19,35.85125077053452,1.66125077053452,.048588,Do 4. Dez 03:06:33 CET 2025
15,34.19,4.300431,632.3,550,10.493,34.19,37.15123409262591,2.96123409262591,.086611,Do 4. Dez 03:15:51 CET 2025
18,34.19,4.300431,632.3,550,10.493,34.19,37.87252362114142,3.68252362114142,.107707,Do 4. Dez 03:16:02 CET 2025
21,34.19,4.300431,632.3,550,10.493,34.19,38.64882213850843,4.45882213850843,.130413,Do 4. Dez 03:16:23 CET 2025
24,34.19,4.300431,632.3,550,10.493,34.19,39.48657242659617,5.29657242659617,.154915,Do 4. Dez 03:16:57 CET 2025
27,34.19,4.300431,632.3,550,10.493,34.19,40.392800021350226,6.202800021350226,.181421,Do 4. Dez 03:17:05 CET 2025
30,34.19,4.300431,632.3,550,10.493,34.19,41.374850908812256,7.184850908812256,.210144,Do 4. Dez 03:17:07 CET 2025
31,34.19,4.300431,632.3,550,10.493,34.19,41.72030423870247,7.53030423870247,.220248,Do 4. Dez 03:17:09 CET 2025
3,34.97,4.252200,632.3,550,10.493,34.97,35.514741556092574,.544741556092574,.015577,Do 4. Dez 03:17:26 CET 2025
0,34.97,4.252200,632.3,550,10.493,34.97,34.97000000000002,.00000000000002,0,Do 4. Dez 03:17:29 CET 2025
9,34.97,4.252200,632.3,550,10.493,34.97,36.7117660176703,1.7417660176703,.049807,Do 4. Dez 03:18:04 CET 2025
6,34.97,4.252200,632.3,550,10.493,34.97,36.094065335270095,1.124065335270095,.032143,Do 4. Dez 03:18:11 CET 2025
12,34.97,4.252200,632.3,550,10.493,34.97,37.37218659415922,2.40218659415922,.068692,Do 4. Dez 03:18:16 CET 2025
15,34.97,4.252200,632.3,550,10.493,34.97,38.08029559334444,3.11029559334444,.088941,Do 4. Dez 03:27:33 CET 2025
18,34.97,4.252200,632.3,550,10.493,34.97,38.84175766584033,3.87175766584033,.110716,Do 4. Dez 03:27:42 CET 2025
21,34.97,4.252200,632.3,550,10.493,34.97,39.662985469950854,4.692985469950854,.134200,Do 4. Dez 03:27:52 CET 2025
27,34.97,4.252200,632.3,550,10.493,34.97,41.51397272598695,6.54397272598695,.187131,Do 4. Dez 03:28:40 CET 2025
24,34.97,4.252200,632.3,550,10.493,34.97,40.55113206299066,5.58113206299066,.159597,Do 4. Dez 03:28:40 CET 2025
30,34.97,4.252200,632.3,550,10.493,34.97,42.55955252797516,7.58955252797516,.217030,Do 4. Dez 03:28:48 CET 2025
31,34.97,4.252200,632.3,550,10.493,34.97,42.927811107104944,7.957811107104944,.227561,Do 4. Dez 03:28:50 CET 2025
0,32.69,4.598269,691.2,550,10.493,32.69,32.69000000000002,.00000000000002,0,Do 4. Dez 03:28:57 CET 2025
3,32.69,4.598269,691.2,550,10.493,32.69,33.12353568282326,.43353568282326,.013262,Do 4. Dez 03:29:10 CET 2025
9,32.69,4.598269,691.2,550,10.493,32.69,34.06261573340386,1.37261573340386,.041988,Do 4. Dez 03:29:47 CET 2025
6,32.69,4.598269,691.2,550,10.493,32.69,33.580356918287784,.890356918287784,.027236,Do 4. Dez 03:29:50 CET 2025
12,32.69,4.598269,691.2,550,10.493,32.69,34.57273032127396,1.88273032127396,.057593,Do 4. Dez 03:29:57 CET 2025
15,32.69,4.598269,691.2,550,10.493,32.69,35.11340838927037,2.42340838927037,.074133,Do 4. Dez 03:39:20 CET 2025
18,32.69,4.598269,691.2,550,10.493,32.69,35.68769577535688,2.99769577535688,.091700,Do 4. Dez 03:39:22 CET 2025
21,32.69,4.598269,691.2,550,10.493,32.69,36.29898731782553,3.60898731782553,.110400,Do 4. Dez 03:39:23 CET 2025
27,32.69,4.598269,691.2,550,10.493,32.69,37.6480528751104,4.9580528751104,.151668,Do 4. Dez 03:40:15 CET 2025
24,32.69,4.598269,691.2,550,10.493,32.69,36.951056834167744,4.261056834167744,.130347,Do 4. Dez 03:40:21 CET 2025
30,32.69,4.598269,691.2,550,10.493,32.69,38.39445315035019,5.70445315035019,.174501,Do 4. Dez 03:40:25 CET 2025
31,32.69,4.598269,691.2,550,10.493,32.69,38.65504013566762,5.96504013566762,.182472,Do 4. Dez 03:40:30 CET 2025
0,33.19,4.563501,691.2,550,10.493,33.19,33.19000000000002,.00000000000002,0,Do 4. Dez 03:40:38 CET 2025
3,33.19,4.563501,691.2,550,10.493,33.19,33.63707747564828,.44707747564828,.013470,Do 4. Dez 03:40:49 CET 2025
9,33.19,4.563501,691.2,550,10.493,33.19,34.606736528548176,1.416736528548176,.042685,Do 4. Dez 03:41:20 CET 2025
6,33.19,4.563501,691.2,550,10.493,33.19,34.10855844374127,.91855844374127,.027675,Do 4. Dez 03:41:27 CET 2025
12,33.19,4.563501,691.2,550,10.493,33.19,35.13419100841689,1.94419100841689,.058577,Do 4. Dez 03:41:43 CET 2025
15,33.19,4.563501,691.2,550,10.493,33.19,35.69382102004066,2.50382102004066,.075439,Do 4. Dez 03:50:55 CET 2025
21,33.19,4.563501,691.2,550,10.493,33.19,36.92302089012269,3.73302089012269,.112474,Do 4. Dez 03:50:59 CET 2025
18,33.19,4.563501,691.2,550,10.493,33.19,36.28888361255494,3.09888361255494,.093367,Do 4. Dez 03:51:04 CET 2025
24,33.19,4.563501,691.2,550,10.493,33.19,37.600284358701764,4.410284358701764,.132879,Do 4. Dez 03:51:55 CET 2025
27,33.19,4.563501,691.2,550,10.493,33.19,38.32512473017606,5.13512473017606,.154719,Do 4. Dez 03:51:58 CET 2025
30,33.19,4.563501,691.2,550,10.493,33.19,39.102338187553144,5.912338187553144,.178136,Do 4. Dez 03:52:10 CET 2025
31,33.19,4.563501,691.2,550,10.493,33.19,39.37391027307136,6.18391027307136,.186318,Do 4. Dez 03:52:12 CET 2025
0,33.69,4.529511,691.2,550,10.493,33.69,33.69000000000002,.00000000000002,0,Do 4. Dez 03:52:14 CET 2025
3,33.69,4.529511,691.2,550,10.493,33.69,34.150833046603466,.460833046603466,.013678,Do 4. Dez 03:52:46 CET 2025
6,33.69,4.529511,691.2,550,10.493,33.69,34.63722393738467,.94722393738467,.028115,Do 4. Dez 03:52:59 CET 2025
9,33.69,4.529511,691.2,550,10.493,33.69,35.15161476851004,1.46161476851004,.043384,Do 4. Dez 03:53:02 CET 2025
12,33.69,4.529511,691.2,550,10.493,33.69,35.696755247229675,2.006755247229675,.059565,Do 4. Dez 03:53:22 CET 2025
18,33.69,4.529511,691.2,550,10.493,33.69,36.89206006872816,3.20206006872816,.095044,Do 4. Dez 04:02:32 CET 2025
15,33.69,4.529511,691.2,550,10.493,33.69,36.27574309454121,2.58574309454121,.076751,Do 4. Dez 04:02:36 CET 2025
21,33.69,4.529511,691.2,550,10.493,33.69,37.54961272513658,3.85961272513658,.114562,Do 4. Dez 04:02:42 CET 2025
27,33.69,4.529511,691.2,550,10.493,33.69,39.00622072061165,5.31622072061165,.157798,Do 4. Dez 04:03:32 CET 2025
24,33.69,4.529511,691.2,550,10.493,33.69,38.25274258619814,4.56274258619814,.135433,Do 4. Dez 04:03:34 CET 2025
31,33.69,4.529511,691.2,550,10.493,33.69,40.098075666093365,6.408075666093365,.190207,Do 4. Dez 04:03:36 CET 2025
0,34.19,4.496269,691.2,550,10.493,34.19,34.19000000000002,.00000000000002,0,Do 4. Dez 04:03:47 CET 2025
30,33.69,4.529511,691.2,550,10.493,33.69,39.815176613828484,6.125176613828484,.181809,Do 4. Dez 04:03:54 CET 2025
3,34.19,4.496269,691.2,550,10.493,34.19,34.66480276066433,.47480276066433,.013887,Do 4. Dez 04:04:30 CET 2025
6,34.19,4.496269,691.2,550,10.493,34.19,35.16635348216364,.97635348216364,.028556,Do 4. Dez 04:04:43 CET 2025
9,34.19,4.496269,691.2,550,10.493,34.19,35.69725224454822,1.50725224454822,.044084,Do 4. Dez 04:04:47 CET 2025
12,34.19,4.496269,691.2,550,10.493,34.19,36.26042677266089,2.07042677266089,.060556,Do 4. Dez 04:05:04 CET 2025
15,34.19,4.496269,691.2,550,10.493,34.19,36.859183075448904,2.669183075448904,.078069,Do 4. Dez 04:14:17 CET 2025
18,34.19,4.496269,691.2,550,10.493,34.19,37.49724555072999,3.30724555072999,.096731,Do 4. Dez 04:14:23 CET 2025
21,34.19,4.496269,691.2,550,10.493,34.19,38.17879235986749,3.98879235986749,.116665,Do 4. Dez 04:14:25 CET 2025
27,34.19,4.496269,691.2,550,10.493,34.19,39.69140033777583,5.50140033777583,.160906,Do 4. Dez 04:15:07 CET 2025
30,34.19,4.496269,691.2,550,10.493,34.19,40.53304760840028,6.34304760840028,.185523,Do 4. Dez 04:15:12 CET 2025
24,34.19,4.496269,691.2,550,10.493,34.19,38.908474920381664,4.718474920381664,.138007,Do 4. Dez 04:15:16 CET 2025
31,34.19,4.496269,691.2,550,10.493,34.19,40.8276223262234,6.6376223262234,.194139,Do 4. Dez 04:15:24 CET 2025
0,34.97,4.445842,691.2,550,10.493,34.97,34.97000000000002,.00000000000002,0,Do 4. Dez 04:15:33 CET 2025
3,34.97,4.445842,691.2,550,10.493,34.97,35.46702357410274,.49702357410274,.014212,Do 4. Dez 04:16:11 CET 2025
6,34.97,4.445842,691.2,550,10.493,34.97,35.9927301027358,1.0227301027358,.029245,Do 4. Dez 04:16:18 CET 2025
9,34.97,4.445842,691.2,550,10.493,34.97,36.54997419564393,1.57997419564393,.045180,Do 4. Dez 04:16:21 CET 2025
12,34.97,4.445842,691.2,550,10.493,34.97,37.141983342149835,2.171983342149835,.062109,Do 4. Dez 04:16:41 CET 2025
15,34.97,4.445842,691.2,550,10.493,34.97,37.77241273490494,2.80241273490494,.080137,Do 4. Dez 04:25:54 CET 2025
21,34.97,4.445842,691.2,550,10.493,34.97,39.165543391797044,4.195543391797044,.119975,Do 4. Dez 04:25:59 CET 2025
18,34.97,4.445842,691.2,550,10.493,34.97,38.44538699170576,3.47538699170576,.099381,Do 4. Dez 04:26:05 CET 2025
24,34.97,4.445842,691.2,550,10.493,34.97,39.93804884996385,4.96804884996385,.142066,Do 4. Dez 04:26:42 CET 2025
30,34.97,4.445842,691.2,550,10.493,34.97,41.66316302929334,6.69316302929334,.191397,Do 4. Dez 04:26:54 CET 2025
27,34.97,4.445842,691.2,550,10.493,34.97,40.76857118827672,5.79857118827672,.165815,Do 4. Dez 04:26:54 CET 2025
31,34.97,4.445842,691.2,550,10.493,34.97,41.97666757902398,7.00666757902398,.200362,Do 4. Dez 04:27:02 CET 2025
0,32.69,4.751390,738.0,550,10.493,32.69,32.69000000000002,.00000000000002,0,Do 4. Dez 04:27:09 CET 2025
3,32.69,4.751390,738.0,550,10.493,32.69,33.09537304823762,.40537304823762,.012400,Do 4. Dez 04:27:49 CET 2025
6,32.69,4.751390,738.0,550,10.493,32.69,33.521057249959455,.831057249959455,.025422,Do 4. Dez 04:27:54 CET 2025
9,32.69,4.751390,738.0,550,10.493,32.69,33.96880151869826,1.27880151869826,.039119,Do 4. Dez 04:28:04 CET 2025
12,32.69,4.751390,738.0,550,10.493,32.69,34.44055478135515,1.75055478135515,.053550,Do 4. Dez 04:28:24 CET 2025
15,32.69,4.751390,738.0,550,10.493,32.69,34.9384878193574,2.2484878193574,.068782,Do 4. Dez 04:37:33 CET 2025
18,32.69,4.751390,738.0,550,10.493,32.69,35.4650183729037,2.7750183729037,.084888,Do 4. Dez 04:37:40 CET 2025
21,32.69,4.751390,738.0,550,10.493,32.69,36.022832932438085,3.332832932438085,.101952,Do 4. Dez 04:37:48 CET 2025
24,32.69,4.751390,738.0,550,10.493,32.69,36.6149024863664,3.9249024863664,.120064,Do 4. Dez 04:38:27 CET 2025
30,32.69,4.751390,738.0,550,10.493,32.69,37.91515055228757,5.22515055228757,.159839,Do 4. Dez 04:38:33 CET 2025
27,32.69,4.751390,738.0,550,10.493,32.69,37.244497361563816,4.554497361563816,.139323,Do 4. Dez 04:38:34 CET 2025
0,33.19,4.715465,738.0,550,10.493,33.19,33.19000000000002,.00000000000002,0,Do 4. Dez 04:38:44 CET 2025
31,32.69,4.751390,738.0,550,10.493,32.69,38.148472480591536,5.458472480591536,.166976,Do 4. Dez 04:38:44 CET 2025
3,33.19,4.715465,738.0,550,10.493,33.19,33.60802413797667,.41802413797667,.012594,Do 4. Dez 04:39:24 CET 2025
6,33.19,4.715465,738.0,550,10.493,33.19,34.047332926235214,.857332926235214,.025831,Do 4. Dez 04:39:40 CET 2025
9,33.19,4.715465,738.0,550,10.493,33.19,34.50979009209348,1.31979009209348,.039764,Do 4. Dez 04:39:42 CET 2025
12,33.19,4.715465,738.0,550,10.493,33.19,34.99747188711489,1.80747188711489,.054458,Do 4. Dez 04:40:02 CET 2025
15,33.19,4.715465,738.0,550,10.493,33.19,35.512703342441995,2.322703342441995,.069982,Do 4. Dez 04:49:12 CET 2025
18,33.19,4.715465,738.0,550,10.493,33.19,36.05806992269121,2.86806992269121,.086413,Do 4. Dez 04:49:16 CET 2025
21,33.19,4.715465,738.0,550,10.493,33.19,36.63645185645454,3.44645185645454,.103840,Do 4. Dez 04:49:29 CET 2025
24,33.19,4.715465,738.0,550,10.493,33.19,37.25103839747922,4.06103839747922,.122357,Do 4. Dez 04:50:02 CET 2025
30,33.19,4.715465,738.0,550,10.493,33.19,38.603132094668034,5.413132094668034,.163095,Do 4. Dez 04:50:13 CET 2025
27,33.19,4.715465,738.0,550,10.493,33.19,37.905332569762976,4.715332569762976,.142070,Do 4. Dez 04:50:13 CET 2025
31,33.19,4.715465,738.0,550,10.493,33.19,38.84609121005601,5.65609121005601,.170415,Do 4. Dez 04:50:13 CET 2025
0,33.69,4.680342,738.0,550,10.493,33.69,33.69000000000002,.00000000000002,0,Do 4. Dez 04:50:30 CET 2025
3,33.69,4.680342,738.0,550,10.493,33.69,34.12087481969739,.43087481969739,.012789,Do 4. Dez 04:51:05 CET 2025
6,33.69,4.680342,738.0,550,10.493,33.69,34.57403886188449,.88403886188449,.026240,Do 4. Dez 04:51:13 CET 2025
9,33.69,4.680342,738.0,550,10.493,33.69,35.05147518562424,1.36147518562424,.040411,Do 4. Dez 04:51:28 CET 2025
12,33.69,4.680342,738.0,550,10.493,33.69,35.555402410954954,1.865402410954954,.055369,Do 4. Dez 04:51:42 CET 2025
15,33.69,4.680342,738.0,550,10.493,33.69,36.08829319470799,2.39829319470799,.071187,Do 4. Dez 05:00:50 CET 2025
18,33.69,4.680342,738.0,550,10.493,33.69,36.65292060272589,2.96292060272589,.087946,Do 4. Dez 05:00:59 CET 2025
21,33.69,4.680342,738.0,550,10.493,33.69,37.252367102558,3.562367102558,.105739,Do 4. Dez 05:01:01 CET 2025
30,33.69,4.680342,738.0,550,10.493,33.69,39.295466441477515,5.605466441477515,.166383,Do 4. Dez 05:01:48 CET 2025
24,33.69,4.680342,738.0,550,10.493,33.69,37.89005075793691,4.20005075793691,.124667,Do 4. Dez 05:01:48 CET 2025
27,33.69,4.680342,738.0,550,10.493,33.69,38.56972788974088,4.87972788974088,.144842,Do 4. Dez 05:01:51 CET 2025
31,33.69,4.680342,738.0,550,10.493,33.69,39.54835442283899,5.85835442283899,.173890,Do 4. Dez 05:01:54 CET 2025
0,34.19,4.645993,738.0,550,10.493,34.19,34.19000000000002,.00000000000002,0,Do 4. Dez 05:02:17 CET 2025
3,34.19,4.645993,738.0,550,10.493,34.19,34.63392470761183,.44392470761183,.012984,Do 4. Dez 05:02:51 CET 2025
6,34.19,4.645993,738.0,550,10.493,34.19,35.101175357136626,.911175357136626,.026650,Do 4. Dez 05:02:53 CET 2025
9,34.19,4.645993,738.0,550,10.493,34.19,35.593861308142564,1.403861308142564,.041060,Do 4. Dez 05:02:58 CET 2025
12,34.19,4.645993,738.0,550,10.493,34.19,36.11434288711595,1.92434288711595,.056283,Do 4. Dez 05:03:23 CET 2025
15,34.19,4.645993,738.0,550,10.493,34.19,36.66526433234436,2.47526433234436,.072397,Do 4. Dez 05:12:32 CET 2025
21,34.19,4.645993,738.0,550,10.493,34.19,37.87059907688857,3.68059907688857,.107651,Do 4. Dez 05:12:35 CET 2025
18,34.19,4.645993,738.0,550,10.493,34.19,37.249583268019975,3.059583268019975,.089487,Do 4. Dez 05:12:42 CET 2025
24,34.19,4.645993,738.0,550,10.493,34.19,38.53197251521253,4.34197251521253,.126995,Do 4. Dez 05:13:32 CET 2025
30,34.19,4.645993,738.0,550,10.493,34.19,39.9922129312919,5.8022129312919,.169704,Do 4. Dez 05:13:33 CET 2025
27,34.19,4.645993,738.0,550,10.493,34.19,39.237726591582415,5.047726591582415,.147637,Do 4. Dez 05:13:33 CET 2025
31,34.19,4.645993,738.0,550,10.493,34.19,40.25532646450934,6.06532646450934,.177400,Do 4. Dez 05:13:34 CET 2025
0,34.97,4.593887,738.0,550,10.493,34.97,34.97000000000002,.00000000000002,0,Do 4. Dez 05:13:56 CET 2025
3,34.97,4.593887,738.0,550,10.493,34.97,35.43468119416587,.46468119416587,.013287,Do 4. Dez 05:14:29 CET 2025
9,34.97,4.593887,738.0,550,10.493,34.97,36.441387436633484,1.471387436633484,.042075,Do 4. Dez 05:14:37 CET 2025
6,34.97,4.593887,738.0,550,10.493,34.97,35.92437156805976,.95437156805976,.027291,Do 4. Dez 05:14:39 CET 2025
12,34.97,4.593887,738.0,550,10.493,34.97,36.9883309903658,2.0183309903658,.057716,Do 4. Dez 05:14:59 CET 2025
15,34.97,4.593887,738.0,550,10.493,34.97,37.56812067165912,2.59812067165912,.074295,Do 4. Dez 05:24:14 CET 2025
18,34.97,4.593887,738.0,550,10.493,34.97,38.184031377957524,3.214031377957524,.091908,Do 4. Dez 05:24:16 CET 2025
21,34.97,4.593887,738.0,550,10.493,34.97,38.839722709638366,3.869722709638366,.110658,Do 4. Dez 05:24:24 CET 2025
31,34.97,4.593887,738.0,550,10.493,34.97,41.36777783909725,6.39777783909725,.182950,Do 4. Dez 05:25:11 CET 2025
24,34.97,4.593887,738.0,550,10.493,34.97,39.53926059853652,4.56926059853652,.130662,Do 4. Dez 05:25:13 CET 2025
27,34.97,4.593887,738.0,550,10.493,34.97,40.287113410213834,5.317113410213834,.152047,Do 4. Dez 05:25:17 CET 2025
30,34.97,4.593887,738.0,550,10.493,34.97,41.08810262761407,6.11810262761407,.174952,Do 4. Dez 05:25:21 CET 2025
0,32.69,3.591226,421.6,450,10.534,32.69,32.69000000000002,.00000000000002,0,Do 4. Dez 05:25:29 CET 2025
6,32.69,3.591226,421.6,450,10.534,32.69,34.201994851433454,1.511994851433454,.046252,Do 4. Dez 05:25:51 CET 2025
3,32.69,3.591226,421.6,450,10.534,32.69,33.41284414603679,.72284414603679,.022112,Do 4. Dez 05:25:51 CET 2025
9,32.69,3.591226,421.6,450,10.534,32.69,35.068078836812674,2.378078836812674,.072746,Do 4. Dez 05:25:59 CET 2025
12,32.69,3.591226,421.6,450,10.534,32.69,36.023923594325,3.333923594325,.101986,Do 4. Dez 05:26:28 CET 2025
15,32.69,3.591226,421.6,450,10.534,32.69,37.084910867035,4.394910867035,.134442,Do 4. Dez 05:35:39 CET 2025
18,32.69,3.591226,421.6,450,10.534,32.69,38.26908409628068,5.57908409628068,.170666,Do 4. Dez 05:35:48 CET 2025
21,32.69,3.591226,421.6,450,10.534,32.69,39.596593280638906,6.906593280638906,.211275,Do 4. Dez 05:35:54 CET 2025
24,32.69,3.591226,421.6,450,10.534,32.69,41.08740061776442,8.39740061776442,.256879,Do 4. Dez 05:36:46 CET 2025
27,32.69,3.591226,421.6,450,10.534,32.69,42.75541683662154,10.06541683662154,.307905,Do 4. Dez 05:36:50 CET 2025
30,32.69,3.591226,421.6,450,10.534,32.69,44.59694205045441,11.90694205045441,.364238,Do 4. Dez 05:36:51 CET 2025
31,32.69,3.591226,421.6,450,10.534,32.69,45.24415780279165,12.55415780279165,.384036,Do 4. Dez 05:37:01 CET 2025
0,33.19,3.564073,421.6,450,10.534,33.19,33.19000000000002,.00000000000002,0,Do 4. Dez 05:37:05 CET 2025
3,33.19,3.564073,421.6,450,10.534,33.19,33.93562312746083,.74562312746083,.022465,Do 4. Dez 05:37:22 CET 2025
6,33.19,3.564073,421.6,450,10.534,33.19,34.75080141620945,1.56080141620945,.047026,Do 4. Dez 05:37:25 CET 2025
9,33.19,3.564073,421.6,450,10.534,33.19,35.6468781783736,2.4568781783736,.074024,Do 4. Dez 05:37:31 CET 2025
12,33.19,3.564073,421.6,450,10.534,33.19,36.63758208092976,3.44758208092976,.103874,Do 4. Dez 05:37:59 CET 2025
15,33.19,3.564073,421.6,450,10.534,33.19,37.73941141853495,4.54941141853495,.137071,Do 4. Dez 05:47:07 CET 2025
18,33.19,3.564073,421.6,450,10.534,33.19,38.97172228346876,5.78172228346876,.174200,Do 4. Dez 05:47:14 CET 2025
30,33.19,3.564073,421.6,450,10.534,33.19,45.578758013842865,12.388758013842865,.373267,Do 4. Dez 05:48:22 CET 2025
27,33.19,3.564073,421.6,450,10.534,33.19,43.656707250926054,10.466707250926054,.315357,Do 4. Dez 05:48:22 CET 2025
24,33.19,3.564073,421.6,450,10.534,33.19,41.913247532322,8.723247532322,.262827,Do 4. Dez 05:48:25 CET 2025
31,33.19,3.564073,421.6,450,10.534,33.19,46.25256329506157,13.06256329506157,.393569,Do 4. Dez 05:48:33 CET 2025
0,33.69,3.537527,421.6,450,10.534,33.69,33.69000000000002,.00000000000002,0,Do 4. Dez 05:48:38 CET 2025
21,33.19,3.564073,421.6,450,10.534,33.19,40.35603057245489,7.16603057245489,.215909,Do 4. Dez 05:48:54 CET 2025
3,33.69,3.537527,421.6,450,10.534,33.69,34.45877111950715,.76877111950715,.022818,Do 4. Dez 05:49:03 CET 2025
6,33.69,3.537527,421.6,450,10.534,33.69,35.30045602470259,1.61045602470259,.047802,Do 4. Dez 05:49:03 CET 2025
9,33.69,3.537527,421.6,450,10.534,33.69,36.22715214300188,2.53715214300188,.075308,Do 4. Dez 05:49:13 CET 2025
12,33.69,3.537527,421.6,450,10.534,33.69,37.25353984074873,3.56353984074873,.105774,Do 4. Dez 05:49:25 CET 2025
15,33.69,3.537527,421.6,450,10.534,33.69,38.39729102538152,4.70729102538152,.139723,Do 4. Dez 05:58:40 CET 2025
18,33.69,3.537527,421.6,450,10.534,33.69,39.679153962358,5.989153962358,.177772,Do 4. Dez 05:58:52 CET 2025
21,33.69,3.537527,421.6,450,10.534,33.69,41.12205882963995,7.43205882963995,.220601,Do 4. Dez 05:59:54 CET 2025
24,33.69,3.537527,421.6,450,10.534,33.69,42.747811119120854,9.057811119120854,.268857,Do 4. Dez 05:59:58 CET 2025
27,33.69,3.537527,421.6,450,10.534,33.69,44.56884272023122,10.87884272023122,.322910,Do 4. Dez 06:00:09 CET 2025
30,33.69,3.537527,421.6,450,10.534,33.69,46.57275317540846,12.88275317540846,.382391,Do 4. Dez 06:00:12 CET 2025
31,33.69,3.537527,421.6,450,10.534,33.69,47.273235624176394,13.583235624176394,.403183,Do 4. Dez 06:00:14 CET 2025
0,34.19,3.511565,421.6,450,10.534,34.19,34.19000000000002,.00000000000002,0,Do 4. Dez 06:00:28 CET 2025
6,34.19,3.511565,421.6,450,10.534,34.19,35.85096248890048,1.66096248890048,.048580,Do 4. Dez 06:00:35 CET 2025
3,34.19,3.511565,421.6,450,10.534,34.19,34.98228918377104,.79228918377104,.023173,Do 4. Dez 06:00:42 CET 2025
9,34.19,3.511565,421.6,450,10.534,34.19,36.80890873086133,2.61890873086133,.076598,Do 4. Dez 06:00:42 CET 2025
12,34.19,3.511565,421.6,450,10.534,34.19,37.87181376873841,3.68181376873841,.107686,Do 4. Dez 06:00:56 CET 2025
15,34.19,3.511565,421.6,450,10.534,34.19,39.058594832876466,4.868594832876466,.142398,Do 4. Dez 06:10:10 CET 2025
18,34.19,3.511565,421.6,450,10.534,34.19,40.39145611284741,6.20145611284741,.181382,Do 4. Dez 06:10:29 CET 2025
21,34.19,3.511565,421.6,450,10.534,34.19,41.89479138108182,7.70479138108182,.225352,Do 4. Dez 06:11:33 CET 2025
24,34.19,3.511565,421.6,450,10.534,34.19,43.591229039907645,9.401229039907645,.274970,Do 4. Dez 06:11:34 CET 2025
30,34.19,3.511565,421.6,450,10.534,34.19,47.57881874048392,13.38881874048392,.391600,Do 4. Dez 06:11:44 CET 2025
27,34.19,3.511565,421.6,450,10.534,34.19,45.49190996390992,11.30190996390992,.330561,Do 4. Dez 06:11:45 CET 2025
0,34.97,3.472182,421.6,450,10.534,34.97,34.97000000000002,.00000000000002,0,Do 4. Dez 06:11:50 CET 2025
31,34.19,3.511565,421.6,450,10.534,34.19,48.30594743098487,14.11594743098487,.412867,Do 4. Dez 06:11:58 CET 2025
3,34.97,3.472182,421.6,450,10.534,34.97,35.79971770458346,.82971770458346,.023726,Do 4. Dez 06:12:14 CET 2025
6,34.97,3.472182,421.6,450,10.534,34.97,36.711462386563745,1.741462386563745,.049798,Do 4. Dez 06:12:14 CET 2025
9,34.97,3.472182,421.6,450,10.534,34.97,37.71943816410425,2.74943816410425,.078622,Do 4. Dez 06:12:23 CET 2025
12,34.97,3.472182,421.6,450,10.534,34.97,38.84100641636147,3.87100641636147,.110695,Do 4. Dez 06:12:32 CET 2025
15,34.97,3.472182,421.6,450,10.534,34.97,40.09716443510588,5.12716443510588,.146616,Do 4. Dez 06:21:38 CET 2025
18,34.97,3.472182,421.6,450,10.534,34.97,41.51254205750275,6.54254205750275,.187090,Do 4. Dez 06:21:59 CET 2025
24,34.97,3.472182,421.6,450,10.534,34.97,44.9249410287091,9.9549410287091,.284670,Do 4. Dez 06:23:08 CET 2025
21,34.97,3.472182,421.6,450,10.534,34.97,43.1139000148611,8.1439000148611,.232882,Do 4. Dez 06:23:09 CET 2025
27,34.97,3.472182,421.6,450,10.534,34.97,46.953875512565155,11.983875512565155,.342690,Do 4. Dez 06:23:18 CET 2025
30,34.97,3.472182,421.6,450,10.534,34.97,49.17197306697435,14.20197306697435,.406118,Do 4. Dez 06:23:19 CET 2025
31,34.97,3.472182,421.6,450,10.534,34.97,49.94036717149515,14.97036717149515,.428091,Do 4. Dez 06:23:20 CET 2025
0,32.69,3.734455,455.9,450,10.534,32.69,32.69000000000002,.00000000000002,0,Do 4. Dez 06:23:27 CET 2025
3,32.69,3.734455,455.9,450,10.534,32.69,33.35627358676717,.66627358676717,.020381,Do 4. Dez 06:23:50 CET 2025
6,32.69,3.734455,455.9,450,10.534,32.69,34.078616889687055,1.388616889687055,.042478,Do 4. Dez 06:23:57 CET 2025
9,32.69,3.734455,455.9,450,10.534,32.69,34.865249835902574,2.175249835902574,.066541,Do 4. Dez 06:23:58 CET 2025
12,32.69,3.734455,455.9,450,10.534,32.69,35.72596380096918,3.03596380096918,.092871,Do 4. Dez 06:23:58 CET 2025
21,32.69,3.734455,455.9,450,10.534,32.69,38.87832385163323,6.18832385163323,.189303,Do 4. Dez 13:35:18 CET 2025
24,32.69,3.734455,455.9,450,10.534,32.69,40.169538128743184,7.479538128743184,.228802,Do 4. Dez 13:35:20 CET 2025
18,32.69,3.734455,455.9,450,10.534,32.69,37.718023434979514,5.028023434979514,.153809,Do 4. Dez 13:35:22 CET 2025
30,32.69,3.734455,455.9,450,10.534,32.69,43.19604229410232,10.50604229410232,.321383,Do 4. Dez 13:35:23 CET 2025
15,32.69,3.734455,455.9,450,10.534,32.69,36.67236430540367,3.98236430540367,.121822,Do 4. Dez 13:35:31 CET 2025
6,33.19,3.706219,455.9,450,10.534,33.19,34.62327221158863,1.43327221158863,.043183,Do 4. Dez 13:35:31 CET 2025
31,32.69,3.734455,455.9,450,10.534,32.69,43.75912887182053,11.06912887182053,.338609,Do 4. Dez 13:35:32 CET 2025
0,33.19,3.706219,455.9,450,10.534,33.19,33.19000000000002,.00000000000002,0,Do 4. Dez 13:35:33 CET 2025
27,32.69,3.734455,455.9,450,10.534,32.69,41.60627489148091,8.91627489148091,.272752,Do 4. Dez 13:35:33 CET 2025
9,33.19,3.706219,455.9,450,10.534,33.19,35.4368898118781,2.2468898118781,.067697,Do 4. Dez 13:35:33 CET 2025
3,33.19,3.706219,455.9,450,10.534,33.19,33.87723363679204,.68723363679204,.020706,Do 4. Dez 13:35:36 CET 2025
12,33.19,3.706219,455.9,450,10.534,33.19,36.328557888882166,3.138557888882166,.094563,Do 4. Dez 13:35:38 CET 2025
18,33.19,3.706219,455.9,450,10.534,33.19,38.39793920676557,5.20793920676557,.156912,Do 4. Dez 13:46:52 CET 2025
15,33.19,3.706219,455.9,450,10.534,33.19,37.31071939345719,4.12071939345719,.124155,Do 4. Dez 13:46:53 CET 2025
21,33.19,3.706219,455.9,450,10.534,33.19,39.606690730542155,6.416690730542155,.193332,Do 4. Dez 13:46:56 CET 2025
3,33.69,3.678614,455.9,450,10.534,33.69,34.39853130696341,.70853130696341,.021030,Do 4. Dez 13:47:03 CET 2025
24,33.19,3.706219,455.9,450,10.534,33.19,40.95423909675093,7.76423909675093,.233933,Do 4. Dez 13:47:06 CET 2025
6,33.69,3.678614,455.9,450,10.534,33.69,35.16869733953556,1.47869733953556,.043891,Do 4. Dez 13:47:06 CET 2025
27,33.19,3.706219,455.9,450,10.534,33.19,42.45559731554708,9.26559731554708,.279168,Do 4. Dez 13:47:06 CET 2025
0,33.69,3.678614,455.9,450,10.534,33.69,33.69000000000002,.00000000000002,0,Do 4. Dez 13:47:08 CET 2025
31,33.19,3.706219,455.9,450,10.534,33.19,44.70499353943254,11.51499353943254,.346941,Do 4. Dez 13:47:10 CET 2025
12,33.69,3.678614,455.9,450,10.534,33.69,36.93317675716592,3.24317675716592,.096265,Do 4. Dez 13:47:10 CET 2025
30,33.19,3.706219,455.9,450,10.534,33.19,44.11705700554012,10.92705700554012,.329227,Do 4. Dez 13:47:12 CET 2025
9,33.69,3.678614,455.9,450,10.534,33.69,36.00984730916062,2.31984730916062,.068858,Do 4. Dez 13:47:18 CET 2025
21,33.69,3.678614,455.9,450,10.534,33.69,40.34065970501619,6.65065970501619,.197407,Do 4. Dez 13:58:21 CET 2025
15,33.69,3.678614,455.9,450,10.534,33.69,37.95201169971739,4.26201169971739,.126506,Do 4. Dez 13:58:27 CET 2025
18,33.69,3.678614,455.9,450,10.534,33.69,39.08196537429002,5.39196537429002,.160046,Do 4. Dez 13:58:29 CET 2025
24,33.69,3.678614,455.9,450,10.534,33.69,41.74635371185264,8.05635371185264,.239131,Do 4. Dez 13:58:34 CET 2025
27,33.69,3.678614,455.9,450,10.534,33.69,43.31435014815861,9.62435014815861,.285673,Do 4. Dez 13:58:42 CET 2025
0,34.19,3.651617,455.9,450,10.534,34.19,34.19000000000002,.00000000000002,0,Do 4. Dez 13:58:44 CET 2025
9,34.19,3.651617,455.9,450,10.534,34.19,36.584130108906784,2.394130108906784,.070024,Do 4. Dez 13:58:45 CET 2025
3,34.19,3.651617,455.9,450,10.534,34.19,34.920167892096025,.730167892096025,.021356,Do 4. Dez 13:58:47 CET 2025
31,33.69,3.678614,455.9,450,10.534,33.69,45.662625370959816,11.972625370959816,.355376,Do 4. Dez 13:58:49 CET 2025
30,33.69,3.678614,455.9,450,10.534,33.69,45.04936216185647,11.35936216185647,.337173,Do 4. Dez 13:58:49 CET 2025
6,34.19,3.651617,455.9,450,10.534,34.19,35.714891376452336,1.524891376452336,.044600,Do 4. Dez 13:58:50 CET 2025
12,34.19,3.651617,455.9,450,10.534,34.19,37.53983775064673,3.34983775064673,.097977,Do 4. Dez 13:59:01 CET 2025
15,34.19,3.651617,455.9,450,10.534,34.19,38.59627461765906,4.40627461765906,.128876,Do 4. Dez 14:10:01 CET 2025
18,34.19,3.651617,455.9,450,10.534,34.19,39.77015921011052,5.58015921011052,.163210,Do 4. Dez 14:10:03 CET 2025
21,34.19,3.651617,455.9,450,10.534,34.19,41.08030761390709,6.89030761390709,.201529,Do 4. Dez 14:10:14 CET 2025
24,34.19,3.651617,455.9,450,10.534,34.19,42.546000814325545,8.356000814325545,.244398,Do 4. Dez 14:10:14 CET 2025
27,34.19,3.651617,455.9,450,10.534,34.19,44.18266473311598,9.99266473311598,.292268,Do 4. Dez 14:10:17 CET 2025
9,34.97,3.610663,455.9,450,10.534,34.97,37.48267972469763,2.51267972469763,.071852,Do 4. Dez 14:10:21 CET 2025
30,34.19,3.651617,455.9,450,10.534,34.19,45.99300787282215,11.80300787282215,.345218,Do 4. Dez 14:10:23 CET 2025
0,34.97,3.610663,455.9,450,10.534,34.97,34.97000000000002,.00000000000002,0,Do 4. Dez 14:10:24 CET 2025
31,34.19,3.651617,455.9,450,10.534,34.19,46.632002748841614,12.442002748841614,.363907,Do 4. Dez 14:10:25 CET 2025
6,34.97,3.610663,455.9,450,10.534,34.97,36.5685014207346,1.5985014207346,.045710,Do 4. Dez 14:10:26 CET 2025
3,34.97,3.610663,455.9,450,10.534,34.97,35.734598704651624,.764598704651624,.021864,Do 4. Dez 14:10:32 CET 2025
12,34.97,3.610663,455.9,450,10.534,34.97,38.49035255954986,3.52035255954986,.100667,Do 4. Dez 14:10:39 CET 2025
15,34.97,3.610663,455.9,450,10.534,34.97,39.607340872417446,4.637340872417446,.132609,Do 4. Dez 14:21:36 CET 2025
18,34.97,3.610663,455.9,450,10.534,34.97,40.852208761486956,5.882208761486956,.168207,Do 4. Dez 14:21:43 CET 2025
21,34.97,3.610663,455.9,450,10.534,34.97,42.245740924052264,7.275740924052264,.208056,Do 4. Dez 14:21:46 CET 2025
24,34.97,3.610663,455.9,450,10.534,34.97,43.80878179458354,8.83878179458354,.252753,Do 4. Dez 14:21:52 CET 2025
27,34.97,3.610663,455.9,450,10.534,34.97,45.556623106588276,10.586623106588276,.302734,Do 4. Dez 14:21:57 CET 2025
31,34.97,3.610663,455.9,450,10.534,34.97,48.16760702636987,13.19760702636987,.377397,Do 4. Dez 14:21:59 CET 2025
0,32.69,3.967981,514.7,450,10.534,32.69,32.69000000000002,.00000000000002,0,Do 4. Dez 14:22:00 CET 2025
3,32.69,3.967981,514.7,450,10.534,32.69,33.27746100564386,.58746100564386,.017970,Do 4. Dez 14:22:01 CET 2025
6,32.69,3.967981,514.7,450,10.534,32.69,33.9082264157782,1.2182264157782,.037266,Do 4. Dez 14:22:03 CET 2025
30,34.97,3.610663,455.9,450,10.534,34.97,47.487811110345774,12.517811110345774,.357958,Do 4. Dez 14:22:05 CET 2025
9,32.69,3.967981,514.7,450,10.534,32.69,34.587836454151635,1.897836454151635,.058055,Do 4. Dez 14:22:12 CET 2025
12,32.69,3.967981,514.7,450,10.534,32.69,35.32275918840989,2.63275918840989,.080537,Do 4. Dez 14:22:28 CET 2025
15,32.69,3.967981,514.7,450,10.534,32.69,36.12053318584917,3.43053318584917,.104941,Do 4. Dez 14:33:09 CET 2025
18,32.69,3.967981,514.7,450,10.534,32.69,36.98988173595087,4.29988173595087,.131535,Do 4. Dez 14:33:16 CET 2025
0,33.19,3.937979,514.7,450,10.534,33.19,33.19000000000002,.00000000000002,0,Do 4. Dez 14:33:28 CET 2025
21,32.69,3.967981,514.7,450,10.534,32.69,37.94074158820089,5.25074158820089,.160622,Do 4. Dez 14:33:28 CET 2025
24,32.69,3.967981,514.7,450,10.534,32.69,38.98407537065695,6.29407537065695,.192538,Do 4. Dez 14:33:30 CET 2025
27,32.69,3.967981,514.7,450,10.534,32.69,40.13122119931452,7.44122119931452,.227629,Do 4. Dez 14:33:36 CET 2025
31,32.69,3.967981,514.7,450,10.534,32.69,41.83932263551702,9.14932263551702,.279881,Do 4. Dez 14:33:39 CET 2025
30,32.69,3.967981,514.7,450,10.534,32.69,41.39236423588382,8.70236423588382,.266208,Do 4. Dez 14:33:39 CET 2025
3,33.19,3.937979,514.7,450,10.534,33.19,33.795897490097495,.605897490097495,.018255,Do 4. Dez 14:33:39 CET 2025
6,33.19,3.937979,514.7,450,10.534,33.19,34.44720140668031,1.25720140668031,.037878,Do 4. Dez 14:33:42 CET 2025
9,33.19,3.937979,514.7,450,10.534,33.19,35.149819097451825,1.959819097451825,.059048,Do 4. Dez 14:33:52 CET 2025
12,33.19,3.937979,514.7,450,10.534,33.19,35.910666608614925,2.720666608614925,.081972,Do 4. Dez 14:34:10 CET 2025
15,33.19,3.937979,514.7,450,10.534,33.19,36.737818785030754,3.547818785030754,.106894,Do 4. Dez 14:44:43 CET 2025
18,33.19,3.937979,514.7,450,10.534,33.19,37.64063492234073,4.45063492234073,.134095,Do 4. Dez 14:44:55 CET 2025
31,33.19,3.937979,514.7,450,10.534,33.19,42.69920810082054,9.50920810082054,.286508,Do 4. Dez 14:45:06 CET 2025
24,33.19,3.937979,514.7,450,10.534,33.19,39.71697072587739,6.52697072587739,.196654,Do 4. Dez 14:45:09 CET 2025
3,33.69,3.908648,514.7,450,10.534,33.69,34.31462885269675,.62462885269675,.018540,Do 4. Dez 14:45:11 CET 2025
21,33.19,3.937979,514.7,450,10.534,33.19,38.62977680602185,5.43977680602185,.163898,Do 4. Dez 14:45:12 CET 2025
27,33.19,3.937979,514.7,450,10.534,33.19,40.914227664470445,7.724227664470445,.232727,Do 4. Dez 14:45:13 CET 2025
30,33.19,3.937979,514.7,450,10.534,33.19,42.232003976698216,9.042003976698216,.272431,Do 4. Dez 14:45:16 CET 2025
0,33.69,3.908648,514.7,450,10.534,33.69,33.69000000000002,.00000000000002,0,Do 4. Dez 14:45:18 CET 2025
6,33.69,3.908648,514.7,450,10.534,33.69,34.98683499258811,1.29683499258811,.038493,Do 4. Dez 14:45:20 CET 2025
9,33.69,3.908648,514.7,450,10.534,33.69,35.712914593789264,2.022914593789264,.060044,Do 4. Dez 14:45:34 CET 2025
12,33.69,3.908648,514.7,450,10.534,33.69,36.5002522528832,2.8102522528832,.083415,Do 4. Dez 14:45:48 CET 2025
15,33.69,3.908648,514.7,450,10.534,33.69,37.357490998894335,3.667490998894335,.108859,Do 4. Dez 14:56:09 CET 2025
18,33.69,3.908648,514.7,450,10.534,33.69,38.29466187775515,4.60466187775515,.136677,Do 4. Dez 14:56:34 CET 2025
24,33.69,3.908648,514.7,450,10.534,33.69,40.45560650229378,6.76560650229378,.200819,Do 4. Dez 14:56:44 CET 2025
27,33.69,3.908648,514.7,450,10.534,33.69,41.70458517143242,8.01458517143242,.237892,Do 4. Dez 14:56:48 CET 2025
21,33.69,3.908648,514.7,450,10.534,33.69,39.323191594231446,5.633191594231446,.167206,Do 4. Dez 14:56:50 CET 2025
30,33.69,3.908648,514.7,450,10.534,33.69,43.08077280723532,9.39077280723532,.278740,Do 4. Dez 14:56:51 CET 2025
31,33.69,3.908648,514.7,450,10.534,33.69,43.568830020636106,9.878830020636106,.293227,Do 4. Dez 14:56:54 CET 2025
0,34.19,3.879962,514.7,450,10.534,34.19,34.19000000000002,.00000000000002,0,Do 4. Dez 14:56:55 CET 2025
3,34.19,3.879962,514.7,450,10.534,34.19,34.833655934048075,.643655934048075,.018825,Do 4. Dez 14:56:59 CET 2025
9,34.19,3.879962,514.7,450,10.534,34.19,36.277130465761545,2.087130465761545,.061045,Do 4. Dez 14:57:02 CET 2025
6,34.19,3.879962,514.7,450,10.534,34.19,35.52713238541651,1.33713238541651,.039108,Do 4. Dez 14:57:05 CET 2025
12,34.19,3.879962,514.7,450,10.534,34.19,37.09153152041434,2.90153152041434,.084864,Do 4. Dez 14:57:27 CET 2025
15,34.19,3.879962,514.7,450,10.534,34.19,37.979576880234234,3.789576880234234,.110838,Do 4. Dez 15:07:50 CET 2025
18,34.19,3.879962,514.7,450,10.534,34.19,38.95200751033283,4.76200751033283,.139280,Do 4. Dez 15:08:05 CET 2025
30,34.19,3.879962,514.7,450,10.534,34.19,43.9388301860075,9.7488301860075,.285136,Do 4. Dez 15:08:17 CET 2025
3,34.97,3.836447,514.7,450,10.534,34.97,35.643929889400596,.673929889400596,.019271,Do 4. Dez 15:08:23 CET 2025
24,34.19,3.879962,514.7,450,10.534,34.19,41.20007940015662,7.01007940015662,.205033,Do 4. Dez 15:08:27 CET 2025
21,34.19,3.879962,514.7,450,10.534,34.19,40.02105570213772,5.83105570213772,.170548,Do 4. Dez 15:08:31 CET 2025
0,34.97,3.836447,514.7,450,10.534,34.97,34.97000000000002,.00000000000002,0,Do 4. Dez 15:08:32 CET 2025
27,34.19,3.879962,514.7,450,10.534,34.19,42.5024274354118,8.3124274354118,.243124,Do 4. Dez 15:08:35 CET 2025
31,34.19,3.879962,514.7,450,10.534,34.19,44.44833714866715,10.25833714866715,.300039,Do 4. Dez 15:08:36 CET 2025
6,34.97,3.836447,514.7,450,10.534,34.97,36.371323308728364,1.401323308728364,.040072,Do 4. Dez 15:08:49 CET 2025
9,34.97,3.836447,514.7,450,10.534,34.97,37.15955653545767,2.18955653545767,.062612,Do 4. Dez 15:08:49 CET 2025
12,34.97,3.836447,514.7,450,10.534,34.97,38.01733573916035,3.04733573916035,.087141,Do 4. Dez 15:09:10 CET 2025
15,34.97,3.836447,514.7,450,10.534,34.97,38.954902491840464,3.984902491840464,.113952,Do 4. Dez 15:19:24 CET 2025
18,34.97,3.836447,514.7,450,10.534,34.97,39.98418392886524,5.01418392886524,.143385,Do 4. Dez 15:19:50 CET 2025
21,34.97,3.836447,514.7,450,10.534,34.97,41.11875452914999,6.14875452914999,.175829,Do 4. Dez 15:19:52 CET 2025
24,34.97,3.836447,514.7,450,10.534,34.97,42.373331822117436,7.403331822117436,.211705,Do 4. Dez 15:20:03 CET 2025
27,34.97,3.836447,514.7,450,10.534,34.97,43.76226578722762,8.79226578722762,.251423,Do 4. Dez 15:20:09 CET 2025
31,34.97,3.836447,514.7,450,10.534,34.97,45.84031122345258,10.87031122345258,.310846,Do 4. Dez 15:20:13 CET 2025
0,32.69,4.188507,573.5,450,10.534,32.69,32.69000000000002,.00000000000002,0,Do 4. Dez 15:20:13 CET 2025
3,32.69,4.188507,573.5,450,10.534,32.69,33.21532348479839,.52532348479839,.016069,Do 4. Dez 15:20:15 CET 2025
30,34.97,3.836447,514.7,450,10.534,34.97,45.296204876820546,10.326204876820546,.295287,Do 4. Dez 15:20:16 CET 2025
9,32.69,4.188507,573.5,450,10.534,32.69,34.37322809711252,1.68322809711252,.051490,Do 4. Dez 15:20:27 CET 2025
6,32.69,4.188507,573.5,450,10.534,32.69,33.775096968345956,1.085096968345956,.033193,Do 4. Dez 15:20:35 CET 2025
12,32.69,4.188507,573.5,450,10.534,32.69,35.01420898151421,2.32420898151421,.071098,Do 4. Dez 15:20:36 CET 2025
15,32.69,4.188507,573.5,450,10.534,32.69,35.70319768156659,3.01319768156659,.092174,Do 4. Dez 15:31:03 CET 2025
18,32.69,4.188507,573.5,450,10.534,32.69,36.44609282226196,3.75609282226196,.114900,Do 4. Dez 15:31:30 CET 2025
24,32.69,4.188507,573.5,450,10.534,32.69,38.121156726405324,5.431156726405324,.166141,Do 4. Dez 15:31:36 CET 2025
21,32.69,4.188507,573.5,450,10.534,32.69,37.249581651083155,4.559581651083155,.139479,Do 4. Dez 15:31:36 CET 2025
27,32.69,4.188507,573.5,450,10.534,32.69,39.06884223880154,6.37884223880154,.195131,Do 4. Dez 15:31:49 CET 2025
3,33.19,4.156837,573.5,450,10.534,33.19,33.73177852695116,.54177852695116,.016323,Do 4. Dez 15:31:49 CET 2025
30,32.69,4.188507,573.5,450,10.534,32.69,40.10084848895824,7.41084848895824,.226700,Do 4. Dez 15:31:51 CET 2025
31,32.69,4.188507,573.5,450,10.534,32.69,40.46491508234671,7.77491508234671,.237837,Do 4. Dez 15:31:56 CET 2025
0,33.19,4.156837,573.5,450,10.534,33.19,33.19000000000002,.00000000000002,0,Do 4. Dez 15:31:56 CET 2025
6,33.19,4.156837,573.5,450,10.534,33.19,34.30967188480038,1.11967188480038,.033735,Do 4. Dez 15:32:06 CET 2025
9,33.19,4.156837,573.5,450,10.534,33.19,34.92784625627775,1.73784625627775,.052360,Do 4. Dez 15:32:07 CET 2025
12,33.19,4.156837,573.5,450,10.534,33.19,35.59110007607099,2.40110007607099,.072344,Do 4. Dez 15:32:11 CET 2025
15,33.19,4.156837,573.5,450,10.534,33.19,36.304955171627356,3.114955171627356,.093852,Do 4. Dez 15:42:41 CET 2025
18,33.19,4.156837,573.5,450,10.534,33.19,37.07573923210509,3.88573923210509,.117075,Do 4. Dez 15:43:08 CET 2025
24,33.19,4.156837,573.5,450,10.534,33.19,38.81764557679702,5.62764557679702,.169558,Do 4. Dez 15:43:11 CET 2025
21,33.19,4.156837,573.5,450,10.534,33.19,37.91063502819165,4.72063502819165,.142230,Do 4. Dez 15:43:11 CET 2025
31,33.19,4.156837,573.5,450,10.534,33.19,41.26279314328826,8.07279314328826,.243229,Do 4. Dez 15:43:23 CET 2025
30,33.19,4.156837,573.5,450,10.534,33.19,40.88251135623427,7.69251135623427,.231771,Do 4. Dez 15:43:30 CET 2025
0,33.69,4.125876,573.5,450,10.534,33.69,33.69000000000002,.00000000000002,0,Do 4. Dez 15:43:32 CET 2025
27,33.19,4.156837,573.5,450,10.534,33.19,39.80538290385009,6.61538290385009,.199318,Do 4. Dez 15:43:33 CET 2025
6,33.69,4.125876,573.5,450,10.534,33.69,34.844825014823584,1.154825014823584,.034277,Do 4. Dez 15:43:38 CET 2025
3,33.69,4.125876,573.5,450,10.534,33.69,34.24849538761763,.55849538761763,.016577,Do 4. Dez 15:43:40 CET 2025
12,33.69,4.125876,573.5,450,10.534,33.69,36.169421244280855,2.479421244280855,.073595,Do 4. Dez 15:43:45 CET 2025
9,33.69,4.125876,573.5,450,10.534,33.69,35.483426426337104,1.793426426337104,.053233,Do 4. Dez 15:43:51 CET 2025
15,33.69,4.125876,573.5,450,10.534,33.69,36.90871518933349,3.21871518933349,.095539,Do 4. Dez 15:54:36 CET 2025
18,33.69,4.125876,573.5,450,10.534,33.69,37.70808682213626,4.01808682213626,.119266,Do 4. Dez 15:54:47 CET 2025
24,33.69,4.125876,573.5,450,10.534,33.69,39.518736730074586,5.828736730074586,.173010,Do 4. Dez 15:54:50 CET 2025
21,33.69,4.125876,573.5,450,10.534,33.69,38.57523586647691,4.88523586647691,.145005,Do 4. Dez 15:54:52 CET 2025
27,33.69,4.125876,573.5,450,10.534,33.69,40.5477745186415,6.8577745186415,.203555,Do 4. Dez 15:54:53 CET 2025
31,33.69,4.125876,573.5,450,10.534,33.69,42.068492976834975,8.378492976834975,.248693,Do 4. Dez 15:55:06 CET 2025
30,33.69,4.125876,573.5,450,10.534,33.69,41.671476281457,7.981476281457,.236909,Do 4. Dez 15:55:11 CET 2025
0,34.19,4.095596,573.5,450,10.534,34.19,34.19000000000002,.00000000000002,0,Do 4. Dez 15:55:13 CET 2025
6,34.19,4.095596,573.5,450,10.534,34.19,35.38055905868265,1.19055905868265,.034821,Do 4. Dez 15:55:15 CET 2025
3,34.19,4.095596,573.5,450,10.534,34.19,34.76547475930386,.57547475930386,.016831,Do 4. Dez 15:55:15 CET 2025
9,34.19,4.095596,573.5,450,10.534,34.19,36.03997460867343,1.84997460867343,.054108,Do 4. Dez 15:55:30 CET 2025
12,34.19,4.095596,573.5,450,10.534,34.19,36.7491840399535,2.5591840399535,.074851,Do 4. Dez 15:55:34 CET 2025
15,34.19,4.095596,573.5,450,10.534,34.19,37.51449884217731,3.32449884217731,.097236,Do 4. Dez 16:06:18 CET 2025
21,34.19,4.095596,573.5,450,10.534,34.19,39.243450334801565,5.053450334801565,.147804,Do 4. Dez 16:06:24 CET 2025
18,34.19,4.095596,573.5,450,10.534,34.19,38.34317160780508,4.15317160780508,.121473,Do 4. Dez 16:06:25 CET 2025
27,34.19,4.095596,573.5,450,10.534,34.19,41.29612042204265,7.10612042204265,.207842,Do 4. Dez 16:06:33 CET 2025
24,34.19,4.095596,573.5,450,10.534,34.19,40.2245071763844,6.0345071763844,.176499,Do 4. Dez 16:06:36 CET 2025
30,34.19,4.095596,573.5,450,10.534,34.19,42.46787778066553,8.27787778066553,.242114,Do 4. Dez 16:06:40 CET 2025
6,34.97,4.049663,573.5,450,10.534,34.97,36.217467171450494,1.247467171450494,.035672,Do 4. Dez 16:06:47 CET 2025
31,34.19,4.095596,573.5,450,10.534,34.19,42.88215966582467,8.69215966582467,.254231,Do 4. Dez 16:06:48 CET 2025
0,34.97,4.049663,573.5,450,10.534,34.97,34.97000000000002,.00000000000002,0,Do 4. Dez 16:06:54 CET 2025
3,34.97,4.049663,573.5,450,10.534,34.97,35.57248726926277,.60248726926277,.017228,Do 4. Dez 16:07:01 CET 2025
9,34.97,4.049663,573.5,450,10.534,34.97,36.910133225322035,1.940133225322035,.055479,Do 4. Dez 16:07:13 CET 2025
12,34.97,4.049663,573.5,450,10.534,34.97,37.65651642039724,2.68651642039724,.076823,Do 4. Dez 16:07:14 CET 2025
15,34.97,4.049663,573.5,450,10.534,34.97,38.46360029296122,3.49360029296122,.099902,Do 4. Dez 16:17:55 CET 2025
21,34.97,4.049663,573.5,450,10.534,34.97,40.29318339194982,5.32318339194982,.152221,Do 4. Dez 16:18:03 CET 2025
18,34.97,4.049663,573.5,450,10.534,34.97,39.339435911301145,4.369435911301145,.124948,Do 4. Dez 16:18:04 CET 2025
24,34.97,4.049663,573.5,450,10.534,34.97,41.335008954464946,6.365008954464946,.182013,Do 4. Dez 16:18:07 CET 2025
27,34.97,4.049663,573.5,450,10.534,34.97,42.475656006790715,7.505656006790715,.214631,Do 4. Dez 16:18:12 CET 2025
30,34.97,4.049663,573.5,450,10.534,34.97,43.725389275520435,8.755389275520435,.250368,Do 4. Dez 16:18:25 CET 2025
31,34.97,4.049663,573.5,450,10.534,34.97,44.16767444039888,9.19767444039888,.263016,Do 4. Dez 16:18:25 CET 2025
0,32.69,4.397988,632.3,450,10.534,32.69,32.69000000000002,.00000000000002,0,Do 4. Dez 16:18:31 CET 2025
3,32.69,4.397988,632.3,450,10.534,32.69,33.16507472636055,.47507472636055,.014532,Do 4. Dez 16:18:38 CET 2025
6,32.69,4.397988,632.3,450,10.534,32.69,33.66820702364692,.97820702364692,.029923,Do 4. Dez 16:18:39 CET 2025
9,32.69,4.397988,632.3,450,10.534,32.69,34.202255911453065,1.512255911453065,.046260,Do 4. Dez 16:18:56 CET 2025
12,32.69,4.397988,632.3,450,10.534,32.69,34.770464340133124,2.080464340133124,.063642,Do 4. Dez 16:18:58 CET 2025
21,32.69,4.397988,632.3,450,10.534,32.69,36.71929928073058,4.02929928073058,.123257,Do 4. Dez 16:29:28 CET 2025
15,32.69,4.397988,632.3,450,10.534,32.69,35.37651130793563,2.68651130793563,.082181,Do 4. Dez 16:29:38 CET 2025
18,32.69,4.397988,632.3,450,10.534,32.69,36.02455965192929,3.33455965192929,.102005,Do 4. Dez 16:29:41 CET 2025
24,32.69,4.397988,632.3,450,10.534,32.69,37.46596363416803,4.77596363416803,.146098,Do 4. Dez 16:29:51 CET 2025
27,32.69,4.397988,632.3,450,10.534,32.69,38.270272176611265,5.580272176611265,.170702,Do 4. Dez 16:29:57 CET 2025
30,32.69,4.397988,632.3,450,10.534,32.69,39.138310149511014,6.448310149511014,.197256,Do 4. Dez 16:30:03 CET 2025
31,32.69,4.397988,632.3,450,10.534,32.69,39.44288263108556,6.75288263108556,.206573,Do 4. Dez 16:30:07 CET 2025
0,33.19,4.364735,632.3,450,10.534,33.19,33.19000000000002,.00000000000002,0,Do 4. Dez 16:30:13 CET 2025
6,33.19,4.364735,632.3,450,10.534,33.19,34.19927445263289,1.00927445263289,.030408,Do 4. Dez 16:30:16 CET 2025
3,33.19,4.364735,632.3,450,10.534,33.19,33.67993281697078,.48993281697078,.014761,Do 4. Dez 16:30:20 CET 2025
9,33.19,4.364735,632.3,450,10.534,33.19,34.75107133484238,1.56107133484238,.047034,Do 4. Dez 16:30:40 CET 2025
12,33.19,4.364735,632.3,450,10.534,33.19,35.338786392018434,2.148786392018434,.064741,Do 4. Dez 16:30:40 CET 2025
15,33.19,4.364735,632.3,450,10.534,33.19,35.96635723316656,2.77635723316656,.083650,Do 4. Dez 16:41:09 CET 2025
18,33.19,4.364735,632.3,450,10.534,33.19,36.63824214324288,3.44824214324288,.103894,Do 4. Dez 16:41:10 CET 2025
21,33.19,4.364735,632.3,450,10.534,33.19,37.35947775700053,4.16947775700053,.125624,Do 4. Dez 16:41:23 CET 2025
31,33.19,4.364735,632.3,450,10.534,33.19,40.19561077153497,7.00561077153497,.211075,Do 4. Dez 16:41:29 CET 2025
24,33.19,4.364735,632.3,450,10.534,33.19,38.13567022471362,4.94567022471362,.149010,Do 4. Dez 16:41:39 CET 2025
27,33.19,4.364735,632.3,450,10.534,33.19,38.97296034583696,5.78296034583696,.174238,Do 4. Dez 16:41:39 CET 2025
30,33.19,4.364735,632.3,450,10.534,33.19,39.87783788281046,6.68783788281046,.201501,Do 4. Dez 16:41:45 CET 2025
0,33.69,4.332225,632.3,450,10.534,33.69,33.69000000000002,.00000000000002,0,Do 4. Dez 16:41:51 CET 2025
6,33.69,4.332225,632.3,450,10.534,33.69,34.730857156049865,1.040857156049865,.030895,Do 4. Dez 16:41:58 CET 2025
3,33.69,4.332225,632.3,450,10.534,33.69,34.1950263529186,.5050263529186,.014990,Do 4. Dez 16:42:00 CET 2025
12,33.69,4.332225,632.3,450,10.534,33.69,35.908356612041075,2.218356612041075,.065846,Do 4. Dez 16:42:17 CET 2025
9,33.69,4.332225,632.3,450,10.534,33.69,35.300735769788574,1.610735769788574,.047810,Do 4. Dez 16:42:20 CET 2025
15,33.69,4.332225,632.3,450,10.534,33.69,36.5579271530069,2.8679271530069,.085126,Do 4. Dez 16:52:42 CET 2025
18,33.69,4.332225,632.3,450,10.534,33.69,37.25422410577178,3.56422410577178,.105794,Do 4. Dez 16:52:51 CET 2025
27,33.69,4.332225,632.3,450,10.534,33.69,39.68044543468122,5.99044543468122,.177810,Do 4. Dez 16:53:04 CET 2025
24,33.69,4.332225,632.3,450,10.534,33.69,38.80918932574913,5.11918932574913,.151949,Do 4. Dez 16:53:05 CET 2025
21,33.69,4.332225,632.3,450,10.534,33.69,38.002639675802705,4.312639675802705,.128009,Do 4. Dez 16:53:07 CET 2025
30,33.69,4.332225,632.3,450,10.534,33.69,40.62332061324926,6.93332061324926,.205797,Do 4. Dez 16:53:25 CET 2025
31,33.69,4.332225,632.3,450,10.534,33.69,40.95471620303194,7.26471620303194,.215634,Do 4. Dez 16:53:29 CET 2025
0,34.19,4.300431,632.3,450,10.534,34.19,34.19000000000002,.00000000000002,0,Do 4. Dez 16:53:30 CET 2025
6,34.19,4.300431,632.3,450,10.534,34.19,35.26295543242478,1.07295543242478,.031382,Do 4. Dez 16:53:36 CET 2025
3,34.19,4.300431,632.3,450,10.534,34.19,34.710355856683655,.520355856683655,.015219,Do 4. Dez 16:53:43 CET 2025
9,34.19,4.300431,632.3,450,10.534,34.19,35.85125077053452,1.66125077053452,.048588,Do 4. Dez 16:53:52 CET 2025
12,34.19,4.300431,632.3,450,10.534,34.19,36.47917975993465,2.28917975993465,.066954,Do 4. Dez 16:54:02 CET 2025
15,34.19,4.300431,632.3,450,10.534,34.19,37.15123409262591,2.96123409262591,.086611,Do 4. Dez 17:04:23 CET 2025
18,34.19,4.300431,632.3,450,10.534,34.19,37.87252362114142,3.68252362114142,.107707,Do 4. Dez 17:04:33 CET 2025
21,34.19,4.300431,632.3,450,10.534,34.19,38.64882213850843,4.45882213850843,.130413,Do 4. Dez 17:04:41 CET 2025
27,34.19,4.300431,632.3,450,10.534,34.19,40.392800021350226,6.202800021350226,.181421,Do 4. Dez 17:04:42 CET 2025
24,34.19,4.300431,632.3,450,10.534,34.19,39.48657242659617,5.29657242659617,.154915,Do 4. Dez 17:04:50 CET 2025
31,34.19,4.300431,632.3,450,10.534,34.19,41.72030423870247,7.53030423870247,.220248,Do 4. Dez 17:05:04 CET 2025
0,34.97,4.252200,632.3,450,10.534,34.97,34.97000000000002,.00000000000002,0,Do 4. Dez 17:05:06 CET 2025
30,34.19,4.300431,632.3,450,10.534,34.19,41.374850908812256,7.184850908812256,.210144,Do 4. Dez 17:05:07 CET 2025
3,34.97,4.252200,632.3,450,10.534,34.97,35.514741556092574,.544741556092574,.015577,Do 4. Dez 17:05:11 CET 2025
6,34.97,4.252200,632.3,450,10.534,34.97,36.094065335270095,1.124065335270095,.032143,Do 4. Dez 17:05:25 CET 2025
9,34.97,4.252200,632.3,450,10.534,34.97,36.7117660176703,1.7417660176703,.049807,Do 4. Dez 17:05:29 CET 2025
12,34.97,4.252200,632.3,450,10.534,34.97,37.37218659415922,2.40218659415922,.068692,Do 4. Dez 17:05:48 CET 2025
15,34.97,4.252200,632.3,450,10.534,34.97,38.08029559334444,3.11029559334444,.088941,Do 4. Dez 17:16:05 CET 2025
18,34.97,4.252200,632.3,450,10.534,34.97,38.84175766584033,3.87175766584033,.110716,Do 4. Dez 17:16:09 CET 2025
24,34.97,4.252200,632.3,450,10.534,34.97,40.55113206299066,5.58113206299066,.159597,Do 4. Dez 17:16:12 CET 2025
21,34.97,4.252200,632.3,450,10.534,34.97,39.662985469950854,4.692985469950854,.134200,Do 4. Dez 17:16:21 CET 2025
27,34.97,4.252200,632.3,450,10.534,34.97,41.51397272598695,6.54397272598695,.187131,Do 4. Dez 17:16:23 CET 2025
31,34.97,4.252200,632.3,450,10.534,34.97,42.927811107104944,7.957811107104944,.227561,Do 4. Dez 17:16:45 CET 2025
30,34.97,4.252200,632.3,450,10.534,34.97,42.55955252797516,7.58955252797516,.217030,Do 4. Dez 17:16:47 CET 2025
0,32.69,4.598269,691.2,450,10.534,32.69,32.69000000000002,.00000000000002,0,Do 4. Dez 17:16:51 CET 2025
3,32.69,4.598269,691.2,450,10.534,32.69,33.12353568282326,.43353568282326,.013262,Do 4. Dez 17:16:54 CET 2025
6,32.69,4.598269,691.2,450,10.534,32.69,33.580356918287784,.890356918287784,.027236,Do 4. Dez 17:17:05 CET 2025
9,32.69,4.598269,691.2,450,10.534,32.69,34.06261573340386,1.37261573340386,.041988,Do 4. Dez 17:17:12 CET 2025
12,32.69,4.598269,691.2,450,10.534,32.69,34.57273032127396,1.88273032127396,.057593,Do 4. Dez 17:17:29 CET 2025
15,32.69,4.598269,691.2,450,10.534,32.69,35.11340838927037,2.42340838927037,.074133,Do 4. Dez 17:27:40 CET 2025
21,32.69,4.598269,691.2,450,10.534,32.69,36.29898731782553,3.60898731782553,.110400,Do 4. Dez 17:27:54 CET 2025
24,32.69,4.598269,691.2,450,10.534,32.69,36.951056834167744,4.261056834167744,.130347,Do 4. Dez 17:27:54 CET 2025
18,32.69,4.598269,691.2,450,10.534,32.69,35.68769577535688,2.99769577535688,.091700,Do 4. Dez 17:27:56 CET 2025
27,32.69,4.598269,691.2,450,10.534,32.69,37.6480528751104,4.9580528751104,.151668,Do 4. Dez 17:28:06 CET 2025
30,32.69,4.598269,691.2,450,10.534,32.69,38.39445315035019,5.70445315035019,.174501,Do 4. Dez 17:28:25 CET 2025
31,32.69,4.598269,691.2,450,10.534,32.69,38.65504013566762,5.96504013566762,.182472,Do 4. Dez 17:28:27 CET 2025
0,33.19,4.563501,691.2,450,10.534,33.19,33.19000000000002,.00000000000002,0,Do 4. Dez 17:28:32 CET 2025
3,33.19,4.563501,691.2,450,10.534,33.19,33.63707747564828,.44707747564828,.013470,Do 4. Dez 17:28:35 CET 2025
6,33.19,4.563501,691.2,450,10.534,33.19,34.10855844374127,.91855844374127,.027675,Do 4. Dez 17:28:44 CET 2025
9,33.19,4.563501,691.2,450,10.534,33.19,34.606736528548176,1.416736528548176,.042685,Do 4. Dez 17:28:49 CET 2025
12,33.19,4.563501,691.2,450,10.534,33.19,35.13419100841689,1.94419100841689,.058577,Do 4. Dez 17:29:10 CET 2025
15,33.19,4.563501,691.2,450,10.534,33.19,35.69382102004066,2.50382102004066,.075439,Do 4. Dez 17:39:21 CET 2025
18,33.19,4.563501,691.2,450,10.534,33.19,36.28888361255494,3.09888361255494,.093367,Do 4. Dez 17:39:36 CET 2025
24,33.19,4.563501,691.2,450,10.534,33.19,37.600284358701764,4.410284358701764,.132879,Do 4. Dez 17:39:37 CET 2025
21,33.19,4.563501,691.2,450,10.534,33.19,36.92302089012269,3.73302089012269,.112474,Do 4. Dez 17:39:37 CET 2025
27,33.19,4.563501,691.2,450,10.534,33.19,38.32512473017606,5.13512473017606,.154719,Do 4. Dez 17:39:43 CET 2025
30,33.19,4.563501,691.2,450,10.534,33.19,39.102338187553144,5.912338187553144,.178136,Do 4. Dez 17:39:59 CET 2025
0,33.69,4.529511,691.2,450,10.534,33.69,33.69000000000002,.00000000000002,0,Do 4. Dez 17:40:13 CET 2025
3,33.69,4.529511,691.2,450,10.534,33.69,34.150833046603466,.460833046603466,.013678,Do 4. Dez 17:40:15 CET 2025
31,33.19,4.563501,691.2,450,10.534,33.19,39.37391027307136,6.18391027307136,.186318,Do 4. Dez 17:40:15 CET 2025
9,33.69,4.529511,691.2,450,10.534,33.69,35.15161476851004,1.46161476851004,.043384,Do 4. Dez 17:40:19 CET 2025
6,33.69,4.529511,691.2,450,10.534,33.69,34.63722393738467,.94722393738467,.028115,Do 4. Dez 17:40:32 CET 2025
12,33.69,4.529511,691.2,450,10.534,33.69,35.696755247229675,2.006755247229675,.059565,Do 4. Dez 17:40:52 CET 2025
15,33.69,4.529511,691.2,450,10.534,33.69,36.27574309454121,2.58574309454121,.076751,Do 4. Dez 17:51:06 CET 2025
18,33.69,4.529511,691.2,450,10.534,33.69,36.89206006872816,3.20206006872816,.095044,Do 4. Dez 17:51:09 CET 2025
24,33.69,4.529511,691.2,450,10.534,33.69,38.25274258619814,4.56274258619814,.135433,Do 4. Dez 17:51:17 CET 2025
30,33.69,4.529511,691.2,450,10.534,33.69,39.815176613828484,6.125176613828484,.181809,Do 4. Dez 17:51:21 CET 2025
21,33.69,4.529511,691.2,450,10.534,33.69,37.54961272513658,3.85961272513658,.114562,Do 4. Dez 17:51:23 CET 2025
27,33.69,4.529511,691.2,450,10.534,33.69,39.00622072061165,5.31622072061165,.157798,Do 4. Dez 17:51:24 CET 2025
31,33.69,4.529511,691.2,450,10.534,33.69,40.098075666093365,6.408075666093365,.190207,Do 4. Dez 17:51:53 CET 2025
6,34.19,4.496269,691.2,450,10.534,34.19,35.16635348216364,.97635348216364,.028556,Do 4. Dez 17:51:53 CET 2025
3,34.19,4.496269,691.2,450,10.534,34.19,34.66480276066433,.47480276066433,.013887,Do 4. Dez 17:51:59 CET 2025
0,34.19,4.496269,691.2,450,10.534,34.19,34.19000000000002,.00000000000002,0,Do 4. Dez 17:52:01 CET 2025
9,34.19,4.496269,691.2,450,10.534,34.19,35.69725224454822,1.50725224454822,.044084,Do 4. Dez 17:52:16 CET 2025
12,34.19,4.496269,691.2,450,10.534,34.19,36.26042677266089,2.07042677266089,.060556,Do 4. Dez 17:52:29 CET 2025
15,34.19,4.496269,691.2,450,10.534,34.19,36.859183075448904,2.669183075448904,.078069,Do 4. Dez 18:02:45 CET 2025
18,34.19,4.496269,691.2,450,10.534,34.19,37.49724555072999,3.30724555072999,.096731,Do 4. Dez 18:02:49 CET 2025
21,34.19,4.496269,691.2,450,10.534,34.19,38.17879235986749,3.98879235986749,.116665,Do 4. Dez 18:02:57 CET 2025
27,34.19,4.496269,691.2,450,10.534,34.19,39.69140033777583,5.50140033777583,.160906,Do 4. Dez 18:03:03 CET 2025
24,34.19,4.496269,691.2,450,10.534,34.19,38.908474920381664,4.718474920381664,.138007,Do 4. Dez 18:03:04 CET 2025
30,34.19,4.496269,691.2,450,10.534,34.19,40.53304760840028,6.34304760840028,.185523,Do 4. Dez 18:03:08 CET 2025
0,34.97,4.445842,691.2,450,10.534,34.97,34.97000000000002,.00000000000002,0,Do 4. Dez 18:03:22 CET 2025
31,34.19,4.496269,691.2,450,10.534,34.19,40.8276223262234,6.6376223262234,.194139,Do 4. Dez 18:03:33 CET 2025
3,34.97,4.445842,691.2,450,10.534,34.97,35.46702357410274,.49702357410274,.014212,Do 4. Dez 18:03:36 CET 2025
6,34.97,4.445842,691.2,450,10.534,34.97,35.9927301027358,1.0227301027358,.029245,Do 4. Dez 18:03:37 CET 2025
9,34.97,4.445842,691.2,450,10.534,34.97,36.54997419564393,1.57997419564393,.045180,Do 4. Dez 18:03:54 CET 2025
12,34.97,4.445842,691.2,450,10.534,34.97,37.141983342149835,2.171983342149835,.062109,Do 4. Dez 18:04:04 CET 2025
15,34.97,4.445842,691.2,450,10.534,34.97,37.77241273490494,2.80241273490494,.080137,Do 4. Dez 18:14:25 CET 2025
18,34.97,4.445842,691.2,450,10.534,34.97,38.44538699170576,3.47538699170576,.099381,Do 4. Dez 18:14:32 CET 2025
24,34.97,4.445842,691.2,450,10.534,34.97,39.93804884996385,4.96804884996385,.142066,Do 4. Dez 18:14:40 CET 2025
21,34.97,4.445842,691.2,450,10.534,34.97,39.165543391797044,4.195543391797044,.119975,Do 4. Dez 18:14:46 CET 2025
27,34.97,4.445842,691.2,450,10.534,34.97,40.76857118827672,5.79857118827672,.165815,Do 4. Dez 18:14:49 CET 2025
30,34.97,4.445842,691.2,450,10.534,34.97,41.66316302929334,6.69316302929334,.191397,Do 4. Dez 18:14:54 CET 2025
0,32.69,4.751390,738.0,450,10.534,32.69,32.69000000000002,.00000000000002,0,Do 4. Dez 18:15:05 CET 2025
31,34.97,4.445842,691.2,450,10.534,34.97,41.97666757902398,7.00666757902398,.200362,Do 4. Dez 18:15:07 CET 2025
6,32.69,4.751390,738.0,450,10.534,32.69,33.521057249959455,.831057249959455,.025422,Do 4. Dez 18:15:18 CET 2025
3,32.69,4.751390,738.0,450,10.534,32.69,33.09537304823762,.40537304823762,.012400,Do 4. Dez 18:15:20 CET 2025
9,32.69,4.751390,738.0,450,10.534,32.69,33.96880151869826,1.27880151869826,.039119,Do 4. Dez 18:15:36 CET 2025
12,32.69,4.751390,738.0,450,10.534,32.69,34.44055478135515,1.75055478135515,.053550,Do 4. Dez 18:15:47 CET 2025
15,32.69,4.751390,738.0,450,10.534,32.69,34.9384878193574,2.2484878193574,.068782,Do 4. Dez 18:26:05 CET 2025
21,32.69,4.751390,738.0,450,10.534,32.69,36.022832932438085,3.332832932438085,.101952,Do 4. Dez 18:26:19 CET 2025
18,32.69,4.751390,738.0,450,10.534,32.69,35.4650183729037,2.7750183729037,.084888,Do 4. Dez 18:26:19 CET 2025
24,32.69,4.751390,738.0,450,10.534,32.69,36.6149024863664,3.9249024863664,.120064,Do 4. Dez 18:26:24 CET 2025
27,32.69,4.751390,738.0,450,10.534,32.69,37.244497361563816,4.554497361563816,.139323,Do 4. Dez 18:26:36 CET 2025
30,32.69,4.751390,738.0,450,10.534,32.69,37.91515055228757,5.22515055228757,.159839,Do 4. Dez 18:26:37 CET 2025
0,33.19,4.715465,738.0,450,10.534,33.19,33.19000000000002,.00000000000002,0,Do 4. Dez 18:26:49 CET 2025
31,32.69,4.751390,738.0,450,10.534,32.69,38.148472480591536,5.458472480591536,.166976,Do 4. Dez 18:26:51 CET 2025
3,33.19,4.715465,738.0,450,10.534,33.19,33.60802413797667,.41802413797667,.012594,Do 4. Dez 18:27:02 CET 2025
6,33.19,4.715465,738.0,450,10.534,33.19,34.047332926235214,.857332926235214,.025831,Do 4. Dez 18:27:05 CET 2025
12,33.19,4.715465,738.0,450,10.534,33.19,34.99747188711489,1.80747188711489,.054458,Do 4. Dez 18:27:15 CET 2025
9,33.19,4.715465,738.0,450,10.534,33.19,34.50979009209348,1.31979009209348,.039764,Do 4. Dez 18:27:20 CET 2025
15,33.19,4.715465,738.0,450,10.534,33.19,35.512703342441995,2.322703342441995,.069982,Do 4. Dez 18:37:48 CET 2025
18,33.19,4.715465,738.0,450,10.534,33.19,36.05806992269121,2.86806992269121,.086413,Do 4. Dez 18:37:49 CET 2025
21,33.19,4.715465,738.0,450,10.534,33.19,36.63645185645454,3.44645185645454,.103840,Do 4. Dez 18:37:54 CET 2025
24,33.19,4.715465,738.0,450,10.534,33.19,37.25103839747922,4.06103839747922,.122357,Do 4. Dez 18:38:06 CET 2025
27,33.19,4.715465,738.0,450,10.534,33.19,37.905332569762976,4.715332569762976,.142070,Do 4. Dez 18:38:18 CET 2025
30,33.19,4.715465,738.0,450,10.534,33.19,38.603132094668034,5.413132094668034,.163095,Do 4. Dez 18:38:26 CET 2025
31,33.19,4.715465,738.0,450,10.534,33.19,38.84609121005601,5.65609121005601,.170415,Do 4. Dez 18:38:28 CET 2025
0,33.69,4.680342,738.0,450,10.534,33.69,33.69000000000002,.00000000000002,0,Do 4. Dez 18:38:31 CET 2025
9,33.69,4.680342,738.0,450,10.534,33.69,35.05147518562424,1.36147518562424,.040411,Do 4. Dez 18:38:45 CET 2025
6,33.69,4.680342,738.0,450,10.534,33.69,34.57403886188449,.88403886188449,.026240,Do 4. Dez 18:38:50 CET 2025
3,33.69,4.680342,738.0,450,10.534,33.69,34.12087481969739,.43087481969739,.012789,Do 4. Dez 18:38:50 CET 2025
12,33.69,4.680342,738.0,450,10.534,33.69,35.555402410954954,1.865402410954954,.055369,Do 4. Dez 18:38:54 CET 2025
18,33.69,4.680342,738.0,450,10.534,33.69,36.65292060272589,2.96292060272589,.087946,Do 4. Dez 18:49:26 CET 2025
15,33.69,4.680342,738.0,450,10.534,33.69,36.08829319470799,2.39829319470799,.071187,Do 4. Dez 18:49:32 CET 2025
21,33.69,4.680342,738.0,450,10.534,33.69,37.252367102558,3.562367102558,.105739,Do 4. Dez 18:49:34 CET 2025
24,33.69,4.680342,738.0,450,10.534,33.69,37.89005075793691,4.20005075793691,.124667,Do 4. Dez 18:49:43 CET 2025
27,33.69,4.680342,738.0,450,10.534,33.69,38.56972788974088,4.87972788974088,.144842,Do 4. Dez 18:49:55 CET 2025
31,33.69,4.680342,738.0,450,10.534,33.69,39.54835442283899,5.85835442283899,.173890,Do 4. Dez 18:50:09 CET 2025
30,33.69,4.680342,738.0,450,10.534,33.69,39.295466441477515,5.605466441477515,.166383,Do 4. Dez 18:50:09 CET 2025
0,34.19,4.645993,738.0,450,10.534,34.19,34.19000000000002,.00000000000002,0,Do 4. Dez 18:50:15 CET 2025
3,34.19,4.645993,738.0,450,10.534,34.19,34.63392470761183,.44392470761183,.012984,Do 4. Dez 18:50:21 CET 2025
6,34.19,4.645993,738.0,450,10.534,34.19,35.101175357136626,.911175357136626,.026650,Do 4. Dez 18:50:30 CET 2025
9,34.19,4.645993,738.0,450,10.534,34.19,35.593861308142564,1.403861308142564,.041060,Do 4. Dez 18:50:34 CET 2025
12,34.19,4.645993,738.0,450,10.534,34.19,36.11434288711595,1.92434288711595,.056283,Do 4. Dez 18:50:37 CET 2025
18,34.19,4.645993,738.0,450,10.534,34.19,37.249583268019975,3.059583268019975,.089487,Do 4. Dez 19:00:58 CET 2025
15,34.19,4.645993,738.0,450,10.534,34.19,36.66526433234436,2.47526433234436,.072397,Do 4. Dez 19:01:09 CET 2025
21,34.19,4.645993,738.0,450,10.534,34.19,37.87059907688857,3.68059907688857,.107651,Do 4. Dez 19:01:11 CET 2025
24,34.19,4.645993,738.0,450,10.534,34.19,38.53197251521253,4.34197251521253,.126995,Do 4. Dez 19:01:27 CET 2025
27,34.19,4.645993,738.0,450,10.534,34.19,39.237726591582415,5.047726591582415,.147637,Do 4. Dez 19:01:29 CET 2025
30,34.19,4.645993,738.0,450,10.534,34.19,39.9922129312919,5.8022129312919,.169704,Do 4. Dez 19:01:45 CET 2025
0,34.97,4.593887,738.0,450,10.534,34.97,34.97000000000002,.00000000000002,0,Do 4. Dez 19:01:49 CET 2025
31,34.19,4.645993,738.0,450,10.534,34.19,40.25532646450934,6.06532646450934,.177400,Do 4. Dez 19:01:57 CET 2025
3,34.97,4.593887,738.0,450,10.534,34.97,35.43468119416587,.46468119416587,.013287,Do 4. Dez 19:02:02 CET 2025
9,34.97,4.593887,738.0,450,10.534,34.97,36.441387436633484,1.471387436633484,.042075,Do 4. Dez 19:02:10 CET 2025
6,34.97,4.593887,738.0,450,10.534,34.97,35.92437156805976,.95437156805976,.027291,Do 4. Dez 19:02:13 CET 2025
12,34.97,4.593887,738.0,450,10.534,34.97,36.9883309903658,2.0183309903658,.057716,Do 4. Dez 19:02:19 CET 2025
15,34.97,4.593887,738.0,450,10.534,34.97,37.56812067165912,2.59812067165912,.074295,Do 4. Dez 19:12:37 CET 2025
18,34.97,4.593887,738.0,450,10.534,34.97,38.184031377957524,3.214031377957524,.091908,Do 4. Dez 19:12:39 CET 2025
21,34.97,4.593887,738.0,450,10.534,34.97,38.839722709638366,3.869722709638366,.110658,Do 4. Dez 19:12:51 CET 2025
24,34.97,4.593887,738.0,450,10.534,34.97,39.53926059853652,4.56926059853652,.130662,Do 4. Dez 19:13:04 CET 2025
27,34.97,4.593887,738.0,450,10.534,34.97,40.287113410213834,5.317113410213834,.152047,Do 4. Dez 19:13:07 CET 2025
31,34.97,4.593887,738.0,450,10.534,34.97,41.36777783909725,6.39777783909725,.182950,Do 4. Dez 19:13:24 CET 2025
30,34.97,4.593887,738.0,450,10.534,34.97,41.08810262761407,6.11810262761407,.174952,Do 4. Dez 19:13:26 CET 2025
0,32.69,3.591226,421.6,500,10.534,32.69,32.69000000000002,.00000000000002,0,Do 4. Dez 19:13:31 CET 2025
3,32.69,3.591226,421.6,500,10.534,32.69,33.41284414603679,.72284414603679,.022112,Do 4. Dez 19:13:41 CET 2025
6,32.69,3.591226,421.6,500,10.534,32.69,34.201994851433454,1.511994851433454,.046252,Do 4. Dez 19:13:44 CET 2025
9,32.69,3.591226,421.6,500,10.534,32.69,35.068078836812674,2.378078836812674,.072746,Do 4. Dez 19:13:45 CET 2025
12,32.69,3.591226,421.6,500,10.534,32.69,36.023923594325,3.333923594325,.101986,Do 4. Dez 19:13:52 CET 2025
15,32.69,3.591226,421.6,500,10.534,32.69,37.084910867035,4.394910867035,.134442,Do 4. Dez 19:24:01 CET 2025
18,32.69,3.591226,421.6,500,10.534,32.69,38.26908409628068,5.57908409628068,.170666,Do 4. Dez 19:24:10 CET 2025
21,32.69,3.591226,421.6,500,10.534,32.69,39.596593280638906,6.906593280638906,.211275,Do 4. Dez 19:24:24 CET 2025
24,32.69,3.591226,421.6,500,10.534,32.69,41.08740061776442,8.39740061776442,.256879,Do 4. Dez 19:24:36 CET 2025
27,32.69,3.591226,421.6,500,10.534,32.69,42.75541683662154,10.06541683662154,.307905,Do 4. Dez 19:24:45 CET 2025
0,33.19,3.564073,421.6,500,10.534,33.19,33.19000000000002,.00000000000002,0,Do 4. Dez 19:25:03 CET 2025
30,32.69,3.591226,421.6,500,10.534,32.69,44.59694205045441,11.90694205045441,.364238,Do 4. Dez 19:25:04 CET 2025
31,32.69,3.591226,421.6,500,10.534,32.69,45.24415780279165,12.55415780279165,.384036,Do 4. Dez 19:25:04 CET 2025
9,33.19,3.564073,421.6,500,10.534,33.19,35.6468781783736,2.4568781783736,.074024,Do 4. Dez 19:25:11 CET 2025
3,33.19,3.564073,421.6,500,10.534,33.19,33.93562312746083,.74562312746083,.022465,Do 4. Dez 19:25:17 CET 2025
6,33.19,3.564073,421.6,500,10.534,33.19,34.75080141620945,1.56080141620945,.047026,Do 4. Dez 19:25:19 CET 2025
12,33.19,3.564073,421.6,500,10.534,33.19,36.63758208092976,3.44758208092976,.103874,Do 4. Dez 19:25:25 CET 2025
15,33.19,3.564073,421.6,500,10.534,33.19,37.73941141853495,4.54941141853495,.137071,Do 4. Dez 19:35:32 CET 2025
18,33.19,3.564073,421.6,500,10.534,33.19,38.97172228346876,5.78172228346876,.174200,Do 4. Dez 19:35:42 CET 2025
21,33.19,3.564073,421.6,500,10.534,33.19,40.35603057245489,7.16603057245489,.215909,Do 4. Dez 19:35:59 CET 2025
24,33.19,3.564073,421.6,500,10.534,33.19,41.913247532322,8.723247532322,.262827,Do 4. Dez 19:36:02 CET 2025
27,33.19,3.564073,421.6,500,10.534,33.19,43.656707250926054,10.466707250926054,.315357,Do 4. Dez 19:36:25 CET 2025
30,33.19,3.564073,421.6,500,10.534,33.19,45.578758013842865,12.388758013842865,.373267,Do 4. Dez 19:36:37 CET 2025
0,33.69,3.537527,421.6,500,10.534,33.69,33.69000000000002,.00000000000002,0,Do 4. Dez 19:36:39 CET 2025
31,33.19,3.564073,421.6,500,10.534,33.19,46.25256329506157,13.06256329506157,.393569,Do 4. Dez 19:36:44 CET 2025
12,33.69,3.537527,421.6,500,10.534,33.69,37.25353984074873,3.56353984074873,.105774,Do 4. Dez 19:36:47 CET 2025
3,33.69,3.537527,421.6,500,10.534,33.69,34.45877111950715,.76877111950715,.022818,Do 4. Dez 19:36:48 CET 2025
9,33.69,3.537527,421.6,500,10.534,33.69,36.22715214300188,2.53715214300188,.075308,Do 4. Dez 19:36:54 CET 2025
6,33.69,3.537527,421.6,500,10.534,33.69,35.30045602470259,1.61045602470259,.047802,Do 4. Dez 19:36:55 CET 2025
15,33.69,3.537527,421.6,500,10.534,33.69,38.39729102538152,4.70729102538152,.139723,Do 4. Dez 19:47:08 CET 2025
18,33.69,3.537527,421.6,500,10.534,33.69,39.679153962358,5.989153962358,.177772,Do 4. Dez 19:47:20 CET 2025
24,33.69,3.537527,421.6,500,10.534,33.69,42.747811119120854,9.057811119120854,.268857,Do 4. Dez 19:47:37 CET 2025
21,33.69,3.537527,421.6,500,10.534,33.69,41.12205882963995,7.43205882963995,.220601,Do 4. Dez 19:47:38 CET 2025
27,33.69,3.537527,421.6,500,10.534,33.69,44.56884272023122,10.87884272023122,.322910,Do 4. Dez 19:47:54 CET 2025
6,34.19,3.511565,421.6,500,10.534,34.19,35.85096248890048,1.66096248890048,.048580,Do 4. Dez 19:48:15 CET 2025
30,33.69,3.537527,421.6,500,10.534,33.69,46.57275317540846,12.88275317540846,.382391,Do 4. Dez 19:48:15 CET 2025
0,34.19,3.511565,421.6,500,10.534,34.19,34.19000000000002,.00000000000002,0,Do 4. Dez 19:48:16 CET 2025
3,34.19,3.511565,421.6,500,10.534,34.19,34.98228918377104,.79228918377104,.023173,Do 4. Dez 19:48:20 CET 2025
31,33.69,3.537527,421.6,500,10.534,33.69,47.273235624176394,13.583235624176394,.403183,Do 4. Dez 19:48:20 CET 2025
12,34.19,3.511565,421.6,500,10.534,34.19,37.87181376873841,3.68181376873841,.107686,Do 4. Dez 19:48:25 CET 2025
9,34.19,3.511565,421.6,500,10.534,34.19,36.80890873086133,2.61890873086133,.076598,Do 4. Dez 19:48:29 CET 2025
15,34.19,3.511565,421.6,500,10.534,34.19,39.058594832876466,4.868594832876466,.142398,Do 4. Dez 19:58:38 CET 2025
18,34.19,3.511565,421.6,500,10.534,34.19,40.39145611284741,6.20145611284741,.181382,Do 4. Dez 19:58:50 CET 2025
24,34.19,3.511565,421.6,500,10.534,34.19,43.591229039907645,9.401229039907645,.274970,Do 4. Dez 19:59:07 CET 2025
21,34.19,3.511565,421.6,500,10.534,34.19,41.89479138108182,7.70479138108182,.225352,Do 4. Dez 19:59:13 CET 2025
27,34.19,3.511565,421.6,500,10.534,34.19,45.49190996390992,11.30190996390992,.330561,Do 4. Dez 19:59:27 CET 2025
31,34.19,3.511565,421.6,500,10.534,34.19,48.30594743098487,14.11594743098487,.412867,Do 4. Dez 19:59:44 CET 2025
30,34.19,3.511565,421.6,500,10.534,34.19,47.57881874048392,13.38881874048392,.391600,Do 4. Dez 19:59:50 CET 2025
6,34.97,3.472182,421.6,500,10.534,34.97,36.711462386563745,1.741462386563745,.049798,Do 4. Dez 19:59:54 CET 2025
3,34.97,3.472182,421.6,500,10.534,34.97,35.79971770458346,.82971770458346,.023726,Do 4. Dez 19:59:57 CET 2025
0,34.97,3.472182,421.6,500,10.534,34.97,34.97000000000002,.00000000000002,0,Do 4. Dez 19:59:57 CET 2025
12,34.97,3.472182,421.6,500,10.534,34.97,38.84100641636147,3.87100641636147,.110695,Do 4. Dez 19:59:58 CET 2025
9,34.97,3.472182,421.6,500,10.534,34.97,37.71943816410425,2.74943816410425,.078622,Do 4. Dez 20:00:00 CET 2025
15,34.97,3.472182,421.6,500,10.534,34.97,40.09716443510588,5.12716443510588,.146616,Do 4. Dez 20:10:12 CET 2025
18,34.97,3.472182,421.6,500,10.534,34.97,41.51254205750275,6.54254205750275,.187090,Do 4. Dez 20:10:25 CET 2025
21,34.97,3.472182,421.6,500,10.534,34.97,43.1139000148611,8.1439000148611,.232882,Do 4. Dez 20:10:35 CET 2025
24,34.97,3.472182,421.6,500,10.534,34.97,44.9249410287091,9.9549410287091,.284670,Do 4. Dez 20:10:51 CET 2025
27,34.97,3.472182,421.6,500,10.534,34.97,46.953875512565155,11.983875512565155,.342690,Do 4. Dez 20:11:07 CET 2025
3,32.69,3.734455,455.9,500,10.534,32.69,33.35627358676717,.66627358676717,.020381,Do 4. Dez 20:11:09 CET 2025
30,34.97,3.472182,421.6,500,10.534,34.97,49.17197306697435,14.20197306697435,.406118,Do 4. Dez 20:11:14 CET 2025
31,34.97,3.472182,421.6,500,10.534,34.97,49.94036717149515,14.97036717149515,.428091,Do 4. Dez 20:11:14 CET 2025
0,32.69,3.734455,455.9,500,10.534,32.69,32.69000000000002,.00000000000002,0,Do 4. Dez 20:11:30 CET 2025
12,32.69,3.734455,455.9,500,10.534,32.69,35.72596380096918,3.03596380096918,.092871,Do 4. Dez 20:11:33 CET 2025
6,32.69,3.734455,455.9,500,10.534,32.69,34.078616889687055,1.388616889687055,.042478,Do 4. Dez 20:11:37 CET 2025
9,32.69,3.734455,455.9,500,10.534,32.69,34.865249835902574,2.175249835902574,.066541,Do 4. Dez 20:11:43 CET 2025
15,32.69,3.734455,455.9,500,10.534,32.69,36.67236430540367,3.98236430540367,.121822,Do 4. Dez 20:21:42 CET 2025
18,32.69,3.734455,455.9,500,10.534,32.69,37.718023434979514,5.028023434979514,.153809,Do 4. Dez 20:22:06 CET 2025
21,32.69,3.734455,455.9,500,10.534,32.69,38.87832385163323,6.18832385163323,.189303,Do 4. Dez 20:22:08 CET 2025
24,32.69,3.734455,455.9,500,10.534,32.69,40.169538128743184,7.479538128743184,.228802,Do 4. Dez 20:22:24 CET 2025
27,32.69,3.734455,455.9,500,10.534,32.69,41.60627489148091,8.91627489148091,.272752,Do 4. Dez 20:22:45 CET 2025
0,33.19,3.706219,455.9,500,10.534,33.19,33.19000000000002,.00000000000002,0,Do 4. Dez 20:22:50 CET 2025
30,32.69,3.734455,455.9,500,10.534,32.69,43.19604229410232,10.50604229410232,.321383,Do 4. Dez 20:22:53 CET 2025
31,32.69,3.734455,455.9,500,10.534,32.69,43.75912887182053,11.06912887182053,.338609,Do 4. Dez 20:22:58 CET 2025
3,33.19,3.706219,455.9,500,10.534,33.19,33.87723363679204,.68723363679204,.020706,Do 4. Dez 20:23:08 CET 2025
6,33.19,3.706219,455.9,500,10.534,33.19,34.62327221158863,1.43327221158863,.043183,Do 4. Dez 20:23:11 CET 2025
9,33.19,3.706219,455.9,500,10.534,33.19,35.4368898118781,2.2468898118781,.067697,Do 4. Dez 20:23:13 CET 2025
12,33.19,3.706219,455.9,500,10.534,33.19,36.328557888882166,3.138557888882166,.094563,Do 4. Dez 20:23:23 CET 2025
15,33.19,3.706219,455.9,500,10.534,33.19,37.31071939345719,4.12071939345719,.124155,Do 4. Dez 20:33:18 CET 2025
18,33.19,3.706219,455.9,500,10.534,33.19,38.39793920676557,5.20793920676557,.156912,Do 4. Dez 20:33:40 CET 2025
21,33.19,3.706219,455.9,500,10.534,33.19,39.606690730542155,6.416690730542155,.193332,Do 4. Dez 20:33:42 CET 2025
24,33.19,3.706219,455.9,500,10.534,33.19,40.95423909675093,7.76423909675093,.233933,Do 4. Dez 20:34:01 CET 2025
27,33.19,3.706219,455.9,500,10.534,33.19,42.45559731554708,9.26559731554708,.279168,Do 4. Dez 20:34:19 CET 2025
30,33.19,3.706219,455.9,500,10.534,33.19,44.11705700554012,10.92705700554012,.329227,Do 4. Dez 20:34:26 CET 2025
31,33.19,3.706219,455.9,500,10.534,33.19,44.70499353943254,11.51499353943254,.346941,Do 4. Dez 20:34:29 CET 2025
0,33.69,3.678614,455.9,500,10.534,33.69,33.69000000000002,.00000000000002,0,Do 4. Dez 20:34:33 CET 2025
6,33.69,3.678614,455.9,500,10.534,33.69,35.16869733953556,1.47869733953556,.043891,Do 4. Dez 20:34:38 CET 2025
3,33.69,3.678614,455.9,500,10.534,33.69,34.39853130696341,.70853130696341,.021030,Do 4. Dez 20:34:46 CET 2025
9,33.69,3.678614,455.9,500,10.534,33.69,36.00984730916062,2.31984730916062,.068858,Do 4. Dez 20:34:50 CET 2025
12,33.69,3.678614,455.9,500,10.534,33.69,36.93317675716592,3.24317675716592,.096265,Do 4. Dez 20:35:04 CET 2025
15,33.69,3.678614,455.9,500,10.534,33.69,37.95201169971739,4.26201169971739,.126506,Do 4. Dez 20:44:46 CET 2025
21,33.69,3.678614,455.9,500,10.534,33.69,40.34065970501619,6.65065970501619,.197407,Do 4. Dez 20:45:14 CET 2025
18,33.69,3.678614,455.9,500,10.534,33.69,39.08196537429002,5.39196537429002,.160046,Do 4. Dez 20:45:19 CET 2025
24,33.69,3.678614,455.9,500,10.534,33.69,41.74635371185264,8.05635371185264,.239131,Do 4. Dez 20:45:38 CET 2025
27,33.69,3.678614,455.9,500,10.534,33.69,43.31435014815861,9.62435014815861,.285673,Do 4. Dez 20:46:00 CET 2025
30,33.69,3.678614,455.9,500,10.534,33.69,45.04936216185647,11.35936216185647,.337173,Do 4. Dez 20:46:03 CET 2025
0,34.19,3.651617,455.9,500,10.534,34.19,34.19000000000002,.00000000000002,0,Do 4. Dez 20:46:09 CET 2025
31,33.69,3.678614,455.9,500,10.534,33.69,45.662625370959816,11.972625370959816,.355376,Do 4. Dez 20:46:10 CET 2025
3,34.19,3.651617,455.9,500,10.534,34.19,34.920167892096025,.730167892096025,.021356,Do 4. Dez 20:46:16 CET 2025
6,34.19,3.651617,455.9,500,10.534,34.19,35.714891376452336,1.524891376452336,.044600,Do 4. Dez 20:46:22 CET 2025
9,34.19,3.651617,455.9,500,10.534,34.19,36.584130108906784,2.394130108906784,.070024,Do 4. Dez 20:46:31 CET 2025
12,34.19,3.651617,455.9,500,10.534,34.19,37.53983775064673,3.34983775064673,.097977,Do 4. Dez 20:46:45 CET 2025
15,34.19,3.651617,455.9,500,10.534,34.19,38.59627461765906,4.40627461765906,.128876,Do 4. Dez 20:56:17 CET 2025
18,34.19,3.651617,455.9,500,10.534,34.19,39.77015921011052,5.58015921011052,.163210,Do 4. Dez 20:56:51 CET 2025
21,34.19,3.651617,455.9,500,10.534,34.19,41.08030761390709,6.89030761390709,.201529,Do 4. Dez 20:56:56 CET 2025
24,34.19,3.651617,455.9,500,10.534,34.19,42.546000814325545,8.356000814325545,.244398,Do 4. Dez 20:57:16 CET 2025
31,34.19,3.651617,455.9,500,10.534,34.19,46.632002748841614,12.442002748841614,.363907,Do 4. Dez 20:57:35 CET 2025
30,34.19,3.651617,455.9,500,10.534,34.19,45.99300787282215,11.80300787282215,.345218,Do 4. Dez 20:57:38 CET 2025
27,34.19,3.651617,455.9,500,10.534,34.19,44.18266473311598,9.99266473311598,.292268,Do 4. Dez 20:57:42 CET 2025
0,34.97,3.610663,455.9,500,10.534,34.97,34.97000000000002,.00000000000002,0,Do 4. Dez 20:57:43 CET 2025
3,34.97,3.610663,455.9,500,10.534,34.97,35.734598704651624,.764598704651624,.021864,Do 4. Dez 20:57:54 CET 2025
6,34.97,3.610663,455.9,500,10.534,34.97,36.5685014207346,1.5985014207346,.045710,Do 4. Dez 20:58:02 CET 2025
9,34.97,3.610663,455.9,500,10.534,34.97,37.48267972469763,2.51267972469763,.071852,Do 4. Dez 20:58:15 CET 2025
12,34.97,3.610663,455.9,500,10.534,34.97,38.49035255954986,3.52035255954986,.100667,Do 4. Dez 20:58:17 CET 2025
15,34.97,3.610663,455.9,500,10.534,34.97,39.607340872417446,4.637340872417446,.132609,Do 4. Dez 21:07:43 CET 2025
18,34.97,3.610663,455.9,500,10.534,34.97,40.852208761486956,5.882208761486956,.168207,Do 4. Dez 21:08:27 CET 2025
21,34.97,3.610663,455.9,500,10.534,34.97,42.245740924052264,7.275740924052264,.208056,Do 4. Dez 21:08:28 CET 2025
24,34.97,3.610663,455.9,500,10.534,34.97,43.80878179458354,8.83878179458354,.252753,Do 4. Dez 21:08:54 CET 2025
0,32.69,3.967981,514.7,500,10.534,32.69,32.69000000000002,.00000000000002,0,Do 4. Dez 21:09:09 CET 2025
30,34.97,3.610663,455.9,500,10.534,34.97,47.487811110345774,12.517811110345774,.357958,Do 4. Dez 21:09:10 CET 2025
27,34.97,3.610663,455.9,500,10.534,34.97,45.556623106588276,10.586623106588276,.302734,Do 4. Dez 21:09:11 CET 2025
31,34.97,3.610663,455.9,500,10.534,34.97,48.16760702636987,13.19760702636987,.377397,Do 4. Dez 21:09:17 CET 2025
3,32.69,3.967981,514.7,500,10.534,32.69,33.27746100564386,.58746100564386,.017970,Do 4. Dez 21:09:33 CET 2025
6,32.69,3.967981,514.7,500,10.534,32.69,33.9082264157782,1.2182264157782,.037266,Do 4. Dez 21:09:43 CET 2025
12,32.69,3.967981,514.7,500,10.534,32.69,35.32275918840989,2.63275918840989,.080537,Do 4. Dez 21:09:55 CET 2025
9,32.69,3.967981,514.7,500,10.534,32.69,34.587836454151635,1.897836454151635,.058055,Do 4. Dez 21:09:59 CET 2025
15,32.69,3.967981,514.7,500,10.534,32.69,36.12053318584917,3.43053318584917,.104941,Do 4. Dez 21:19:24 CET 2025
21,32.69,3.967981,514.7,500,10.534,32.69,37.94074158820089,5.25074158820089,.160622,Do 4. Dez 21:20:06 CET 2025
18,32.69,3.967981,514.7,500,10.534,32.69,36.98988173595087,4.29988173595087,.131535,Do 4. Dez 21:20:07 CET 2025
24,32.69,3.967981,514.7,500,10.534,32.69,38.98407537065695,6.29407537065695,.192538,Do 4. Dez 21:20:26 CET 2025
31,32.69,3.967981,514.7,500,10.534,32.69,41.83932263551702,9.14932263551702,.279881,Do 4. Dez 21:20:46 CET 2025
27,32.69,3.967981,514.7,500,10.534,32.69,40.13122119931452,7.44122119931452,.227629,Do 4. Dez 21:20:47 CET 2025
30,32.69,3.967981,514.7,500,10.534,32.69,41.39236423588382,8.70236423588382,.266208,Do 4. Dez 21:20:51 CET 2025
0,33.19,3.937979,514.7,500,10.534,33.19,33.19000000000002,.00000000000002,0,Do 4. Dez 21:20:54 CET 2025
3,33.19,3.937979,514.7,500,10.534,33.19,33.795897490097495,.605897490097495,.018255,Do 4. Dez 21:21:05 CET 2025
9,33.19,3.937979,514.7,500,10.534,33.19,35.149819097451825,1.959819097451825,.059048,Do 4. Dez 21:21:24 CET 2025
6,33.19,3.937979,514.7,500,10.534,33.19,34.44720140668031,1.25720140668031,.037878,Do 4. Dez 21:21:24 CET 2025
12,33.19,3.937979,514.7,500,10.534,33.19,35.910666608614925,2.720666608614925,.081972,Do 4. Dez 21:21:31 CET 2025
15,33.19,3.937979,514.7,500,10.534,33.19,36.737818785030754,3.547818785030754,.106894,Do 4. Dez 21:31:06 CET 2025
18,33.19,3.937979,514.7,500,10.534,33.19,37.64063492234073,4.45063492234073,.134095,Do 4. Dez 21:31:39 CET 2025
21,33.19,3.937979,514.7,500,10.534,33.19,38.62977680602185,5.43977680602185,.163898,Do 4. Dez 21:31:43 CET 2025
24,33.19,3.937979,514.7,500,10.534,33.19,39.71697072587739,6.52697072587739,.196654,Do 4. Dez 21:31:58 CET 2025
30,33.19,3.937979,514.7,500,10.534,33.19,42.232003976698216,9.042003976698216,.272431,Do 4. Dez 21:32:20 CET 2025
0,33.69,3.908648,514.7,500,10.534,33.69,33.69000000000002,.00000000000002,0,Do 4. Dez 21:32:24 CET 2025
27,33.19,3.937979,514.7,500,10.534,33.19,40.914227664470445,7.724227664470445,.232727,Do 4. Dez 21:32:26 CET 2025
31,33.19,3.937979,514.7,500,10.534,33.19,42.69920810082054,9.50920810082054,.286508,Do 4. Dez 21:32:32 CET 2025
3,33.69,3.908648,514.7,500,10.534,33.69,34.31462885269675,.62462885269675,.018540,Do 4. Dez 21:32:47 CET 2025
9,33.69,3.908648,514.7,500,10.534,33.69,35.712914593789264,2.022914593789264,.060044,Do 4. Dez 21:33:03 CET 2025
6,33.69,3.908648,514.7,500,10.534,33.69,34.98683499258811,1.29683499258811,.038493,Do 4. Dez 21:33:08 CET 2025
12,33.69,3.908648,514.7,500,10.534,33.69,36.5002522528832,2.8102522528832,.083415,Do 4. Dez 21:33:10 CET 2025
15,33.69,3.908648,514.7,500,10.534,33.69,37.357490998894335,3.667490998894335,.108859,Do 4. Dez 21:42:44 CET 2025
18,33.69,3.908648,514.7,500,10.534,33.69,38.29466187775515,4.60466187775515,.136677,Do 4. Dez 21:43:10 CET 2025
21,33.69,3.908648,514.7,500,10.534,33.69,39.323191594231446,5.633191594231446,.167206,Do 4. Dez 21:43:27 CET 2025
24,33.69,3.908648,514.7,500,10.534,33.69,40.45560650229378,6.76560650229378,.200819,Do 4. Dez 21:43:33 CET 2025
30,33.69,3.908648,514.7,500,10.534,33.69,43.08077280723532,9.39077280723532,.278740,Do 4. Dez 21:43:55 CET 2025
27,33.69,3.908648,514.7,500,10.534,33.69,41.70458517143242,8.01458517143242,.237892,Do 4. Dez 21:44:02 CET 2025
31,33.69,3.908648,514.7,500,10.534,33.69,43.568830020636106,9.878830020636106,.293227,Do 4. Dez 21:44:03 CET 2025
0,34.19,3.879962,514.7,500,10.534,34.19,34.19000000000002,.00000000000002,0,Do 4. Dez 21:44:09 CET 2025
3,34.19,3.879962,514.7,500,10.534,34.19,34.833655934048075,.643655934048075,.018825,Do 4. Dez 21:44:30 CET 2025
6,34.19,3.879962,514.7,500,10.534,34.19,35.52713238541651,1.33713238541651,.039108,Do 4. Dez 21:44:42 CET 2025
9,34.19,3.879962,514.7,500,10.534,34.19,36.277130465761545,2.087130465761545,.061045,Do 4. Dez 21:44:46 CET 2025
12,34.19,3.879962,514.7,500,10.534,34.19,37.09153152041434,2.90153152041434,.084864,Do 4. Dez 21:44:50 CET 2025
15,34.19,3.879962,514.7,500,10.534,34.19,37.979576880234234,3.789576880234234,.110838,Do 4. Dez 21:54:22 CET 2025
18,34.19,3.879962,514.7,500,10.534,34.19,38.95200751033283,4.76200751033283,.139280,Do 4. Dez 21:54:41 CET 2025
24,34.19,3.879962,514.7,500,10.534,34.19,41.20007940015662,7.01007940015662,.205033,Do 4. Dez 21:54:59 CET 2025
21,34.19,3.879962,514.7,500,10.534,34.19,40.02105570213772,5.83105570213772,.170548,Do 4. Dez 21:55:12 CET 2025
27,34.19,3.879962,514.7,500,10.534,34.19,42.5024274354118,8.3124274354118,.243124,Do 4. Dez 21:55:32 CET 2025
30,34.19,3.879962,514.7,500,10.534,34.19,43.9388301860075,9.7488301860075,.285136,Do 4. Dez 21:55:41 CET 2025
31,34.19,3.879962,514.7,500,10.534,34.19,44.44833714866715,10.25833714866715,.300039,Do 4. Dez 21:55:42 CET 2025
0,34.97,3.836447,514.7,500,10.534,34.97,34.97000000000002,.00000000000002,0,Do 4. Dez 21:55:55 CET 2025
3,34.97,3.836447,514.7,500,10.534,34.97,35.643929889400596,.673929889400596,.019271,Do 4. Dez 21:56:07 CET 2025
6,34.97,3.836447,514.7,500,10.534,34.97,36.371323308728364,1.401323308728364,.040072,Do 4. Dez 21:56:13 CET 2025
9,34.97,3.836447,514.7,500,10.534,34.97,37.15955653545767,2.18955653545767,.062612,Do 4. Dez 21:56:27 CET 2025
12,34.97,3.836447,514.7,500,10.534,34.97,38.01733573916035,3.04733573916035,.087141,Do 4. Dez 21:56:32 CET 2025
15,34.97,3.836447,514.7,500,10.534,34.97,38.954902491840464,3.984902491840464,.113952,Do 4. Dez 22:06:00 CET 2025
18,34.97,3.836447,514.7,500,10.534,34.97,39.98418392886524,5.01418392886524,.143385,Do 4. Dez 22:06:17 CET 2025
21,34.97,3.836447,514.7,500,10.534,34.97,41.11875452914999,6.14875452914999,.175829,Do 4. Dez 22:06:39 CET 2025
24,34.97,3.836447,514.7,500,10.534,34.97,42.373331822117436,7.403331822117436,.211705,Do 4. Dez 22:06:48 CET 2025
27,34.97,3.836447,514.7,500,10.534,34.97,43.76226578722762,8.79226578722762,.251423,Do 4. Dez 22:07:11 CET 2025
30,34.97,3.836447,514.7,500,10.534,34.97,45.296204876820546,10.326204876820546,.295287,Do 4. Dez 22:07:19 CET 2025
31,34.97,3.836447,514.7,500,10.534,34.97,45.84031122345258,10.87031122345258,.310846,Do 4. Dez 22:07:20 CET 2025
0,32.69,4.188507,573.5,500,10.534,32.69,32.69000000000002,.00000000000002,0,Do 4. Dez 22:07:34 CET 2025
3,32.69,4.188507,573.5,500,10.534,32.69,33.21532348479839,.52532348479839,.016069,Do 4. Dez 22:07:47 CET 2025
6,32.69,4.188507,573.5,500,10.534,32.69,33.775096968345956,1.085096968345956,.033193,Do 4. Dez 22:07:59 CET 2025
9,32.69,4.188507,573.5,500,10.534,32.69,34.37322809711252,1.68322809711252,.051490,Do 4. Dez 22:08:08 CET 2025
12,32.69,4.188507,573.5,500,10.534,32.69,35.01420898151421,2.32420898151421,.071098,Do 4. Dez 22:08:12 CET 2025
15,32.69,4.188507,573.5,500,10.534,32.69,35.70319768156659,3.01319768156659,.092174,Do 4. Dez 22:17:39 CET 2025
18,32.69,4.188507,573.5,500,10.534,32.69,36.44609282226196,3.75609282226196,.114900,Do 4. Dez 22:17:54 CET 2025
21,32.69,4.188507,573.5,500,10.534,32.69,37.249581651083155,4.559581651083155,.139479,Do 4. Dez 22:18:21 CET 2025
24,32.69,4.188507,573.5,500,10.534,32.69,38.121156726405324,5.431156726405324,.166141,Do 4. Dez 22:18:30 CET 2025
27,32.69,4.188507,573.5,500,10.534,32.69,39.06884223880154,6.37884223880154,.195131,Do 4. Dez 22:18:46 CET 2025
30,32.69,4.188507,573.5,500,10.534,32.69,40.10084848895824,7.41084848895824,.226700,Do 4. Dez 22:18:53 CET 2025
31,32.69,4.188507,573.5,500,10.534,32.69,40.46491508234671,7.77491508234671,.237837,Do 4. Dez 22:19:02 CET 2025
0,33.19,4.156837,573.5,500,10.534,33.19,33.19000000000002,.00000000000002,0,Do 4. Dez 22:19:15 CET 2025
3,33.19,4.156837,573.5,500,10.534,33.19,33.73177852695116,.54177852695116,.016323,Do 4. Dez 22:19:27 CET 2025
6,33.19,4.156837,573.5,500,10.534,33.19,34.30967188480038,1.11967188480038,.033735,Do 4. Dez 22:19:43 CET 2025
9,33.19,4.156837,573.5,500,10.534,33.19,34.92784625627775,1.73784625627775,.052360,Do 4. Dez 22:19:45 CET 2025
12,33.19,4.156837,573.5,500,10.534,33.19,35.59110007607099,2.40110007607099,.072344,Do 4. Dez 22:19:55 CET 2025
15,33.19,4.156837,573.5,500,10.534,33.19,36.304955171627356,3.114955171627356,.093852,Do 4. Dez 22:29:21 CET 2025
18,33.19,4.156837,573.5,500,10.534,33.19,37.07573923210509,3.88573923210509,.117075,Do 4. Dez 22:29:38 CET 2025
21,33.19,4.156837,573.5,500,10.534,33.19,37.91063502819165,4.72063502819165,.142230,Do 4. Dez 22:30:00 CET 2025
24,33.19,4.156837,573.5,500,10.534,33.19,38.81764557679702,5.62764557679702,.169558,Do 4. Dez 22:30:13 CET 2025
27,33.19,4.156837,573.5,500,10.534,33.19,39.80538290385009,6.61538290385009,.199318,Do 4. Dez 22:30:19 CET 2025
30,33.19,4.156837,573.5,500,10.534,33.19,40.88251135623427,7.69251135623427,.231771,Do 4. Dez 22:30:31 CET 2025
31,33.19,4.156837,573.5,500,10.534,33.19,41.26279314328826,8.07279314328826,.243229,Do 4. Dez 22:30:37 CET 2025
0,33.69,4.125876,573.5,500,10.534,33.69,33.69000000000002,.00000000000002,0,Do 4. Dez 22:31:00 CET 2025
3,33.69,4.125876,573.5,500,10.534,33.69,34.24849538761763,.55849538761763,.016577,Do 4. Dez 22:31:02 CET 2025
6,33.69,4.125876,573.5,500,10.534,33.69,34.844825014823584,1.154825014823584,.034277,Do 4. Dez 22:31:20 CET 2025
9,33.69,4.125876,573.5,500,10.534,33.69,35.483426426337104,1.793426426337104,.053233,Do 4. Dez 22:31:24 CET 2025
12,33.69,4.125876,573.5,500,10.534,33.69,36.169421244280855,2.479421244280855,.073595,Do 4. Dez 22:31:36 CET 2025
15,33.69,4.125876,573.5,500,10.534,33.69,36.90871518933349,3.21871518933349,.095539,Do 4. Dez 22:41:37 CET 2025
18,33.69,4.125876,573.5,500,10.534,33.69,37.70808682213626,4.01808682213626,.119266,Do 4. Dez 22:41:43 CET 2025
21,33.69,4.125876,573.5,500,10.534,33.69,38.57523586647691,4.88523586647691,.145005,Do 4. Dez 22:42:24 CET 2025
27,33.69,4.125876,573.5,500,10.534,33.69,40.5477745186415,6.8577745186415,.203555,Do 4. Dez 22:42:36 CET 2025
24,33.69,4.125876,573.5,500,10.534,33.69,39.518736730074586,5.828736730074586,.173010,Do 4. Dez 22:42:40 CET 2025
30,33.69,4.125876,573.5,500,10.534,33.69,41.671476281457,7.981476281457,.236909,Do 4. Dez 22:42:54 CET 2025
31,33.69,4.125876,573.5,500,10.534,33.69,42.068492976834975,8.378492976834975,.248693,Do 4. Dez 22:43:02 CET 2025
0,34.19,4.095596,573.5,500,10.534,34.19,34.19000000000002,.00000000000002,0,Do 4. Dez 22:43:27 CET 2025
3,34.19,4.095596,573.5,500,10.534,34.19,34.76547475930386,.57547475930386,.016831,Do 4. Dez 22:43:30 CET 2025
6,34.19,4.095596,573.5,500,10.534,34.19,35.38055905868265,1.19055905868265,.034821,Do 4. Dez 22:43:43 CET 2025
9,34.19,4.095596,573.5,500,10.534,34.19,36.03997460867343,1.84997460867343,.054108,Do 4. Dez 22:43:52 CET 2025
12,34.19,4.095596,573.5,500,10.534,34.19,36.7491840399535,2.5591840399535,.074851,Do 4. Dez 22:44:01 CET 2025
18,34.19,4.095596,573.5,500,10.534,34.19,38.34317160780508,4.15317160780508,.121473,Do 4. Dez 22:54:33 CET 2025
15,34.19,4.095596,573.5,500,10.534,34.19,37.51449884217731,3.32449884217731,.097236,Do 4. Dez 22:54:35 CET 2025
21,34.19,4.095596,573.5,500,10.534,34.19,39.243450334801565,5.053450334801565,.147804,Do 4. Dez 22:55:17 CET 2025
24,34.19,4.095596,573.5,500,10.534,34.19,40.2245071763844,6.0345071763844,.176499,Do 4. Dez 22:55:33 CET 2025
27,34.19,4.095596,573.5,500,10.534,34.19,41.29612042204265,7.10612042204265,.207842,Do 4. Dez 22:55:36 CET 2025
30,34.19,4.095596,573.5,500,10.534,34.19,42.46787778066553,8.27787778066553,.242114,Do 4. Dez 22:55:49 CET 2025
31,34.19,4.095596,573.5,500,10.534,34.19,42.88215966582467,8.69215966582467,.254231,Do 4. Dez 22:55:55 CET 2025
3,34.97,4.049663,573.5,500,10.534,34.97,35.57248726926277,.60248726926277,.017228,Do 4. Dez 22:56:13 CET 2025
0,34.97,4.049663,573.5,500,10.534,34.97,34.97000000000002,.00000000000002,0,Do 4. Dez 22:56:17 CET 2025
6,34.97,4.049663,573.5,500,10.534,34.97,36.217467171450494,1.247467171450494,.035672,Do 4. Dez 22:56:31 CET 2025
9,34.97,4.049663,573.5,500,10.534,34.97,36.910133225322035,1.940133225322035,.055479,Do 4. Dez 22:56:36 CET 2025
12,34.97,4.049663,573.5,500,10.534,34.97,37.65651642039724,2.68651642039724,.076823,Do 4. Dez 22:56:48 CET 2025
15,34.97,4.049663,573.5,500,10.534,34.97,38.46360029296122,3.49360029296122,.099902,Do 4. Dez 23:06:37 CET 2025
18,34.97,4.049663,573.5,500,10.534,34.97,39.339435911301145,4.369435911301145,.124948,Do 4. Dez 23:06:43 CET 2025
21,34.97,4.049663,573.5,500,10.534,34.97,40.29318339194982,5.32318339194982,.152221,Do 4. Dez 23:07:14 CET 2025
24,34.97,4.049663,573.5,500,10.534,34.97,41.335008954464946,6.365008954464946,.182013,Do 4. Dez 23:07:32 CET 2025
27,34.97,4.049663,573.5,500,10.534,34.97,42.475656006790715,7.505656006790715,.214631,Do 4. Dez 23:07:41 CET 2025
30,34.97,4.049663,573.5,500,10.534,34.97,43.725389275520435,8.755389275520435,.250368,Do 4. Dez 23:07:53 CET 2025
31,34.97,4.049663,573.5,500,10.534,34.97,44.16767444039888,9.19767444039888,.263016,Do 4. Dez 23:07:55 CET 2025
3,32.69,4.397988,632.3,500,10.534,32.69,33.16507472636055,.47507472636055,.014532,Do 4. Dez 23:08:15 CET 2025
0,32.69,4.397988,632.3,500,10.534,32.69,32.69000000000002,.00000000000002,0,Do 4. Dez 23:08:18 CET 2025
6,32.69,4.397988,632.3,500,10.534,32.69,33.66820702364692,.97820702364692,.029923,Do 4. Dez 23:08:22 CET 2025
9,32.69,4.397988,632.3,500,10.534,32.69,34.202255911453065,1.512255911453065,.046260,Do 4. Dez 23:08:40 CET 2025
12,32.69,4.397988,632.3,500,10.534,32.69,34.770464340133124,2.080464340133124,.063642,Do 4. Dez 23:08:48 CET 2025
15,32.69,4.397988,632.3,500,10.534,32.69,35.37651130793563,2.68651130793563,.082181,Do 4. Dez 23:18:22 CET 2025
18,32.69,4.397988,632.3,500,10.534,32.69,36.02455965192929,3.33455965192929,.102005,Do 4. Dez 23:18:24 CET 2025
21,32.69,4.397988,632.3,500,10.534,32.69,36.71929928073058,4.02929928073058,.123257,Do 4. Dez 23:18:52 CET 2025
24,32.69,4.397988,632.3,500,10.534,32.69,37.46596363416803,4.77596363416803,.146098,Do 4. Dez 23:19:11 CET 2025
27,32.69,4.397988,632.3,500,10.534,32.69,38.270272176611265,5.580272176611265,.170702,Do 4. Dez 23:19:26 CET 2025
30,32.69,4.397988,632.3,500,10.534,32.69,39.138310149511014,6.448310149511014,.197256,Do 4. Dez 23:19:39 CET 2025
31,32.69,4.397988,632.3,500,10.534,32.69,39.44288263108556,6.75288263108556,.206573,Do 4. Dez 23:19:40 CET 2025
0,33.19,4.364735,632.3,500,10.534,33.19,33.19000000000002,.00000000000002,0,Do 4. Dez 23:19:55 CET 2025
3,33.19,4.364735,632.3,500,10.534,33.19,33.67993281697078,.48993281697078,.014761,Do 4. Dez 23:19:58 CET 2025
6,33.19,4.364735,632.3,500,10.534,33.19,34.19927445263289,1.00927445263289,.030408,Do 4. Dez 23:19:58 CET 2025
9,33.19,4.364735,632.3,500,10.534,33.19,34.75107133484238,1.56107133484238,.047034,Do 4. Dez 23:20:22 CET 2025
12,33.19,4.364735,632.3,500,10.534,33.19,35.338786392018434,2.148786392018434,.064741,Do 4. Dez 23:20:23 CET 2025
18,33.19,4.364735,632.3,500,10.534,33.19,36.63824214324288,3.44824214324288,.103894,Do 4. Dez 23:29:55 CET 2025
15,33.19,4.364735,632.3,500,10.534,33.19,35.96635723316656,2.77635723316656,.083650,Do 4. Dez 23:30:00 CET 2025
21,33.19,4.364735,632.3,500,10.534,33.19,37.35947775700053,4.16947775700053,.125624,Do 4. Dez 23:30:34 CET 2025
24,33.19,4.364735,632.3,500,10.534,33.19,38.13567022471362,4.94567022471362,.149010,Do 4. Dez 23:30:55 CET 2025
27,33.19,4.364735,632.3,500,10.534,33.19,38.97296034583696,5.78296034583696,.174238,Do 4. Dez 23:31:02 CET 2025
30,33.19,4.364735,632.3,500,10.534,33.19,39.87783788281046,6.68783788281046,.201501,Do 4. Dez 23:31:16 CET 2025
31,33.19,4.364735,632.3,500,10.534,33.19,40.19561077153497,7.00561077153497,.211075,Do 4. Dez 23:31:18 CET 2025
0,33.69,4.332225,632.3,500,10.534,33.69,33.69000000000002,.00000000000002,0,Do 4. Dez 23:31:31 CET 2025
6,33.69,4.332225,632.3,500,10.534,33.69,34.730857156049865,1.040857156049865,.030895,Do 4. Dez 23:31:37 CET 2025
3,33.69,4.332225,632.3,500,10.534,33.69,34.1950263529186,.5050263529186,.014990,Do 4. Dez 23:31:39 CET 2025
9,33.69,4.332225,632.3,500,10.534,33.69,35.300735769788574,1.610735769788574,.047810,Do 4. Dez 23:32:04 CET 2025
12,33.69,4.332225,632.3,500,10.534,33.69,35.908356612041075,2.218356612041075,.065846,Do 4. Dez 23:32:06 CET 2025
15,33.69,4.332225,632.3,500,10.534,33.69,36.5579271530069,2.8679271530069,.085126,Do 4. Dez 23:41:34 CET 2025
18,33.69,4.332225,632.3,500,10.534,33.69,37.25422410577178,3.56422410577178,.105794,Do 4. Dez 23:41:44 CET 2025
21,33.69,4.332225,632.3,500,10.534,33.69,38.002639675802705,4.312639675802705,.128009,Do 4. Dez 23:42:17 CET 2025
24,33.69,4.332225,632.3,500,10.534,33.69,38.80918932574913,5.11918932574913,.151949,Do 4. Dez 23:42:26 CET 2025
27,33.69,4.332225,632.3,500,10.534,33.69,39.68044543468122,5.99044543468122,.177810,Do 4. Dez 23:42:48 CET 2025
30,33.69,4.332225,632.3,500,10.534,33.69,40.62332061324926,6.93332061324926,.205797,Do 4. Dez 23:42:54 CET 2025
31,33.69,4.332225,632.3,500,10.534,33.69,40.95471620303194,7.26471620303194,.215634,Do 4. Dez 23:42:58 CET 2025
3,34.19,4.300431,632.3,500,10.534,34.19,34.710355856683655,.520355856683655,.015219,Do 4. Dez 23:43:09 CET 2025
0,34.19,4.300431,632.3,500,10.534,34.19,34.19000000000002,.00000000000002,0,Do 4. Dez 23:43:13 CET 2025
6,34.19,4.300431,632.3,500,10.534,34.19,35.26295543242478,1.07295543242478,.031382,Do 4. Dez 23:43:30 CET 2025
9,34.19,4.300431,632.3,500,10.534,34.19,35.85125077053452,1.66125077053452,.048588,Do 4. Dez 23:43:39 CET 2025
12,34.19,4.300431,632.3,500,10.534,34.19,36.47917975993465,2.28917975993465,.066954,Do 4. Dez 23:43:45 CET 2025
15,34.19,4.300431,632.3,500,10.534,34.19,37.15123409262591,2.96123409262591,.086611,Do 4. Dez 23:53:14 CET 2025
18,34.19,4.300431,632.3,500,10.534,34.19,37.87252362114142,3.68252362114142,.107707,Do 4. Dez 23:53:30 CET 2025
21,34.19,4.300431,632.3,500,10.534,34.19,38.64882213850843,4.45882213850843,.130413,Do 4. Dez 23:53:50 CET 2025
24,34.19,4.300431,632.3,500,10.534,34.19,39.48657242659617,5.29657242659617,.154915,Do 4. Dez 23:54:06 CET 2025
27,34.19,4.300431,632.3,500,10.534,34.19,40.392800021350226,6.202800021350226,.181421,Do 4. Dez 23:54:28 CET 2025
30,34.19,4.300431,632.3,500,10.534,34.19,41.374850908812256,7.184850908812256,.210144,Do 4. Dez 23:54:31 CET 2025
31,34.19,4.300431,632.3,500,10.534,34.19,41.72030423870247,7.53030423870247,.220248,Do 4. Dez 23:54:36 CET 2025
0,34.97,4.252200,632.3,500,10.534,34.97,34.97000000000002,.00000000000002,0,Do 4. Dez 23:54:47 CET 2025
3,34.97,4.252200,632.3,500,10.534,34.97,35.514741556092574,.544741556092574,.015577,Do 4. Dez 23:54:49 CET 2025
9,34.97,4.252200,632.3,500,10.534,34.97,36.7117660176703,1.7417660176703,.049807,Do 4. Dez 23:55:12 CET 2025
6,34.97,4.252200,632.3,500,10.534,34.97,36.094065335270095,1.124065335270095,.032143,Do 4. Dez 23:55:13 CET 2025
12,34.97,4.252200,632.3,500,10.534,34.97,37.37218659415922,2.40218659415922,.068692,Do 4. Dez 23:55:23 CET 2025
15,34.97,4.252200,632.3,500,10.534,34.97,38.08029559334444,3.11029559334444,.088941,Fr 5. Dez 00:04:52 CET 2025
18,34.97,4.252200,632.3,500,10.534,34.97,38.84175766584033,3.87175766584033,.110716,Fr 5. Dez 00:05:10 CET 2025
21,34.97,4.252200,632.3,500,10.534,34.97,39.662985469950854,4.692985469950854,.134200,Fr 5. Dez 00:05:35 CET 2025
24,34.97,4.252200,632.3,500,10.534,34.97,40.55113206299066,5.58113206299066,.159597,Fr 5. Dez 00:05:51 CET 2025
30,34.97,4.252200,632.3,500,10.534,34.97,42.55955252797516,7.58955252797516,.217030,Fr 5. Dez 00:06:03 CET 2025
31,34.97,4.252200,632.3,500,10.534,34.97,42.927811107104944,7.957811107104944,.227561,Fr 5. Dez 00:06:06 CET 2025
27,34.97,4.252200,632.3,500,10.534,34.97,41.51397272598695,6.54397272598695,.187131,Fr 5. Dez 00:06:09 CET 2025
0,32.69,4.598269,691.2,500,10.534,32.69,32.69000000000002,.00000000000002,0,Fr 5. Dez 00:06:25 CET 2025
3,32.69,4.598269,691.2,500,10.534,32.69,33.12353568282326,.43353568282326,.013262,Fr 5. Dez 00:06:29 CET 2025
6,32.69,4.598269,691.2,500,10.534,32.69,33.580356918287784,.890356918287784,.027236,Fr 5. Dez 00:06:53 CET 2025
9,32.69,4.598269,691.2,500,10.534,32.69,34.06261573340386,1.37261573340386,.041988,Fr 5. Dez 00:06:56 CET 2025
12,32.69,4.598269,691.2,500,10.534,32.69,34.57273032127396,1.88273032127396,.057593,Fr 5. Dez 00:07:08 CET 2025
15,32.69,4.598269,691.2,500,10.534,32.69,35.11340838927037,2.42340838927037,.074133,Fr 5. Dez 00:16:33 CET 2025
18,32.69,4.598269,691.2,500,10.534,32.69,35.68769577535688,2.99769577535688,.091700,Fr 5. Dez 00:16:51 CET 2025
21,32.69,4.598269,691.2,500,10.534,32.69,36.29898731782553,3.60898731782553,.110400,Fr 5. Dez 00:17:10 CET 2025
24,32.69,4.598269,691.2,500,10.534,32.69,36.951056834167744,4.261056834167744,.130347,Fr 5. Dez 00:17:36 CET 2025
27,32.69,4.598269,691.2,500,10.534,32.69,37.6480528751104,4.9580528751104,.151668,Fr 5. Dez 00:17:45 CET 2025
31,32.69,4.598269,691.2,500,10.534,32.69,38.65504013566762,5.96504013566762,.182472,Fr 5. Dez 00:17:48 CET 2025
30,32.69,4.598269,691.2,500,10.534,32.69,38.39445315035019,5.70445315035019,.174501,Fr 5. Dez 00:17:52 CET 2025
3,33.19,4.563501,691.2,500,10.534,33.19,33.63707747564828,.44707747564828,.013470,Fr 5. Dez 00:18:05 CET 2025
0,33.19,4.563501,691.2,500,10.534,33.19,33.19000000000002,.00000000000002,0,Fr 5. Dez 00:18:07 CET 2025
9,33.19,4.563501,691.2,500,10.534,33.19,34.606736528548176,1.416736528548176,.042685,Fr 5. Dez 00:18:31 CET 2025
6,33.19,4.563501,691.2,500,10.534,33.19,34.10855844374127,.91855844374127,.027675,Fr 5. Dez 00:18:37 CET 2025
12,33.19,4.563501,691.2,500,10.534,33.19,35.13419100841689,1.94419100841689,.058577,Fr 5. Dez 00:18:37 CET 2025
15,33.19,4.563501,691.2,500,10.534,33.19,35.69382102004066,2.50382102004066,.075439,Fr 5. Dez 00:28:09 CET 2025
18,33.19,4.563501,691.2,500,10.534,33.19,36.28888361255494,3.09888361255494,.093367,Fr 5. Dez 00:28:29 CET 2025
21,33.19,4.563501,691.2,500,10.534,33.19,36.92302089012269,3.73302089012269,.112474,Fr 5. Dez 00:28:54 CET 2025
24,33.19,4.563501,691.2,500,10.534,33.19,37.600284358701764,4.410284358701764,.132879,Fr 5. Dez 00:29:14 CET 2025
27,33.19,4.563501,691.2,500,10.534,33.19,38.32512473017606,5.13512473017606,.154719,Fr 5. Dez 00:29:24 CET 2025
30,33.19,4.563501,691.2,500,10.534,33.19,39.102338187553144,5.912338187553144,.178136,Fr 5. Dez 00:29:35 CET 2025
31,33.19,4.563501,691.2,500,10.534,33.19,39.37391027307136,6.18391027307136,.186318,Fr 5. Dez 00:29:38 CET 2025
0,33.69,4.529511,691.2,500,10.534,33.69,33.69000000000002,.00000000000002,0,Fr 5. Dez 00:29:46 CET 2025
3,33.69,4.529511,691.2,500,10.534,33.69,34.150833046603466,.460833046603466,.013678,Fr 5. Dez 00:29:47 CET 2025
12,33.69,4.529511,691.2,500,10.534,33.69,35.696755247229675,2.006755247229675,.059565,Fr 5. Dez 00:30:15 CET 2025
6,33.69,4.529511,691.2,500,10.534,33.69,34.63722393738467,.94722393738467,.028115,Fr 5. Dez 00:30:15 CET 2025
9,33.69,4.529511,691.2,500,10.534,33.69,35.15161476851004,1.46161476851004,.043384,Fr 5. Dez 00:30:20 CET 2025
15,33.69,4.529511,691.2,500,10.534,33.69,36.27574309454121,2.58574309454121,.076751,Fr 5. Dez 00:39:52 CET 2025
18,33.69,4.529511,691.2,500,10.534,33.69,36.89206006872816,3.20206006872816,.095044,Fr 5. Dez 00:40:06 CET 2025
21,33.69,4.529511,691.2,500,10.534,33.69,37.54961272513658,3.85961272513658,.114562,Fr 5. Dez 00:40:37 CET 2025
24,33.69,4.529511,691.2,500,10.534,33.69,38.25274258619814,4.56274258619814,.135433,Fr 5. Dez 00:40:50 CET 2025
27,33.69,4.529511,691.2,500,10.534,33.69,39.00622072061165,5.31622072061165,.157798,Fr 5. Dez 00:41:07 CET 2025
30,33.69,4.529511,691.2,500,10.534,33.69,39.815176613828484,6.125176613828484,.181809,Fr 5. Dez 00:41:13 CET 2025
31,33.69,4.529511,691.2,500,10.534,33.69,40.098075666093365,6.408075666093365,.190207,Fr 5. Dez 00:41:21 CET 2025
0,34.19,4.496269,691.2,500,10.534,34.19,34.19000000000002,.00000000000002,0,Fr 5. Dez 00:41:22 CET 2025
3,34.19,4.496269,691.2,500,10.534,34.19,34.66480276066433,.47480276066433,.013887,Fr 5. Dez 00:41:31 CET 2025
6,34.19,4.496269,691.2,500,10.534,34.19,35.16635348216364,.97635348216364,.028556,Fr 5. Dez 00:41:56 CET 2025
12,34.19,4.496269,691.2,500,10.534,34.19,36.26042677266089,2.07042677266089,.060556,Fr 5. Dez 00:42:01 CET 2025
9,34.19,4.496269,691.2,500,10.534,34.19,35.69725224454822,1.50725224454822,.044084,Fr 5. Dez 00:42:01 CET 2025
15,34.19,4.496269,691.2,500,10.534,34.19,36.859183075448904,2.669183075448904,.078069,Fr 5. Dez 00:51:31 CET 2025
18,34.19,4.496269,691.2,500,10.534,34.19,37.49724555072999,3.30724555072999,.096731,Fr 5. Dez 00:51:50 CET 2025
21,34.19,4.496269,691.2,500,10.534,34.19,38.17879235986749,3.98879235986749,.116665,Fr 5. Dez 00:52:16 CET 2025
24,34.19,4.496269,691.2,500,10.534,34.19,38.908474920381664,4.718474920381664,.138007,Fr 5. Dez 00:52:22 CET 2025
30,34.19,4.496269,691.2,500,10.534,34.19,40.53304760840028,6.34304760840028,.185523,Fr 5. Dez 00:52:49 CET 2025
27,34.19,4.496269,691.2,500,10.534,34.19,39.69140033777583,5.50140033777583,.160906,Fr 5. Dez 00:52:51 CET 2025
31,34.19,4.496269,691.2,500,10.534,34.19,40.8276223262234,6.6376223262234,.194139,Fr 5. Dez 00:53:02 CET 2025
0,34.97,4.445842,691.2,500,10.534,34.97,34.97000000000002,.00000000000002,0,Fr 5. Dez 00:53:08 CET 2025
3,34.97,4.445842,691.2,500,10.534,34.97,35.46702357410274,.49702357410274,.014212,Fr 5. Dez 00:53:14 CET 2025
6,34.97,4.445842,691.2,500,10.534,34.97,35.9927301027358,1.0227301027358,.029245,Fr 5. Dez 00:53:39 CET 2025
9,34.97,4.445842,691.2,500,10.534,34.97,36.54997419564393,1.57997419564393,.045180,Fr 5. Dez 00:53:41 CET 2025
12,34.97,4.445842,691.2,500,10.534,34.97,37.141983342149835,2.171983342149835,.062109,Fr 5. Dez 00:53:45 CET 2025
15,34.97,4.445842,691.2,500,10.534,34.97,37.77241273490494,2.80241273490494,.080137,Fr 5. Dez 01:03:06 CET 2025
18,34.97,4.445842,691.2,500,10.534,34.97,38.44538699170576,3.47538699170576,.099381,Fr 5. Dez 01:03:32 CET 2025
21,34.97,4.445842,691.2,500,10.534,34.97,39.165543391797044,4.195543391797044,.119975,Fr 5. Dez 01:03:52 CET 2025
24,34.97,4.445842,691.2,500,10.534,34.97,39.93804884996385,4.96804884996385,.142066,Fr 5. Dez 01:04:01 CET 2025
27,34.97,4.445842,691.2,500,10.534,34.97,40.76857118827672,5.79857118827672,.165815,Fr 5. Dez 01:04:29 CET 2025
30,34.97,4.445842,691.2,500,10.534,34.97,41.66316302929334,6.69316302929334,.191397,Fr 5. Dez 01:04:37 CET 2025
31,34.97,4.445842,691.2,500,10.534,34.97,41.97666757902398,7.00666757902398,.200362,Fr 5. Dez 01:04:42 CET 2025
0,32.69,4.751390,738.0,500,10.534,32.69,32.69000000000002,.00000000000002,0,Fr 5. Dez 01:04:47 CET 2025
3,32.69,4.751390,738.0,500,10.534,32.69,33.09537304823762,.40537304823762,.012400,Fr 5. Dez 01:05:04 CET 2025
9,32.69,4.751390,738.0,500,10.534,32.69,33.96880151869826,1.27880151869826,.039119,Fr 5. Dez 01:05:21 CET 2025
6,32.69,4.751390,738.0,500,10.534,32.69,33.521057249959455,.831057249959455,.025422,Fr 5. Dez 01:05:24 CET 2025
12,32.69,4.751390,738.0,500,10.534,32.69,34.44055478135515,1.75055478135515,.053550,Fr 5. Dez 01:05:25 CET 2025
15,32.69,4.751390,738.0,500,10.534,32.69,34.9384878193574,2.2484878193574,.068782,Fr 5. Dez 01:14:41 CET 2025
18,32.69,4.751390,738.0,500,10.534,32.69,35.4650183729037,2.7750183729037,.084888,Fr 5. Dez 01:15:07 CET 2025
21,32.69,4.751390,738.0,500,10.534,32.69,36.022832932438085,3.332832932438085,.101952,Fr 5. Dez 01:15:33 CET 2025
24,32.69,4.751390,738.0,500,10.534,32.69,36.6149024863664,3.9249024863664,.120064,Fr 5. Dez 01:15:44 CET 2025
30,32.69,4.751390,738.0,500,10.534,32.69,37.91515055228757,5.22515055228757,.159839,Fr 5. Dez 01:16:17 CET 2025
31,32.69,4.751390,738.0,500,10.534,32.69,38.148472480591536,5.458472480591536,.166976,Fr 5. Dez 01:16:22 CET 2025
0,33.19,4.715465,738.0,500,10.534,33.19,33.19000000000002,.00000000000002,0,Fr 5. Dez 01:16:31 CET 2025
27,32.69,4.751390,738.0,500,10.534,32.69,37.244497361563816,4.554497361563816,.139323,Fr 5. Dez 01:16:33 CET 2025
3,33.19,4.715465,738.0,500,10.534,33.19,33.60802413797667,.41802413797667,.012594,Fr 5. Dez 01:16:42 CET 2025
6,33.19,4.715465,738.0,500,10.534,33.19,34.047332926235214,.857332926235214,.025831,Fr 5. Dez 01:17:00 CET 2025
9,33.19,4.715465,738.0,500,10.534,33.19,34.50979009209348,1.31979009209348,.039764,Fr 5. Dez 01:17:10 CET 2025
12,33.19,4.715465,738.0,500,10.534,33.19,34.99747188711489,1.80747188711489,.054458,Fr 5. Dez 01:17:11 CET 2025
15,33.19,4.715465,738.0,500,10.534,33.19,35.512703342441995,2.322703342441995,.069982,Fr 5. Dez 01:26:20 CET 2025
18,33.19,4.715465,738.0,500,10.534,33.19,36.05806992269121,2.86806992269121,.086413,Fr 5. Dez 01:26:39 CET 2025
24,33.19,4.715465,738.0,500,10.534,33.19,37.25103839747922,4.06103839747922,.122357,Fr 5. Dez 01:27:16 CET 2025
21,33.19,4.715465,738.0,500,10.534,33.19,36.63645185645454,3.44645185645454,.103840,Fr 5. Dez 01:27:22 CET 2025
27,33.19,4.715465,738.0,500,10.534,33.19,37.905332569762976,4.715332569762976,.142070,Fr 5. Dez 01:27:47 CET 2025
30,33.19,4.715465,738.0,500,10.534,33.19,38.603132094668034,5.413132094668034,.163095,Fr 5. Dez 01:28:06 CET 2025
31,33.19,4.715465,738.0,500,10.534,33.19,38.84609121005601,5.65609121005601,.170415,Fr 5. Dez 01:28:16 CET 2025
0,33.69,4.680342,738.0,500,10.534,33.69,33.69000000000002,.00000000000002,0,Fr 5. Dez 01:28:16 CET 2025
3,33.69,4.680342,738.0,500,10.534,33.69,34.12087481969739,.43087481969739,.012789,Fr 5. Dez 01:28:29 CET 2025
6,33.69,4.680342,738.0,500,10.534,33.69,34.57403886188449,.88403886188449,.026240,Fr 5. Dez 01:28:40 CET 2025
9,33.69,4.680342,738.0,500,10.534,33.69,35.05147518562424,1.36147518562424,.040411,Fr 5. Dez 01:28:51 CET 2025
12,33.69,4.680342,738.0,500,10.534,33.69,35.555402410954954,1.865402410954954,.055369,Fr 5. Dez 01:28:54 CET 2025
15,33.69,4.680342,738.0,500,10.534,33.69,36.08829319470799,2.39829319470799,.071187,Fr 5. Dez 01:37:53 CET 2025
18,33.69,4.680342,738.0,500,10.534,33.69,36.65292060272589,2.96292060272589,.087946,Fr 5. Dez 01:38:18 CET 2025
21,33.69,4.680342,738.0,500,10.534,33.69,37.252367102558,3.562367102558,.105739,Fr 5. Dez 01:38:58 CET 2025
24,33.69,4.680342,738.0,500,10.534,33.69,37.89005075793691,4.20005075793691,.124667,Fr 5. Dez 01:39:09 CET 2025
27,33.69,4.680342,738.0,500,10.534,33.69,38.56972788974088,4.87972788974088,.144842,Fr 5. Dez 01:39:26 CET 2025
0,34.19,4.645993,738.0,500,10.534,34.19,34.19000000000002,.00000000000002,0,Fr 5. Dez 01:39:46 CET 2025
30,33.69,4.680342,738.0,500,10.534,33.69,39.295466441477515,5.605466441477515,.166383,Fr 5. Dez 01:39:51 CET 2025
31,33.69,4.680342,738.0,500,10.534,33.69,39.54835442283899,5.85835442283899,.173890,Fr 5. Dez 01:39:55 CET 2025
3,34.19,4.645993,738.0,500,10.534,34.19,34.63392470761183,.44392470761183,.012984,Fr 5. Dez 01:40:13 CET 2025
6,34.19,4.645993,738.0,500,10.534,34.19,35.101175357136626,.911175357136626,.026650,Fr 5. Dez 01:40:27 CET 2025
12,34.19,4.645993,738.0,500,10.534,34.19,36.11434288711595,1.92434288711595,.056283,Fr 5. Dez 01:40:32 CET 2025
9,34.19,4.645993,738.0,500,10.534,34.19,35.593861308142564,1.403861308142564,.041060,Fr 5. Dez 01:40:39 CET 2025
18,34.19,4.645993,738.0,500,10.534,34.19,37.249583268019975,3.059583268019975,.089487,Fr 5. Dez 01:47:51 CET 2025
6,34.97,4.593887,738.0,500,10.534,34.97,35.92437156805976,.95437156805976,.027291,Fr 5. Dez 01:47:51 CET 2025
0,34.97,4.593887,738.0,500,10.534,34.97,34.97000000000002,.00000000000002,0,Fr 5. Dez 01:47:51 CET 2025
21,34.19,4.645993,738.0,500,10.534,34.19,37.87059907688857,3.68059907688857,.107651,Fr 5. Dez 01:47:51 CET 2025
27,34.19,4.645993,738.0,500,10.534,34.19,39.237726591582415,5.047726591582415,.147637,Fr 5. Dez 01:47:51 CET 2025
15,34.19,4.645993,738.0,500,10.534,34.19,36.66526433234436,2.47526433234436,.072397,Fr 5. Dez 01:47:51 CET 2025
12,34.97,4.593887,738.0,500,10.534,34.97,36.9883309903658,2.0183309903658,.057716,Fr 5. Dez 01:47:51 CET 2025
9,34.97,4.593887,738.0,500,10.534,34.97,36.441387436633484,1.471387436633484,.042075,Fr 5. Dez 01:47:51 CET 2025
24,34.19,4.645993,738.0,500,10.534,34.19,38.53197251521253,4.34197251521253,.126995,Fr 5. Dez 01:47:51 CET 2025
30,34.19,4.645993,738.0,500,10.534,34.19,39.9922129312919,5.8022129312919,.169704,Fr 5. Dez 01:47:51 CET 2025
31,34.19,4.645993,738.0,500,10.534,34.19,40.25532646450934,6.06532646450934,.177400,Fr 5. Dez 01:47:51 CET 2025
3,34.97,4.593887,738.0,500,10.534,34.97,35.43468119416587,.46468119416587,.013287,Fr 5. Dez 01:47:51 CET 2025
15,32.69,3.591226,421.6,550,10.534,32.69,37.084910867035,4.394910867035,.134442,Fr 5. Dez 02:05:06 CET 2025
3,32.69,3.591226,421.6,550,10.534,32.69,33.41284414603679,.72284414603679,.022112,Fr 5. Dez 02:05:14 CET 2025
21,34.97,4.593887,738.0,500,10.534,34.97,38.839722709638366,3.869722709638366,.110658,Fr 5. Dez 02:05:15 CET 2025
24,32.69,3.591226,421.6,550,10.534,32.69,41.08740061776442,8.39740061776442,.256879,Fr 5. Dez 02:05:20 CET 2025
6,32.69,3.591226,421.6,550,10.534,32.69,34.201994851433454,1.511994851433454,.046252,Fr 5. Dez 02:05:23 CET 2025
18,34.97,4.593887,738.0,500,10.534,34.97,38.184031377957524,3.214031377957524,.091908,Fr 5. Dez 02:05:28 CET 2025
30,32.69,3.591226,421.6,550,10.534,32.69,44.59694205045441,11.90694205045441,.364238,Fr 5. Dez 02:05:29 CET 2025
12,32.69,3.591226,421.6,550,10.534,32.69,36.023923594325,3.333923594325,.101986,Fr 5. Dez 02:05:29 CET 2025
18,32.69,3.591226,421.6,550,10.534,32.69,38.26908409628068,5.57908409628068,.170666,Fr 5. Dez 02:05:30 CET 2025
30,34.97,4.593887,738.0,500,10.534,34.97,41.08810262761407,6.11810262761407,.174952,Fr 5. Dez 02:05:31 CET 2025
27,34.97,4.593887,738.0,500,10.534,34.97,40.287113410213834,5.317113410213834,.152047,Fr 5. Dez 02:05:31 CET 2025
31,34.97,4.593887,738.0,500,10.534,34.97,41.36777783909725,6.39777783909725,.182950,Fr 5. Dez 02:05:31 CET 2025
15,34.97,4.593887,738.0,500,10.534,34.97,37.56812067165912,2.59812067165912,.074295,Fr 5. Dez 02:05:33 CET 2025
21,32.69,3.591226,421.6,550,10.534,32.69,39.596593280638906,6.906593280638906,.211275,Fr 5. Dez 02:05:33 CET 2025
0,32.69,3.591226,421.6,550,10.534,32.69,32.69000000000002,.00000000000002,0,Fr 5. Dez 02:05:35 CET 2025
9,32.69,3.591226,421.6,550,10.534,32.69,35.068078836812674,2.378078836812674,.072746,Fr 5. Dez 02:05:37 CET 2025
27,32.69,3.591226,421.6,550,10.534,32.69,42.75541683662154,10.06541683662154,.307905,Fr 5. Dez 02:05:47 CET 2025
24,34.97,4.593887,738.0,500,10.534,34.97,39.53926059853652,4.56926059853652,.130662,Fr 5. Dez 02:05:51 CET 2025
31,32.69,3.591226,421.6,550,10.534,32.69,45.24415780279165,12.55415780279165,.384036,Fr 5. Dez 02:22:30 CET 2025
3,33.19,3.564073,421.6,550,10.534,33.19,33.93562312746083,.74562312746083,.022465,Fr 5. Dez 02:22:30 CET 2025
12,33.19,3.564073,421.6,550,10.534,33.19,36.63758208092976,3.44758208092976,.103874,Fr 5. Dez 02:22:38 CET 2025
0,33.69,3.537527,421.6,550,10.534,33.69,33.69000000000002,.00000000000002,0,Fr 5. Dez 02:22:43 CET 2025
31,33.19,3.564073,421.6,550,10.534,33.19,46.25256329506157,13.06256329506157,.393569,Fr 5. Dez 02:22:43 CET 2025
15,33.19,3.564073,421.6,550,10.534,33.19,37.73941141853495,4.54941141853495,.137071,Fr 5. Dez 02:22:47 CET 2025
9,33.19,3.564073,421.6,550,10.534,33.19,35.6468781783736,2.4568781783736,.074024,Fr 5. Dez 02:22:49 CET 2025
24,33.19,3.564073,421.6,550,10.534,33.19,41.913247532322,8.723247532322,.262827,Fr 5. Dez 02:22:50 CET 2025
30,33.19,3.564073,421.6,550,10.534,33.19,45.578758013842865,12.388758013842865,.373267,Fr 5. Dez 02:22:53 CET 2025
6,33.19,3.564073,421.6,550,10.534,33.19,34.75080141620945,1.56080141620945,.047026,Fr 5. Dez 02:22:54 CET 2025
0,33.19,3.564073,421.6,550,10.534,33.19,33.19000000000002,.00000000000002,0,Fr 5. Dez 02:22:57 CET 2025
21,33.19,3.564073,421.6,550,10.534,33.19,40.35603057245489,7.16603057245489,.215909,Fr 5. Dez 02:23:00 CET 2025
27,33.19,3.564073,421.6,550,10.534,33.19,43.656707250926054,10.466707250926054,.315357,Fr 5. Dez 02:23:00 CET 2025
9,33.69,3.537527,421.6,550,10.534,33.69,36.22715214300188,2.53715214300188,.075308,Fr 5. Dez 02:23:06 CET 2025
6,33.69,3.537527,421.6,550,10.534,33.69,35.30045602470259,1.61045602470259,.047802,Fr 5. Dez 02:23:06 CET 2025
18,33.19,3.564073,421.6,550,10.534,33.19,38.97172228346876,5.78172228346876,.174200,Fr 5. Dez 02:23:09 CET 2025
3,33.69,3.537527,421.6,550,10.534,33.69,34.45877111950715,.76877111950715,.022818,Fr 5. Dez 02:23:24 CET 2025
12,33.69,3.537527,421.6,550,10.534,33.69,37.25353984074873,3.56353984074873,.105774,Fr 5. Dez 02:23:30 CET 2025
21,33.69,3.537527,421.6,550,10.534,33.69,41.12205882963995,7.43205882963995,.220601,Fr 5. Dez 02:39:57 CET 2025
30,33.69,3.537527,421.6,550,10.534,33.69,46.57275317540846,12.88275317540846,.382391,Fr 5. Dez 02:39:57 CET 2025
0,34.19,3.511565,421.6,550,10.534,34.19,34.19000000000002,.00000000000002,0,Fr 5. Dez 02:40:02 CET 2025
18,33.69,3.537527,421.6,550,10.534,33.69,39.679153962358,5.989153962358,.177772,Fr 5. Dez 02:40:04 CET 2025
15,33.69,3.537527,421.6,550,10.534,33.69,38.39729102538152,4.70729102538152,.139723,Fr 5. Dez 02:40:05 CET 2025
3,34.19,3.511565,421.6,550,10.534,34.19,34.98228918377104,.79228918377104,.023173,Fr 5. Dez 02:40:06 CET 2025
27,33.69,3.537527,421.6,550,10.534,33.69,44.56884272023122,10.87884272023122,.322910,Fr 5. Dez 02:40:10 CET 2025
21,34.19,3.511565,421.6,550,10.534,34.19,41.89479138108182,7.70479138108182,.225352,Fr 5. Dez 02:40:13 CET 2025
24,33.69,3.537527,421.6,550,10.534,33.69,42.747811119120854,9.057811119120854,.268857,Fr 5. Dez 02:40:16 CET 2025
24,34.19,3.511565,421.6,550,10.534,34.19,43.591229039907645,9.401229039907645,.274970,Fr 5. Dez 02:40:17 CET 2025
12,34.19,3.511565,421.6,550,10.534,34.19,37.87181376873841,3.68181376873841,.107686,Fr 5. Dez 02:40:17 CET 2025
31,33.69,3.537527,421.6,550,10.534,33.69,47.273235624176394,13.583235624176394,.403183,Fr 5. Dez 02:40:23 CET 2025
6,34.19,3.511565,421.6,550,10.534,34.19,35.85096248890048,1.66096248890048,.048580,Fr 5. Dez 02:40:24 CET 2025
9,34.19,3.511565,421.6,550,10.534,34.19,36.80890873086133,2.61890873086133,.076598,Fr 5. Dez 02:40:29 CET 2025
15,34.19,3.511565,421.6,550,10.534,34.19,39.058594832876466,4.868594832876466,.142398,Fr 5. Dez 02:40:31 CET 2025
18,34.19,3.511565,421.6,550,10.534,34.19,40.39145611284741,6.20145611284741,.181382,Fr 5. Dez 02:40:47 CET 2025
30,34.19,3.511565,421.6,550,10.534,34.19,47.57881874048392,13.38881874048392,.391600,Fr 5. Dez 02:41:07 CET 2025
27,34.19,3.511565,421.6,550,10.534,34.19,45.49190996390992,11.30190996390992,.330561,Fr 5. Dez 02:41:10 CET 2025
6,34.97,3.472182,421.6,550,10.534,34.97,36.711462386563745,1.741462386563745,.049798,Fr 5. Dez 02:57:09 CET 2025
18,34.97,3.472182,421.6,550,10.534,34.97,41.51254205750275,6.54254205750275,.187090,Fr 5. Dez 02:57:12 CET 2025
27,34.97,3.472182,421.6,550,10.534,34.97,46.953875512565155,11.983875512565155,.342690,Fr 5. Dez 02:57:14 CET 2025
3,34.97,3.472182,421.6,550,10.534,34.97,35.79971770458346,.82971770458346,.023726,Fr 5. Dez 02:57:16 CET 2025
12,34.97,3.472182,421.6,550,10.534,34.97,38.84100641636147,3.87100641636147,.110695,Fr 5. Dez 02:57:20 CET 2025
31,34.19,3.511565,421.6,550,10.534,34.19,48.30594743098487,14.11594743098487,.412867,Fr 5. Dez 02:57:33 CET 2025
15,34.97,3.472182,421.6,550,10.534,34.97,40.09716443510588,5.12716443510588,.146616,Fr 5. Dez 02:57:37 CET 2025
21,34.97,3.472182,421.6,550,10.534,34.97,43.1139000148611,8.1439000148611,.232882,Fr 5. Dez 02:57:37 CET 2025
24,34.97,3.472182,421.6,550,10.534,34.97,44.9249410287091,9.9549410287091,.284670,Fr 5. Dez 02:57:42 CET 2025
31,34.97,3.472182,421.6,550,10.534,34.97,49.94036717149515,14.97036717149515,.428091,Fr 5. Dez 02:57:46 CET 2025
30,34.97,3.472182,421.6,550,10.534,34.97,49.17197306697435,14.20197306697435,.406118,Fr 5. Dez 02:57:47 CET 2025
9,34.97,3.472182,421.6,550,10.534,34.97,37.71943816410425,2.74943816410425,.078622,Fr 5. Dez 02:57:47 CET 2025
0,34.97,3.472182,421.6,550,10.534,34.97,34.97000000000002,.00000000000002,0,Fr 5. Dez 02:57:51 CET 2025
0,32.69,3.734455,455.9,550,10.534,32.69,32.69000000000002,.00000000000002,0,Fr 5. Dez 02:58:02 CET 2025
3,32.69,3.734455,455.9,550,10.534,32.69,33.35627358676717,.66627358676717,.020381,Fr 5. Dez 02:58:02 CET 2025
6,32.69,3.734455,455.9,550,10.534,32.69,34.078616889687055,1.388616889687055,.042478,Fr 5. Dez 02:58:25 CET 2025
12,32.69,3.734455,455.9,550,10.534,32.69,35.72596380096918,3.03596380096918,.092871,Fr 5. Dez 02:58:26 CET 2025
9,32.69,3.734455,455.9,550,10.534,32.69,34.865249835902574,2.175249835902574,.066541,Fr 5. Dez 02:59:06 CET 2025
21,32.69,3.734455,455.9,550,10.534,32.69,38.87832385163323,6.18832385163323,.189303,Fr 5. Dez 03:14:25 CET 2025
15,32.69,3.734455,455.9,550,10.534,32.69,36.67236430540367,3.98236430540367,.121822,Fr 5. Dez 03:14:28 CET 2025
24,32.69,3.734455,455.9,550,10.534,32.69,40.169538128743184,7.479538128743184,.228802,Fr 5. Dez 03:14:35 CET 2025
18,32.69,3.734455,455.9,550,10.534,32.69,37.718023434979514,5.028023434979514,.153809,Fr 5. Dez 03:14:37 CET 2025
27,32.69,3.734455,455.9,550,10.534,32.69,41.60627489148091,8.91627489148091,.272752,Fr 5. Dez 03:14:49 CET 2025
31,32.69,3.734455,455.9,550,10.534,32.69,43.75912887182053,11.06912887182053,.338609,Fr 5. Dez 03:14:53 CET 2025
30,32.69,3.734455,455.9,550,10.534,32.69,43.19604229410232,10.50604229410232,.321383,Fr 5. Dez 03:14:56 CET 2025
6,33.19,3.706219,455.9,550,10.534,33.19,34.62327221158863,1.43327221158863,.043183,Fr 5. Dez 03:15:01 CET 2025
9,33.19,3.706219,455.9,550,10.534,33.19,35.4368898118781,2.2468898118781,.067697,Fr 5. Dez 03:15:08 CET 2025
0,33.19,3.706219,455.9,550,10.534,33.19,33.19000000000002,.00000000000002,0,Fr 5. Dez 03:15:13 CET 2025
15,33.19,3.706219,455.9,550,10.534,33.19,37.31071939345719,4.12071939345719,.124155,Fr 5. Dez 03:15:15 CET 2025
3,33.19,3.706219,455.9,550,10.534,33.19,33.87723363679204,.68723363679204,.020706,Fr 5. Dez 03:15:27 CET 2025
21,33.19,3.706219,455.9,550,10.534,33.19,39.606690730542155,6.416690730542155,.193332,Fr 5. Dez 03:15:29 CET 2025
24,33.19,3.706219,455.9,550,10.534,33.19,40.95423909675093,7.76423909675093,.233933,Fr 5. Dez 03:15:29 CET 2025
12,33.19,3.706219,455.9,550,10.534,33.19,36.328557888882166,3.138557888882166,.094563,Fr 5. Dez 03:15:33 CET 2025
18,33.19,3.706219,455.9,550,10.534,33.19,38.39793920676557,5.20793920676557,.156912,Fr 5. Dez 03:15:45 CET 2025
27,33.19,3.706219,455.9,550,10.534,33.19,42.45559731554708,9.26559731554708,.279168,Fr 5. Dez 03:15:54 CET 2025
30,33.19,3.706219,455.9,550,10.534,33.19,44.11705700554012,10.92705700554012,.329227,Fr 5. Dez 03:16:36 CET 2025
0,33.69,3.678614,455.9,550,10.534,33.69,33.69000000000002,.00000000000002,0,Fr 5. Dez 03:31:46 CET 2025
31,33.19,3.706219,455.9,550,10.534,33.19,44.70499353943254,11.51499353943254,.346941,Fr 5. Dez 03:32:05 CET 2025
12,33.69,3.678614,455.9,550,10.534,33.69,36.93317675716592,3.24317675716592,.096265,Fr 5. Dez 03:32:08 CET 2025
3,33.69,3.678614,455.9,550,10.534,33.69,34.39853130696341,.70853130696341,.021030,Fr 5. Dez 03:32:09 CET 2025
6,33.69,3.678614,455.9,550,10.534,33.69,35.16869733953556,1.47869733953556,.043891,Fr 5. Dez 03:32:15 CET 2025
9,33.69,3.678614,455.9,550,10.534,33.69,36.00984730916062,2.31984730916062,.068858,Fr 5. Dez 03:32:16 CET 2025
27,33.69,3.678614,455.9,550,10.534,33.69,43.31435014815861,9.62435014815861,.285673,Fr 5. Dez 03:32:36 CET 2025
21,33.69,3.678614,455.9,550,10.534,33.69,40.34065970501619,6.65065970501619,.197407,Fr 5. Dez 03:32:38 CET 2025
18,33.69,3.678614,455.9,550,10.534,33.69,39.08196537429002,5.39196537429002,.160046,Fr 5. Dez 03:32:39 CET 2025
24,33.69,3.678614,455.9,550,10.534,33.69,41.74635371185264,8.05635371185264,.239131,Fr 5. Dez 03:32:39 CET 2025
15,33.69,3.678614,455.9,550,10.534,33.69,37.95201169971739,4.26201169971739,.126506,Fr 5. Dez 03:32:39 CET 2025
3,34.19,3.651617,455.9,550,10.534,34.19,34.920167892096025,.730167892096025,.021356,Fr 5. Dez 03:32:46 CET 2025
30,33.69,3.678614,455.9,550,10.534,33.69,45.04936216185647,11.35936216185647,.337173,Fr 5. Dez 03:32:48 CET 2025
31,33.69,3.678614,455.9,550,10.534,33.69,45.662625370959816,11.972625370959816,.355376,Fr 5. Dez 03:33:03 CET 2025
6,34.19,3.651617,455.9,550,10.534,34.19,35.714891376452336,1.524891376452336,.044600,Fr 5. Dez 03:33:12 CET 2025
9,34.19,3.651617,455.9,550,10.534,34.19,36.584130108906784,2.394130108906784,.070024,Fr 5. Dez 03:33:12 CET 2025
0,34.19,3.651617,455.9,550,10.534,34.19,34.19000000000002,.00000000000002,0,Fr 5. Dez 03:33:14 CET 2025
12,34.19,3.651617,455.9,550,10.534,34.19,37.53983775064673,3.34983775064673,.097977,Fr 5. Dez 03:34:02 CET 2025
15,34.19,3.651617,455.9,550,10.534,34.19,38.59627461765906,4.40627461765906,.128876,Fr 5. Dez 03:49:13 CET 2025
21,34.19,3.651617,455.9,550,10.534,34.19,41.08030761390709,6.89030761390709,.201529,Fr 5. Dez 03:49:21 CET 2025
27,34.19,3.651617,455.9,550,10.534,34.19,44.18266473311598,9.99266473311598,.292268,Fr 5. Dez 03:49:27 CET 2025
18,34.19,3.651617,455.9,550,10.534,34.19,39.77015921011052,5.58015921011052,.163210,Fr 5. Dez 03:49:30 CET 2025
24,34.19,3.651617,455.9,550,10.534,34.19,42.546000814325545,8.356000814325545,.244398,Fr 5. Dez 03:49:43 CET 2025
9,34.97,3.610663,455.9,550,10.534,34.97,37.48267972469763,2.51267972469763,.071852,Fr 5. Dez 03:49:50 CET 2025
30,34.19,3.651617,455.9,550,10.534,34.19,45.99300787282215,11.80300787282215,.345218,Fr 5. Dez 03:49:57 CET 2025
12,34.97,3.610663,455.9,550,10.534,34.97,38.49035255954986,3.52035255954986,.100667,Fr 5. Dez 03:50:05 CET 2025
15,34.97,3.610663,455.9,550,10.534,34.97,39.607340872417446,4.637340872417446,.132609,Fr 5. Dez 03:50:20 CET 2025
0,34.97,3.610663,455.9,550,10.534,34.97,34.97000000000002,.00000000000002,0,Fr 5. Dez 03:50:20 CET 2025
6,34.97,3.610663,455.9,550,10.534,34.97,36.5685014207346,1.5985014207346,.045710,Fr 5. Dez 03:50:20 CET 2025
24,34.97,3.610663,455.9,550,10.534,34.97,43.80878179458354,8.83878179458354,.252753,Fr 5. Dez 03:50:22 CET 2025
31,34.19,3.651617,455.9,550,10.534,34.19,46.632002748841614,12.442002748841614,.363907,Fr 5. Dez 03:50:22 CET 2025
3,34.97,3.610663,455.9,550,10.534,34.97,35.734598704651624,.764598704651624,.021864,Fr 5. Dez 03:50:25 CET 2025
18,34.97,3.610663,455.9,550,10.534,34.97,40.852208761486956,5.882208761486956,.168207,Fr 5. Dez 03:50:34 CET 2025
21,34.97,3.610663,455.9,550,10.534,34.97,42.245740924052264,7.275740924052264,.208056,Fr 5. Dez 03:50:36 CET 2025
27,34.97,3.610663,455.9,550,10.534,34.97,45.556623106588276,10.586623106588276,.302734,Fr 5. Dez 03:50:38 CET 2025
30,34.97,3.610663,455.9,550,10.534,34.97,47.487811110345774,12.517811110345774,.357958,Fr 5. Dez 03:51:43 CET 2025
31,34.97,3.610663,455.9,550,10.534,34.97,48.16760702636987,13.19760702636987,.377397,Fr 5. Dez 04:06:30 CET 2025
3,32.69,3.967981,514.7,550,10.534,32.69,33.27746100564386,.58746100564386,.017970,Fr 5. Dez 04:06:39 CET 2025
0,32.69,3.967981,514.7,550,10.534,32.69,32.69000000000002,.00000000000002,0,Fr 5. Dez 04:06:48 CET 2025
12,32.69,3.967981,514.7,550,10.534,32.69,35.32275918840989,2.63275918840989,.080537,Fr 5. Dez 04:07:13 CET 2025
6,32.69,3.967981,514.7,550,10.534,32.69,33.9082264157782,1.2182264157782,.037266,Fr 5. Dez 04:07:15 CET 2025
9,32.69,3.967981,514.7,550,10.534,32.69,34.587836454151635,1.897836454151635,.058055,Fr 5. Dez 04:07:20 CET 2025
21,32.69,3.967981,514.7,550,10.534,32.69,37.94074158820089,5.25074158820089,.160622,Fr 5. Dez 04:07:39 CET 2025
27,32.69,3.967981,514.7,550,10.534,32.69,40.13122119931452,7.44122119931452,.227629,Fr 5. Dez 04:07:39 CET 2025
31,32.69,3.967981,514.7,550,10.534,32.69,41.83932263551702,9.14932263551702,.279881,Fr 5. Dez 04:07:41 CET 2025
18,32.69,3.967981,514.7,550,10.534,32.69,36.98988173595087,4.29988173595087,.131535,Fr 5. Dez 04:07:42 CET 2025
30,32.69,3.967981,514.7,550,10.534,32.69,41.39236423588382,8.70236423588382,.266208,Fr 5. Dez 04:07:45 CET 2025
15,32.69,3.967981,514.7,550,10.534,32.69,36.12053318584917,3.43053318584917,.104941,Fr 5. Dez 04:07:48 CET 2025
24,32.69,3.967981,514.7,550,10.534,32.69,38.98407537065695,6.29407537065695,.192538,Fr 5. Dez 04:07:53 CET 2025
3,33.19,3.937979,514.7,550,10.534,33.19,33.795897490097495,.605897490097495,.018255,Fr 5. Dez 04:07:56 CET 2025
0,33.19,3.937979,514.7,550,10.534,33.19,33.19000000000002,.00000000000002,0,Fr 5. Dez 04:08:05 CET 2025
6,33.19,3.937979,514.7,550,10.534,33.19,34.44720140668031,1.25720140668031,.037878,Fr 5. Dez 04:08:17 CET 2025
9,33.19,3.937979,514.7,550,10.534,33.19,35.149819097451825,1.959819097451825,.059048,Fr 5. Dez 04:08:19 CET 2025
12,33.19,3.937979,514.7,550,10.534,33.19,35.910666608614925,2.720666608614925,.081972,Fr 5. Dez 04:09:20 CET 2025
18,33.19,3.937979,514.7,550,10.534,33.19,37.64063492234073,4.45063492234073,.134095,Fr 5. Dez 04:23:54 CET 2025
15,33.19,3.937979,514.7,550,10.534,33.19,36.737818785030754,3.547818785030754,.106894,Fr 5. Dez 04:24:03 CET 2025
21,33.19,3.937979,514.7,550,10.534,33.19,38.62977680602185,5.43977680602185,.163898,Fr 5. Dez 04:24:15 CET 2025
27,33.19,3.937979,514.7,550,10.534,33.19,40.914227664470445,7.724227664470445,.232727,Fr 5. Dez 04:24:40 CET 2025
18,33.69,3.908648,514.7,550,10.534,33.69,38.29466187775515,4.60466187775515,.136677,Fr 5. Dez 04:25:01 CET 2025
0,33.69,3.908648,514.7,550,10.534,33.69,33.69000000000002,.00000000000002,0,Fr 5. Dez 04:25:02 CET 2025
30,33.19,3.937979,514.7,550,10.534,33.19,42.232003976698216,9.042003976698216,.272431,Fr 5. Dez 04:25:04 CET 2025
24,33.19,3.937979,514.7,550,10.534,33.19,39.71697072587739,6.52697072587739,.196654,Fr 5. Dez 04:25:05 CET 2025
6,33.69,3.908648,514.7,550,10.534,33.69,34.98683499258811,1.29683499258811,.038493,Fr 5. Dez 04:25:06 CET 2025
31,33.19,3.937979,514.7,550,10.534,33.19,42.69920810082054,9.50920810082054,.286508,Fr 5. Dez 04:25:07 CET 2025
9,33.69,3.908648,514.7,550,10.534,33.69,35.712914593789264,2.022914593789264,.060044,Fr 5. Dez 04:25:09 CET 2025
15,33.69,3.908648,514.7,550,10.534,33.69,37.357490998894335,3.667490998894335,.108859,Fr 5. Dez 04:25:10 CET 2025
3,33.69,3.908648,514.7,550,10.534,33.69,34.31462885269675,.62462885269675,.018540,Fr 5. Dez 04:25:22 CET 2025
12,33.69,3.908648,514.7,550,10.534,33.69,36.5002522528832,2.8102522528832,.083415,Fr 5. Dez 04:25:38 CET 2025
21,33.69,3.908648,514.7,550,10.534,33.69,39.323191594231446,5.633191594231446,.167206,Fr 5. Dez 04:25:42 CET 2025
24,33.69,3.908648,514.7,550,10.534,33.69,40.45560650229378,6.76560650229378,.200819,Fr 5. Dez 04:26:00 CET 2025
27,33.69,3.908648,514.7,550,10.534,33.69,41.70458517143242,8.01458517143242,.237892,Fr 5. Dez 04:26:03 CET 2025
30,33.69,3.908648,514.7,550,10.534,33.69,43.08077280723532,9.39077280723532,.278740,Fr 5. Dez 04:26:51 CET 2025
0,34.19,3.879962,514.7,550,10.534,34.19,34.19000000000002,.00000000000002,0,Fr 5. Dez 04:41:06 CET 2025
31,33.69,3.908648,514.7,550,10.534,33.69,43.568830020636106,9.878830020636106,.293227,Fr 5. Dez 04:41:26 CET 2025
3,34.19,3.879962,514.7,550,10.534,34.19,34.833655934048075,.643655934048075,.018825,Fr 5. Dez 04:41:50 CET 2025
6,34.19,3.879962,514.7,550,10.534,34.19,35.52713238541651,1.33713238541651,.039108,Fr 5. Dez 04:42:06 CET 2025
9,34.19,3.879962,514.7,550,10.534,34.19,36.277130465761545,2.087130465761545,.061045,Fr 5. Dez 04:42:15 CET 2025
12,34.19,3.879962,514.7,550,10.534,34.19,37.09153152041434,2.90153152041434,.084864,Fr 5. Dez 04:42:30 CET 2025
30,34.19,3.879962,514.7,550,10.534,34.19,43.9388301860075,9.7488301860075,.285136,Fr 5. Dez 04:42:31 CET 2025
15,34.19,3.879962,514.7,550,10.534,34.19,37.979576880234234,3.789576880234234,.110838,Fr 5. Dez 04:42:32 CET 2025
27,34.19,3.879962,514.7,550,10.534,34.19,42.5024274354118,8.3124274354118,.243124,Fr 5. Dez 04:42:40 CET 2025
24,34.19,3.879962,514.7,550,10.534,34.19,41.20007940015662,7.01007940015662,.205033,Fr 5. Dez 04:42:44 CET 2025
31,34.19,3.879962,514.7,550,10.534,34.19,44.44833714866715,10.25833714866715,.300039,Fr 5. Dez 04:42:53 CET 2025
18,34.19,3.879962,514.7,550,10.534,34.19,38.95200751033283,4.76200751033283,.139280,Fr 5. Dez 04:42:55 CET 2025
0,34.97,3.836447,514.7,550,10.534,34.97,34.97000000000002,.00000000000002,0,Fr 5. Dez 04:42:55 CET 2025
21,34.19,3.879962,514.7,550,10.534,34.19,40.02105570213772,5.83105570213772,.170548,Fr 5. Dez 04:43:06 CET 2025
3,34.97,3.836447,514.7,550,10.534,34.97,35.643929889400596,.673929889400596,.019271,Fr 5. Dez 04:43:22 CET 2025
9,34.97,3.836447,514.7,550,10.534,34.97,37.15955653545767,2.18955653545767,.062612,Fr 5. Dez 04:43:38 CET 2025
6,34.97,3.836447,514.7,550,10.534,34.97,36.371323308728364,1.401323308728364,.040072,Fr 5. Dez 04:43:40 CET 2025
12,34.97,3.836447,514.7,550,10.534,34.97,38.01733573916035,3.04733573916035,.087141,Fr 5. Dez 04:44:38 CET 2025
15,34.97,3.836447,514.7,550,10.534,34.97,38.954902491840464,3.984902491840464,.113952,Fr 5. Dez 04:58:17 CET 2025
18,34.97,3.836447,514.7,550,10.534,34.97,39.98418392886524,5.01418392886524,.143385,Fr 5. Dez 04:58:49 CET 2025
21,34.97,3.836447,514.7,550,10.534,34.97,41.11875452914999,6.14875452914999,.175829,Fr 5. Dez 04:59:11 CET 2025
27,34.97,3.836447,514.7,550,10.534,34.97,43.76226578722762,8.79226578722762,.251423,Fr 5. Dez 04:59:25 CET 2025
24,34.97,3.836447,514.7,550,10.534,34.97,42.373331822117436,7.403331822117436,.211705,Fr 5. Dez 04:59:25 CET 2025
3,32.69,4.188507,573.5,550,10.534,32.69,33.21532348479839,.52532348479839,.016069,Fr 5. Dez 04:59:56 CET 2025
0,32.69,4.188507,573.5,550,10.534,32.69,32.69000000000002,.00000000000002,0,Fr 5. Dez 05:00:03 CET 2025
31,34.97,3.836447,514.7,550,10.534,34.97,45.84031122345258,10.87031122345258,.310846,Fr 5. Dez 05:00:10 CET 2025
30,34.97,3.836447,514.7,550,10.534,34.97,45.296204876820546,10.326204876820546,.295287,Fr 5. Dez 05:00:14 CET 2025
6,32.69,4.188507,573.5,550,10.534,32.69,33.775096968345956,1.085096968345956,.033193,Fr 5. Dez 05:00:24 CET 2025
15,32.69,4.188507,573.5,550,10.534,32.69,35.70319768156659,3.01319768156659,.092174,Fr 5. Dez 05:00:43 CET 2025
18,32.69,4.188507,573.5,550,10.534,32.69,36.44609282226196,3.75609282226196,.114900,Fr 5. Dez 05:00:48 CET 2025
21,32.69,4.188507,573.5,550,10.534,32.69,37.249581651083155,4.559581651083155,.139479,Fr 5. Dez 05:00:50 CET 2025
9,32.69,4.188507,573.5,550,10.534,32.69,34.37322809711252,1.68322809711252,.051490,Fr 5. Dez 05:00:52 CET 2025
12,32.69,4.188507,573.5,550,10.534,32.69,35.01420898151421,2.32420898151421,.071098,Fr 5. Dez 05:00:55 CET 2025
27,32.69,4.188507,573.5,550,10.534,32.69,39.06884223880154,6.37884223880154,.195131,Fr 5. Dez 05:01:14 CET 2025
24,32.69,4.188507,573.5,550,10.534,32.69,38.121156726405324,5.431156726405324,.166141,Fr 5. Dez 05:01:19 CET 2025
30,32.69,4.188507,573.5,550,10.534,32.69,40.10084848895824,7.41084848895824,.226700,Fr 5. Dez 05:02:07 CET 2025
31,32.69,4.188507,573.5,550,10.534,32.69,40.46491508234671,7.77491508234671,.237837,Fr 5. Dez 05:15:39 CET 2025
0,33.19,4.156837,573.5,550,10.534,33.19,33.19000000000002,.00000000000002,0,Fr 5. Dez 05:16:21 CET 2025
6,33.19,4.156837,573.5,550,10.534,33.19,34.30967188480038,1.11967188480038,.033735,Fr 5. Dez 05:16:56 CET 2025
3,33.19,4.156837,573.5,550,10.534,33.19,33.73177852695116,.54177852695116,.016323,Fr 5. Dez 05:17:04 CET 2025
9,33.19,4.156837,573.5,550,10.534,33.19,34.92784625627775,1.73784625627775,.052360,Fr 5. Dez 05:17:04 CET 2025
18,33.19,4.156837,573.5,550,10.534,33.19,37.07573923210509,3.88573923210509,.117075,Fr 5. Dez 05:17:16 CET 2025
15,33.19,4.156837,573.5,550,10.534,33.19,36.304955171627356,3.114955171627356,.093852,Fr 5. Dez 05:17:27 CET 2025
12,33.19,4.156837,573.5,550,10.534,33.19,35.59110007607099,2.40110007607099,.072344,Fr 5. Dez 05:17:47 CET 2025
0,33.69,4.125876,573.5,550,10.534,33.69,33.69000000000002,.00000000000002,0,Fr 5. Dez 05:17:48 CET 2025
21,33.19,4.156837,573.5,550,10.534,33.19,37.91063502819165,4.72063502819165,.142230,Fr 5. Dez 05:17:53 CET 2025
24,33.19,4.156837,573.5,550,10.534,33.19,38.81764557679702,5.62764557679702,.169558,Fr 5. Dez 05:17:58 CET 2025
27,33.19,4.156837,573.5,550,10.534,33.19,39.80538290385009,6.61538290385009,.199318,Fr 5. Dez 05:18:12 CET 2025
30,33.19,4.156837,573.5,550,10.534,33.19,40.88251135623427,7.69251135623427,.231771,Fr 5. Dez 05:18:34 CET 2025
3,33.69,4.125876,573.5,550,10.534,33.69,34.24849538761763,.55849538761763,.016577,Fr 5. Dez 05:18:34 CET 2025
6,33.69,4.125876,573.5,550,10.534,33.69,34.844825014823584,1.154825014823584,.034277,Fr 5. Dez 05:18:35 CET 2025
31,33.19,4.156837,573.5,550,10.534,33.19,41.26279314328826,8.07279314328826,.243229,Fr 5. Dez 05:18:51 CET 2025
9,33.69,4.125876,573.5,550,10.534,33.69,35.483426426337104,1.793426426337104,.053233,Fr 5. Dez 05:18:59 CET 2025
12,33.69,4.125876,573.5,550,10.534,33.69,36.169421244280855,2.479421244280855,.073595,Fr 5. Dez 05:19:24 CET 2025
15,33.69,4.125876,573.5,550,10.534,33.69,36.90871518933349,3.21871518933349,.095539,Fr 5. Dez 05:33:09 CET 2025
18,33.69,4.125876,573.5,550,10.534,33.69,37.70808682213626,4.01808682213626,.119266,Fr 5. Dez 05:33:40 CET 2025
24,33.69,4.125876,573.5,550,10.534,33.69,39.518736730074586,5.828736730074586,.173010,Fr 5. Dez 05:34:19 CET 2025
30,33.69,4.125876,573.5,550,10.534,33.69,41.671476281457,7.981476281457,.236909,Fr 5. Dez 05:34:52 CET 2025
21,33.69,4.125876,573.5,550,10.534,33.69,38.57523586647691,4.88523586647691,.145005,Fr 5. Dez 05:34:52 CET 2025
27,33.69,4.125876,573.5,550,10.534,33.69,40.5477745186415,6.8577745186415,.203555,Fr 5. Dez 05:34:58 CET 2025
3,34.19,4.095596,573.5,550,10.534,34.19,34.76547475930386,.57547475930386,.016831,Fr 5. Dez 05:34:59 CET 2025
31,33.69,4.125876,573.5,550,10.534,33.69,42.068492976834975,8.378492976834975,.248693,Fr 5. Dez 05:35:03 CET 2025
0,34.19,4.095596,573.5,550,10.534,34.19,34.19000000000002,.00000000000002,0,Fr 5. Dez 05:35:22 CET 2025
6,34.19,4.095596,573.5,550,10.534,34.19,35.38055905868265,1.19055905868265,.034821,Fr 5. Dez 05:35:33 CET 2025
12,34.19,4.095596,573.5,550,10.534,34.19,36.7491840399535,2.5591840399535,.074851,Fr 5. Dez 05:35:39 CET 2025
9,34.19,4.095596,573.5,550,10.534,34.19,36.03997460867343,1.84997460867343,.054108,Fr 5. Dez 05:35:39 CET 2025
21,34.19,4.095596,573.5,550,10.534,34.19,39.243450334801565,5.053450334801565,.147804,Fr 5. Dez 05:35:55 CET 2025
24,34.19,4.095596,573.5,550,10.534,34.19,40.2245071763844,6.0345071763844,.176499,Fr 5. Dez 05:36:01 CET 2025
18,34.19,4.095596,573.5,550,10.534,34.19,38.34317160780508,4.15317160780508,.121473,Fr 5. Dez 05:36:05 CET 2025
15,34.19,4.095596,573.5,550,10.534,34.19,37.51449884217731,3.32449884217731,.097236,Fr 5. Dez 05:36:12 CET 2025
27,34.19,4.095596,573.5,550,10.534,34.19,41.29612042204265,7.10612042204265,.207842,Fr 5. Dez 05:36:42 CET 2025
30,34.19,4.095596,573.5,550,10.534,34.19,42.46787778066553,8.27787778066553,.242114,Fr 5. Dez 05:37:02 CET 2025
31,34.19,4.095596,573.5,550,10.534,34.19,42.88215966582467,8.69215966582467,.254231,Fr 5. Dez 05:50:52 CET 2025
0,34.97,4.049663,573.5,550,10.534,34.97,34.97000000000002,.00000000000002,0,Fr 5. Dez 05:51:08 CET 2025
3,34.97,4.049663,573.5,550,10.534,34.97,35.57248726926277,.60248726926277,.017228,Fr 5. Dez 05:52:12 CET 2025
12,34.97,4.049663,573.5,550,10.534,34.97,37.65651642039724,2.68651642039724,.076823,Fr 5. Dez 05:52:16 CET 2025
9,34.97,4.049663,573.5,550,10.534,34.97,36.910133225322035,1.940133225322035,.055479,Fr 5. Dez 05:52:19 CET 2025
15,34.97,4.049663,573.5,550,10.534,34.97,38.46360029296122,3.49360029296122,.099902,Fr 5. Dez 05:52:26 CET 2025
18,34.97,4.049663,573.5,550,10.534,34.97,39.339435911301145,4.369435911301145,.124948,Fr 5. Dez 05:52:34 CET 2025
6,34.97,4.049663,573.5,550,10.534,34.97,36.217467171450494,1.247467171450494,.035672,Fr 5. Dez 05:52:37 CET 2025
21,34.97,4.049663,573.5,550,10.534,34.97,40.29318339194982,5.32318339194982,.152221,Fr 5. Dez 05:52:46 CET 2025
30,34.97,4.049663,573.5,550,10.534,34.97,43.725389275520435,8.755389275520435,.250368,Fr 5. Dez 05:53:07 CET 2025
31,34.97,4.049663,573.5,550,10.534,34.97,44.16767444039888,9.19767444039888,.263016,Fr 5. Dez 05:53:19 CET 2025
27,34.97,4.049663,573.5,550,10.534,34.97,42.475656006790715,7.505656006790715,.214631,Fr 5. Dez 05:53:20 CET 2025
24,34.97,4.049663,573.5,550,10.534,34.97,41.335008954464946,6.365008954464946,.182013,Fr 5. Dez 05:53:22 CET 2025
3,32.69,4.397988,632.3,550,10.534,32.69,33.16507472636055,.47507472636055,.014532,Fr 5. Dez 05:53:35 CET 2025
0,32.69,4.397988,632.3,550,10.534,32.69,32.69000000000002,.00000000000002,0,Fr 5. Dez 05:53:39 CET 2025
6,32.69,4.397988,632.3,550,10.534,32.69,33.66820702364692,.97820702364692,.029923,Fr 5. Dez 05:53:59 CET 2025
9,32.69,4.397988,632.3,550,10.534,32.69,34.202255911453065,1.512255911453065,.046260,Fr 5. Dez 05:54:07 CET 2025
12,32.69,4.397988,632.3,550,10.534,32.69,34.770464340133124,2.080464340133124,.063642,Fr 5. Dez 05:54:34 CET 2025
15,32.69,4.397988,632.3,550,10.534,32.69,35.37651130793563,2.68651130793563,.082181,Fr 5. Dez 06:08:33 CET 2025
18,32.69,4.397988,632.3,550,10.534,32.69,36.02455965192929,3.33455965192929,.102005,Fr 5. Dez 06:08:46 CET 2025
21,32.69,4.397988,632.3,550,10.534,32.69,36.71929928073058,4.02929928073058,.123257,Fr 5. Dez 06:09:26 CET 2025
24,32.69,4.397988,632.3,550,10.534,32.69,37.46596363416803,4.77596363416803,.146098,Fr 5. Dez 06:09:40 CET 2025
30,32.69,4.397988,632.3,550,10.534,32.69,39.138310149511014,6.448310149511014,.197256,Fr 5. Dez 06:09:59 CET 2025
27,32.69,4.397988,632.3,550,10.534,32.69,38.270272176611265,5.580272176611265,.170702,Fr 5. Dez 06:10:00 CET 2025
3,33.19,4.364735,632.3,550,10.534,33.19,33.67993281697078,.48993281697078,.014761,Fr 5. Dez 06:10:12 CET 2025
31,32.69,4.397988,632.3,550,10.534,32.69,39.44288263108556,6.75288263108556,.206573,Fr 5. Dez 06:10:15 CET 2025
0,33.19,4.364735,632.3,550,10.534,33.19,33.19000000000002,.00000000000002,0,Fr 5. Dez 06:10:16 CET 2025
6,33.19,4.364735,632.3,550,10.534,33.19,34.19927445263289,1.00927445263289,.030408,Fr 5. Dez 06:10:34 CET 2025
9,33.19,4.364735,632.3,550,10.534,33.19,34.75107133484238,1.56107133484238,.047034,Fr 5. Dez 06:10:49 CET 2025
12,33.19,4.364735,632.3,550,10.534,33.19,35.338786392018434,2.148786392018434,.064741,Fr 5. Dez 06:10:50 CET 2025
18,33.19,4.364735,632.3,550,10.534,33.19,36.63824214324288,3.44824214324288,.103894,Fr 5. Dez 06:10:59 CET 2025
15,33.19,4.364735,632.3,550,10.534,33.19,35.96635723316656,2.77635723316656,.083650,Fr 5. Dez 06:11:08 CET 2025
21,33.19,4.364735,632.3,550,10.534,33.19,37.35947775700053,4.16947775700053,.125624,Fr 5. Dez 06:11:27 CET 2025
24,33.19,4.364735,632.3,550,10.534,33.19,38.13567022471362,4.94567022471362,.149010,Fr 5. Dez 06:11:32 CET 2025
27,33.19,4.364735,632.3,550,10.534,33.19,38.97296034583696,5.78296034583696,.174238,Fr 5. Dez 06:11:48 CET 2025
30,33.19,4.364735,632.3,550,10.534,33.19,39.87783788281046,6.68783788281046,.201501,Fr 5. Dez 06:11:50 CET 2025
31,33.19,4.364735,632.3,550,10.534,33.19,40.19561077153497,7.00561077153497,.211075,Fr 5. Dez 06:26:16 CET 2025
0,33.69,4.332225,632.3,550,10.534,33.69,33.69000000000002,.00000000000002,0,Fr 5. Dez 06:26:20 CET 2025
3,33.69,4.332225,632.3,550,10.534,33.69,34.1950263529186,.5050263529186,.014990,Fr 5. Dez 06:26:38 CET 2025
6,33.69,4.332225,632.3,550,10.534,33.69,34.730857156049865,1.040857156049865,.030895,Fr 5. Dez 06:27:19 CET 2025
12,33.69,4.332225,632.3,550,10.534,33.69,35.908356612041075,2.218356612041075,.065846,Fr 5. Dez 06:27:29 CET 2025
9,33.69,4.332225,632.3,550,10.534,33.69,35.300735769788574,1.610735769788574,.047810,Fr 5. Dez 06:27:32 CET 2025
15,33.69,4.332225,632.3,550,10.534,33.69,36.5579271530069,2.8679271530069,.085126,Fr 5. Dez 06:27:43 CET 2025
18,33.69,4.332225,632.3,550,10.534,33.69,37.25422410577178,3.56422410577178,.105794,Fr 5. Dez 06:27:49 CET 2025
21,33.69,4.332225,632.3,550,10.534,33.69,38.002639675802705,4.312639675802705,.128009,Fr 5. Dez 06:27:53 CET 2025
24,33.69,4.332225,632.3,550,10.534,33.69,38.80918932574913,5.11918932574913,.151949,Fr 5. Dez 06:28:15 CET 2025
27,33.69,4.332225,632.3,550,10.534,33.69,39.68044543468122,5.99044543468122,.177810,Fr 5. Dez 06:28:22 CET 2025
31,33.69,4.332225,632.3,550,10.534,33.69,40.95471620303194,7.26471620303194,.215634,Fr 5. Dez 06:28:24 CET 2025
30,33.69,4.332225,632.3,550,10.534,33.69,40.62332061324926,6.93332061324926,.205797,Fr 5. Dez 06:28:32 CET 2025
0,34.19,4.300431,632.3,550,10.534,34.19,34.19000000000002,.00000000000002,0,Fr 5. Dez 06:28:32 CET 2025
3,34.19,4.300431,632.3,550,10.534,34.19,34.710355856683655,.520355856683655,.015219,Fr 5. Dez 06:29:07 CET 2025
6,34.19,4.300431,632.3,550,10.534,34.19,35.26295543242478,1.07295543242478,.031382,Fr 5. Dez 06:29:18 CET 2025
12,34.19,4.300431,632.3,550,10.534,34.19,36.47917975993465,2.28917975993465,.066954,Fr 5. Dez 06:29:33 CET 2025
9,34.19,4.300431,632.3,550,10.534,34.19,35.85125077053452,1.66125077053452,.048588,Fr 5. Dez 06:29:42 CET 2025
15,34.19,4.300431,632.3,550,10.534,34.19,37.15123409262591,2.96123409262591,.086611,Fr 5. Dez 06:43:44 CET 2025
18,34.19,4.300431,632.3,550,10.534,34.19,37.87252362114142,3.68252362114142,.107707,Fr 5. Dez 06:43:50 CET 2025
21,34.19,4.300431,632.3,550,10.534,34.19,38.64882213850843,4.45882213850843,.130413,Fr 5. Dez 06:44:28 CET 2025
24,34.19,4.300431,632.3,550,10.534,34.19,39.48657242659617,5.29657242659617,.154915,Fr 5. Dez 06:44:46 CET 2025
30,34.19,4.300431,632.3,550,10.534,34.19,41.374850908812256,7.184850908812256,.210144,Fr 5. Dez 06:44:56 CET 2025
3,34.97,4.252200,632.3,550,10.534,34.97,35.514741556092574,.544741556092574,.015577,Fr 5. Dez 06:45:01 CET 2025
27,34.19,4.300431,632.3,550,10.534,34.19,40.392800021350226,6.202800021350226,.181421,Fr 5. Dez 06:45:08 CET 2025
31,34.19,4.300431,632.3,550,10.534,34.19,41.72030423870247,7.53030423870247,.220248,Fr 5. Dez 06:45:18 CET 2025
0,34.97,4.252200,632.3,550,10.534,34.97,34.97000000000002,.00000000000002,0,Fr 5. Dez 06:45:32 CET 2025
6,34.97,4.252200,632.3,550,10.534,34.97,36.094065335270095,1.124065335270095,.032143,Fr 5. Dez 06:45:42 CET 2025
12,34.97,4.252200,632.3,550,10.534,34.97,37.37218659415922,2.40218659415922,.068692,Fr 5. Dez 06:45:51 CET 2025
9,34.97,4.252200,632.3,550,10.534,34.97,36.7117660176703,1.7417660176703,.049807,Fr 5. Dez 06:45:53 CET 2025
18,34.97,4.252200,632.3,550,10.534,34.97,38.84175766584033,3.87175766584033,.110716,Fr 5. Dez 06:46:17 CET 2025
15,34.97,4.252200,632.3,550,10.534,34.97,38.08029559334444,3.11029559334444,.088941,Fr 5. Dez 06:46:19 CET 2025
21,34.97,4.252200,632.3,550,10.534,34.97,39.662985469950854,4.692985469950854,.134200,Fr 5. Dez 06:46:39 CET 2025
24,34.97,4.252200,632.3,550,10.534,34.97,40.55113206299066,5.58113206299066,.159597,Fr 5. Dez 06:46:47 CET 2025
27,34.97,4.252200,632.3,550,10.534,34.97,41.51397272598695,6.54397272598695,.187131,Fr 5. Dez 06:46:50 CET 2025
30,34.97,4.252200,632.3,550,10.534,34.97,42.55955252797516,7.58955252797516,.217030,Fr 5. Dez 06:47:18 CET 2025
31,34.97,4.252200,632.3,550,10.534,34.97,42.927811107104944,7.957811107104944,.227561,Fr 5. Dez 07:01:26 CET 2025
0,32.69,4.598269,691.2,550,10.534,32.69,32.69000000000002,.00000000000002,0,Fr 5. Dez 07:01:27 CET 2025
3,32.69,4.598269,691.2,550,10.534,32.69,33.12353568282326,.43353568282326,.013262,Fr 5. Dez 07:02:02 CET 2025
6,32.69,4.598269,691.2,550,10.534,32.69,33.580356918287784,.890356918287784,.027236,Fr 5. Dez 07:02:06 CET 2025
12,32.69,4.598269,691.2,550,10.534,32.69,34.57273032127396,1.88273032127396,.057593,Fr 5. Dez 07:02:40 CET 2025
15,32.69,4.598269,691.2,550,10.534,32.69,35.11340838927037,2.42340838927037,.074133,Fr 5. Dez 07:02:42 CET 2025
9,32.69,4.598269,691.2,550,10.534,32.69,34.06261573340386,1.37261573340386,.041988,Fr 5. Dez 07:02:46 CET 2025
18,32.69,4.598269,691.2,550,10.534,32.69,35.68769577535688,2.99769577535688,.091700,Fr 5. Dez 07:02:54 CET 2025
24,32.69,4.598269,691.2,550,10.534,32.69,36.951056834167744,4.261056834167744,.130347,Fr 5. Dez 07:03:04 CET 2025
21,32.69,4.598269,691.2,550,10.534,32.69,36.29898731782553,3.60898731782553,.110400,Fr 5. Dez 07:03:16 CET 2025
27,32.69,4.598269,691.2,550,10.534,32.69,37.6480528751104,4.9580528751104,.151668,Fr 5. Dez 07:03:19 CET 2025
30,32.69,4.598269,691.2,550,10.534,32.69,38.39445315035019,5.70445315035019,.174501,Fr 5. Dez 07:03:32 CET 2025
31,32.69,4.598269,691.2,550,10.534,32.69,38.65504013566762,5.96504013566762,.182472,Fr 5. Dez 07:03:47 CET 2025
0,33.19,4.563501,691.2,550,10.534,33.19,33.19000000000002,.00000000000002,0,Fr 5. Dez 07:03:54 CET 2025
6,33.19,4.563501,691.2,550,10.534,33.19,34.10855844374127,.91855844374127,.027675,Fr 5. Dez 07:03:59 CET 2025
3,33.19,4.563501,691.2,550,10.534,33.19,33.63707747564828,.44707747564828,.013470,Fr 5. Dez 07:04:15 CET 2025
9,33.19,4.563501,691.2,550,10.534,33.19,34.606736528548176,1.416736528548176,.042685,Fr 5. Dez 07:04:33 CET 2025
12,33.19,4.563501,691.2,550,10.534,33.19,35.13419100841689,1.94419100841689,.058577,Fr 5. Dez 07:05:03 CET 2025
15,33.19,4.563501,691.2,550,10.534,33.19,35.69382102004066,2.50382102004066,.075439,Fr 5. Dez 07:19:10 CET 2025
24,33.19,4.563501,691.2,550,10.534,33.19,37.600284358701764,4.410284358701764,.132879,Fr 5. Dez 07:19:15 CET 2025
18,33.19,4.563501,691.2,550,10.534,33.19,36.28888361255494,3.09888361255494,.093367,Fr 5. Dez 07:19:21 CET 2025
21,33.19,4.563501,691.2,550,10.534,33.19,36.92302089012269,3.73302089012269,.112474,Fr 5. Dez 07:19:29 CET 2025
30,33.19,4.563501,691.2,550,10.534,33.19,39.102338187553144,5.912338187553144,.178136,Fr 5. Dez 07:19:54 CET 2025
0,33.69,4.529511,691.2,550,10.534,33.69,33.69000000000002,.00000000000002,0,Fr 5. Dez 07:20:20 CET 2025
31,33.19,4.563501,691.2,550,10.534,33.19,39.37391027307136,6.18391027307136,.186318,Fr 5. Dez 07:20:21 CET 2025
27,33.19,4.563501,691.2,550,10.534,33.19,38.32512473017606,5.13512473017606,.154719,Fr 5. Dez 07:20:22 CET 2025
6,33.69,4.529511,691.2,550,10.534,33.69,34.63722393738467,.94722393738467,.028115,Fr 5. Dez 07:20:42 CET 2025
9,33.69,4.529511,691.2,550,10.534,33.69,35.15161476851004,1.46161476851004,.043384,Fr 5. Dez 07:20:53 CET 2025
12,33.69,4.529511,691.2,550,10.534,33.69,35.696755247229675,2.006755247229675,.059565,Fr 5. Dez 07:21:12 CET 2025
3,33.69,4.529511,691.2,550,10.534,33.69,34.150833046603466,.460833046603466,.013678,Fr 5. Dez 07:21:16 CET 2025
21,33.69,4.529511,691.2,550,10.534,33.69,37.54961272513658,3.85961272513658,.114562,Fr 5. Dez 07:21:25 CET 2025
15,33.69,4.529511,691.2,550,10.534,33.69,36.27574309454121,2.58574309454121,.076751,Fr 5. Dez 07:21:25 CET 2025
24,33.69,4.529511,691.2,550,10.534,33.69,38.25274258619814,4.56274258619814,.135433,Fr 5. Dez 07:21:31 CET 2025
18,33.69,4.529511,691.2,550,10.534,33.69,36.89206006872816,3.20206006872816,.095044,Fr 5. Dez 07:21:32 CET 2025
27,33.69,4.529511,691.2,550,10.534,33.69,39.00622072061165,5.31622072061165,.157798,Fr 5. Dez 07:22:04 CET 2025
30,33.69,4.529511,691.2,550,10.534,33.69,39.815176613828484,6.125176613828484,.181809,Fr 5. Dez 07:22:44 CET 2025
0,34.19,4.496269,691.2,550,10.534,34.19,34.19000000000002,.00000000000002,0,Fr 5. Dez 07:36:43 CET 2025
31,33.69,4.529511,691.2,550,10.534,33.69,40.098075666093365,6.408075666093365,.190207,Fr 5. Dez 07:36:55 CET 2025
3,34.19,4.496269,691.2,550,10.534,34.19,34.66480276066433,.47480276066433,.013887,Fr 5. Dez 07:36:58 CET 2025
6,34.19,4.496269,691.2,550,10.534,34.19,35.16635348216364,.97635348216364,.028556,Fr 5. Dez 07:36:58 CET 2025
9,34.19,4.496269,691.2,550,10.534,34.19,35.69725224454822,1.50725224454822,.044084,Fr 5. Dez 07:37:21 CET 2025
15,34.19,4.496269,691.2,550,10.534,34.19,36.859183075448904,2.669183075448904,.078069,Fr 5. Dez 07:37:55 CET 2025
12,34.19,4.496269,691.2,550,10.534,34.19,36.26042677266089,2.07042677266089,.060556,Fr 5. Dez 07:38:04 CET 2025
18,34.19,4.496269,691.2,550,10.534,34.19,37.49724555072999,3.30724555072999,.096731,Fr 5. Dez 07:38:07 CET 2025
21,34.19,4.496269,691.2,550,10.534,34.19,38.17879235986749,3.98879235986749,.116665,Fr 5. Dez 07:38:22 CET 2025
24,34.19,4.496269,691.2,550,10.534,34.19,38.908474920381664,4.718474920381664,.138007,Fr 5. Dez 07:38:31 CET 2025
30,34.19,4.496269,691.2,550,10.534,34.19,40.53304760840028,6.34304760840028,.185523,Fr 5. Dez 07:38:49 CET 2025
6,34.97,4.445842,691.2,550,10.534,34.97,35.9927301027358,1.0227301027358,.029245,Fr 5. Dez 07:38:50 CET 2025
27,34.19,4.496269,691.2,550,10.534,34.19,39.69140033777583,5.50140033777583,.160906,Fr 5. Dez 07:38:53 CET 2025
31,34.19,4.496269,691.2,550,10.534,34.19,40.8276223262234,6.6376223262234,.194139,Fr 5. Dez 07:38:55 CET 2025
3,34.97,4.445842,691.2,550,10.534,34.97,35.46702357410274,.49702357410274,.014212,Fr 5. Dez 07:39:04 CET 2025
0,34.97,4.445842,691.2,550,10.534,34.97,34.97000000000002,.00000000000002,0,Fr 5. Dez 07:39:26 CET 2025
9,34.97,4.445842,691.2,550,10.534,34.97,36.54997419564393,1.57997419564393,.045180,Fr 5. Dez 07:39:33 CET 2025
12,34.97,4.445842,691.2,550,10.534,34.97,37.141983342149835,2.171983342149835,.062109,Fr 5. Dez 07:40:11 CET 2025
15,34.97,4.445842,691.2,550,10.534,34.97,37.77241273490494,2.80241273490494,.080137,Fr 5. Dez 07:54:06 CET 2025
18,34.97,4.445842,691.2,550,10.534,34.97,38.44538699170576,3.47538699170576,.099381,Fr 5. Dez 07:54:29 CET 2025
21,34.97,4.445842,691.2,550,10.534,34.97,39.165543391797044,4.195543391797044,.119975,Fr 5. Dez 07:54:34 CET 2025
24,34.97,4.445842,691.2,550,10.534,34.97,39.93804884996385,4.96804884996385,.142066,Fr 5. Dez 07:54:37 CET 2025
27,34.97,4.445842,691.2,550,10.534,34.97,40.76857118827672,5.79857118827672,.165815,Fr 5. Dez 07:54:49 CET 2025
31,34.97,4.445842,691.2,550,10.534,34.97,41.97666757902398,7.00666757902398,.200362,Fr 5. Dez 07:55:22 CET 2025
30,34.97,4.445842,691.2,550,10.534,34.97,41.66316302929334,6.69316302929334,.191397,Fr 5. Dez 07:55:37 CET 2025
0,32.69,4.751390,738.0,550,10.534,32.69,32.69000000000002,.00000000000002,0,Fr 5. Dez 07:55:45 CET 2025
3,32.69,4.751390,738.0,550,10.534,32.69,33.09537304823762,.40537304823762,.012400,Fr 5. Dez 07:55:55 CET 2025
6,32.69,4.751390,738.0,550,10.534,32.69,33.521057249959455,.831057249959455,.025422,Fr 5. Dez 07:55:59 CET 2025
12,32.69,4.751390,738.0,550,10.534,32.69,34.44055478135515,1.75055478135515,.053550,Fr 5. Dez 07:56:21 CET 2025
21,32.69,4.751390,738.0,550,10.534,32.69,36.022832932438085,3.332832932438085,.101952,Fr 5. Dez 07:56:29 CET 2025
18,32.69,4.751390,738.0,550,10.534,32.69,35.4650183729037,2.7750183729037,.084888,Fr 5. Dez 07:56:29 CET 2025
15,32.69,4.751390,738.0,550,10.534,32.69,34.9384878193574,2.2484878193574,.068782,Fr 5. Dez 07:56:38 CET 2025
9,32.69,4.751390,738.0,550,10.534,32.69,33.96880151869826,1.27880151869826,.039119,Fr 5. Dez 07:56:49 CET 2025
27,32.69,4.751390,738.0,550,10.534,32.69,37.244497361563816,4.554497361563816,.139323,Fr 5. Dez 07:57:10 CET 2025
24,32.69,4.751390,738.0,550,10.534,32.69,36.6149024863664,3.9249024863664,.120064,Fr 5. Dez 07:57:18 CET 2025
30,32.69,4.751390,738.0,550,10.534,32.69,37.91515055228757,5.22515055228757,.159839,Fr 5. Dez 07:57:41 CET 2025
31,32.69,4.751390,738.0,550,10.534,32.69,38.148472480591536,5.458472480591536,.166976,Fr 5. Dez 08:11:15 CET 2025
0,33.19,4.715465,738.0,550,10.534,33.19,33.19000000000002,.00000000000002,0,Fr 5. Dez 08:11:59 CET 2025
3,33.19,4.715465,738.0,550,10.534,33.19,33.60802413797667,.41802413797667,.012594,Fr 5. Dez 08:12:08 CET 2025
6,33.19,4.715465,738.0,550,10.534,33.19,34.047332926235214,.857332926235214,.025831,Fr 5. Dez 08:12:12 CET 2025
12,33.19,4.715465,738.0,550,10.534,33.19,34.99747188711489,1.80747188711489,.054458,Fr 5. Dez 08:12:43 CET 2025
9,33.19,4.715465,738.0,550,10.534,33.19,34.50979009209348,1.31979009209348,.039764,Fr 5. Dez 08:12:52 CET 2025
15,33.19,4.715465,738.0,550,10.534,33.19,35.512703342441995,2.322703342441995,.069982,Fr 5. Dez 08:12:57 CET 2025
21,33.19,4.715465,738.0,550,10.534,33.19,36.63645185645454,3.44645185645454,.103840,Fr 5. Dez 08:13:24 CET 2025
24,33.19,4.715465,738.0,550,10.534,33.19,37.25103839747922,4.06103839747922,.122357,Fr 5. Dez 08:13:43 CET 2025
18,33.19,4.715465,738.0,550,10.534,33.19,36.05806992269121,2.86806992269121,.086413,Fr 5. Dez 08:13:43 CET 2025
27,33.19,4.715465,738.0,550,10.534,33.19,37.905332569762976,4.715332569762976,.142070,Fr 5. Dez 08:13:44 CET 2025
30,33.19,4.715465,738.0,550,10.534,33.19,38.603132094668034,5.413132094668034,.163095,Fr 5. Dez 08:13:57 CET 2025
0,33.69,4.680342,738.0,550,10.534,33.69,33.69000000000002,.00000000000002,0,Fr 5. Dez 08:14:20 CET 2025
6,33.69,4.680342,738.0,550,10.534,33.69,34.57403886188449,.88403886188449,.026240,Fr 5. Dez 08:14:21 CET 2025
3,33.69,4.680342,738.0,550,10.534,33.69,34.12087481969739,.43087481969739,.012789,Fr 5. Dez 08:14:29 CET 2025
31,33.19,4.715465,738.0,550,10.534,33.19,38.84609121005601,5.65609121005601,.170415,Fr 5. Dez 08:14:35 CET 2025
9,33.69,4.680342,738.0,550,10.534,33.69,35.05147518562424,1.36147518562424,.040411,Fr 5. Dez 08:14:47 CET 2025
12,33.69,4.680342,738.0,550,10.534,33.69,35.555402410954954,1.865402410954954,.055369,Fr 5. Dez 08:15:26 CET 2025
15,33.69,4.680342,738.0,550,10.534,33.69,36.08829319470799,2.39829319470799,.071187,Fr 5. Dez 08:28:27 CET 2025
18,33.69,4.680342,738.0,550,10.534,33.69,36.65292060272589,2.96292060272589,.087946,Fr 5. Dez 08:29:52 CET 2025
21,33.69,4.680342,738.0,550,10.534,33.69,37.252367102558,3.562367102558,.105739,Fr 5. Dez 08:29:56 CET 2025
24,33.69,4.680342,738.0,550,10.534,33.69,37.89005075793691,4.20005075793691,.124667,Fr 5. Dez 08:29:58 CET 2025
27,33.69,4.680342,738.0,550,10.534,33.69,38.56972788974088,4.87972788974088,.144842,Fr 5. Dez 08:30:06 CET 2025
30,33.69,4.680342,738.0,550,10.534,33.69,39.295466441477515,5.605466441477515,.166383,Fr 5. Dez 08:30:15 CET 2025
31,33.69,4.680342,738.0,550,10.534,33.69,39.54835442283899,5.85835442283899,.173890,Fr 5. Dez 08:30:19 CET 2025
0,34.19,4.645993,738.0,550,10.534,34.19,34.19000000000002,.00000000000002,0,Fr 5. Dez 08:30:51 CET 2025
6,34.19,4.645993,738.0,550,10.534,34.19,35.101175357136626,.911175357136626,.026650,Fr 5. Dez 08:31:15 CET 2025
3,34.19,4.645993,738.0,550,10.534,34.19,34.63392470761183,.44392470761183,.012984,Fr 5. Dez 08:31:19 CET 2025
12,34.19,4.645993,738.0,550,10.534,34.19,36.11434288711595,1.92434288711595,.056283,Fr 5. Dez 08:31:21 CET 2025
9,34.19,4.645993,738.0,550,10.534,34.19,35.593861308142564,1.403861308142564,.041060,Fr 5. Dez 08:31:26 CET 2025
24,34.19,4.645993,738.0,550,10.534,34.19,38.53197251521253,4.34197251521253,.126995,Fr 5. Dez 08:31:55 CET 2025
18,34.19,4.645993,738.0,550,10.534,34.19,37.249583268019975,3.059583268019975,.089487,Fr 5. Dez 08:31:57 CET 2025
15,34.19,4.645993,738.0,550,10.534,34.19,36.66526433234436,2.47526433234436,.072397,Fr 5. Dez 08:32:02 CET 2025
27,34.19,4.645993,738.0,550,10.534,34.19,39.237726591582415,5.047726591582415,.147637,Fr 5. Dez 08:32:06 CET 2025
21,34.19,4.645993,738.0,550,10.534,34.19,37.87059907688857,3.68059907688857,.107651,Fr 5. Dez 08:32:39 CET 2025
30,34.19,4.645993,738.0,550,10.534,34.19,39.9922129312919,5.8022129312919,.169704,Fr 5. Dez 08:32:57 CET 2025
31,34.19,4.645993,738.0,550,10.534,34.19,40.25532646450934,6.06532646450934,.177400,Fr 5. Dez 08:46:18 CET 2025
0,34.97,4.593887,738.0,550,10.534,34.97,34.97000000000002,.00000000000002,0,Fr 5. Dez 08:47:09 CET 2025
6,34.97,4.593887,738.0,550,10.534,34.97,35.92437156805976,.95437156805976,.027291,Fr 5. Dez 08:47:19 CET 2025
3,34.97,4.593887,738.0,550,10.534,34.97,35.43468119416587,.46468119416587,.013287,Fr 5. Dez 08:47:34 CET 2025
15,34.97,4.593887,738.0,550,10.534,34.97,37.56812067165912,2.59812067165912,.074295,Fr 5. Dez 08:47:46 CET 2025
9,34.97,4.593887,738.0,550,10.534,34.97,36.441387436633484,1.471387436633484,.042075,Fr 5. Dez 08:47:55 CET 2025
12,34.97,4.593887,738.0,550,10.534,34.97,36.9883309903658,2.0183309903658,.057716,Fr 5. Dez 08:47:59 CET 2025
18,34.97,4.593887,738.0,550,10.534,34.97,38.184031377957524,3.214031377957524,.091908,Fr 5. Dez 08:48:29 CET 2025
27,34.97,4.593887,738.0,550,10.534,34.97,40.287113410213834,5.317113410213834,.152047,Fr 5. Dez 08:48:41 CET 2025
21,34.97,4.593887,738.0,550,10.534,34.97,38.839722709638366,3.869722709638366,.110658,Fr 5. Dez 08:48:43 CET 2025
24,34.97,4.593887,738.0,550,10.534,34.97,39.53926059853652,4.56926059853652,.130662,Fr 5. Dez 08:48:50 CET 2025
30,34.97,4.593887,738.0,550,10.534,34.97,41.08810262761407,6.11810262761407,.174952,Fr 5. Dez 08:49:10 CET 2025
6,32.69,3.591226,421.6,450,10.575,32.69,34.201994851433454,1.511994851433454,.046252,Fr 5. Dez 08:49:12 CET 2025
3,32.69,3.591226,421.6,450,10.575,32.69,33.41284414603679,.72284414603679,.022112,Fr 5. Dez 08:49:16 CET 2025
0,32.69,3.591226,421.6,450,10.575,32.69,32.69000000000002,.00000000000002,0,Fr 5. Dez 08:49:36 CET 2025
9,32.69,3.591226,421.6,450,10.575,32.69,35.068078836812674,2.378078836812674,.072746,Fr 5. Dez 08:49:38 CET 2025
31,34.97,4.593887,738.0,550,10.534,34.97,41.36777783909725,6.39777783909725,.182950,Fr 5. Dez 08:49:44 CET 2025
12,32.69,3.591226,421.6,450,10.575,32.69,36.023923594325,3.333923594325,.101986,Fr 5. Dez 08:50:31 CET 2025
15,32.69,3.591226,421.6,450,10.575,32.69,37.084910867035,4.394910867035,.134442,Fr 5. Dez 09:03:27 CET 2025
18,32.69,3.591226,421.6,450,10.575,32.69,38.26908409628068,5.57908409628068,.170666,Fr 5. Dez 09:04:26 CET 2025
21,32.69,3.591226,421.6,450,10.575,32.69,39.596593280638906,6.906593280638906,.211275,Fr 5. Dez 09:04:42 CET 2025
24,32.69,3.591226,421.6,450,10.575,32.69,41.08740061776442,8.39740061776442,.256879,Fr 5. Dez 09:05:09 CET 2025
30,32.69,3.591226,421.6,450,10.575,32.69,44.59694205045441,11.90694205045441,.364238,Fr 5. Dez 09:05:22 CET 2025
27,32.69,3.591226,421.6,450,10.575,32.69,42.75541683662154,10.06541683662154,.307905,Fr 5. Dez 09:05:26 CET 2025
31,32.69,3.591226,421.6,450,10.575,32.69,45.24415780279165,12.55415780279165,.384036,Fr 5. Dez 09:05:26 CET 2025
0,33.19,3.564073,421.6,450,10.575,33.19,33.19000000000002,.00000000000002,0,Fr 5. Dez 09:05:56 CET 2025
3,33.19,3.564073,421.6,450,10.575,33.19,33.93562312746083,.74562312746083,.022465,Fr 5. Dez 09:05:58 CET 2025
6,33.19,3.564073,421.6,450,10.575,33.19,34.75080141620945,1.56080141620945,.047026,Fr 5. Dez 09:06:15 CET 2025
9,33.19,3.564073,421.6,450,10.575,33.19,35.6468781783736,2.4568781783736,.074024,Fr 5. Dez 09:06:17 CET 2025
15,33.19,3.564073,421.6,450,10.575,33.19,37.73941141853495,4.54941141853495,.137071,Fr 5. Dez 09:06:28 CET 2025
21,33.19,3.564073,421.6,450,10.575,33.19,40.35603057245489,7.16603057245489,.215909,Fr 5. Dez 09:06:30 CET 2025
12,33.19,3.564073,421.6,450,10.575,33.19,36.63758208092976,3.44758208092976,.103874,Fr 5. Dez 09:06:36 CET 2025
24,33.19,3.564073,421.6,450,10.575,33.19,41.913247532322,8.723247532322,.262827,Fr 5. Dez 09:06:44 CET 2025
18,33.19,3.564073,421.6,450,10.575,33.19,38.97172228346876,5.78172228346876,.174200,Fr 5. Dez 09:07:01 CET 2025
27,33.19,3.564073,421.6,450,10.575,33.19,43.656707250926054,10.466707250926054,.315357,Fr 5. Dez 09:07:44 CET 2025
30,33.19,3.564073,421.6,450,10.575,33.19,45.578758013842865,12.388758013842865,.373267,Fr 5. Dez 09:07:57 CET 2025
31,33.19,3.564073,421.6,450,10.575,33.19,46.25256329506157,13.06256329506157,.393569,Fr 5. Dez 09:20:53 CET 2025
0,33.69,3.537527,421.6,450,10.575,33.69,33.69000000000002,.00000000000002,0,Fr 5. Dez 09:21:45 CET 2025
3,33.69,3.537527,421.6,450,10.575,33.69,34.45877111950715,.76877111950715,.022818,Fr 5. Dez 09:21:58 CET 2025
6,33.69,3.537527,421.6,450,10.575,33.69,35.30045602470259,1.61045602470259,.047802,Fr 5. Dez 09:22:48 CET 2025
9,33.69,3.537527,421.6,450,10.575,33.69,36.22715214300188,2.53715214300188,.075308,Fr 5. Dez 09:22:52 CET 2025
12,33.69,3.537527,421.6,450,10.575,33.69,37.25353984074873,3.56353984074873,.105774,Fr 5. Dez 09:22:52 CET 2025
15,33.69,3.537527,421.6,450,10.575,33.69,38.39729102538152,4.70729102538152,.139723,Fr 5. Dez 09:22:57 CET 2025
21,33.69,3.537527,421.6,450,10.575,33.69,41.12205882963995,7.43205882963995,.220601,Fr 5. Dez 09:23:10 CET 2025
30,33.69,3.537527,421.6,450,10.575,33.69,46.57275317540846,12.88275317540846,.382391,Fr 5. Dez 09:23:30 CET 2025
18,33.69,3.537527,421.6,450,10.575,33.69,39.679153962358,5.989153962358,.177772,Fr 5. Dez 09:23:44 CET 2025
24,33.69,3.537527,421.6,450,10.575,33.69,42.747811119120854,9.057811119120854,.268857,Fr 5. Dez 09:23:44 CET 2025
3,34.19,3.511565,421.6,450,10.575,34.19,34.98228918377104,.79228918377104,.023173,Fr 5. Dez 09:24:10 CET 2025
27,33.69,3.537527,421.6,450,10.575,33.69,44.56884272023122,10.87884272023122,.322910,Fr 5. Dez 09:24:11 CET 2025
31,33.69,3.537527,421.6,450,10.575,33.69,47.273235624176394,13.583235624176394,.403183,Fr 5. Dez 09:24:13 CET 2025
0,34.19,3.511565,421.6,450,10.575,34.19,34.19000000000002,.00000000000002,0,Fr 5. Dez 09:24:14 CET 2025
6,34.19,3.511565,421.6,450,10.575,34.19,35.85096248890048,1.66096248890048,.048580,Fr 5. Dez 09:24:38 CET 2025
9,34.19,3.511565,421.6,450,10.575,34.19,36.80890873086133,2.61890873086133,.076598,Fr 5. Dez 09:25:21 CET 2025
12,34.19,3.511565,421.6,450,10.575,34.19,37.87181376873841,3.68181376873841,.107686,Fr 5. Dez 09:25:38 CET 2025
15,34.19,3.511565,421.6,450,10.575,34.19,39.058594832876466,4.868594832876466,.142398,Fr 5. Dez 09:39:18 CET 2025
18,34.19,3.511565,421.6,450,10.575,34.19,40.39145611284741,6.20145611284741,.181382,Fr 5. Dez 09:40:18 CET 2025
21,34.19,3.511565,421.6,450,10.575,34.19,41.89479138108182,7.70479138108182,.225352,Fr 5. Dez 09:40:20 CET 2025
24,34.19,3.511565,421.6,450,10.575,34.19,43.591229039907645,9.401229039907645,.274970,Fr 5. Dez 09:41:03 CET 2025
27,34.19,3.511565,421.6,450,10.575,34.19,45.49190996390992,11.30190996390992,.330561,Fr 5. Dez 09:41:07 CET 2025
30,34.19,3.511565,421.6,450,10.575,34.19,47.57881874048392,13.38881874048392,.391600,Fr 5. Dez 09:41:15 CET 2025
31,34.19,3.511565,421.6,450,10.575,34.19,48.30594743098487,14.11594743098487,.412867,Fr 5. Dez 09:41:32 CET 2025
0,34.97,3.472182,421.6,450,10.575,34.97,34.97000000000002,.00000000000002,0,Fr 5. Dez 09:41:39 CET 2025
6,34.97,3.472182,421.6,450,10.575,34.97,36.711462386563745,1.741462386563745,.049798,Fr 5. Dez 09:41:51 CET 2025
3,34.97,3.472182,421.6,450,10.575,34.97,35.79971770458346,.82971770458346,.023726,Fr 5. Dez 09:41:56 CET 2025
12,34.97,3.472182,421.6,450,10.575,34.97,38.84100641636147,3.87100641636147,.110695,Fr 5. Dez 09:42:18 CET 2025
9,34.97,3.472182,421.6,450,10.575,34.97,37.71943816410425,2.74943816410425,.078622,Fr 5. Dez 09:42:29 CET 2025
21,34.97,3.472182,421.6,450,10.575,34.97,43.1139000148611,8.1439000148611,.232882,Fr 5. Dez 09:42:38 CET 2025
15,34.97,3.472182,421.6,450,10.575,34.97,40.09716443510588,5.12716443510588,.146616,Fr 5. Dez 09:42:43 CET 2025
24,34.97,3.472182,421.6,450,10.575,34.97,44.9249410287091,9.9549410287091,.284670,Fr 5. Dez 09:42:47 CET 2025
18,34.97,3.472182,421.6,450,10.575,34.97,41.51254205750275,6.54254205750275,.187090,Fr 5. Dez 09:42:59 CET 2025
27,34.97,3.472182,421.6,450,10.575,34.97,46.953875512565155,11.983875512565155,.342690,Fr 5. Dez 09:43:48 CET 2025
30,34.97,3.472182,421.6,450,10.575,34.97,49.17197306697435,14.20197306697435,.406118,Fr 5. Dez 09:44:03 CET 2025
30,32.69,3.734455,455.9,450,10.575,32.69,43.19604229410232,10.50604229410232,.321383,Fr 5. Dez 09:47:01 CET 2025
0,33.19,3.706219,455.9,450,10.575,33.19,33.19000000000002,.00000000000002,0,Fr 5. Dez 09:47:01 CET 2025
9,33.19,3.706219,455.9,450,10.575,33.19,35.4368898118781,2.2468898118781,.067697,Fr 5. Dez 09:47:01 CET 2025
27,32.69,3.734455,455.9,450,10.575,32.69,41.60627489148091,8.91627489148091,.272752,Fr 5. Dez 09:47:01 CET 2025
24,32.69,3.734455,455.9,450,10.575,32.69,40.169538128743184,7.479538128743184,.228802,Fr 5. Dez 09:47:01 CET 2025
12,33.19,3.706219,455.9,450,10.575,33.19,36.328557888882166,3.138557888882166,.094563,Fr 5. Dez 09:47:01 CET 2025
18,32.69,3.734455,455.9,450,10.575,32.69,37.718023434979514,5.028023434979514,.153809,Fr 5. Dez 09:47:01 CET 2025
6,33.19,3.706219,455.9,450,10.575,33.19,34.62327221158863,1.43327221158863,.043183,Fr 5. Dez 09:47:01 CET 2025
12,32.69,3.734455,455.9,450,10.575,32.69,35.72596380096918,3.03596380096918,.092871,Fr 5. Dez 09:47:01 CET 2025
31,32.69,3.734455,455.9,450,10.575,32.69,43.75912887182053,11.06912887182053,.338609,Fr 5. Dez 09:47:01 CET 2025
6,32.69,3.734455,455.9,450,10.575,32.69,34.078616889687055,1.388616889687055,.042478,Fr 5. Dez 09:47:01 CET 2025
21,32.69,3.734455,455.9,450,10.575,32.69,38.87832385163323,6.18832385163323,.189303,Fr 5. Dez 09:47:01 CET 2025
0,32.69,3.734455,455.9,450,10.575,32.69,32.69000000000002,.00000000000002,0,Fr 5. Dez 09:47:01 CET 2025
3,33.19,3.706219,455.9,450,10.575,33.19,33.87723363679204,.68723363679204,.020706,Fr 5. Dez 09:47:01 CET 2025
9,32.69,3.734455,455.9,450,10.575,32.69,34.865249835902574,2.175249835902574,.066541,Fr 5. Dez 09:47:01 CET 2025
15,32.69,3.734455,455.9,450,10.575,32.69,36.67236430540367,3.98236430540367,.121822,Fr 5. Dez 09:47:01 CET 2025
3,32.69,3.734455,455.9,450,10.575,32.69,33.35627358676717,.66627358676717,.020381,Fr 5. Dez 09:47:01 CET 2025
31,34.97,3.472182,421.6,450,10.575,34.97,49.94036717149515,14.97036717149515,.428091,Fr 5. Dez 09:47:01 CET 2025
18,33.19,3.706219,455.9,450,10.575,33.19,38.39793920676557,5.20793920676557,.156912,Fr 5. Dez 10:04:31 CET 2025
30,33.19,3.706219,455.9,450,10.575,33.19,44.11705700554012,10.92705700554012,.329227,Fr 5. Dez 10:04:46 CET 2025
24,33.19,3.706219,455.9,450,10.575,33.19,40.95423909675093,7.76423909675093,.233933,Fr 5. Dez 10:04:46 CET 2025
27,33.19,3.706219,455.9,450,10.575,33.19,42.45559731554708,9.26559731554708,.279168,Fr 5. Dez 10:04:57 CET 2025
0,33.69,3.678614,455.9,450,10.575,33.69,33.69000000000002,.00000000000002,0,Fr 5. Dez 10:05:01 CET 2025
12,33.69,3.678614,455.9,450,10.575,33.69,36.93317675716592,3.24317675716592,.096265,Fr 5. Dez 10:05:03 CET 2025
21,33.19,3.706219,455.9,450,10.575,33.19,39.606690730542155,6.416690730542155,.193332,Fr 5. Dez 10:05:04 CET 2025
15,33.69,3.678614,455.9,450,10.575,33.69,37.95201169971739,4.26201169971739,.126506,Fr 5. Dez 10:05:07 CET 2025
24,33.69,3.678614,455.9,450,10.575,33.69,41.74635371185264,8.05635371185264,.239131,Fr 5. Dez 10:05:07 CET 2025
9,33.69,3.678614,455.9,450,10.575,33.69,36.00984730916062,2.31984730916062,.068858,Fr 5. Dez 10:05:08 CET 2025
31,33.19,3.706219,455.9,450,10.575,33.19,44.70499353943254,11.51499353943254,.346941,Fr 5. Dez 10:05:08 CET 2025
6,33.69,3.678614,455.9,450,10.575,33.69,35.16869733953556,1.47869733953556,.043891,Fr 5. Dez 10:05:09 CET 2025
15,33.19,3.706219,455.9,450,10.575,33.19,37.31071939345719,4.12071939345719,.124155,Fr 5. Dez 10:05:10 CET 2025
3,33.69,3.678614,455.9,450,10.575,33.69,34.39853130696341,.70853130696341,.021030,Fr 5. Dez 10:05:12 CET 2025
21,33.69,3.678614,455.9,450,10.575,33.69,40.34065970501619,6.65065970501619,.197407,Fr 5. Dez 10:05:13 CET 2025
18,33.69,3.678614,455.9,450,10.575,33.69,39.08196537429002,5.39196537429002,.160046,Fr 5. Dez 10:05:13 CET 2025
27,33.69,3.678614,455.9,450,10.575,33.69,43.31435014815861,9.62435014815861,.285673,Fr 5. Dez 10:05:17 CET 2025
30,33.69,3.678614,455.9,450,10.575,33.69,45.04936216185647,11.35936216185647,.337173,Fr 5. Dez 10:05:58 CET 2025
24,34.19,3.651617,455.9,450,10.575,34.19,42.546000814325545,8.356000814325545,.244398,Fr 5. Dez 10:22:26 CET 2025
31,33.69,3.678614,455.9,450,10.575,33.69,45.662625370959816,11.972625370959816,.355376,Fr 5. Dez 10:22:29 CET 2025
3,34.19,3.651617,455.9,450,10.575,34.19,34.920167892096025,.730167892096025,.021356,Fr 5. Dez 10:22:29 CET 2025
0,34.19,3.651617,455.9,450,10.575,34.19,34.19000000000002,.00000000000002,0,Fr 5. Dez 10:22:30 CET 2025
6,34.19,3.651617,455.9,450,10.575,34.19,35.714891376452336,1.524891376452336,.044600,Fr 5. Dez 10:22:38 CET 2025
9,34.19,3.651617,455.9,450,10.575,34.19,36.584130108906784,2.394130108906784,.070024,Fr 5. Dez 10:22:49 CET 2025
12,34.19,3.651617,455.9,450,10.575,34.19,37.53983775064673,3.34983775064673,.097977,Fr 5. Dez 10:22:50 CET 2025
9,34.97,3.610663,455.9,450,10.575,34.97,37.48267972469763,2.51267972469763,.071852,Fr 5. Dez 10:23:00 CET 2025
3,34.97,3.610663,455.9,450,10.575,34.97,35.734598704651624,.764598704651624,.021864,Fr 5. Dez 10:23:02 CET 2025
30,34.19,3.651617,455.9,450,10.575,34.19,45.99300787282215,11.80300787282215,.345218,Fr 5. Dez 10:23:03 CET 2025
21,34.19,3.651617,455.9,450,10.575,34.19,41.08030761390709,6.89030761390709,.201529,Fr 5. Dez 10:23:06 CET 2025
6,34.97,3.610663,455.9,450,10.575,34.97,36.5685014207346,1.5985014207346,.045710,Fr 5. Dez 10:23:06 CET 2025
31,34.19,3.651617,455.9,450,10.575,34.19,46.632002748841614,12.442002748841614,.363907,Fr 5. Dez 10:23:10 CET 2025
15,34.19,3.651617,455.9,450,10.575,34.19,38.59627461765906,4.40627461765906,.128876,Fr 5. Dez 10:23:10 CET 2025
27,34.19,3.651617,455.9,450,10.575,34.19,44.18266473311598,9.99266473311598,.292268,Fr 5. Dez 10:23:11 CET 2025
18,34.19,3.651617,455.9,450,10.575,34.19,39.77015921011052,5.58015921011052,.163210,Fr 5. Dez 10:23:11 CET 2025
0,34.97,3.610663,455.9,450,10.575,34.97,34.97000000000002,.00000000000002,0,Fr 5. Dez 10:23:14 CET 2025
12,34.97,3.610663,455.9,450,10.575,34.97,38.49035255954986,3.52035255954986,.100667,Fr 5. Dez 10:23:50 CET 2025
27,34.97,3.610663,455.9,450,10.575,34.97,45.556623106588276,10.586623106588276,.302734,Fr 5. Dez 10:39:51 CET 2025
18,34.97,3.610663,455.9,450,10.575,34.97,40.852208761486956,5.882208761486956,.168207,Fr 5. Dez 10:40:03 CET 2025
21,34.97,3.610663,455.9,450,10.575,34.97,42.245740924052264,7.275740924052264,.208056,Fr 5. Dez 10:40:10 CET 2025
24,34.97,3.610663,455.9,450,10.575,34.97,43.80878179458354,8.83878179458354,.252753,Fr 5. Dez 10:40:24 CET 2025
15,34.97,3.610663,455.9,450,10.575,34.97,39.607340872417446,4.637340872417446,.132609,Fr 5. Dez 10:40:24 CET 2025
31,34.97,3.610663,455.9,450,10.575,34.97,48.16760702636987,13.19760702636987,.377397,Fr 5. Dez 10:40:25 CET 2025
3,32.69,3.967981,514.7,450,10.575,32.69,33.27746100564386,.58746100564386,.017970,Fr 5. Dez 10:40:36 CET 2025
6,32.69,3.967981,514.7,450,10.575,32.69,33.9082264157782,1.2182264157782,.037266,Fr 5. Dez 10:40:44 CET 2025
30,34.97,3.610663,455.9,450,10.575,34.97,47.487811110345774,12.517811110345774,.357958,Fr 5. Dez 10:40:46 CET 2025
24,32.69,3.967981,514.7,450,10.575,32.69,38.98407537065695,6.29407537065695,.192538,Fr 5. Dez 10:40:49 CET 2025
21,32.69,3.967981,514.7,450,10.575,32.69,37.94074158820089,5.25074158820089,.160622,Fr 5. Dez 10:40:49 CET 2025
12,32.69,3.967981,514.7,450,10.575,32.69,35.32275918840989,2.63275918840989,.080537,Fr 5. Dez 10:40:52 CET 2025
0,32.69,3.967981,514.7,450,10.575,32.69,32.69000000000002,.00000000000002,0,Fr 5. Dez 10:40:54 CET 2025
9,32.69,3.967981,514.7,450,10.575,32.69,34.587836454151635,1.897836454151635,.058055,Fr 5. Dez 10:41:00 CET 2025
18,32.69,3.967981,514.7,450,10.575,32.69,36.98988173595087,4.29988173595087,.131535,Fr 5. Dez 10:41:11 CET 2025
15,32.69,3.967981,514.7,450,10.575,32.69,36.12053318584917,3.43053318584917,.104941,Fr 5. Dez 10:41:14 CET 2025
27,32.69,3.967981,514.7,450,10.575,32.69,40.13122119931452,7.44122119931452,.227629,Fr 5. Dez 10:41:15 CET 2025
30,32.69,3.967981,514.7,450,10.575,32.69,41.39236423588382,8.70236423588382,.266208,Fr 5. Dez 10:41:27 CET 2025
31,32.69,3.967981,514.7,450,10.575,32.69,41.83932263551702,9.14932263551702,.279881,Fr 5. Dez 10:57:32 CET 2025
3,33.19,3.937979,514.7,450,10.575,33.19,33.795897490097495,.605897490097495,.018255,Fr 5. Dez 10:57:38 CET 2025
0,33.19,3.937979,514.7,450,10.575,33.19,33.19000000000002,.00000000000002,0,Fr 5. Dez 10:57:48 CET 2025
9,33.19,3.937979,514.7,450,10.575,33.19,35.149819097451825,1.959819097451825,.059048,Fr 5. Dez 10:57:50 CET 2025
6,33.19,3.937979,514.7,450,10.575,33.19,34.44720140668031,1.25720140668031,.037878,Fr 5. Dez 10:57:53 CET 2025
15,33.19,3.937979,514.7,450,10.575,33.19,36.737818785030754,3.547818785030754,.106894,Fr 5. Dez 10:58:06 CET 2025
21,33.19,3.937979,514.7,450,10.575,33.19,38.62977680602185,5.43977680602185,.163898,Fr 5. Dez 10:58:06 CET 2025
12,33.19,3.937979,514.7,450,10.575,33.19,35.910666608614925,2.720666608614925,.081972,Fr 5. Dez 10:58:14 CET 2025
30,33.19,3.937979,514.7,450,10.575,33.19,42.232003976698216,9.042003976698216,.272431,Fr 5. Dez 10:58:15 CET 2025
18,33.19,3.937979,514.7,450,10.575,33.19,37.64063492234073,4.45063492234073,.134095,Fr 5. Dez 10:58:15 CET 2025
0,33.69,3.908648,514.7,450,10.575,33.69,33.69000000000002,.00000000000002,0,Fr 5. Dez 10:58:16 CET 2025
24,33.19,3.937979,514.7,450,10.575,33.19,39.71697072587739,6.52697072587739,.196654,Fr 5. Dez 10:58:24 CET 2025
27,33.19,3.937979,514.7,450,10.575,33.19,40.914227664470445,7.724227664470445,.232727,Fr 5. Dez 10:58:32 CET 2025
3,33.69,3.908648,514.7,450,10.575,33.69,34.31462885269675,.62462885269675,.018540,Fr 5. Dez 10:58:39 CET 2025
12,33.69,3.908648,514.7,450,10.575,33.69,36.5002522528832,2.8102522528832,.083415,Fr 5. Dez 10:58:39 CET 2025
6,33.69,3.908648,514.7,450,10.575,33.69,34.98683499258811,1.29683499258811,.038493,Fr 5. Dez 10:58:44 CET 2025
31,33.19,3.937979,514.7,450,10.575,33.19,42.69920810082054,9.50920810082054,.286508,Fr 5. Dez 10:58:52 CET 2025
9,33.69,3.908648,514.7,450,10.575,33.69,35.712914593789264,2.022914593789264,.060044,Fr 5. Dez 10:58:54 CET 2025
15,33.69,3.908648,514.7,450,10.575,33.69,37.357490998894335,3.667490998894335,.108859,Fr 5. Dez 11:14:55 CET 2025
27,33.69,3.908648,514.7,450,10.575,33.69,41.70458517143242,8.01458517143242,.237892,Fr 5. Dez 11:15:03 CET 2025
18,33.69,3.908648,514.7,450,10.575,33.69,38.29466187775515,4.60466187775515,.136677,Fr 5. Dez 11:15:06 CET 2025
24,33.69,3.908648,514.7,450,10.575,33.69,40.45560650229378,6.76560650229378,.200819,Fr 5. Dez 11:15:12 CET 2025
12,34.19,3.879962,514.7,450,10.575,34.19,37.09153152041434,2.90153152041434,.084864,Fr 5. Dez 11:15:37 CET 2025
21,33.69,3.908648,514.7,450,10.575,33.69,39.323191594231446,5.633191594231446,.167206,Fr 5. Dez 11:15:37 CET 2025
0,34.19,3.879962,514.7,450,10.575,34.19,34.19000000000002,.00000000000002,0,Fr 5. Dez 11:15:47 CET 2025
30,33.69,3.908648,514.7,450,10.575,33.69,43.08077280723532,9.39077280723532,.278740,Fr 5. Dez 11:15:47 CET 2025
6,34.19,3.879962,514.7,450,10.575,34.19,35.52713238541651,1.33713238541651,.039108,Fr 5. Dez 11:15:47 CET 2025
9,34.19,3.879962,514.7,450,10.575,34.19,36.277130465761545,2.087130465761545,.061045,Fr 5. Dez 11:15:48 CET 2025
31,33.69,3.908648,514.7,450,10.575,33.69,43.568830020636106,9.878830020636106,.293227,Fr 5. Dez 11:15:50 CET 2025
3,34.19,3.879962,514.7,450,10.575,34.19,34.833655934048075,.643655934048075,.018825,Fr 5. Dez 11:16:04 CET 2025
15,34.19,3.879962,514.7,450,10.575,34.19,37.979576880234234,3.789576880234234,.110838,Fr 5. Dez 11:16:05 CET 2025
21,34.19,3.879962,514.7,450,10.575,34.19,40.02105570213772,5.83105570213772,.170548,Fr 5. Dez 11:16:14 CET 2025
18,34.19,3.879962,514.7,450,10.575,34.19,38.95200751033283,4.76200751033283,.139280,Fr 5. Dez 11:16:14 CET 2025
24,34.19,3.879962,514.7,450,10.575,34.19,41.20007940015662,7.01007940015662,.205033,Fr 5. Dez 11:16:16 CET 2025
27,34.19,3.879962,514.7,450,10.575,34.19,42.5024274354118,8.3124274354118,.243124,Fr 5. Dez 11:16:25 CET 2025
30,34.19,3.879962,514.7,450,10.575,34.19,43.9388301860075,9.7488301860075,.285136,Fr 5. Dez 11:16:55 CET 2025
0,34.97,3.836447,514.7,450,10.575,34.97,34.97000000000002,.00000000000002,0,Fr 5. Dez 11:32:35 CET 2025
3,34.97,3.836447,514.7,450,10.575,34.97,35.643929889400596,.673929889400596,.019271,Fr 5. Dez 11:32:39 CET 2025
31,34.19,3.879962,514.7,450,10.575,34.19,44.44833714866715,10.25833714866715,.300039,Fr 5. Dez 11:33:02 CET 2025
6,34.97,3.836447,514.7,450,10.575,34.97,36.371323308728364,1.401323308728364,.040072,Fr 5. Dez 11:33:08 CET 2025
9,34.97,3.836447,514.7,450,10.575,34.97,37.15955653545767,2.18955653545767,.062612,Fr 5. Dez 11:33:12 CET 2025
21,34.97,3.836447,514.7,450,10.575,34.97,41.11875452914999,6.14875452914999,.175829,Fr 5. Dez 11:33:19 CET 2025
27,34.97,3.836447,514.7,450,10.575,34.97,43.76226578722762,8.79226578722762,.251423,Fr 5. Dez 11:33:26 CET 2025
12,34.97,3.836447,514.7,450,10.575,34.97,38.01733573916035,3.04733573916035,.087141,Fr 5. Dez 11:33:34 CET 2025
18,34.97,3.836447,514.7,450,10.575,34.97,39.98418392886524,5.01418392886524,.143385,Fr 5. Dez 11:33:35 CET 2025
24,34.97,3.836447,514.7,450,10.575,34.97,42.373331822117436,7.403331822117436,.211705,Fr 5. Dez 11:33:52 CET 2025
15,34.97,3.836447,514.7,450,10.575,34.97,38.954902491840464,3.984902491840464,.113952,Fr 5. Dez 11:33:53 CET 2025
6,32.69,4.188507,573.5,450,10.575,32.69,33.775096968345956,1.085096968345956,.033193,Fr 5. Dez 11:33:58 CET 2025
3,32.69,4.188507,573.5,450,10.575,32.69,33.21532348479839,.52532348479839,.016069,Fr 5. Dez 11:34:02 CET 2025
9,32.69,4.188507,573.5,450,10.575,32.69,34.37322809711252,1.68322809711252,.051490,Fr 5. Dez 11:34:04 CET 2025
0,32.69,4.188507,573.5,450,10.575,32.69,32.69000000000002,.00000000000002,0,Fr 5. Dez 11:34:09 CET 2025
31,34.97,3.836447,514.7,450,10.575,34.97,45.84031122345258,10.87031122345258,.310846,Fr 5. Dez 11:34:12 CET 2025
30,34.97,3.836447,514.7,450,10.575,34.97,45.296204876820546,10.326204876820546,.295287,Fr 5. Dez 11:34:16 CET 2025
12,32.69,4.188507,573.5,450,10.575,32.69,35.01420898151421,2.32420898151421,.071098,Fr 5. Dez 11:34:24 CET 2025
15,32.69,4.188507,573.5,450,10.575,32.69,35.70319768156659,3.01319768156659,.092174,Fr 5. Dez 11:50:30 CET 2025
27,32.69,4.188507,573.5,450,10.575,32.69,39.06884223880154,6.37884223880154,.195131,Fr 5. Dez 11:50:51 CET 2025
18,32.69,4.188507,573.5,450,10.575,32.69,36.44609282226196,3.75609282226196,.114900,Fr 5. Dez 11:50:55 CET 2025
21,32.69,4.188507,573.5,450,10.575,32.69,37.249581651083155,4.559581651083155,.139479,Fr 5. Dez 11:50:58 CET 2025
24,32.69,4.188507,573.5,450,10.575,32.69,38.121156726405324,5.431156726405324,.166141,Fr 5. Dez 11:51:01 CET 2025
30,32.69,4.188507,573.5,450,10.575,32.69,40.10084848895824,7.41084848895824,.226700,Fr 5. Dez 11:51:11 CET 2025
0,33.19,4.156837,573.5,450,10.575,33.19,33.19000000000002,.00000000000002,0,Fr 5. Dez 11:51:15 CET 2025
31,32.69,4.188507,573.5,450,10.575,32.69,40.46491508234671,7.77491508234671,.237837,Fr 5. Dez 11:51:27 CET 2025
6,33.19,4.156837,573.5,450,10.575,33.19,34.30967188480038,1.11967188480038,.033735,Fr 5. Dez 11:51:29 CET 2025
3,33.19,4.156837,573.5,450,10.575,33.19,33.73177852695116,.54177852695116,.016323,Fr 5. Dez 11:51:33 CET 2025
9,33.19,4.156837,573.5,450,10.575,33.19,34.92784625627775,1.73784625627775,.052360,Fr 5. Dez 11:51:43 CET 2025
15,33.19,4.156837,573.5,450,10.575,33.19,36.304955171627356,3.114955171627356,.093852,Fr 5. Dez 11:51:45 CET 2025
12,33.19,4.156837,573.5,450,10.575,33.19,35.59110007607099,2.40110007607099,.072344,Fr 5. Dez 11:51:46 CET 2025
24,33.19,4.156837,573.5,450,10.575,33.19,38.81764557679702,5.62764557679702,.169558,Fr 5. Dez 11:51:51 CET 2025
18,33.19,4.156837,573.5,450,10.575,33.19,37.07573923210509,3.88573923210509,.117075,Fr 5. Dez 11:51:53 CET 2025
30,33.19,4.156837,573.5,450,10.575,33.19,40.88251135623427,7.69251135623427,.231771,Fr 5. Dez 11:52:03 CET 2025
21,33.19,4.156837,573.5,450,10.575,33.19,37.91063502819165,4.72063502819165,.142230,Fr 5. Dez 11:52:13 CET 2025
27,33.19,4.156837,573.5,450,10.575,33.19,39.80538290385009,6.61538290385009,.199318,Fr 5. Dez 11:52:17 CET 2025
31,33.19,4.156837,573.5,450,10.575,33.19,41.26279314328826,8.07279314328826,.243229,Fr 5. Dez 12:07:53 CET 2025
0,33.69,4.125876,573.5,450,10.575,33.69,33.69000000000002,.00000000000002,0,Fr 5. Dez 12:08:19 CET 2025
3,33.69,4.125876,573.5,450,10.575,33.69,34.24849538761763,.55849538761763,.016577,Fr 5. Dez 12:08:23 CET 2025
9,33.69,4.125876,573.5,450,10.575,33.69,35.483426426337104,1.793426426337104,.053233,Fr 5. Dez 12:08:42 CET 2025
6,33.69,4.125876,573.5,450,10.575,33.69,34.844825014823584,1.154825014823584,.034277,Fr 5. Dez 12:08:44 CET 2025
15,33.69,4.125876,573.5,450,10.575,33.69,36.90871518933349,3.21871518933349,.095539,Fr 5. Dez 12:08:44 CET 2025
12,33.69,4.125876,573.5,450,10.575,33.69,36.169421244280855,2.479421244280855,.073595,Fr 5. Dez 12:08:45 CET 2025
3,34.19,4.095596,573.5,450,10.575,34.19,34.76547475930386,.57547475930386,.016831,Fr 5. Dez 12:08:54 CET 2025
21,33.69,4.125876,573.5,450,10.575,33.69,38.57523586647691,4.88523586647691,.145005,Fr 5. Dez 12:09:02 CET 2025
31,33.69,4.125876,573.5,450,10.575,33.69,42.068492976834975,8.378492976834975,.248693,Fr 5. Dez 12:09:07 CET 2025
18,33.69,4.125876,573.5,450,10.575,33.69,37.70808682213626,4.01808682213626,.119266,Fr 5. Dez 12:09:13 CET 2025
24,33.69,4.125876,573.5,450,10.575,33.69,39.518736730074586,5.828736730074586,.173010,Fr 5. Dez 12:09:14 CET 2025
30,33.69,4.125876,573.5,450,10.575,33.69,41.671476281457,7.981476281457,.236909,Fr 5. Dez 12:09:22 CET 2025
12,34.19,4.095596,573.5,450,10.575,34.19,36.7491840399535,2.5591840399535,.074851,Fr 5. Dez 12:09:22 CET 2025
0,34.19,4.095596,573.5,450,10.575,34.19,34.19000000000002,.00000000000002,0,Fr 5. Dez 12:09:28 CET 2025
27,33.69,4.125876,573.5,450,10.575,33.69,40.5477745186415,6.8577745186415,.203555,Fr 5. Dez 12:09:31 CET 2025
6,34.19,4.095596,573.5,450,10.575,34.19,35.38055905868265,1.19055905868265,.034821,Fr 5. Dez 12:09:50 CET 2025
9,34.19,4.095596,573.5,450,10.575,34.19,36.03997460867343,1.84997460867343,.054108,Fr 5. Dez 12:10:11 CET 2025
15,34.19,4.095596,573.5,450,10.575,34.19,37.51449884217731,3.32449884217731,.097236,Fr 5. Dez 12:25:34 CET 2025
30,34.19,4.095596,573.5,450,10.575,34.19,42.46787778066553,8.27787778066553,.242114,Fr 5. Dez 12:26:12 CET 2025
21,34.19,4.095596,573.5,450,10.575,34.19,39.243450334801565,5.053450334801565,.147804,Fr 5. Dez 12:26:26 CET 2025
18,34.19,4.095596,573.5,450,10.575,34.19,38.34317160780508,4.15317160780508,.121473,Fr 5. Dez 12:26:27 CET 2025
0,34.97,4.049663,573.5,450,10.575,34.97,34.97000000000002,.00000000000002,0,Fr 5. Dez 12:26:37 CET 2025
24,34.19,4.095596,573.5,450,10.575,34.19,40.2245071763844,6.0345071763844,.176499,Fr 5. Dez 12:26:39 CET 2025
27,34.19,4.095596,573.5,450,10.575,34.19,41.29612042204265,7.10612042204265,.207842,Fr 5. Dez 12:26:39 CET 2025
9,34.97,4.049663,573.5,450,10.575,34.97,36.910133225322035,1.940133225322035,.055479,Fr 5. Dez 12:26:39 CET 2025
31,34.19,4.095596,573.5,450,10.575,34.19,42.88215966582467,8.69215966582467,.254231,Fr 5. Dez 12:26:42 CET 2025
21,34.97,4.049663,573.5,450,10.575,34.97,40.29318339194982,5.32318339194982,.152221,Fr 5. Dez 12:27:02 CET 2025
6,34.97,4.049663,573.5,450,10.575,34.97,36.217467171450494,1.247467171450494,.035672,Fr 5. Dez 12:27:03 CET 2025
3,34.97,4.049663,573.5,450,10.575,34.97,35.57248726926277,.60248726926277,.017228,Fr 5. Dez 12:27:09 CET 2025
12,34.97,4.049663,573.5,450,10.575,34.97,37.65651642039724,2.68651642039724,.076823,Fr 5. Dez 12:27:14 CET 2025
18,34.97,4.049663,573.5,450,10.575,34.97,39.339435911301145,4.369435911301145,.124948,Fr 5. Dez 12:27:15 CET 2025
15,34.97,4.049663,573.5,450,10.575,34.97,38.46360029296122,3.49360029296122,.099902,Fr 5. Dez 12:27:26 CET 2025
24,34.97,4.049663,573.5,450,10.575,34.97,41.335008954464946,6.365008954464946,.182013,Fr 5. Dez 12:27:28 CET 2025
27,34.97,4.049663,573.5,450,10.575,34.97,42.475656006790715,7.505656006790715,.214631,Fr 5. Dez 12:27:35 CET 2025
30,34.97,4.049663,573.5,450,10.575,34.97,43.725389275520435,8.755389275520435,.250368,Fr 5. Dez 12:28:07 CET 2025
31,34.97,4.049663,573.5,450,10.575,34.97,44.16767444039888,9.19767444039888,.263016,Fr 5. Dez 12:43:26 CET 2025
0,32.69,4.397988,632.3,450,10.575,32.69,32.69000000000002,.00000000000002,0,Fr 5. Dez 12:44:10 CET 2025
6,32.69,4.397988,632.3,450,10.575,32.69,33.66820702364692,.97820702364692,.029923,Fr 5. Dez 12:44:18 CET 2025
18,32.69,4.397988,632.3,450,10.575,32.69,36.02455965192929,3.33455965192929,.102005,Fr 5. Dez 12:44:24 CET 2025
12,32.69,4.397988,632.3,450,10.575,32.69,34.770464340133124,2.080464340133124,.063642,Fr 5. Dez 12:44:28 CET 2025
15,32.69,4.397988,632.3,450,10.575,32.69,35.37651130793563,2.68651130793563,.082181,Fr 5. Dez 12:44:29 CET 2025
3,32.69,4.397988,632.3,450,10.575,32.69,33.16507472636055,.47507472636055,.014532,Fr 5. Dez 12:44:39 CET 2025
9,32.69,4.397988,632.3,450,10.575,32.69,34.202255911453065,1.512255911453065,.046260,Fr 5. Dez 12:44:40 CET 2025
21,32.69,4.397988,632.3,450,10.575,32.69,36.71929928073058,4.02929928073058,.123257,Fr 5. Dez 12:44:43 CET 2025
27,32.69,4.397988,632.3,450,10.575,32.69,38.270272176611265,5.580272176611265,.170702,Fr 5. Dez 12:44:54 CET 2025
30,32.69,4.397988,632.3,450,10.575,32.69,39.138310149511014,6.448310149511014,.197256,Fr 5. Dez 12:44:57 CET 2025
31,32.69,4.397988,632.3,450,10.575,32.69,39.44288263108556,6.75288263108556,.206573,Fr 5. Dez 12:44:59 CET 2025
0,33.19,4.364735,632.3,450,10.575,33.19,33.19000000000002,.00000000000002,0,Fr 5. Dez 12:45:06 CET 2025
24,32.69,4.397988,632.3,450,10.575,32.69,37.46596363416803,4.77596363416803,.146098,Fr 5. Dez 12:45:11 CET 2025
3,33.19,4.364735,632.3,450,10.575,33.19,33.67993281697078,.48993281697078,.014761,Fr 5. Dez 12:45:11 CET 2025
9,33.19,4.364735,632.3,450,10.575,33.19,34.75107133484238,1.56107133484238,.047034,Fr 5. Dez 12:45:39 CET 2025
6,33.19,4.364735,632.3,450,10.575,33.19,34.19927445263289,1.00927445263289,.030408,Fr 5. Dez 12:45:53 CET 2025
12,33.19,4.364735,632.3,450,10.575,33.19,35.338786392018434,2.148786392018434,.064741,Fr 5. Dez 12:45:59 CET 2025
15,33.19,4.364735,632.3,450,10.575,33.19,35.96635723316656,2.77635723316656,.083650,Fr 5. Dez 13:01:18 CET 2025
18,33.19,4.364735,632.3,450,10.575,33.19,36.63824214324288,3.44824214324288,.103894,Fr 5. Dez 13:02:01 CET 2025
30,33.19,4.364735,632.3,450,10.575,33.19,39.87783788281046,6.68783788281046,.201501,Fr 5. Dez 13:02:12 CET 2025
27,33.19,4.364735,632.3,450,10.575,33.19,38.97296034583696,5.78296034583696,.174238,Fr 5. Dez 13:02:21 CET 2025
24,33.19,4.364735,632.3,450,10.575,33.19,38.13567022471362,4.94567022471362,.149010,Fr 5. Dez 13:02:21 CET 2025
21,33.19,4.364735,632.3,450,10.575,33.19,37.35947775700053,4.16947775700053,.125624,Fr 5. Dez 13:02:22 CET 2025
6,33.69,4.332225,632.3,450,10.575,33.69,34.730857156049865,1.040857156049865,.030895,Fr 5. Dez 13:02:34 CET 2025
31,33.19,4.364735,632.3,450,10.575,33.19,40.19561077153497,7.00561077153497,.211075,Fr 5. Dez 13:02:34 CET 2025
0,33.69,4.332225,632.3,450,10.575,33.69,33.69000000000002,.00000000000002,0,Fr 5. Dez 13:02:36 CET 2025
3,33.69,4.332225,632.3,450,10.575,33.69,34.1950263529186,.5050263529186,.014990,Fr 5. Dez 13:02:42 CET 2025
15,33.69,4.332225,632.3,450,10.575,33.69,36.5579271530069,2.8679271530069,.085126,Fr 5. Dez 13:02:49 CET 2025
12,33.69,4.332225,632.3,450,10.575,33.69,35.908356612041075,2.218356612041075,.065846,Fr 5. Dez 13:02:50 CET 2025
9,33.69,4.332225,632.3,450,10.575,33.69,35.300735769788574,1.610735769788574,.047810,Fr 5. Dez 13:03:01 CET 2025
18,33.69,4.332225,632.3,450,10.575,33.69,37.25422410577178,3.56422410577178,.105794,Fr 5. Dez 13:03:02 CET 2025
24,33.69,4.332225,632.3,450,10.575,33.69,38.80918932574913,5.11918932574913,.151949,Fr 5. Dez 13:03:25 CET 2025
21,33.69,4.332225,632.3,450,10.575,33.69,38.002639675802705,4.312639675802705,.128009,Fr 5. Dez 13:03:31 CET 2025
27,33.69,4.332225,632.3,450,10.575,33.69,39.68044543468122,5.99044543468122,.177810,Fr 5. Dez 13:03:49 CET 2025
30,33.69,4.332225,632.3,450,10.575,33.69,40.62332061324926,6.93332061324926,.205797,Fr 5. Dez 13:03:49 CET 2025
31,33.69,4.332225,632.3,450,10.575,33.69,40.95471620303194,7.26471620303194,.215634,Fr 5. Dez 13:19:08 CET 2025
3,34.19,4.300431,632.3,450,10.575,34.19,34.710355856683655,.520355856683655,.015219,Fr 5. Dez 13:19:52 CET 2025
0,34.19,4.300431,632.3,450,10.575,34.19,34.19000000000002,.00000000000002,0,Fr 5. Dez 13:19:56 CET 2025
18,34.19,4.300431,632.3,450,10.575,34.19,37.87252362114142,3.68252362114142,.107707,Fr 5. Dez 13:20:01 CET 2025
9,34.19,4.300431,632.3,450,10.575,34.19,35.85125077053452,1.66125077053452,.048588,Fr 5. Dez 13:20:08 CET 2025
6,34.19,4.300431,632.3,450,10.575,34.19,35.26295543242478,1.07295543242478,.031382,Fr 5. Dez 13:20:13 CET 2025
12,34.19,4.300431,632.3,450,10.575,34.19,36.47917975993465,2.28917975993465,.066954,Fr 5. Dez 13:20:15 CET 2025
24,34.19,4.300431,632.3,450,10.575,34.19,39.48657242659617,5.29657242659617,.154915,Fr 5. Dez 13:20:19 CET 2025
21,34.19,4.300431,632.3,450,10.575,34.19,38.64882213850843,4.45882213850843,.130413,Fr 5. Dez 13:20:27 CET 2025
27,34.19,4.300431,632.3,450,10.575,34.19,40.392800021350226,6.202800021350226,.181421,Fr 5. Dez 13:20:30 CET 2025
15,34.19,4.300431,632.3,450,10.575,34.19,37.15123409262591,2.96123409262591,.086611,Fr 5. Dez 13:20:37 CET 2025
0,34.97,4.252200,632.3,450,10.575,34.97,34.97000000000002,.00000000000002,0,Fr 5. Dez 13:20:52 CET 2025
30,34.19,4.300431,632.3,450,10.575,34.19,41.374850908812256,7.184850908812256,.210144,Fr 5. Dez 13:21:00 CET 2025
31,34.19,4.300431,632.3,450,10.575,34.19,41.72030423870247,7.53030423870247,.220248,Fr 5. Dez 13:21:03 CET 2025
3,34.97,4.252200,632.3,450,10.575,34.97,35.514741556092574,.544741556092574,.015577,Fr 5. Dez 13:21:05 CET 2025
6,34.97,4.252200,632.3,450,10.575,34.97,36.094065335270095,1.124065335270095,.032143,Fr 5. Dez 13:21:31 CET 2025
9,34.97,4.252200,632.3,450,10.575,34.97,36.7117660176703,1.7417660176703,.049807,Fr 5. Dez 13:21:44 CET 2025
12,34.97,4.252200,632.3,450,10.575,34.97,37.37218659415922,2.40218659415922,.068692,Fr 5. Dez 13:21:54 CET 2025
15,34.97,4.252200,632.3,450,10.575,34.97,38.08029559334444,3.11029559334444,.088941,Fr 5. Dez 13:37:09 CET 2025
24,34.97,4.252200,632.3,450,10.575,34.97,40.55113206299066,5.58113206299066,.159597,Fr 5. Dez 13:37:25 CET 2025
18,34.97,4.252200,632.3,450,10.575,34.97,38.84175766584033,3.87175766584033,.110716,Fr 5. Dez 13:37:41 CET 2025
21,34.97,4.252200,632.3,450,10.575,34.97,39.662985469950854,4.692985469950854,.134200,Fr 5. Dez 13:37:44 CET 2025
27,34.97,4.252200,632.3,450,10.575,34.97,41.51397272598695,6.54397272598695,.187131,Fr 5. Dez 13:37:55 CET 2025
31,34.97,4.252200,632.3,450,10.575,34.97,42.927811107104944,7.957811107104944,.227561,Fr 5. Dez 13:38:05 CET 2025
3,32.69,4.598269,691.2,450,10.575,32.69,33.12353568282326,.43353568282326,.013262,Fr 5. Dez 13:38:10 CET 2025
9,32.69,4.598269,691.2,450,10.575,32.69,34.06261573340386,1.37261573340386,.041988,Fr 5. Dez 13:38:15 CET 2025
6,32.69,4.598269,691.2,450,10.575,32.69,33.580356918287784,.890356918287784,.027236,Fr 5. Dez 13:38:19 CET 2025
0,32.69,4.598269,691.2,450,10.575,32.69,32.69000000000002,.00000000000002,0,Fr 5. Dez 13:38:20 CET 2025
30,34.97,4.252200,632.3,450,10.575,34.97,42.55955252797516,7.58955252797516,.217030,Fr 5. Dez 13:38:35 CET 2025
12,32.69,4.598269,691.2,450,10.575,32.69,34.57273032127396,1.88273032127396,.057593,Fr 5. Dez 13:38:46 CET 2025
15,32.69,4.598269,691.2,450,10.575,32.69,35.11340838927037,2.42340838927037,.074133,Fr 5. Dez 13:38:52 CET 2025
21,32.69,4.598269,691.2,450,10.575,32.69,36.29898731782553,3.60898731782553,.110400,Fr 5. Dez 13:39:00 CET 2025
18,32.69,4.598269,691.2,450,10.575,32.69,35.68769577535688,2.99769577535688,.091700,Fr 5. Dez 13:39:02 CET 2025
24,32.69,4.598269,691.2,450,10.575,32.69,36.951056834167744,4.261056834167744,.130347,Fr 5. Dez 13:39:24 CET 2025
27,32.69,4.598269,691.2,450,10.575,32.69,37.6480528751104,4.9580528751104,.151668,Fr 5. Dez 13:39:31 CET 2025
30,32.69,4.598269,691.2,450,10.575,32.69,38.39445315035019,5.70445315035019,.174501,Fr 5. Dez 13:39:46 CET 2025
31,32.69,4.598269,691.2,450,10.575,32.69,38.65504013566762,5.96504013566762,.182472,Fr 5. Dez 13:54:57 CET 2025
0,33.19,4.563501,691.2,450,10.575,33.19,33.19000000000002,.00000000000002,0,Fr 5. Dez 13:55:36 CET 2025
9,33.19,4.563501,691.2,450,10.575,33.19,34.606736528548176,1.416736528548176,.042685,Fr 5. Dez 13:55:36 CET 2025
3,33.19,4.563501,691.2,450,10.575,33.19,33.63707747564828,.44707747564828,.013470,Fr 5. Dez 13:55:43 CET 2025
12,33.19,4.563501,691.2,450,10.575,33.19,35.13419100841689,1.94419100841689,.058577,Fr 5. Dez 13:55:47 CET 2025
6,33.19,4.563501,691.2,450,10.575,33.19,34.10855844374127,.91855844374127,.027675,Fr 5. Dez 13:55:55 CET 2025
18,33.19,4.563501,691.2,450,10.575,33.19,36.28888361255494,3.09888361255494,.093367,Fr 5. Dez 13:55:56 CET 2025
15,33.19,4.563501,691.2,450,10.575,33.19,35.69382102004066,2.50382102004066,.075439,Fr 5. Dez 13:55:56 CET 2025
27,33.19,4.563501,691.2,450,10.575,33.19,38.32512473017606,5.13512473017606,.154719,Fr 5. Dez 13:56:13 CET 2025
21,33.19,4.563501,691.2,450,10.575,33.19,36.92302089012269,3.73302089012269,.112474,Fr 5. Dez 13:56:19 CET 2025
24,33.19,4.563501,691.2,450,10.575,33.19,37.600284358701764,4.410284358701764,.132879,Fr 5. Dez 13:56:40 CET 2025
30,33.19,4.563501,691.2,450,10.575,33.19,39.102338187553144,5.912338187553144,.178136,Fr 5. Dez 13:56:49 CET 2025
0,33.69,4.529511,691.2,450,10.575,33.69,33.69000000000002,.00000000000002,0,Fr 5. Dez 13:56:55 CET 2025
31,33.19,4.563501,691.2,450,10.575,33.19,39.37391027307136,6.18391027307136,.186318,Fr 5. Dez 13:57:03 CET 2025
3,33.69,4.529511,691.2,450,10.575,33.69,34.150833046603466,.460833046603466,.013678,Fr 5. Dez 13:57:05 CET 2025
9,33.69,4.529511,691.2,450,10.575,33.69,35.15161476851004,1.46161476851004,.043384,Fr 5. Dez 13:57:15 CET 2025
6,33.69,4.529511,691.2,450,10.575,33.69,34.63722393738467,.94722393738467,.028115,Fr 5. Dez 13:57:17 CET 2025
12,33.69,4.529511,691.2,450,10.575,33.69,35.696755247229675,2.006755247229675,.059565,Fr 5. Dez 13:58:01 CET 2025
15,33.69,4.529511,691.2,450,10.575,33.69,36.27574309454121,2.58574309454121,.076751,Fr 5. Dez 14:12:40 CET 2025
18,33.69,4.529511,691.2,450,10.575,33.69,36.89206006872816,3.20206006872816,.095044,Fr 5. Dez 14:13:25 CET 2025
21,33.69,4.529511,691.2,450,10.575,33.69,37.54961272513658,3.85961272513658,.114562,Fr 5. Dez 14:13:31 CET 2025
30,33.69,4.529511,691.2,450,10.575,33.69,39.815176613828484,6.125176613828484,.181809,Fr 5. Dez 14:13:38 CET 2025
27,33.69,4.529511,691.2,450,10.575,33.69,39.00622072061165,5.31622072061165,.157798,Fr 5. Dez 14:13:41 CET 2025
24,33.69,4.529511,691.2,450,10.575,33.69,38.25274258619814,4.56274258619814,.135433,Fr 5. Dez 14:13:46 CET 2025
0,34.19,4.496269,691.2,450,10.575,34.19,34.19000000000002,.00000000000002,0,Fr 5. Dez 14:14:15 CET 2025
9,34.19,4.496269,691.2,450,10.575,34.19,35.69725224454822,1.50725224454822,.044084,Fr 5. Dez 14:14:15 CET 2025
31,33.69,4.529511,691.2,450,10.575,33.69,40.098075666093365,6.408075666093365,.190207,Fr 5. Dez 14:14:16 CET 2025
3,34.19,4.496269,691.2,450,10.575,34.19,34.66480276066433,.47480276066433,.013887,Fr 5. Dez 14:14:23 CET 2025
6,34.19,4.496269,691.2,450,10.575,34.19,35.16635348216364,.97635348216364,.028556,Fr 5. Dez 14:14:27 CET 2025
12,34.19,4.496269,691.2,450,10.575,34.19,36.26042677266089,2.07042677266089,.060556,Fr 5. Dez 14:14:37 CET 2025
18,34.19,4.496269,691.2,450,10.575,34.19,37.49724555072999,3.30724555072999,.096731,Fr 5. Dez 14:14:41 CET 2025
15,34.19,4.496269,691.2,450,10.575,34.19,36.859183075448904,2.669183075448904,.078069,Fr 5. Dez 14:14:50 CET 2025
24,34.19,4.496269,691.2,450,10.575,34.19,38.908474920381664,4.718474920381664,.138007,Fr 5. Dez 14:14:57 CET 2025
21,34.19,4.496269,691.2,450,10.575,34.19,38.17879235986749,3.98879235986749,.116665,Fr 5. Dez 14:15:03 CET 2025
27,34.19,4.496269,691.2,450,10.575,34.19,39.69140033777583,5.50140033777583,.160906,Fr 5. Dez 14:15:06 CET 2025
30,34.19,4.496269,691.2,450,10.575,34.19,40.53304760840028,6.34304760840028,.185523,Fr 5. Dez 14:16:02 CET 2025
31,34.19,4.496269,691.2,450,10.575,34.19,40.8276223262234,6.6376223262234,.194139,Fr 5. Dez 14:30:24 CET 2025
0,34.97,4.445842,691.2,450,10.575,34.97,34.97000000000002,.00000000000002,0,Fr 5. Dez 14:30:44 CET 2025
3,34.97,4.445842,691.2,450,10.575,34.97,35.46702357410274,.49702357410274,.014212,Fr 5. Dez 14:31:06 CET 2025
6,34.97,4.445842,691.2,450,10.575,34.97,35.9927301027358,1.0227301027358,.029245,Fr 5. Dez 14:31:14 CET 2025
9,34.97,4.445842,691.2,450,10.575,34.97,36.54997419564393,1.57997419564393,.045180,Fr 5. Dez 14:31:22 CET 2025
12,34.97,4.445842,691.2,450,10.575,34.97,37.141983342149835,2.171983342149835,.062109,Fr 5. Dez 14:31:29 CET 2025
21,34.97,4.445842,691.2,450,10.575,34.97,39.165543391797044,4.195543391797044,.119975,Fr 5. Dez 14:31:32 CET 2025
15,34.97,4.445842,691.2,450,10.575,34.97,37.77241273490494,2.80241273490494,.080137,Fr 5. Dez 14:31:50 CET 2025
18,34.97,4.445842,691.2,450,10.575,34.97,38.44538699170576,3.47538699170576,.099381,Fr 5. Dez 14:31:50 CET 2025
30,34.97,4.445842,691.2,450,10.575,34.97,41.66316302929334,6.69316302929334,.191397,Fr 5. Dez 14:31:59 CET 2025
24,34.97,4.445842,691.2,450,10.575,34.97,39.93804884996385,4.96804884996385,.142066,Fr 5. Dez 14:32:00 CET 2025
31,34.97,4.445842,691.2,450,10.575,34.97,41.97666757902398,7.00666757902398,.200362,Fr 5. Dez 14:32:15 CET 2025
27,34.97,4.445842,691.2,450,10.575,34.97,40.76857118827672,5.79857118827672,.165815,Fr 5. Dez 14:32:21 CET 2025
3,32.69,4.751390,738.0,450,10.575,32.69,33.09537304823762,.40537304823762,.012400,Fr 5. Dez 14:32:30 CET 2025
9,32.69,4.751390,738.0,450,10.575,32.69,33.96880151869826,1.27880151869826,.039119,Fr 5. Dez 14:32:39 CET 2025
0,32.69,4.751390,738.0,450,10.575,32.69,32.69000000000002,.00000000000002,0,Fr 5. Dez 14:32:50 CET 2025
6,32.69,4.751390,738.0,450,10.575,32.69,33.521057249959455,.831057249959455,.025422,Fr 5. Dez 14:33:02 CET 2025
12,32.69,4.751390,738.0,450,10.575,32.69,34.44055478135515,1.75055478135515,.053550,Fr 5. Dez 14:33:30 CET 2025
15,32.69,4.751390,738.0,450,10.575,32.69,34.9384878193574,2.2484878193574,.068782,Fr 5. Dez 14:48:03 CET 2025
27,32.69,4.751390,738.0,450,10.575,32.69,37.244497361563816,4.554497361563816,.139323,Fr 5. Dez 14:48:25 CET 2025
18,32.69,4.751390,738.0,450,10.575,32.69,35.4650183729037,2.7750183729037,.084888,Fr 5. Dez 14:48:27 CET 2025
21,32.69,4.751390,738.0,450,10.575,32.69,36.022832932438085,3.332832932438085,.101952,Fr 5. Dez 14:48:42 CET 2025
24,32.69,4.751390,738.0,450,10.575,32.69,36.6149024863664,3.9249024863664,.120064,Fr 5. Dez 14:48:51 CET 2025
30,32.69,4.751390,738.0,450,10.575,32.69,37.91515055228757,5.22515055228757,.159839,Fr 5. Dez 14:49:17 CET 2025
9,33.19,4.715465,738.0,450,10.575,33.19,34.50979009209348,1.31979009209348,.039764,Fr 5. Dez 14:49:25 CET 2025
31,32.69,4.751390,738.0,450,10.575,32.69,38.148472480591536,5.458472480591536,.166976,Fr 5. Dez 14:49:28 CET 2025
0,33.19,4.715465,738.0,450,10.575,33.19,33.19000000000002,.00000000000002,0,Fr 5. Dez 14:49:31 CET 2025
3,33.19,4.715465,738.0,450,10.575,33.19,33.60802413797667,.41802413797667,.012594,Fr 5. Dez 14:49:33 CET 2025
6,33.19,4.715465,738.0,450,10.575,33.19,34.047332926235214,.857332926235214,.025831,Fr 5. Dez 14:49:40 CET 2025
12,33.19,4.715465,738.0,450,10.575,33.19,34.99747188711489,1.80747188711489,.054458,Fr 5. Dez 14:49:42 CET 2025
15,33.19,4.715465,738.0,450,10.575,33.19,35.512703342441995,2.322703342441995,.069982,Fr 5. Dez 14:49:54 CET 2025
21,33.19,4.715465,738.0,450,10.575,33.19,36.63645185645454,3.44645185645454,.103840,Fr 5. Dez 14:50:07 CET 2025
18,33.19,4.715465,738.0,450,10.575,33.19,36.05806992269121,2.86806992269121,.086413,Fr 5. Dez 14:50:23 CET 2025
27,33.19,4.715465,738.0,450,10.575,33.19,37.905332569762976,4.715332569762976,.142070,Fr 5. Dez 14:50:28 CET 2025
24,33.19,4.715465,738.0,450,10.575,33.19,37.25103839747922,4.06103839747922,.122357,Fr 5. Dez 14:50:30 CET 2025
30,33.19,4.715465,738.0,450,10.575,33.19,38.603132094668034,5.413132094668034,.163095,Fr 5. Dez 14:51:28 CET 2025
31,33.19,4.715465,738.0,450,10.575,33.19,38.84609121005601,5.65609121005601,.170415,Fr 5. Dez 15:05:51 CET 2025
3,33.69,4.680342,738.0,450,10.575,33.69,34.12087481969739,.43087481969739,.012789,Fr 5. Dez 15:06:14 CET 2025
0,33.69,4.680342,738.0,450,10.575,33.69,33.69000000000002,.00000000000002,0,Fr 5. Dez 15:06:31 CET 2025
9,33.69,4.680342,738.0,450,10.575,33.69,35.05147518562424,1.36147518562424,.040411,Fr 5. Dez 15:06:32 CET 2025
15,33.69,4.680342,738.0,450,10.575,33.69,36.08829319470799,2.39829319470799,.071187,Fr 5. Dez 15:06:57 CET 2025
12,33.69,4.680342,738.0,450,10.575,33.69,35.555402410954954,1.865402410954954,.055369,Fr 5. Dez 15:07:05 CET 2025
6,33.69,4.680342,738.0,450,10.575,33.69,34.57403886188449,.88403886188449,.026240,Fr 5. Dez 15:07:08 CET 2025
27,33.69,4.680342,738.0,450,10.575,33.69,38.56972788974088,4.87972788974088,.144842,Fr 5. Dez 15:07:11 CET 2025
18,33.69,4.680342,738.0,450,10.575,33.69,36.65292060272589,2.96292060272589,.087946,Fr 5. Dez 15:07:34 CET 2025
24,33.69,4.680342,738.0,450,10.575,33.69,37.89005075793691,4.20005075793691,.124667,Fr 5. Dez 15:07:36 CET 2025
30,33.69,4.680342,738.0,450,10.575,33.69,39.295466441477515,5.605466441477515,.166383,Fr 5. Dez 15:07:39 CET 2025
21,33.69,4.680342,738.0,450,10.575,33.69,37.252367102558,3.562367102558,.105739,Fr 5. Dez 15:07:55 CET 2025
31,33.69,4.680342,738.0,450,10.575,33.69,39.54835442283899,5.85835442283899,.173890,Fr 5. Dez 15:08:06 CET 2025
3,34.19,4.645993,738.0,450,10.575,34.19,34.63392470761183,.44392470761183,.012984,Fr 5. Dez 15:08:12 CET 2025
0,34.19,4.645993,738.0,450,10.575,34.19,34.19000000000002,.00000000000002,0,Fr 5. Dez 15:08:15 CET 2025
9,34.19,4.645993,738.0,450,10.575,34.19,35.593861308142564,1.403861308142564,.041060,Fr 5. Dez 15:08:15 CET 2025
6,34.19,4.645993,738.0,450,10.575,34.19,35.101175357136626,.911175357136626,.026650,Fr 5. Dez 15:08:19 CET 2025
12,34.19,4.645993,738.0,450,10.575,34.19,36.11434288711595,1.92434288711595,.056283,Fr 5. Dez 15:09:22 CET 2025
15,34.19,4.645993,738.0,450,10.575,34.19,36.66526433234436,2.47526433234436,.072397,Fr 5. Dez 15:23:54 CET 2025
18,34.19,4.645993,738.0,450,10.575,34.19,37.249583268019975,3.059583268019975,.089487,Fr 5. Dez 15:24:14 CET 2025
21,34.19,4.645993,738.0,450,10.575,34.19,37.87059907688857,3.68059907688857,.107651,Fr 5. Dez 15:24:28 CET 2025
27,34.19,4.645993,738.0,450,10.575,34.19,39.237726591582415,5.047726591582415,.147637,Fr 5. Dez 15:24:32 CET 2025
24,34.19,4.645993,738.0,450,10.575,34.19,38.53197251521253,4.34197251521253,.126995,Fr 5. Dez 15:24:34 CET 2025
0,34.97,4.593887,738.0,450,10.575,34.97,34.97000000000002,.00000000000002,0,Fr 5. Dez 15:24:49 CET 2025
30,34.19,4.645993,738.0,450,10.575,34.19,39.9922129312919,5.8022129312919,.169704,Fr 5. Dez 15:25:09 CET 2025
31,34.19,4.645993,738.0,450,10.575,34.19,40.25532646450934,6.06532646450934,.177400,Fr 5. Dez 15:25:11 CET 2025
3,34.97,4.593887,738.0,450,10.575,34.97,35.43468119416587,.46468119416587,.013287,Fr 5. Dez 15:25:31 CET 2025
6,34.97,4.593887,738.0,450,10.575,34.97,35.92437156805976,.95437156805976,.027291,Fr 5. Dez 15:25:34 CET 2025
12,34.97,4.593887,738.0,450,10.575,34.97,36.9883309903658,2.0183309903658,.057716,Fr 5. Dez 15:25:48 CET 2025
9,34.97,4.593887,738.0,450,10.575,34.97,36.441387436633484,1.471387436633484,.042075,Fr 5. Dez 15:25:48 CET 2025
15,34.97,4.593887,738.0,450,10.575,34.97,37.56812067165912,2.59812067165912,.074295,Fr 5. Dez 15:25:52 CET 2025
18,34.97,4.593887,738.0,450,10.575,34.97,38.184031377957524,3.214031377957524,.091908,Fr 5. Dez 15:25:55 CET 2025
27,34.97,4.593887,738.0,450,10.575,34.97,40.287113410213834,5.317113410213834,.152047,Fr 5. Dez 15:25:58 CET 2025
21,34.97,4.593887,738.0,450,10.575,34.97,38.839722709638366,3.869722709638366,.110658,Fr 5. Dez 15:26:03 CET 2025
24,34.97,4.593887,738.0,450,10.575,34.97,39.53926059853652,4.56926059853652,.130662,Fr 5. Dez 15:26:47 CET 2025
30,34.97,4.593887,738.0,450,10.575,34.97,41.08810262761407,6.11810262761407,.174952,Fr 5. Dez 15:27:20 CET 2025
31,34.97,4.593887,738.0,450,10.575,34.97,41.36777783909725,6.39777783909725,.182950,Fr 5. Dez 15:41:35 CET 2025
9,32.69,3.591226,421.6,500,10.575,32.69,35.068078836812674,2.378078836812674,.072746,Fr 5. Dez 15:41:54 CET 2025
0,32.69,3.591226,421.6,500,10.575,32.69,32.69000000000002,.00000000000002,0,Fr 5. Dez 15:42:01 CET 2025
3,32.69,3.591226,421.6,500,10.575,32.69,33.41284414603679,.72284414603679,.022112,Fr 5. Dez 15:42:22 CET 2025
6,32.69,3.591226,421.6,500,10.575,32.69,34.201994851433454,1.511994851433454,.046252,Fr 5. Dez 15:42:29 CET 2025
15,32.69,3.591226,421.6,500,10.575,32.69,37.084910867035,4.394910867035,.134442,Fr 5. Dez 15:42:46 CET 2025
12,32.69,3.591226,421.6,500,10.575,32.69,36.023923594325,3.333923594325,.101986,Fr 5. Dez 15:42:46 CET 2025
18,32.69,3.591226,421.6,500,10.575,32.69,38.26908409628068,5.57908409628068,.170666,Fr 5. Dez 15:43:01 CET 2025
21,32.69,3.591226,421.6,500,10.575,32.69,39.596593280638906,6.906593280638906,.211275,Fr 5. Dez 15:43:07 CET 2025
3,33.19,3.564073,421.6,500,10.575,33.19,33.93562312746083,.74562312746083,.022465,Fr 5. Dez 15:43:18 CET 2025
24,32.69,3.591226,421.6,500,10.575,32.69,41.08740061776442,8.39740061776442,.256879,Fr 5. Dez 15:43:23 CET 2025
27,32.69,3.591226,421.6,500,10.575,32.69,42.75541683662154,10.06541683662154,.307905,Fr 5. Dez 15:43:32 CET 2025
30,32.69,3.591226,421.6,500,10.575,32.69,44.59694205045441,11.90694205045441,.364238,Fr 5. Dez 15:43:41 CET 2025
31,32.69,3.591226,421.6,500,10.575,32.69,45.24415780279165,12.55415780279165,.384036,Fr 5. Dez 15:43:48 CET 2025
6,33.19,3.564073,421.6,500,10.575,33.19,34.75080141620945,1.56080141620945,.047026,Fr 5. Dez 15:43:53 CET 2025
0,33.19,3.564073,421.6,500,10.575,33.19,33.19000000000002,.00000000000002,0,Fr 5. Dez 15:43:54 CET 2025
9,33.19,3.564073,421.6,500,10.575,33.19,35.6468781783736,2.4568781783736,.074024,Fr 5. Dez 15:44:41 CET 2025
12,33.19,3.564073,421.6,500,10.575,33.19,36.63758208092976,3.44758208092976,.103874,Fr 5. Dez 15:44:45 CET 2025
15,33.19,3.564073,421.6,500,10.575,33.19,37.73941141853495,4.54941141853495,.137071,Fr 5. Dez 15:59:23 CET 2025
18,33.19,3.564073,421.6,500,10.575,33.19,38.97172228346876,5.78172228346876,.174200,Fr 5. Dez 15:59:35 CET 2025
21,33.19,3.564073,421.6,500,10.575,33.19,40.35603057245489,7.16603057245489,.215909,Fr 5. Dez 15:59:55 CET 2025
24,33.19,3.564073,421.6,500,10.575,33.19,41.913247532322,8.723247532322,.262827,Fr 5. Dez 16:00:13 CET 2025
27,33.19,3.564073,421.6,500,10.575,33.19,43.656707250926054,10.466707250926054,.315357,Fr 5. Dez 16:00:15 CET 2025
30,33.19,3.564073,421.6,500,10.575,33.19,45.578758013842865,12.388758013842865,.373267,Fr 5. Dez 16:00:18 CET 2025
0,33.69,3.537527,421.6,500,10.575,33.69,33.69000000000002,.00000000000002,0,Fr 5. Dez 16:00:42 CET 2025
6,33.69,3.537527,421.6,500,10.575,33.69,35.30045602470259,1.61045602470259,.047802,Fr 5. Dez 16:00:49 CET 2025
3,33.69,3.537527,421.6,500,10.575,33.69,34.45877111950715,.76877111950715,.022818,Fr 5. Dez 16:00:53 CET 2025
9,33.69,3.537527,421.6,500,10.575,33.69,36.22715214300188,2.53715214300188,.075308,Fr 5. Dez 16:00:56 CET 2025
31,33.19,3.564073,421.6,500,10.575,33.19,46.25256329506157,13.06256329506157,.393569,Fr 5. Dez 16:01:01 CET 2025
12,33.69,3.537527,421.6,500,10.575,33.69,37.25353984074873,3.56353984074873,.105774,Fr 5. Dez 16:01:08 CET 2025
15,33.69,3.537527,421.6,500,10.575,33.69,38.39729102538152,4.70729102538152,.139723,Fr 5. Dez 16:01:23 CET 2025
24,33.69,3.537527,421.6,500,10.575,33.69,42.747811119120854,9.057811119120854,.268857,Fr 5. Dez 16:01:40 CET 2025
18,33.69,3.537527,421.6,500,10.575,33.69,39.679153962358,5.989153962358,.177772,Fr 5. Dez 16:01:43 CET 2025
21,33.69,3.537527,421.6,500,10.575,33.69,41.12205882963995,7.43205882963995,.220601,Fr 5. Dez 16:01:50 CET 2025
30,33.69,3.537527,421.6,500,10.575,33.69,46.57275317540846,12.88275317540846,.382391,Fr 5. Dez 16:02:42 CET 2025
27,33.69,3.537527,421.6,500,10.575,33.69,44.56884272023122,10.87884272023122,.322910,Fr 5. Dez 16:02:47 CET 2025
31,33.69,3.537527,421.6,500,10.575,33.69,47.273235624176394,13.583235624176394,.403183,Fr 5. Dez 16:17:42 CET 2025
0,34.19,3.511565,421.6,500,10.575,34.19,34.19000000000002,.00000000000002,0,Fr 5. Dez 16:17:45 CET 2025
3,34.19,3.511565,421.6,500,10.575,34.19,34.98228918377104,.79228918377104,.023173,Fr 5. Dez 16:17:50 CET 2025
9,34.19,3.511565,421.6,500,10.575,34.19,36.80890873086133,2.61890873086133,.076598,Fr 5. Dez 16:17:58 CET 2025
12,34.19,3.511565,421.6,500,10.575,34.19,37.87181376873841,3.68181376873841,.107686,Fr 5. Dez 16:18:15 CET 2025
6,34.19,3.511565,421.6,500,10.575,34.19,35.85096248890048,1.66096248890048,.048580,Fr 5. Dez 16:18:23 CET 2025
15,34.19,3.511565,421.6,500,10.575,34.19,39.058594832876466,4.868594832876466,.142398,Fr 5. Dez 16:18:41 CET 2025
27,34.19,3.511565,421.6,500,10.575,34.19,45.49190996390992,11.30190996390992,.330561,Fr 5. Dez 16:18:43 CET 2025
30,34.19,3.511565,421.6,500,10.575,34.19,47.57881874048392,13.38881874048392,.391600,Fr 5. Dez 16:18:43 CET 2025
18,34.19,3.511565,421.6,500,10.575,34.19,40.39145611284741,6.20145611284741,.181382,Fr 5. Dez 16:18:45 CET 2025
24,34.19,3.511565,421.6,500,10.575,34.19,43.591229039907645,9.401229039907645,.274970,Fr 5. Dez 16:18:45 CET 2025
21,34.19,3.511565,421.6,500,10.575,34.19,41.89479138108182,7.70479138108182,.225352,Fr 5. Dez 16:18:50 CET 2025
31,34.19,3.511565,421.6,500,10.575,34.19,48.30594743098487,14.11594743098487,.412867,Fr 5. Dez 16:19:12 CET 2025
0,34.97,3.472182,421.6,500,10.575,34.97,34.97000000000002,.00000000000002,0,Fr 5. Dez 16:19:44 CET 2025
3,34.97,3.472182,421.6,500,10.575,34.97,35.79971770458346,.82971770458346,.023726,Fr 5. Dez 16:19:51 CET 2025
6,34.97,3.472182,421.6,500,10.575,34.97,36.711462386563745,1.741462386563745,.049798,Fr 5. Dez 16:19:58 CET 2025
9,34.97,3.472182,421.6,500,10.575,34.97,37.71943816410425,2.74943816410425,.078622,Fr 5. Dez 16:20:41 CET 2025
12,34.97,3.472182,421.6,500,10.575,34.97,38.84100641636147,3.87100641636147,.110695,Fr 5. Dez 16:20:53 CET 2025
15,34.97,3.472182,421.6,500,10.575,34.97,40.09716443510588,5.12716443510588,.146616,Fr 5. Dez 16:35:26 CET 2025
18,34.97,3.472182,421.6,500,10.575,34.97,41.51254205750275,6.54254205750275,.187090,Fr 5. Dez 16:35:35 CET 2025
24,34.97,3.472182,421.6,500,10.575,34.97,44.9249410287091,9.9549410287091,.284670,Fr 5. Dez 16:35:41 CET 2025
21,34.97,3.472182,421.6,500,10.575,34.97,43.1139000148611,8.1439000148611,.232882,Fr 5. Dez 16:35:43 CET 2025
27,34.97,3.472182,421.6,500,10.575,34.97,46.953875512565155,11.983875512565155,.342690,Fr 5. Dez 16:36:02 CET 2025
9,32.69,3.734455,455.9,500,10.575,32.69,34.865249835902574,2.175249835902574,.066541,Fr 5. Dez 16:36:16 CET 2025
30,34.97,3.472182,421.6,500,10.575,34.97,49.17197306697435,14.20197306697435,.406118,Fr 5. Dez 16:36:19 CET 2025
3,32.69,3.734455,455.9,500,10.575,32.69,33.35627358676717,.66627358676717,.020381,Fr 5. Dez 16:36:29 CET 2025
31,34.97,3.472182,421.6,500,10.575,34.97,49.94036717149515,14.97036717149515,.428091,Fr 5. Dez 16:36:30 CET 2025
15,32.69,3.734455,455.9,500,10.575,32.69,36.67236430540367,3.98236430540367,.121822,Fr 5. Dez 16:36:45 CET 2025
0,32.69,3.734455,455.9,500,10.575,32.69,32.69000000000002,.00000000000002,0,Fr 5. Dez 16:36:47 CET 2025
6,32.69,3.734455,455.9,500,10.575,32.69,34.078616889687055,1.388616889687055,.042478,Fr 5. Dez 16:36:52 CET 2025
12,32.69,3.734455,455.9,500,10.575,32.69,35.72596380096918,3.03596380096918,.092871,Fr 5. Dez 16:37:11 CET 2025
21,32.69,3.734455,455.9,500,10.575,32.69,38.87832385163323,6.18832385163323,.189303,Fr 5. Dez 16:37:41 CET 2025
24,32.69,3.734455,455.9,500,10.575,32.69,40.169538128743184,7.479538128743184,.228802,Fr 5. Dez 16:37:54 CET 2025
18,32.69,3.734455,455.9,500,10.575,32.69,37.718023434979514,5.028023434979514,.153809,Fr 5. Dez 16:38:04 CET 2025
30,32.69,3.734455,455.9,500,10.575,32.69,43.19604229410232,10.50604229410232,.321383,Fr 5. Dez 16:39:00 CET 2025
27,32.69,3.734455,455.9,500,10.575,32.69,41.60627489148091,8.91627489148091,.272752,Fr 5. Dez 16:39:03 CET 2025
31,32.69,3.734455,455.9,500,10.575,32.69,43.75912887182053,11.06912887182053,.338609,Fr 5. Dez 16:53:08 CET 2025
6,33.19,3.706219,455.9,500,10.575,33.19,34.62327221158863,1.43327221158863,.043183,Fr 5. Dez 16:53:35 CET 2025
0,33.19,3.706219,455.9,500,10.575,33.19,33.19000000000002,.00000000000002,0,Fr 5. Dez 16:53:50 CET 2025
3,33.19,3.706219,455.9,500,10.575,33.19,33.87723363679204,.68723363679204,.020706,Fr 5. Dez 16:53:55 CET 2025
9,33.19,3.706219,455.9,500,10.575,33.19,35.4368898118781,2.2468898118781,.067697,Fr 5. Dez 16:53:58 CET 2025
12,33.19,3.706219,455.9,500,10.575,33.19,36.328557888882166,3.138557888882166,.094563,Fr 5. Dez 16:54:16 CET 2025
21,33.19,3.706219,455.9,500,10.575,33.19,39.606690730542155,6.416690730542155,.193332,Fr 5. Dez 16:54:29 CET 2025
18,33.19,3.706219,455.9,500,10.575,33.19,38.39793920676557,5.20793920676557,.156912,Fr 5. Dez 16:54:31 CET 2025
27,33.19,3.706219,455.9,500,10.575,33.19,42.45559731554708,9.26559731554708,.279168,Fr 5. Dez 16:54:45 CET 2025
15,33.19,3.706219,455.9,500,10.575,33.19,37.31071939345719,4.12071939345719,.124155,Fr 5. Dez 16:54:47 CET 2025
30,33.19,3.706219,455.9,500,10.575,33.19,44.11705700554012,10.92705700554012,.329227,Fr 5. Dez 16:54:48 CET 2025
24,33.19,3.706219,455.9,500,10.575,33.19,40.95423909675093,7.76423909675093,.233933,Fr 5. Dez 16:54:53 CET 2025
31,33.19,3.706219,455.9,500,10.575,33.19,44.70499353943254,11.51499353943254,.346941,Fr 5. Dez 16:55:12 CET 2025
0,33.69,3.678614,455.9,500,10.575,33.69,33.69000000000002,.00000000000002,0,Fr 5. Dez 16:55:33 CET 2025
3,33.69,3.678614,455.9,500,10.575,33.69,34.39853130696341,.70853130696341,.021030,Fr 5. Dez 16:55:42 CET 2025
6,33.69,3.678614,455.9,500,10.575,33.69,35.16869733953556,1.47869733953556,.043891,Fr 5. Dez 16:55:52 CET 2025
9,33.69,3.678614,455.9,500,10.575,33.69,36.00984730916062,2.31984730916062,.068858,Fr 5. Dez 16:57:01 CET 2025
12,33.69,3.678614,455.9,500,10.575,33.69,36.93317675716592,3.24317675716592,.096265,Fr 5. Dez 16:57:08 CET 2025
15,33.69,3.678614,455.9,500,10.575,33.69,37.95201169971739,4.26201169971739,.126506,Fr 5. Dez 17:11:22 CET 2025
18,33.69,3.678614,455.9,500,10.575,33.69,39.08196537429002,5.39196537429002,.160046,Fr 5. Dez 17:12:05 CET 2025
27,33.69,3.678614,455.9,500,10.575,33.69,43.31435014815861,9.62435014815861,.285673,Fr 5. Dez 17:12:06 CET 2025
21,33.69,3.678614,455.9,500,10.575,33.69,40.34065970501619,6.65065970501619,.197407,Fr 5. Dez 17:12:09 CET 2025
24,33.69,3.678614,455.9,500,10.575,33.69,41.74635371185264,8.05635371185264,.239131,Fr 5. Dez 17:12:14 CET 2025
30,33.69,3.678614,455.9,500,10.575,33.69,45.04936216185647,11.35936216185647,.337173,Fr 5. Dez 17:12:31 CET 2025
3,34.19,3.651617,455.9,500,10.575,34.19,34.920167892096025,.730167892096025,.021356,Fr 5. Dez 17:12:41 CET 2025
31,33.69,3.678614,455.9,500,10.575,33.69,45.662625370959816,11.972625370959816,.355376,Fr 5. Dez 17:12:46 CET 2025
0,34.19,3.651617,455.9,500,10.575,34.19,34.19000000000002,.00000000000002,0,Fr 5. Dez 17:13:09 CET 2025
12,34.19,3.651617,455.9,500,10.575,34.19,37.53983775064673,3.34983775064673,.097977,Fr 5. Dez 17:13:10 CET 2025
6,34.19,3.651617,455.9,500,10.575,34.19,35.714891376452336,1.524891376452336,.044600,Fr 5. Dez 17:13:19 CET 2025
15,34.19,3.651617,455.9,500,10.575,34.19,38.59627461765906,4.40627461765906,.128876,Fr 5. Dez 17:13:23 CET 2025
9,34.19,3.651617,455.9,500,10.575,34.19,36.584130108906784,2.394130108906784,.070024,Fr 5. Dez 17:13:29 CET 2025
18,34.19,3.651617,455.9,500,10.575,34.19,39.77015921011052,5.58015921011052,.163210,Fr 5. Dez 17:13:34 CET 2025
21,34.19,3.651617,455.9,500,10.575,34.19,41.08030761390709,6.89030761390709,.201529,Fr 5. Dez 17:13:52 CET 2025
24,34.19,3.651617,455.9,500,10.575,34.19,42.546000814325545,8.356000814325545,.244398,Fr 5. Dez 17:14:11 CET 2025
30,34.19,3.651617,455.9,500,10.575,34.19,45.99300787282215,11.80300787282215,.345218,Fr 5. Dez 17:15:20 CET 2025
27,34.19,3.651617,455.9,500,10.575,34.19,44.18266473311598,9.99266473311598,.292268,Fr 5. Dez 17:15:28 CET 2025
31,34.19,3.651617,455.9,500,10.575,34.19,46.632002748841614,12.442002748841614,.363907,Fr 5. Dez 17:29:23 CET 2025
0,34.97,3.610663,455.9,500,10.575,34.97,34.97000000000002,.00000000000002,0,Fr 5. Dez 17:29:55 CET 2025
9,34.97,3.610663,455.9,500,10.575,34.97,37.48267972469763,2.51267972469763,.071852,Fr 5. Dez 17:30:09 CET 2025
6,34.97,3.610663,455.9,500,10.575,34.97,36.5685014207346,1.5985014207346,.045710,Fr 5. Dez 17:30:14 CET 2025
3,34.97,3.610663,455.9,500,10.575,34.97,35.734598704651624,.764598704651624,.021864,Fr 5. Dez 17:30:40 CET 2025
15,34.97,3.610663,455.9,500,10.575,34.97,39.607340872417446,4.637340872417446,.132609,Fr 5. Dez 17:30:49 CET 2025
24,34.97,3.610663,455.9,500,10.575,34.97,43.80878179458354,8.83878179458354,.252753,Fr 5. Dez 17:30:53 CET 2025
12,34.97,3.610663,455.9,500,10.575,34.97,38.49035255954986,3.52035255954986,.100667,Fr 5. Dez 17:30:55 CET 2025
18,34.97,3.610663,455.9,500,10.575,34.97,40.852208761486956,5.882208761486956,.168207,Fr 5. Dez 17:30:59 CET 2025
21,34.97,3.610663,455.9,500,10.575,34.97,42.245740924052264,7.275740924052264,.208056,Fr 5. Dez 17:31:00 CET 2025
31,34.97,3.610663,455.9,500,10.575,34.97,48.16760702636987,13.19760702636987,.377397,Fr 5. Dez 17:31:12 CET 2025
27,34.97,3.610663,455.9,500,10.575,34.97,45.556623106588276,10.586623106588276,.302734,Fr 5. Dez 17:31:24 CET 2025
30,34.97,3.610663,455.9,500,10.575,34.97,47.487811110345774,12.517811110345774,.357958,Fr 5. Dez 17:31:24 CET 2025
0,32.69,3.967981,514.7,500,10.575,32.69,32.69000000000002,.00000000000002,0,Fr 5. Dez 17:31:28 CET 2025
3,32.69,3.967981,514.7,500,10.575,32.69,33.27746100564386,.58746100564386,.017970,Fr 5. Dez 17:31:54 CET 2025
6,32.69,3.967981,514.7,500,10.575,32.69,33.9082264157782,1.2182264157782,.037266,Fr 5. Dez 17:32:20 CET 2025
9,32.69,3.967981,514.7,500,10.575,32.69,34.587836454151635,1.897836454151635,.058055,Fr 5. Dez 17:33:00 CET 2025
12,32.69,3.967981,514.7,500,10.575,32.69,35.32275918840989,2.63275918840989,.080537,Fr 5. Dez 17:33:36 CET 2025
15,32.69,3.967981,514.7,500,10.575,32.69,36.12053318584917,3.43053318584917,.104941,Fr 5. Dez 17:47:00 CET 2025
21,32.69,3.967981,514.7,500,10.575,32.69,37.94074158820089,5.25074158820089,.160622,Fr 5. Dez 17:47:53 CET 2025
18,32.69,3.967981,514.7,500,10.575,32.69,36.98988173595087,4.29988173595087,.131535,Fr 5. Dez 17:48:01 CET 2025
27,32.69,3.967981,514.7,500,10.575,32.69,40.13122119931452,7.44122119931452,.227629,Fr 5. Dez 17:48:08 CET 2025
24,32.69,3.967981,514.7,500,10.575,32.69,38.98407537065695,6.29407537065695,.192538,Fr 5. Dez 17:48:08 CET 2025
3,33.19,3.937979,514.7,500,10.575,33.19,33.795897490097495,.605897490097495,.018255,Fr 5. Dez 17:48:16 CET 2025
31,32.69,3.967981,514.7,500,10.575,32.69,41.83932263551702,9.14932263551702,.279881,Fr 5. Dez 17:48:24 CET 2025
6,33.19,3.937979,514.7,500,10.575,33.19,34.44720140668031,1.25720140668031,.037878,Fr 5. Dez 17:48:37 CET 2025
30,32.69,3.967981,514.7,500,10.575,32.69,41.39236423588382,8.70236423588382,.266208,Fr 5. Dez 17:48:39 CET 2025
0,33.19,3.937979,514.7,500,10.575,33.19,33.19000000000002,.00000000000002,0,Fr 5. Dez 17:48:47 CET 2025
18,33.19,3.937979,514.7,500,10.575,33.19,37.64063492234073,4.45063492234073,.134095,Fr 5. Dez 17:48:58 CET 2025
9,33.19,3.937979,514.7,500,10.575,33.19,35.149819097451825,1.959819097451825,.059048,Fr 5. Dez 17:49:00 CET 2025
12,33.19,3.937979,514.7,500,10.575,33.19,35.910666608614925,2.720666608614925,.081972,Fr 5. Dez 17:49:13 CET 2025
15,33.19,3.937979,514.7,500,10.575,33.19,36.737818785030754,3.547818785030754,.106894,Fr 5. Dez 17:49:19 CET 2025
21,33.19,3.937979,514.7,500,10.575,33.19,38.62977680602185,5.43977680602185,.163898,Fr 5. Dez 17:49:21 CET 2025
24,33.19,3.937979,514.7,500,10.575,33.19,39.71697072587739,6.52697072587739,.196654,Fr 5. Dez 17:50:01 CET 2025
27,33.19,3.937979,514.7,500,10.575,33.19,40.914227664470445,7.724227664470445,.232727,Fr 5. Dez 17:50:47 CET 2025
30,33.19,3.937979,514.7,500,10.575,33.19,42.232003976698216,9.042003976698216,.272431,Fr 5. Dez 17:51:14 CET 2025
31,33.19,3.937979,514.7,500,10.575,33.19,42.69920810082054,9.50920810082054,.286508,Fr 5. Dez 18:04:35 CET 2025
0,33.69,3.908648,514.7,500,10.575,33.69,33.69000000000002,.00000000000002,0,Fr 5. Dez 18:05:37 CET 2025
3,33.69,3.908648,514.7,500,10.575,33.69,34.31462885269675,.62462885269675,.018540,Fr 5. Dez 18:05:49 CET 2025
6,33.69,3.908648,514.7,500,10.575,33.69,34.98683499258811,1.29683499258811,.038493,Fr 5. Dez 18:05:49 CET 2025
21,33.69,3.908648,514.7,500,10.575,33.69,39.323191594231446,5.633191594231446,.167206,Fr 5. Dez 18:05:53 CET 2025
9,33.69,3.908648,514.7,500,10.575,33.69,35.712914593789264,2.022914593789264,.060044,Fr 5. Dez 18:06:00 CET 2025
15,33.69,3.908648,514.7,500,10.575,33.69,37.357490998894335,3.667490998894335,.108859,Fr 5. Dez 18:06:03 CET 2025
12,33.69,3.908648,514.7,500,10.575,33.69,36.5002522528832,2.8102522528832,.083415,Fr 5. Dez 18:06:12 CET 2025
30,33.69,3.908648,514.7,500,10.575,33.69,43.08077280723532,9.39077280723532,.278740,Fr 5. Dez 18:06:17 CET 2025
24,33.69,3.908648,514.7,500,10.575,33.69,40.45560650229378,6.76560650229378,.200819,Fr 5. Dez 18:06:19 CET 2025
18,33.69,3.908648,514.7,500,10.575,33.69,38.29466187775515,4.60466187775515,.136677,Fr 5. Dez 18:06:26 CET 2025
0,34.19,3.879962,514.7,500,10.575,34.19,34.19000000000002,.00000000000002,0,Fr 5. Dez 18:06:46 CET 2025
3,34.19,3.879962,514.7,500,10.575,34.19,34.833655934048075,.643655934048075,.018825,Fr 5. Dez 18:06:58 CET 2025
31,33.69,3.908648,514.7,500,10.575,33.69,43.568830020636106,9.878830020636106,.293227,Fr 5. Dez 18:06:58 CET 2025
27,33.69,3.908648,514.7,500,10.575,33.69,41.70458517143242,8.01458517143242,.237892,Fr 5. Dez 18:07:02 CET 2025
6,34.19,3.879962,514.7,500,10.575,34.19,35.52713238541651,1.33713238541651,.039108,Fr 5. Dez 18:07:22 CET 2025
9,34.19,3.879962,514.7,500,10.575,34.19,36.277130465761545,2.087130465761545,.061045,Fr 5. Dez 18:08:20 CET 2025
12,34.19,3.879962,514.7,500,10.575,34.19,37.09153152041434,2.90153152041434,.084864,Fr 5. Dez 18:08:55 CET 2025
15,34.19,3.879962,514.7,500,10.575,34.19,37.979576880234234,3.789576880234234,.110838,Fr 5. Dez 18:22:03 CET 2025
18,34.19,3.879962,514.7,500,10.575,34.19,38.95200751033283,4.76200751033283,.139280,Fr 5. Dez 18:23:07 CET 2025
24,34.19,3.879962,514.7,500,10.575,34.19,41.20007940015662,7.01007940015662,.205033,Fr 5. Dez 18:23:11 CET 2025
21,34.19,3.879962,514.7,500,10.575,34.19,40.02105570213772,5.83105570213772,.170548,Fr 5. Dez 18:23:30 CET 2025
27,34.19,3.879962,514.7,500,10.575,34.19,42.5024274354118,8.3124274354118,.243124,Fr 5. Dez 18:23:32 CET 2025
31,34.19,3.879962,514.7,500,10.575,34.19,44.44833714866715,10.25833714866715,.300039,Fr 5. Dez 18:23:34 CET 2025
3,34.97,3.836447,514.7,500,10.575,34.97,35.643929889400596,.673929889400596,.019271,Fr 5. Dez 18:23:41 CET 2025
0,34.97,3.836447,514.7,500,10.575,34.97,34.97000000000002,.00000000000002,0,Fr 5. Dez 18:23:42 CET 2025
6,34.97,3.836447,514.7,500,10.575,34.97,36.371323308728364,1.401323308728364,.040072,Fr 5. Dez 18:23:44 CET 2025
30,34.19,3.879962,514.7,500,10.575,34.19,43.9388301860075,9.7488301860075,.285136,Fr 5. Dez 18:23:58 CET 2025
12,34.97,3.836447,514.7,500,10.575,34.97,38.01733573916035,3.04733573916035,.087141,Fr 5. Dez 18:24:11 CET 2025
9,34.97,3.836447,514.7,500,10.575,34.97,37.15955653545767,2.18955653545767,.062612,Fr 5. Dez 18:24:14 CET 2025
21,34.97,3.836447,514.7,500,10.575,34.97,41.11875452914999,6.14875452914999,.175829,Fr 5. Dez 18:24:26 CET 2025
15,34.97,3.836447,514.7,500,10.575,34.97,38.954902491840464,3.984902491840464,.113952,Fr 5. Dez 18:24:33 CET 2025
18,34.97,3.836447,514.7,500,10.575,34.97,39.98418392886524,5.01418392886524,.143385,Fr 5. Dez 18:24:36 CET 2025
24,34.97,3.836447,514.7,500,10.575,34.97,42.373331822117436,7.403331822117436,.211705,Fr 5. Dez 18:24:48 CET 2025
27,34.97,3.836447,514.7,500,10.575,34.97,43.76226578722762,8.79226578722762,.251423,Fr 5. Dez 18:26:09 CET 2025
30,34.97,3.836447,514.7,500,10.575,34.97,45.296204876820546,10.326204876820546,.295287,Fr 5. Dez 18:26:20 CET 2025
31,34.97,3.836447,514.7,500,10.575,34.97,45.84031122345258,10.87031122345258,.310846,Fr 5. Dez 18:39:17 CET 2025
0,32.69,4.188507,573.5,500,10.575,32.69,32.69000000000002,.00000000000002,0,Fr 5. Dez 18:40:36 CET 2025
18,32.69,4.188507,573.5,500,10.575,32.69,36.44609282226196,3.75609282226196,.114900,Fr 5. Dez 18:40:38 CET 2025
3,32.69,4.188507,573.5,500,10.575,32.69,33.21532348479839,.52532348479839,.016069,Fr 5. Dez 18:40:51 CET 2025
9,32.69,4.188507,573.5,500,10.575,32.69,34.37322809711252,1.68322809711252,.051490,Fr 5. Dez 18:41:06 CET 2025
6,32.69,4.188507,573.5,500,10.575,32.69,33.775096968345956,1.085096968345956,.033193,Fr 5. Dez 18:41:10 CET 2025
12,32.69,4.188507,573.5,500,10.575,32.69,35.01420898151421,2.32420898151421,.071098,Fr 5. Dez 18:41:15 CET 2025
21,32.69,4.188507,573.5,500,10.575,32.69,37.249581651083155,4.559581651083155,.139479,Fr 5. Dez 18:41:22 CET 2025
24,32.69,4.188507,573.5,500,10.575,32.69,38.121156726405324,5.431156726405324,.166141,Fr 5. Dez 18:41:25 CET 2025
15,32.69,4.188507,573.5,500,10.575,32.69,35.70319768156659,3.01319768156659,.092174,Fr 5. Dez 18:41:40 CET 2025
27,32.69,4.188507,573.5,500,10.575,32.69,39.06884223880154,6.37884223880154,.195131,Fr 5. Dez 18:41:43 CET 2025
30,32.69,4.188507,573.5,500,10.575,32.69,40.10084848895824,7.41084848895824,.226700,Fr 5. Dez 18:41:55 CET 2025
31,32.69,4.188507,573.5,500,10.575,32.69,40.46491508234671,7.77491508234671,.237837,Fr 5. Dez 18:42:10 CET 2025
3,33.19,4.156837,573.5,500,10.575,33.19,33.73177852695116,.54177852695116,.016323,Fr 5. Dez 18:42:12 CET 2025
0,33.19,4.156837,573.5,500,10.575,33.19,33.19000000000002,.00000000000002,0,Fr 5. Dez 18:42:14 CET 2025
6,33.19,4.156837,573.5,500,10.575,33.19,34.30967188480038,1.11967188480038,.033735,Fr 5. Dez 18:42:19 CET 2025
9,33.19,4.156837,573.5,500,10.575,33.19,34.92784625627775,1.73784625627775,.052360,Fr 5. Dez 18:43:42 CET 2025
12,33.19,4.156837,573.5,500,10.575,33.19,35.59110007607099,2.40110007607099,.072344,Fr 5. Dez 18:43:52 CET 2025
15,33.19,4.156837,573.5,500,10.575,33.19,36.304955171627356,3.114955171627356,.093852,Fr 5. Dez 18:56:49 CET 2025
21,33.19,4.156837,573.5,500,10.575,33.19,37.91063502819165,4.72063502819165,.142230,Fr 5. Dez 18:58:03 CET 2025
18,33.19,4.156837,573.5,500,10.575,33.19,37.07573923210509,3.88573923210509,.117075,Fr 5. Dez 18:58:05 CET 2025
31,33.19,4.156837,573.5,500,10.575,33.19,41.26279314328826,8.07279314328826,.243229,Fr 5. Dez 18:58:39 CET 2025
24,33.19,4.156837,573.5,500,10.575,33.19,38.81764557679702,5.62764557679702,.169558,Fr 5. Dez 18:58:40 CET 2025
27,33.19,4.156837,573.5,500,10.575,33.19,39.80538290385009,6.61538290385009,.199318,Fr 5. Dez 18:58:46 CET 2025
3,33.69,4.125876,573.5,500,10.575,33.69,34.24849538761763,.55849538761763,.016577,Fr 5. Dez 18:58:53 CET 2025
30,33.19,4.156837,573.5,500,10.575,33.19,40.88251135623427,7.69251135623427,.231771,Fr 5. Dez 18:58:56 CET 2025
6,33.69,4.125876,573.5,500,10.575,33.69,34.844825014823584,1.154825014823584,.034277,Fr 5. Dez 18:59:05 CET 2025
12,33.69,4.125876,573.5,500,10.575,33.69,36.169421244280855,2.479421244280855,.073595,Fr 5. Dez 18:59:11 CET 2025
9,33.69,4.125876,573.5,500,10.575,33.69,35.483426426337104,1.793426426337104,.053233,Fr 5. Dez 18:59:13 CET 2025
0,33.69,4.125876,573.5,500,10.575,33.69,33.69000000000002,.00000000000002,0,Fr 5. Dez 18:59:21 CET 2025
21,33.69,4.125876,573.5,500,10.575,33.69,38.57523586647691,4.88523586647691,.145005,Fr 5. Dez 18:59:34 CET 2025
24,33.69,4.125876,573.5,500,10.575,33.69,39.518736730074586,5.828736730074586,.173010,Fr 5. Dez 18:59:51 CET 2025
15,33.69,4.125876,573.5,500,10.575,33.69,36.90871518933349,3.21871518933349,.095539,Fr 5. Dez 18:59:53 CET 2025
18,33.69,4.125876,573.5,500,10.575,33.69,37.70808682213626,4.01808682213626,.119266,Fr 5. Dez 19:00:02 CET 2025
27,33.69,4.125876,573.5,500,10.575,33.69,40.5477745186415,6.8577745186415,.203555,Fr 5. Dez 19:01:22 CET 2025
30,33.69,4.125876,573.5,500,10.575,33.69,41.671476281457,7.981476281457,.236909,Fr 5. Dez 19:01:26 CET 2025
31,33.69,4.125876,573.5,500,10.575,33.69,42.068492976834975,8.378492976834975,.248693,Fr 5. Dez 19:14:19 CET 2025
3,34.19,4.095596,573.5,500,10.575,34.19,34.76547475930386,.57547475930386,.016831,Fr 5. Dez 19:15:27 CET 2025
0,34.19,4.095596,573.5,500,10.575,34.19,34.19000000000002,.00000000000002,0,Fr 5. Dez 19:15:52 CET 2025
6,34.19,4.095596,573.5,500,10.575,34.19,35.38055905868265,1.19055905868265,.034821,Fr 5. Dez 19:16:07 CET 2025
12,34.19,4.095596,573.5,500,10.575,34.19,36.7491840399535,2.5591840399535,.074851,Fr 5. Dez 19:16:15 CET 2025
15,34.19,4.095596,573.5,500,10.575,34.19,37.51449884217731,3.32449884217731,.097236,Fr 5. Dez 19:16:21 CET 2025
18,34.19,4.095596,573.5,500,10.575,34.19,38.34317160780508,4.15317160780508,.121473,Fr 5. Dez 19:16:23 CET 2025
9,34.19,4.095596,573.5,500,10.575,34.19,36.03997460867343,1.84997460867343,.054108,Fr 5. Dez 19:16:27 CET 2025
24,34.19,4.095596,573.5,500,10.575,34.19,40.2245071763844,6.0345071763844,.176499,Fr 5. Dez 19:16:30 CET 2025
27,34.19,4.095596,573.5,500,10.575,34.19,41.29612042204265,7.10612042204265,.207842,Fr 5. Dez 19:16:39 CET 2025
30,34.19,4.095596,573.5,500,10.575,34.19,42.46787778066553,8.27787778066553,.242114,Fr 5. Dez 19:16:50 CET 2025
21,34.19,4.095596,573.5,500,10.575,34.19,39.243450334801565,5.053450334801565,.147804,Fr 5. Dez 19:16:53 CET 2025
0,34.97,4.049663,573.5,500,10.575,34.97,34.97000000000002,.00000000000002,0,Fr 5. Dez 19:17:25 CET 2025
6,34.97,4.049663,573.5,500,10.575,34.97,36.217467171450494,1.247467171450494,.035672,Fr 5. Dez 19:17:26 CET 2025
31,34.19,4.095596,573.5,500,10.575,34.19,42.88215966582467,8.69215966582467,.254231,Fr 5. Dez 19:17:28 CET 2025
3,34.97,4.049663,573.5,500,10.575,34.97,35.57248726926277,.60248726926277,.017228,Fr 5. Dez 19:17:45 CET 2025
12,34.97,4.049663,573.5,500,10.575,34.97,37.65651642039724,2.68651642039724,.076823,Fr 5. Dez 19:18:45 CET 2025
9,34.97,4.049663,573.5,500,10.575,34.97,36.910133225322035,1.940133225322035,.055479,Fr 5. Dez 19:19:01 CET 2025
15,34.97,4.049663,573.5,500,10.575,34.97,38.46360029296122,3.49360029296122,.099902,Fr 5. Dez 19:31:42 CET 2025
18,34.97,4.049663,573.5,500,10.575,34.97,39.339435911301145,4.369435911301145,.124948,Fr 5. Dez 19:33:05 CET 2025
21,34.97,4.049663,573.5,500,10.575,34.97,40.29318339194982,5.32318339194982,.152221,Fr 5. Dez 19:33:22 CET 2025
27,34.97,4.049663,573.5,500,10.575,34.97,42.475656006790715,7.505656006790715,.214631,Fr 5. Dez 19:33:39 CET 2025
30,34.97,4.049663,573.5,500,10.575,34.97,43.725389275520435,8.755389275520435,.250368,Fr 5. Dez 19:33:46 CET 2025
31,34.97,4.049663,573.5,500,10.575,34.97,44.16767444039888,9.19767444039888,.263016,Fr 5. Dez 19:33:46 CET 2025
0,32.69,4.397988,632.3,500,10.575,32.69,32.69000000000002,.00000000000002,0,Fr 5. Dez 19:33:57 CET 2025
24,34.97,4.049663,573.5,500,10.575,34.97,41.335008954464946,6.365008954464946,.182013,Fr 5. Dez 19:34:02 CET 2025
3,32.69,4.397988,632.3,500,10.575,32.69,33.16507472636055,.47507472636055,.014532,Fr 5. Dez 19:34:09 CET 2025
9,32.69,4.397988,632.3,500,10.575,32.69,34.202255911453065,1.512255911453065,.046260,Fr 5. Dez 19:34:09 CET 2025
6,32.69,4.397988,632.3,500,10.575,32.69,33.66820702364692,.97820702364692,.029923,Fr 5. Dez 19:34:14 CET 2025
15,32.69,4.397988,632.3,500,10.575,32.69,35.37651130793563,2.68651130793563,.082181,Fr 5. Dez 19:34:48 CET 2025
12,32.69,4.397988,632.3,500,10.575,32.69,34.770464340133124,2.080464340133124,.063642,Fr 5. Dez 19:34:50 CET 2025
21,32.69,4.397988,632.3,500,10.575,32.69,36.71929928073058,4.02929928073058,.123257,Fr 5. Dez 19:34:56 CET 2025
18,32.69,4.397988,632.3,500,10.575,32.69,36.02455965192929,3.33455965192929,.102005,Fr 5. Dez 19:35:18 CET 2025
24,32.69,4.397988,632.3,500,10.575,32.69,37.46596363416803,4.77596363416803,.146098,Fr 5. Dez 19:35:36 CET 2025
27,32.69,4.397988,632.3,500,10.575,32.69,38.270272176611265,5.580272176611265,.170702,Fr 5. Dez 19:36:29 CET 2025
30,32.69,4.397988,632.3,500,10.575,32.69,39.138310149511014,6.448310149511014,.197256,Fr 5. Dez 19:36:34 CET 2025
31,32.69,4.397988,632.3,500,10.575,32.69,39.44288263108556,6.75288263108556,.206573,Fr 5. Dez 19:48:58 CET 2025
0,33.19,4.364735,632.3,500,10.575,33.19,33.19000000000002,.00000000000002,0,Fr 5. Dez 19:50:46 CET 2025
3,33.19,4.364735,632.3,500,10.575,33.19,33.67993281697078,.48993281697078,.014761,Fr 5. Dez 19:51:03 CET 2025
6,33.19,4.364735,632.3,500,10.575,33.19,34.19927445263289,1.00927445263289,.030408,Fr 5. Dez 19:51:22 CET 2025
12,33.19,4.364735,632.3,500,10.575,33.19,35.338786392018434,2.148786392018434,.064741,Fr 5. Dez 19:51:23 CET 2025
24,33.19,4.364735,632.3,500,10.575,33.19,38.13567022471362,4.94567022471362,.149010,Fr 5. Dez 19:51:25 CET 2025
15,33.19,4.364735,632.3,500,10.575,33.19,35.96635723316656,2.77635723316656,.083650,Fr 5. Dez 19:51:26 CET 2025
9,33.19,4.364735,632.3,500,10.575,33.19,34.75107133484238,1.56107133484238,.047034,Fr 5. Dez 19:51:35 CET 2025
18,33.19,4.364735,632.3,500,10.575,33.19,36.63824214324288,3.44824214324288,.103894,Fr 5. Dez 19:51:38 CET 2025
27,33.19,4.364735,632.3,500,10.575,33.19,38.97296034583696,5.78296034583696,.174238,Fr 5. Dez 19:51:39 CET 2025
0,33.69,4.332225,632.3,500,10.575,33.69,33.69000000000002,.00000000000002,0,Fr 5. Dez 19:52:18 CET 2025
21,33.19,4.364735,632.3,500,10.575,33.19,37.35947775700053,4.16947775700053,.125624,Fr 5. Dez 19:52:18 CET 2025
30,33.19,4.364735,632.3,500,10.575,33.19,39.87783788281046,6.68783788281046,.201501,Fr 5. Dez 19:52:25 CET 2025
31,33.19,4.364735,632.3,500,10.575,33.19,40.19561077153497,7.00561077153497,.211075,Fr 5. Dez 19:52:27 CET 2025
3,33.69,4.332225,632.3,500,10.575,33.69,34.1950263529186,.5050263529186,.014990,Fr 5. Dez 19:52:38 CET 2025
6,33.69,4.332225,632.3,500,10.575,33.69,34.730857156049865,1.040857156049865,.030895,Fr 5. Dez 19:53:17 CET 2025
9,33.69,4.332225,632.3,500,10.575,33.69,35.300735769788574,1.610735769788574,.047810,Fr 5. Dez 19:54:00 CET 2025
12,33.69,4.332225,632.3,500,10.575,33.69,35.908356612041075,2.218356612041075,.065846,Fr 5. Dez 19:54:10 CET 2025
15,33.69,4.332225,632.3,500,10.575,33.69,36.5579271530069,2.8679271530069,.085126,Fr 5. Dez 20:06:30 CET 2025
18,33.69,4.332225,632.3,500,10.575,33.69,37.25422410577178,3.56422410577178,.105794,Fr 5. Dez 20:08:31 CET 2025
21,33.69,4.332225,632.3,500,10.575,33.69,38.002639675802705,4.312639675802705,.128009,Fr 5. Dez 20:08:38 CET 2025
30,33.69,4.332225,632.3,500,10.575,33.69,40.62332061324926,6.93332061324926,.205797,Fr 5. Dez 20:08:49 CET 2025
31,33.69,4.332225,632.3,500,10.575,33.69,40.95471620303194,7.26471620303194,.215634,Fr 5. Dez 20:08:49 CET 2025
24,33.69,4.332225,632.3,500,10.575,33.69,38.80918932574913,5.11918932574913,.151949,Fr 5. Dez 20:09:00 CET 2025
3,34.19,4.300431,632.3,500,10.575,34.19,34.710355856683655,.520355856683655,.015219,Fr 5. Dez 20:09:02 CET 2025
0,34.19,4.300431,632.3,500,10.575,34.19,34.19000000000002,.00000000000002,0,Fr 5. Dez 20:09:09 CET 2025
27,33.69,4.332225,632.3,500,10.575,33.69,39.68044543468122,5.99044543468122,.177810,Fr 5. Dez 20:09:14 CET 2025
6,34.19,4.300431,632.3,500,10.575,34.19,35.26295543242478,1.07295543242478,.031382,Fr 5. Dez 20:09:29 CET 2025
18,34.19,4.300431,632.3,500,10.575,34.19,37.87252362114142,3.68252362114142,.107707,Fr 5. Dez 20:09:49 CET 2025
12,34.19,4.300431,632.3,500,10.575,34.19,36.47917975993465,2.28917975993465,.066954,Fr 5. Dez 20:09:52 CET 2025
9,34.19,4.300431,632.3,500,10.575,34.19,35.85125077053452,1.66125077053452,.048588,Fr 5. Dez 20:10:12 CET 2025
15,34.19,4.300431,632.3,500,10.575,34.19,37.15123409262591,2.96123409262591,.086611,Fr 5. Dez 20:10:15 CET 2025
21,34.19,4.300431,632.3,500,10.575,34.19,38.64882213850843,4.45882213850843,.130413,Fr 5. Dez 20:10:21 CET 2025
24,34.19,4.300431,632.3,500,10.575,34.19,39.48657242659617,5.29657242659617,.154915,Fr 5. Dez 20:10:40 CET 2025
30,34.19,4.300431,632.3,500,10.575,34.19,41.374850908812256,7.184850908812256,.210144,Fr 5. Dez 20:11:19 CET 2025
27,34.19,4.300431,632.3,500,10.575,34.19,40.392800021350226,6.202800021350226,.181421,Fr 5. Dez 20:11:40 CET 2025
31,34.19,4.300431,632.3,500,10.575,34.19,41.72030423870247,7.53030423870247,.220248,Fr 5. Dez 20:24:32 CET 2025
0,34.97,4.252200,632.3,500,10.575,34.97,34.97000000000002,.00000000000002,0,Fr 5. Dez 20:25:51 CET 2025
3,34.97,4.252200,632.3,500,10.575,34.97,35.514741556092574,.544741556092574,.015577,Fr 5. Dez 20:26:04 CET 2025
18,34.97,4.252200,632.3,500,10.575,34.97,38.84175766584033,3.87175766584033,.110716,Fr 5. Dez 20:26:24 CET 2025
12,34.97,4.252200,632.3,500,10.575,34.97,37.37218659415922,2.40218659415922,.068692,Fr 5. Dez 20:26:31 CET 2025
15,34.97,4.252200,632.3,500,10.575,34.97,38.08029559334444,3.11029559334444,.088941,Fr 5. Dez 20:26:34 CET 2025
6,34.97,4.252200,632.3,500,10.575,34.97,36.094065335270095,1.124065335270095,.032143,Fr 5. Dez 20:26:38 CET 2025
9,34.97,4.252200,632.3,500,10.575,34.97,36.7117660176703,1.7417660176703,.049807,Fr 5. Dez 20:26:46 CET 2025
21,34.97,4.252200,632.3,500,10.575,34.97,39.662985469950854,4.692985469950854,.134200,Fr 5. Dez 20:26:46 CET 2025
24,34.97,4.252200,632.3,500,10.575,34.97,40.55113206299066,5.58113206299066,.159597,Fr 5. Dez 20:26:58 CET 2025
27,34.97,4.252200,632.3,500,10.575,34.97,41.51397272598695,6.54397272598695,.187131,Fr 5. Dez 20:27:20 CET 2025
30,34.97,4.252200,632.3,500,10.575,34.97,42.55955252797516,7.58955252797516,.217030,Fr 5. Dez 20:27:33 CET 2025
0,32.69,4.598269,691.2,500,10.575,32.69,32.69000000000002,.00000000000002,0,Fr 5. Dez 20:27:37 CET 2025
31,34.97,4.252200,632.3,500,10.575,34.97,42.927811107104944,7.957811107104944,.227561,Fr 5. Dez 20:27:54 CET 2025
3,32.69,4.598269,691.2,500,10.575,32.69,33.12353568282326,.43353568282326,.013262,Fr 5. Dez 20:27:57 CET 2025
6,32.69,4.598269,691.2,500,10.575,32.69,33.580356918287784,.890356918287784,.027236,Fr 5. Dez 20:28:01 CET 2025
9,32.69,4.598269,691.2,500,10.575,32.69,34.06261573340386,1.37261573340386,.041988,Fr 5. Dez 20:29:04 CET 2025
12,32.69,4.598269,691.2,500,10.575,32.69,34.57273032127396,1.88273032127396,.057593,Fr 5. Dez 20:29:19 CET 2025
15,32.69,4.598269,691.2,500,10.575,32.69,35.11340838927037,2.42340838927037,.074133,Fr 5. Dez 20:42:18 CET 2025
18,32.69,4.598269,691.2,500,10.575,32.69,35.68769577535688,2.99769577535688,.091700,Fr 5. Dez 20:43:20 CET 2025
21,32.69,4.598269,691.2,500,10.575,32.69,36.29898731782553,3.60898731782553,.110400,Fr 5. Dez 20:43:46 CET 2025
31,32.69,4.598269,691.2,500,10.575,32.69,38.65504013566762,5.96504013566762,.182472,Fr 5. Dez 20:43:52 CET 2025
27,32.69,4.598269,691.2,500,10.575,32.69,37.6480528751104,4.9580528751104,.151668,Fr 5. Dez 20:44:04 CET 2025
30,32.69,4.598269,691.2,500,10.575,32.69,38.39445315035019,5.70445315035019,.174501,Fr 5. Dez 20:44:10 CET 2025
24,32.69,4.598269,691.2,500,10.575,32.69,36.951056834167744,4.261056834167744,.130347,Fr 5. Dez 20:44:12 CET 2025
3,33.19,4.563501,691.2,500,10.575,33.19,33.63707747564828,.44707747564828,.013470,Fr 5. Dez 20:44:21 CET 2025
6,33.19,4.563501,691.2,500,10.575,33.19,34.10855844374127,.91855844374127,.027675,Fr 5. Dez 20:44:21 CET 2025
0,33.19,4.563501,691.2,500,10.575,33.19,33.19000000000002,.00000000000002,0,Fr 5. Dez 20:44:29 CET 2025
9,33.19,4.563501,691.2,500,10.575,33.19,34.606736528548176,1.416736528548176,.042685,Fr 5. Dez 20:44:32 CET 2025
12,33.19,4.563501,691.2,500,10.575,33.19,35.13419100841689,1.94419100841689,.058577,Fr 5. Dez 20:45:17 CET 2025
21,33.19,4.563501,691.2,500,10.575,33.19,36.92302089012269,3.73302089012269,.112474,Fr 5. Dez 20:45:35 CET 2025
15,33.19,4.563501,691.2,500,10.575,33.19,35.69382102004066,2.50382102004066,.075439,Fr 5. Dez 20:45:37 CET 2025
24,33.19,4.563501,691.2,500,10.575,33.19,37.600284358701764,4.410284358701764,.132879,Fr 5. Dez 20:45:38 CET 2025
18,33.19,4.563501,691.2,500,10.575,33.19,36.28888361255494,3.09888361255494,.093367,Fr 5. Dez 20:45:59 CET 2025
30,33.19,4.563501,691.2,500,10.575,33.19,39.102338187553144,5.912338187553144,.178136,Fr 5. Dez 20:46:43 CET 2025
27,33.19,4.563501,691.2,500,10.575,33.19,38.32512473017606,5.13512473017606,.154719,Fr 5. Dez 20:46:52 CET 2025
31,33.19,4.563501,691.2,500,10.575,33.19,39.37391027307136,6.18391027307136,.186318,Fr 5. Dez 21:00:12 CET 2025
6,33.69,4.529511,691.2,500,10.575,33.69,34.63722393738467,.94722393738467,.028115,Fr 5. Dez 21:01:09 CET 2025
0,33.69,4.529511,691.2,500,10.575,33.69,33.69000000000002,.00000000000002,0,Fr 5. Dez 21:01:11 CET 2025
3,33.69,4.529511,691.2,500,10.575,33.69,34.150833046603466,.460833046603466,.013678,Fr 5. Dez 21:01:15 CET 2025
9,33.69,4.529511,691.2,500,10.575,33.69,35.15161476851004,1.46161476851004,.043384,Fr 5. Dez 21:01:29 CET 2025
12,33.69,4.529511,691.2,500,10.575,33.69,35.696755247229675,2.006755247229675,.059565,Fr 5. Dez 21:01:42 CET 2025
15,33.69,4.529511,691.2,500,10.575,33.69,36.27574309454121,2.58574309454121,.076751,Fr 5. Dez 21:01:44 CET 2025
18,33.69,4.529511,691.2,500,10.575,33.69,36.89206006872816,3.20206006872816,.095044,Fr 5. Dez 21:01:51 CET 2025
27,33.69,4.529511,691.2,500,10.575,33.69,39.00622072061165,5.31622072061165,.157798,Fr 5. Dez 21:02:00 CET 2025
21,33.69,4.529511,691.2,500,10.575,33.69,37.54961272513658,3.85961272513658,.114562,Fr 5. Dez 21:02:04 CET 2025
24,33.69,4.529511,691.2,500,10.575,33.69,38.25274258619814,4.56274258619814,.135433,Fr 5. Dez 21:02:07 CET 2025
30,33.69,4.529511,691.2,500,10.575,33.69,39.815176613828484,6.125176613828484,.181809,Fr 5. Dez 21:02:29 CET 2025
31,33.69,4.529511,691.2,500,10.575,33.69,40.098075666093365,6.408075666093365,.190207,Fr 5. Dez 21:03:03 CET 2025
3,34.19,4.496269,691.2,500,10.575,34.19,34.66480276066433,.47480276066433,.013887,Fr 5. Dez 21:03:13 CET 2025
0,34.19,4.496269,691.2,500,10.575,34.19,34.19000000000002,.00000000000002,0,Fr 5. Dez 21:03:22 CET 2025
6,34.19,4.496269,691.2,500,10.575,34.19,35.16635348216364,.97635348216364,.028556,Fr 5. Dez 21:03:32 CET 2025
9,34.19,4.496269,691.2,500,10.575,34.19,35.69725224454822,1.50725224454822,.044084,Fr 5. Dez 21:04:19 CET 2025
12,34.19,4.496269,691.2,500,10.575,34.19,36.26042677266089,2.07042677266089,.060556,Fr 5. Dez 21:04:32 CET 2025
15,34.19,4.496269,691.2,500,10.575,34.19,36.859183075448904,2.669183075448904,.078069,Fr 5. Dez 21:17:45 CET 2025
27,34.19,4.496269,691.2,500,10.575,34.19,39.69140033777583,5.50140033777583,.160906,Fr 5. Dez 21:18:41 CET 2025
18,34.19,4.496269,691.2,500,10.575,34.19,37.49724555072999,3.30724555072999,.096731,Fr 5. Dez 21:18:52 CET 2025
3,34.97,4.445842,691.2,500,10.575,34.97,35.46702357410274,.49702357410274,.014212,Fr 5. Dez 21:18:57 CET 2025
24,34.19,4.496269,691.2,500,10.575,34.19,38.908474920381664,4.718474920381664,.138007,Fr 5. Dez 21:18:57 CET 2025
21,34.19,4.496269,691.2,500,10.575,34.19,38.17879235986749,3.98879235986749,.116665,Fr 5. Dez 21:19:01 CET 2025
30,34.19,4.496269,691.2,500,10.575,34.19,40.53304760840028,6.34304760840028,.185523,Fr 5. Dez 21:19:25 CET 2025
0,34.97,4.445842,691.2,500,10.575,34.97,34.97000000000002,.00000000000002,0,Fr 5. Dez 21:19:35 CET 2025
31,34.19,4.496269,691.2,500,10.575,34.19,40.8276223262234,6.6376223262234,.194139,Fr 5. Dez 21:19:38 CET 2025
12,34.97,4.445842,691.2,500,10.575,34.97,37.141983342149835,2.171983342149835,.062109,Fr 5. Dez 21:19:45 CET 2025
6,34.97,4.445842,691.2,500,10.575,34.97,35.9927301027358,1.0227301027358,.029245,Fr 5. Dez 21:19:51 CET 2025
9,34.97,4.445842,691.2,500,10.575,34.97,36.54997419564393,1.57997419564393,.045180,Fr 5. Dez 21:19:56 CET 2025
18,34.97,4.445842,691.2,500,10.575,34.97,38.44538699170576,3.47538699170576,.099381,Fr 5. Dez 21:20:51 CET 2025
21,34.97,4.445842,691.2,500,10.575,34.97,39.165543391797044,4.195543391797044,.119975,Fr 5. Dez 21:20:57 CET 2025
15,34.97,4.445842,691.2,500,10.575,34.97,37.77241273490494,2.80241273490494,.080137,Fr 5. Dez 21:21:01 CET 2025
24,34.97,4.445842,691.2,500,10.575,34.97,39.93804884996385,4.96804884996385,.142066,Fr 5. Dez 21:21:11 CET 2025
27,34.97,4.445842,691.2,500,10.575,34.97,40.76857118827672,5.79857118827672,.165815,Fr 5. Dez 21:21:53 CET 2025
30,34.97,4.445842,691.2,500,10.575,34.97,41.66316302929334,6.69316302929334,.191397,Fr 5. Dez 21:22:17 CET 2025
31,34.97,4.445842,691.2,500,10.575,34.97,41.97666757902398,7.00666757902398,.200362,Fr 5. Dez 21:35:00 CET 2025
0,32.69,4.751390,738.0,500,10.575,32.69,32.69000000000002,.00000000000002,0,Fr 5. Dez 21:36:09 CET 2025
3,32.69,4.751390,738.0,500,10.575,32.69,33.09537304823762,.40537304823762,.012400,Fr 5. Dez 21:36:25 CET 2025
9,32.69,4.751390,738.0,500,10.575,32.69,33.96880151869826,1.27880151869826,.039119,Fr 5. Dez 21:36:25 CET 2025
6,32.69,4.751390,738.0,500,10.575,32.69,33.521057249959455,.831057249959455,.025422,Fr 5. Dez 21:36:37 CET 2025
21,32.69,4.751390,738.0,500,10.575,32.69,36.022832932438085,3.332832932438085,.101952,Fr 5. Dez 21:36:56 CET 2025
12,32.69,4.751390,738.0,500,10.575,32.69,34.44055478135515,1.75055478135515,.053550,Fr 5. Dez 21:37:03 CET 2025
15,32.69,4.751390,738.0,500,10.575,32.69,34.9384878193574,2.2484878193574,.068782,Fr 5. Dez 21:37:04 CET 2025
18,32.69,4.751390,738.0,500,10.575,32.69,35.4650183729037,2.7750183729037,.084888,Fr 5. Dez 21:37:09 CET 2025
24,32.69,4.751390,738.0,500,10.575,32.69,36.6149024863664,3.9249024863664,.120064,Fr 5. Dez 21:37:22 CET 2025
30,32.69,4.751390,738.0,500,10.575,32.69,37.91515055228757,5.22515055228757,.159839,Fr 5. Dez 21:37:23 CET 2025
27,32.69,4.751390,738.0,500,10.575,32.69,37.244497361563816,4.554497361563816,.139323,Fr 5. Dez 21:37:29 CET 2025
6,33.19,4.715465,738.0,500,10.575,33.19,34.047332926235214,.857332926235214,.025831,Fr 5. Dez 21:38:27 CET 2025
31,32.69,4.751390,738.0,500,10.575,32.69,38.148472480591536,5.458472480591536,.166976,Fr 5. Dez 21:38:36 CET 2025
3,33.19,4.715465,738.0,500,10.575,33.19,33.60802413797667,.41802413797667,.012594,Fr 5. Dez 21:38:45 CET 2025
0,33.19,4.715465,738.0,500,10.575,33.19,33.19000000000002,.00000000000002,0,Fr 5. Dez 21:38:49 CET 2025
9,33.19,4.715465,738.0,500,10.575,33.19,34.50979009209348,1.31979009209348,.039764,Fr 5. Dez 21:39:38 CET 2025
12,33.19,4.715465,738.0,500,10.575,33.19,34.99747188711489,1.80747188711489,.054458,Fr 5. Dez 21:39:57 CET 2025
15,33.19,4.715465,738.0,500,10.575,33.19,35.512703342441995,2.322703342441995,.069982,Fr 5. Dez 21:52:28 CET 2025
24,33.19,4.715465,738.0,500,10.575,33.19,37.25103839747922,4.06103839747922,.122357,Fr 5. Dez 21:53:55 CET 2025
18,33.19,4.715465,738.0,500,10.575,33.19,36.05806992269121,2.86806992269121,.086413,Fr 5. Dez 21:53:56 CET 2025
21,33.19,4.715465,738.0,500,10.575,33.19,36.63645185645454,3.44645185645454,.103840,Fr 5. Dez 21:54:08 CET 2025
27,33.19,4.715465,738.0,500,10.575,33.19,37.905332569762976,4.715332569762976,.142070,Fr 5. Dez 21:54:15 CET 2025
3,33.69,4.680342,738.0,500,10.575,33.69,34.12087481969739,.43087481969739,.012789,Fr 5. Dez 21:54:26 CET 2025
30,33.19,4.715465,738.0,500,10.575,33.19,38.603132094668034,5.413132094668034,.163095,Fr 5. Dez 21:54:40 CET 2025
6,33.69,4.680342,738.0,500,10.575,33.69,34.57403886188449,.88403886188449,.026240,Fr 5. Dez 21:54:46 CET 2025
0,33.69,4.680342,738.0,500,10.575,33.69,33.69000000000002,.00000000000002,0,Fr 5. Dez 21:54:46 CET 2025
9,33.69,4.680342,738.0,500,10.575,33.69,35.05147518562424,1.36147518562424,.040411,Fr 5. Dez 21:54:48 CET 2025
31,33.19,4.715465,738.0,500,10.575,33.19,38.84609121005601,5.65609121005601,.170415,Fr 5. Dez 21:54:54 CET 2025
12,33.69,4.680342,738.0,500,10.575,33.69,35.555402410954954,1.865402410954954,.055369,Fr 5. Dez 21:55:16 CET 2025
21,33.69,4.680342,738.0,500,10.575,33.69,37.252367102558,3.562367102558,.105739,Fr 5. Dez 21:56:14 CET 2025
15,33.69,4.680342,738.0,500,10.575,33.69,36.08829319470799,2.39829319470799,.071187,Fr 5. Dez 21:56:18 CET 2025
18,33.69,4.680342,738.0,500,10.575,33.69,36.65292060272589,2.96292060272589,.087946,Fr 5. Dez 21:56:30 CET 2025
24,33.69,4.680342,738.0,500,10.575,33.69,37.89005075793691,4.20005075793691,.124667,Fr 5. Dez 21:56:31 CET 2025
27,33.69,4.680342,738.0,500,10.575,33.69,38.56972788974088,4.87972788974088,.144842,Fr 5. Dez 21:57:07 CET 2025
30,33.69,4.680342,738.0,500,10.575,33.69,39.295466441477515,5.605466441477515,.166383,Fr 5. Dez 21:57:30 CET 2025
31,33.69,4.680342,738.0,500,10.575,33.69,39.54835442283899,5.85835442283899,.173890,Fr 5. Dez 22:09:50 CET 2025
3,34.19,4.645993,738.0,500,10.575,34.19,34.63392470761183,.44392470761183,.012984,Fr 5. Dez 22:11:23 CET 2025
12,34.19,4.645993,738.0,500,10.575,34.19,36.11434288711595,1.92434288711595,.056283,Fr 5. Dez 22:11:38 CET 2025
6,34.19,4.645993,738.0,500,10.575,34.19,35.101175357136626,.911175357136626,.026650,Fr 5. Dez 22:11:49 CET 2025
0,34.19,4.645993,738.0,500,10.575,34.19,34.19000000000002,.00000000000002,0,Fr 5. Dez 22:11:52 CET 2025
15,34.19,4.645993,738.0,500,10.575,34.19,36.66526433234436,2.47526433234436,.072397,Fr 5. Dez 22:12:08 CET 2025
21,34.19,4.645993,738.0,500,10.575,34.19,37.87059907688857,3.68059907688857,.107651,Fr 5. Dez 22:12:20 CET 2025
9,34.19,4.645993,738.0,500,10.575,34.19,35.593861308142564,1.403861308142564,.041060,Fr 5. Dez 22:12:21 CET 2025
18,34.19,4.645993,738.0,500,10.575,34.19,37.249583268019975,3.059583268019975,.089487,Fr 5. Dez 22:12:22 CET 2025
24,34.19,4.645993,738.0,500,10.575,34.19,38.53197251521253,4.34197251521253,.126995,Fr 5. Dez 22:12:26 CET 2025
27,34.19,4.645993,738.0,500,10.575,34.19,39.237726591582415,5.047726591582415,.147637,Fr 5. Dez 22:12:39 CET 2025
30,34.19,4.645993,738.0,500,10.575,34.19,39.9922129312919,5.8022129312919,.169704,Fr 5. Dez 22:12:53 CET 2025
0,34.97,4.593887,738.0,500,10.575,34.97,34.97000000000002,.00000000000002,0,Fr 5. Dez 22:13:32 CET 2025
31,34.19,4.645993,738.0,500,10.575,34.19,40.25532646450934,6.06532646450934,.177400,Fr 5. Dez 22:13:50 CET 2025
3,34.97,4.593887,738.0,500,10.575,34.97,35.43468119416587,.46468119416587,.013287,Fr 5. Dez 22:13:51 CET 2025
6,34.97,4.593887,738.0,500,10.575,34.97,35.92437156805976,.95437156805976,.027291,Fr 5. Dez 22:14:06 CET 2025
9,34.97,4.593887,738.0,500,10.575,34.97,36.441387436633484,1.471387436633484,.042075,Fr 5. Dez 22:14:48 CET 2025
12,34.97,4.593887,738.0,500,10.575,34.97,36.9883309903658,2.0183309903658,.057716,Fr 5. Dez 22:15:24 CET 2025
15,34.97,4.593887,738.0,500,10.575,34.97,37.56812067165912,2.59812067165912,.074295,Fr 5. Dez 22:27:29 CET 2025
18,34.97,4.593887,738.0,500,10.575,34.97,38.184031377957524,3.214031377957524,.091908,Fr 5. Dez 22:29:04 CET 2025
27,34.97,4.593887,738.0,500,10.575,34.97,40.287113410213834,5.317113410213834,.152047,Fr 5. Dez 22:29:18 CET 2025
21,34.97,4.593887,738.0,500,10.575,34.97,38.839722709638366,3.869722709638366,.110658,Fr 5. Dez 22:29:22 CET 2025
24,34.97,4.593887,738.0,500,10.575,34.97,39.53926059853652,4.56926059853652,.130662,Fr 5. Dez 22:29:28 CET 2025
30,34.97,4.593887,738.0,500,10.575,34.97,41.08810262761407,6.11810262761407,.174952,Fr 5. Dez 22:29:43 CET 2025
0,32.69,3.591226,421.6,550,10.575,32.69,32.69000000000002,.00000000000002,0,Fr 5. Dez 22:29:50 CET 2025
3,32.69,3.591226,421.6,550,10.575,32.69,33.41284414603679,.72284414603679,.022112,Fr 5. Dez 22:29:50 CET 2025
31,34.97,4.593887,738.0,500,10.575,34.97,41.36777783909725,6.39777783909725,.182950,Fr 5. Dez 22:29:53 CET 2025
6,32.69,3.591226,421.6,550,10.575,32.69,34.201994851433454,1.511994851433454,.046252,Fr 5. Dez 22:30:06 CET 2025
12,32.69,3.591226,421.6,550,10.575,32.69,36.023923594325,3.333923594325,.101986,Fr 5. Dez 22:30:17 CET 2025
9,32.69,3.591226,421.6,550,10.575,32.69,35.068078836812674,2.378078836812674,.072746,Fr 5. Dez 22:30:31 CET 2025
18,32.69,3.591226,421.6,550,10.575,32.69,38.26908409628068,5.57908409628068,.170666,Fr 5. Dez 22:30:39 CET 2025
15,32.69,3.591226,421.6,550,10.575,32.69,37.084910867035,4.394910867035,.134442,Fr 5. Dez 22:30:46 CET 2025
21,32.69,3.591226,421.6,550,10.575,32.69,39.596593280638906,6.906593280638906,.211275,Fr 5. Dez 22:30:59 CET 2025
24,32.69,3.591226,421.6,550,10.575,32.69,41.08740061776442,8.39740061776442,.256879,Fr 5. Dez 22:31:26 CET 2025
27,32.69,3.591226,421.6,550,10.575,32.69,42.75541683662154,10.06541683662154,.307905,Fr 5. Dez 22:32:04 CET 2025
30,32.69,3.591226,421.6,550,10.575,32.69,44.59694205045441,11.90694205045441,.364238,Fr 5. Dez 22:33:04 CET 2025
31,32.69,3.591226,421.6,550,10.575,32.69,45.24415780279165,12.55415780279165,.384036,Fr 5. Dez 22:44:39 CET 2025
3,33.19,3.564073,421.6,550,10.575,33.19,33.93562312746083,.74562312746083,.022465,Fr 5. Dez 22:46:25 CET 2025
0,33.19,3.564073,421.6,550,10.575,33.19,33.19000000000002,.00000000000002,0,Fr 5. Dez 22:46:31 CET 2025
6,33.19,3.564073,421.6,550,10.575,33.19,34.75080141620945,1.56080141620945,.047026,Fr 5. Dez 22:46:31 CET 2025
9,33.19,3.564073,421.6,550,10.575,33.19,35.6468781783736,2.4568781783736,.074024,Fr 5. Dez 22:47:00 CET 2025
15,33.19,3.564073,421.6,550,10.575,33.19,37.73941141853495,4.54941141853495,.137071,Fr 5. Dez 22:47:12 CET 2025
21,33.19,3.564073,421.6,550,10.575,33.19,40.35603057245489,7.16603057245489,.215909,Fr 5. Dez 22:47:24 CET 2025
30,33.19,3.564073,421.6,550,10.575,33.19,45.578758013842865,12.388758013842865,.373267,Fr 5. Dez 22:47:29 CET 2025
12,33.19,3.564073,421.6,550,10.575,33.19,36.63758208092976,3.44758208092976,.103874,Fr 5. Dez 22:47:35 CET 2025
18,33.19,3.564073,421.6,550,10.575,33.19,38.97172228346876,5.78172228346876,.174200,Fr 5. Dez 22:47:36 CET 2025
27,33.19,3.564073,421.6,550,10.575,33.19,43.656707250926054,10.466707250926054,.315357,Fr 5. Dez 22:47:40 CET 2025
24,33.19,3.564073,421.6,550,10.575,33.19,41.913247532322,8.723247532322,.262827,Fr 5. Dez 22:47:41 CET 2025
31,33.19,3.564073,421.6,550,10.575,33.19,46.25256329506157,13.06256329506157,.393569,Fr 5. Dez 22:47:58 CET 2025
0,33.69,3.537527,421.6,550,10.575,33.69,33.69000000000002,.00000000000002,0,Fr 5. Dez 22:48:07 CET 2025
3,33.69,3.537527,421.6,550,10.575,33.69,34.45877111950715,.76877111950715,.022818,Fr 5. Dez 22:48:23 CET 2025
6,33.69,3.537527,421.6,550,10.575,33.69,35.30045602470259,1.61045602470259,.047802,Fr 5. Dez 22:49:09 CET 2025
9,33.69,3.537527,421.6,550,10.575,33.69,36.22715214300188,2.53715214300188,.075308,Fr 5. Dez 22:49:50 CET 2025
12,33.69,3.537527,421.6,550,10.575,33.69,37.25353984074873,3.56353984074873,.105774,Fr 5. Dez 22:50:40 CET 2025
15,33.69,3.537527,421.6,550,10.575,33.69,38.39729102538152,4.70729102538152,.139723,Fr 5. Dez 23:02:09 CET 2025
21,33.69,3.537527,421.6,550,10.575,33.69,41.12205882963995,7.43205882963995,.220601,Fr 5. Dez 23:03:39 CET 2025
24,33.69,3.537527,421.6,550,10.575,33.69,42.747811119120854,9.057811119120854,.268857,Fr 5. Dez 23:04:02 CET 2025
18,33.69,3.537527,421.6,550,10.575,33.69,39.679153962358,5.989153962358,.177772,Fr 5. Dez 23:04:14 CET 2025
0,34.19,3.511565,421.6,550,10.575,34.19,34.19000000000002,.00000000000002,0,Fr 5. Dez 23:04:40 CET 2025
27,33.69,3.537527,421.6,550,10.575,33.69,44.56884272023122,10.87884272023122,.322910,Fr 5. Dez 23:04:43 CET 2025
30,33.69,3.537527,421.6,550,10.575,33.69,46.57275317540846,12.88275317540846,.382391,Fr 5. Dez 23:04:46 CET 2025
31,33.69,3.537527,421.6,550,10.575,33.69,47.273235624176394,13.583235624176394,.403183,Fr 5. Dez 23:04:50 CET 2025
9,34.19,3.511565,421.6,550,10.575,34.19,36.80890873086133,2.61890873086133,.076598,Fr 5. Dez 23:04:50 CET 2025
15,34.19,3.511565,421.6,550,10.575,34.19,39.058594832876466,4.868594832876466,.142398,Fr 5. Dez 23:04:54 CET 2025
12,34.19,3.511565,421.6,550,10.575,34.19,37.87181376873841,3.68181376873841,.107686,Fr 5. Dez 23:05:10 CET 2025
6,34.19,3.511565,421.6,550,10.575,34.19,35.85096248890048,1.66096248890048,.048580,Fr 5. Dez 23:05:11 CET 2025
3,34.19,3.511565,421.6,550,10.575,34.19,34.98228918377104,.79228918377104,.023173,Fr 5. Dez 23:05:13 CET 2025
21,34.19,3.511565,421.6,550,10.575,34.19,41.89479138108182,7.70479138108182,.225352,Fr 5. Dez 23:05:47 CET 2025
18,34.19,3.511565,421.6,550,10.575,34.19,40.39145611284741,6.20145611284741,.181382,Fr 5. Dez 23:05:48 CET 2025
24,34.19,3.511565,421.6,550,10.575,34.19,43.591229039907645,9.401229039907645,.274970,Fr 5. Dez 23:06:27 CET 2025
27,34.19,3.511565,421.6,550,10.575,34.19,45.49190996390992,11.30190996390992,.330561,Fr 5. Dez 23:07:29 CET 2025
30,34.19,3.511565,421.6,550,10.575,34.19,47.57881874048392,13.38881874048392,.391600,Fr 5. Dez 23:08:07 CET 2025
31,34.19,3.511565,421.6,550,10.575,34.19,48.30594743098487,14.11594743098487,.412867,Fr 5. Dez 23:19:26 CET 2025
0,34.97,3.472182,421.6,550,10.575,34.97,34.97000000000002,.00000000000002,0,Fr 5. Dez 23:20:52 CET 2025
6,34.97,3.472182,421.6,550,10.575,34.97,36.711462386563745,1.741462386563745,.049798,Fr 5. Dez 23:21:33 CET 2025
12,34.97,3.472182,421.6,550,10.575,34.97,38.84100641636147,3.87100641636147,.110695,Fr 5. Dez 23:21:39 CET 2025
3,34.97,3.472182,421.6,550,10.575,34.97,35.79971770458346,.82971770458346,.023726,Fr 5. Dez 23:21:56 CET 2025
21,34.97,3.472182,421.6,550,10.575,34.97,43.1139000148611,8.1439000148611,.232882,Fr 5. Dez 23:22:09 CET 2025
18,34.97,3.472182,421.6,550,10.575,34.97,41.51254205750275,6.54254205750275,.187090,Fr 5. Dez 23:22:12 CET 2025
24,34.97,3.472182,421.6,550,10.575,34.97,44.9249410287091,9.9549410287091,.284670,Fr 5. Dez 23:22:14 CET 2025
15,34.97,3.472182,421.6,550,10.575,34.97,40.09716443510588,5.12716443510588,.146616,Fr 5. Dez 23:22:22 CET 2025
9,34.97,3.472182,421.6,550,10.575,34.97,37.71943816410425,2.74943816410425,.078622,Fr 5. Dez 23:22:27 CET 2025
27,34.97,3.472182,421.6,550,10.575,34.97,46.953875512565155,11.983875512565155,.342690,Fr 5. Dez 23:22:33 CET 2025
31,34.97,3.472182,421.6,550,10.575,34.97,49.94036717149515,14.97036717149515,.428091,Fr 5. Dez 23:22:36 CET 2025
30,34.97,3.472182,421.6,550,10.575,34.97,49.17197306697435,14.20197306697435,.406118,Fr 5. Dez 23:22:50 CET 2025
0,32.69,3.734455,455.9,550,10.575,32.69,32.69000000000002,.00000000000002,0,Fr 5. Dez 23:23:07 CET 2025
3,32.69,3.734455,455.9,550,10.575,32.69,33.35627358676717,.66627358676717,.020381,Fr 5. Dez 23:23:31 CET 2025
6,32.69,3.734455,455.9,550,10.575,32.69,34.078616889687055,1.388616889687055,.042478,Fr 5. Dez 23:24:04 CET 2025
9,32.69,3.734455,455.9,550,10.575,32.69,34.865249835902574,2.175249835902574,.066541,Fr 5. Dez 23:25:20 CET 2025
12,32.69,3.734455,455.9,550,10.575,32.69,35.72596380096918,3.03596380096918,.092871,Fr 5. Dez 23:25:31 CET 2025
15,32.69,3.734455,455.9,550,10.575,32.69,36.67236430540367,3.98236430540367,.121822,Fr 5. Dez 23:36:35 CET 2025
18,32.69,3.734455,455.9,550,10.575,32.69,37.718023434979514,5.028023434979514,.153809,Fr 5. Dez 23:38:06 CET 2025
21,32.69,3.734455,455.9,550,10.575,32.69,38.87832385163323,6.18832385163323,.189303,Fr 5. Dez 23:38:51 CET 2025
24,32.69,3.734455,455.9,550,10.575,32.69,40.169538128743184,7.479538128743184,.228802,Fr 5. Dez 23:38:54 CET 2025
27,32.69,3.734455,455.9,550,10.575,32.69,41.60627489148091,8.91627489148091,.272752,Fr 5. Dez 23:39:27 CET 2025
0,33.19,3.706219,455.9,550,10.575,33.19,33.19000000000002,.00000000000002,0,Fr 5. Dez 23:39:32 CET 2025
31,32.69,3.734455,455.9,550,10.575,32.69,43.75912887182053,11.06912887182053,.338609,Fr 5. Dez 23:39:35 CET 2025
30,32.69,3.734455,455.9,550,10.575,32.69,43.19604229410232,10.50604229410232,.321383,Fr 5. Dez 23:39:46 CET 2025
6,33.19,3.706219,455.9,550,10.575,33.19,34.62327221158863,1.43327221158863,.043183,Fr 5. Dez 23:39:47 CET 2025
9,33.19,3.706219,455.9,550,10.575,33.19,35.4368898118781,2.2468898118781,.067697,Fr 5. Dez 23:39:56 CET 2025
15,33.19,3.706219,455.9,550,10.575,33.19,37.31071939345719,4.12071939345719,.124155,Fr 5. Dez 23:39:59 CET 2025
3,33.19,3.706219,455.9,550,10.575,33.19,33.87723363679204,.68723363679204,.020706,Fr 5. Dez 23:40:08 CET 2025
12,33.19,3.706219,455.9,550,10.575,33.19,36.328557888882166,3.138557888882166,.094563,Fr 5. Dez 23:40:24 CET 2025
21,33.19,3.706219,455.9,550,10.575,33.19,39.606690730542155,6.416690730542155,.193332,Fr 5. Dez 23:40:59 CET 2025
18,33.19,3.706219,455.9,550,10.575,33.19,38.39793920676557,5.20793920676557,.156912,Fr 5. Dez 23:41:03 CET 2025
24,33.19,3.706219,455.9,550,10.575,33.19,40.95423909675093,7.76423909675093,.233933,Fr 5. Dez 23:41:31 CET 2025
27,33.19,3.706219,455.9,550,10.575,33.19,42.45559731554708,9.26559731554708,.279168,Fr 5. Dez 23:42:45 CET 2025
30,33.19,3.706219,455.9,550,10.575,33.19,44.11705700554012,10.92705700554012,.329227,Fr 5. Dez 23:43:04 CET 2025
31,33.19,3.706219,455.9,550,10.575,33.19,44.70499353943254,11.51499353943254,.346941,Fr 5. Dez 23:54:08 CET 2025
0,33.69,3.678614,455.9,550,10.575,33.69,33.69000000000002,.00000000000002,0,Fr 5. Dez 23:55:39 CET 2025
3,33.69,3.678614,455.9,550,10.575,33.69,34.39853130696341,.70853130696341,.021030,Fr 5. Dez 23:56:30 CET 2025
6,33.69,3.678614,455.9,550,10.575,33.69,35.16869733953556,1.47869733953556,.043891,Fr 5. Dez 23:56:33 CET 2025
9,33.69,3.678614,455.9,550,10.575,33.69,36.00984730916062,2.31984730916062,.068858,Fr 5. Dez 23:57:00 CET 2025
27,33.69,3.678614,455.9,550,10.575,33.69,43.31435014815861,9.62435014815861,.285673,Fr 5. Dez 23:57:05 CET 2025
15,33.69,3.678614,455.9,550,10.575,33.69,37.95201169971739,4.26201169971739,.126506,Fr 5. Dez 23:57:06 CET 2025
12,33.69,3.678614,455.9,550,10.575,33.69,36.93317675716592,3.24317675716592,.096265,Fr 5. Dez 23:57:07 CET 2025
24,33.69,3.678614,455.9,550,10.575,33.69,41.74635371185264,8.05635371185264,.239131,Fr 5. Dez 23:57:08 CET 2025
18,33.69,3.678614,455.9,550,10.575,33.69,39.08196537429002,5.39196537429002,.160046,Fr 5. Dez 23:57:11 CET 2025
21,33.69,3.678614,455.9,550,10.575,33.69,40.34065970501619,6.65065970501619,.197407,Fr 5. Dez 23:57:21 CET 2025
30,33.69,3.678614,455.9,550,10.575,33.69,45.04936216185647,11.35936216185647,.337173,Fr 5. Dez 23:57:43 CET 2025
31,33.69,3.678614,455.9,550,10.575,33.69,45.662625370959816,11.972625370959816,.355376,Fr 5. Dez 23:57:55 CET 2025
0,34.19,3.651617,455.9,550,10.575,34.19,34.19000000000002,.00000000000002,0,Fr 5. Dez 23:58:17 CET 2025
3,34.19,3.651617,455.9,550,10.575,34.19,34.920167892096025,.730167892096025,.021356,Fr 5. Dez 23:58:28 CET 2025
6,34.19,3.651617,455.9,550,10.575,34.19,35.714891376452336,1.524891376452336,.044600,Fr 5. Dez 23:59:15 CET 2025
9,34.19,3.651617,455.9,550,10.575,34.19,36.584130108906784,2.394130108906784,.070024,Sa 6. Dez 00:00:22 CET 2025
12,34.19,3.651617,455.9,550,10.575,34.19,37.53983775064673,3.34983775064673,.097977,Sa 6. Dez 00:00:29 CET 2025
15,34.19,3.651617,455.9,550,10.575,34.19,38.59627461765906,4.40627461765906,.128876,Sa 6. Dez 00:11:43 CET 2025
18,34.19,3.651617,455.9,550,10.575,34.19,39.77015921011052,5.58015921011052,.163210,Sa 6. Dez 00:12:53 CET 2025
21,34.19,3.651617,455.9,550,10.575,34.19,41.08030761390709,6.89030761390709,.201529,Sa 6. Dez 00:13:34 CET 2025
24,34.19,3.651617,455.9,550,10.575,34.19,42.546000814325545,8.356000814325545,.244398,Sa 6. Dez 00:14:18 CET 2025
0,34.97,3.610663,455.9,550,10.575,34.97,34.97000000000002,.00000000000002,0,Sa 6. Dez 00:14:19 CET 2025
27,34.19,3.651617,455.9,550,10.575,34.19,44.18266473311598,9.99266473311598,.292268,Sa 6. Dez 00:14:21 CET 2025
3,34.97,3.610663,455.9,550,10.575,34.97,35.734598704651624,.764598704651624,.021864,Sa 6. Dez 00:14:30 CET 2025
6,34.97,3.610663,455.9,550,10.575,34.97,36.5685014207346,1.5985014207346,.045710,Sa 6. Dez 00:14:34 CET 2025
30,34.19,3.651617,455.9,550,10.575,34.19,45.99300787282215,11.80300787282215,.345218,Sa 6. Dez 00:14:41 CET 2025
9,34.97,3.610663,455.9,550,10.575,34.97,37.48267972469763,2.51267972469763,.071852,Sa 6. Dez 00:14:45 CET 2025
12,34.97,3.610663,455.9,550,10.575,34.97,38.49035255954986,3.52035255954986,.100667,Sa 6. Dez 00:14:51 CET 2025
31,34.19,3.651617,455.9,550,10.575,34.19,46.632002748841614,12.442002748841614,.363907,Sa 6. Dez 00:15:06 CET 2025
15,34.97,3.610663,455.9,550,10.575,34.97,39.607340872417446,4.637340872417446,.132609,Sa 6. Dez 00:15:37 CET 2025
18,34.97,3.610663,455.9,550,10.575,34.97,40.852208761486956,5.882208761486956,.168207,Sa 6. Dez 00:15:58 CET 2025
21,34.97,3.610663,455.9,550,10.575,34.97,42.245740924052264,7.275740924052264,.208056,Sa 6. Dez 00:16:11 CET 2025
24,34.97,3.610663,455.9,550,10.575,34.97,43.80878179458354,8.83878179458354,.252753,Sa 6. Dez 00:16:50 CET 2025
30,34.97,3.610663,455.9,550,10.575,34.97,47.487811110345774,12.517811110345774,.357958,Sa 6. Dez 00:17:57 CET 2025
27,34.97,3.610663,455.9,550,10.575,34.97,45.556623106588276,10.586623106588276,.302734,Sa 6. Dez 00:18:00 CET 2025
31,34.97,3.610663,455.9,550,10.575,34.97,48.16760702636987,13.19760702636987,.377397,Sa 6. Dez 00:29:13 CET 2025
0,32.69,3.967981,514.7,550,10.575,32.69,32.69000000000002,.00000000000002,0,Sa 6. Dez 00:30:36 CET 2025
3,32.69,3.967981,514.7,550,10.575,32.69,33.27746100564386,.58746100564386,.017970,Sa 6. Dez 00:31:15 CET 2025
12,32.69,3.967981,514.7,550,10.575,32.69,35.32275918840989,2.63275918840989,.080537,Sa 6. Dez 00:31:36 CET 2025
6,32.69,3.967981,514.7,550,10.575,32.69,33.9082264157782,1.2182264157782,.037266,Sa 6. Dez 00:31:39 CET 2025
15,32.69,3.967981,514.7,550,10.575,32.69,36.12053318584917,3.43053318584917,.104941,Sa 6. Dez 00:31:46 CET 2025
27,32.69,3.967981,514.7,550,10.575,32.69,40.13122119931452,7.44122119931452,.227629,Sa 6. Dez 00:31:56 CET 2025
9,32.69,3.967981,514.7,550,10.575,32.69,34.587836454151635,1.897836454151635,.058055,Sa 6. Dez 00:32:01 CET 2025
18,32.69,3.967981,514.7,550,10.575,32.69,36.98988173595087,4.29988173595087,.131535,Sa 6. Dez 00:32:10 CET 2025
21,32.69,3.967981,514.7,550,10.575,32.69,37.94074158820089,5.25074158820089,.160622,Sa 6. Dez 00:32:25 CET 2025
24,32.69,3.967981,514.7,550,10.575,32.69,38.98407537065695,6.29407537065695,.192538,Sa 6. Dez 00:32:30 CET 2025
30,32.69,3.967981,514.7,550,10.575,32.69,41.39236423588382,8.70236423588382,.266208,Sa 6. Dez 00:33:10 CET 2025
31,32.69,3.967981,514.7,550,10.575,32.69,41.83932263551702,9.14932263551702,.279881,Sa 6. Dez 00:33:19 CET 2025
3,33.19,3.937979,514.7,550,10.575,33.19,33.795897490097495,.605897490097495,.018255,Sa 6. Dez 00:33:35 CET 2025
0,33.19,3.937979,514.7,550,10.575,33.19,33.19000000000002,.00000000000002,0,Sa 6. Dez 00:33:36 CET 2025
6,33.19,3.937979,514.7,550,10.575,33.19,34.44720140668031,1.25720140668031,.037878,Sa 6. Dez 00:34:32 CET 2025
12,33.19,3.937979,514.7,550,10.575,33.19,35.910666608614925,2.720666608614925,.081972,Sa 6. Dez 00:35:09 CET 2025
9,33.19,3.937979,514.7,550,10.575,33.19,35.149819097451825,1.959819097451825,.059048,Sa 6. Dez 00:35:17 CET 2025
18,33.69,3.908648,514.7,550,10.575,33.69,38.29466187775515,4.60466187775515,.136677,Sa 6. Dez 00:37:24 CET 2025
0,33.69,3.908648,514.7,550,10.575,33.69,33.69000000000002,.00000000000002,0,Sa 6. Dez 00:37:24 CET 2025
30,33.69,3.908648,514.7,550,10.575,33.69,43.08077280723532,9.39077280723532,.278740,Sa 6. Dez 00:37:24 CET 2025
31,33.19,3.937979,514.7,550,10.575,33.19,42.69920810082054,9.50920810082054,.286508,Sa 6. Dez 00:37:24 CET 2025
27,33.69,3.908648,514.7,550,10.575,33.69,41.70458517143242,8.01458517143242,.237892,Sa 6. Dez 00:37:24 CET 2025
27,33.19,3.937979,514.7,550,10.575,33.19,40.914227664470445,7.724227664470445,.232727,Sa 6. Dez 00:37:24 CET 2025
24,33.69,3.908648,514.7,550,10.575,33.69,40.45560650229378,6.76560650229378,.200819,Sa 6. Dez 00:37:24 CET 2025
12,33.69,3.908648,514.7,550,10.575,33.69,36.5002522528832,2.8102522528832,.083415,Sa 6. Dez 00:37:24 CET 2025
15,33.69,3.908648,514.7,550,10.575,33.69,37.357490998894335,3.667490998894335,.108859,Sa 6. Dez 00:37:24 CET 2025
15,33.19,3.937979,514.7,550,10.575,33.19,36.737818785030754,3.547818785030754,.106894,Sa 6. Dez 00:37:24 CET 2025
6,33.69,3.908648,514.7,550,10.575,33.69,34.98683499258811,1.29683499258811,.038493,Sa 6. Dez 00:37:24 CET 2025
21,33.69,3.908648,514.7,550,10.575,33.69,39.323191594231446,5.633191594231446,.167206,Sa 6. Dez 00:37:24 CET 2025
3,33.69,3.908648,514.7,550,10.575,33.69,34.31462885269675,.62462885269675,.018540,Sa 6. Dez 00:37:24 CET 2025
9,33.69,3.908648,514.7,550,10.575,33.69,35.712914593789264,2.022914593789264,.060044,Sa 6. Dez 00:37:24 CET 2025
21,33.19,3.937979,514.7,550,10.575,33.19,38.62977680602185,5.43977680602185,.163898,Sa 6. Dez 00:37:24 CET 2025
18,33.19,3.937979,514.7,550,10.575,33.19,37.64063492234073,4.45063492234073,.134095,Sa 6. Dez 00:37:24 CET 2025
24,33.19,3.937979,514.7,550,10.575,33.19,39.71697072587739,6.52697072587739,.196654,Sa 6. Dez 00:37:24 CET 2025
30,33.19,3.937979,514.7,550,10.575,33.19,42.232003976698216,9.042003976698216,.272431,Sa 6. Dez 00:37:24 CET 2025
24,34.19,3.879962,514.7,550,10.575,34.19,41.20007940015662,7.01007940015662,.205033,Sa 6. Dez 01:00:36 CET 2025
3,34.19,3.879962,514.7,550,10.575,34.19,34.833655934048075,.643655934048075,.018825,Sa 6. Dez 01:00:36 CET 2025
9,34.19,3.879962,514.7,550,10.575,34.19,36.277130465761545,2.087130465761545,.061045,Sa 6. Dez 01:00:37 CET 2025
15,34.97,3.836447,514.7,550,10.575,34.97,38.954902491840464,3.984902491840464,.113952,Sa 6. Dez 01:00:45 CET 2025
6,34.19,3.879962,514.7,550,10.575,34.19,35.52713238541651,1.33713238541651,.039108,Sa 6. Dez 01:00:46 CET 2025
15,34.19,3.879962,514.7,550,10.575,34.19,37.979576880234234,3.789576880234234,.110838,Sa 6. Dez 01:00:51 CET 2025
31,34.19,3.879962,514.7,550,10.575,34.19,44.44833714866715,10.25833714866715,.300039,Sa 6. Dez 01:00:51 CET 2025
31,33.69,3.908648,514.7,550,10.575,33.69,43.568830020636106,9.878830020636106,.293227,Sa 6. Dez 01:00:52 CET 2025
12,34.19,3.879962,514.7,550,10.575,34.19,37.09153152041434,2.90153152041434,.084864,Sa 6. Dez 01:00:52 CET 2025
0,34.19,3.879962,514.7,550,10.575,34.19,34.19000000000002,.00000000000002,0,Sa 6. Dez 01:00:53 CET 2025
21,34.19,3.879962,514.7,550,10.575,34.19,40.02105570213772,5.83105570213772,.170548,Sa 6. Dez 01:00:55 CET 2025
27,34.19,3.879962,514.7,550,10.575,34.19,42.5024274354118,8.3124274354118,.243124,Sa 6. Dez 01:00:56 CET 2025
0,34.97,3.836447,514.7,550,10.575,34.97,34.97000000000002,.00000000000002,0,Sa 6. Dez 01:00:57 CET 2025
6,34.97,3.836447,514.7,550,10.575,34.97,36.371323308728364,1.401323308728364,.040072,Sa 6. Dez 01:00:57 CET 2025
30,34.97,3.836447,514.7,550,10.575,34.97,45.296204876820546,10.326204876820546,.295287,Sa 6. Dez 01:00:59 CET 2025
18,34.19,3.879962,514.7,550,10.575,34.19,38.95200751033283,4.76200751033283,.139280,Sa 6. Dez 01:01:11 CET 2025
3,34.97,3.836447,514.7,550,10.575,34.97,35.643929889400596,.673929889400596,.019271,Sa 6. Dez 01:01:13 CET 2025
18,34.97,3.836447,514.7,550,10.575,34.97,39.98418392886524,5.01418392886524,.143385,Sa 6. Dez 01:01:16 CET 2025
12,34.97,3.836447,514.7,550,10.575,34.97,38.01733573916035,3.04733573916035,.087141,Sa 6. Dez 01:01:17 CET 2025
24,34.97,3.836447,514.7,550,10.575,34.97,42.373331822117436,7.403331822117436,.211705,Sa 6. Dez 01:01:18 CET 2025
9,34.97,3.836447,514.7,550,10.575,34.97,37.15955653545767,2.18955653545767,.062612,Sa 6. Dez 01:01:20 CET 2025
27,34.97,3.836447,514.7,550,10.575,34.97,43.76226578722762,8.79226578722762,.251423,Sa 6. Dez 01:01:20 CET 2025
30,34.19,3.879962,514.7,550,10.575,34.19,43.9388301860075,9.7488301860075,.285136,Sa 6. Dez 01:01:26 CET 2025
21,34.97,3.836447,514.7,550,10.575,34.97,41.11875452914999,6.14875452914999,.175829,Sa 6. Dez 01:01:34 CET 2025
31,34.97,3.836447,514.7,550,10.575,34.97,45.84031122345258,10.87031122345258,.310846,Sa 6. Dez 01:23:28 CET 2025
21,32.69,4.188507,573.5,550,10.575,32.69,37.249581651083155,4.559581651083155,.139479,Sa 6. Dez 01:24:03 CET 2025
24,32.69,4.188507,573.5,550,10.575,32.69,38.121156726405324,5.431156726405324,.166141,Sa 6. Dez 01:24:04 CET 2025
9,32.69,4.188507,573.5,550,10.575,32.69,34.37322809711252,1.68322809711252,.051490,Sa 6. Dez 01:24:06 CET 2025
27,32.69,4.188507,573.5,550,10.575,32.69,39.06884223880154,6.37884223880154,.195131,Sa 6. Dez 01:24:07 CET 2025
3,32.69,4.188507,573.5,550,10.575,32.69,33.21532348479839,.52532348479839,.016069,Sa 6. Dez 01:24:11 CET 2025
30,32.69,4.188507,573.5,550,10.575,32.69,40.10084848895824,7.41084848895824,.226700,Sa 6. Dez 01:24:13 CET 2025
0,32.69,4.188507,573.5,550,10.575,32.69,32.69000000000002,.00000000000002,0,Sa 6. Dez 01:24:13 CET 2025
18,32.69,4.188507,573.5,550,10.575,32.69,36.44609282226196,3.75609282226196,.114900,Sa 6. Dez 01:24:15 CET 2025
12,32.69,4.188507,573.5,550,10.575,32.69,35.01420898151421,2.32420898151421,.071098,Sa 6. Dez 01:24:18 CET 2025
9,33.19,4.156837,573.5,550,10.575,33.19,34.92784625627775,1.73784625627775,.052360,Sa 6. Dez 01:24:20 CET 2025
6,32.69,4.188507,573.5,550,10.575,32.69,33.775096968345956,1.085096968345956,.033193,Sa 6. Dez 01:24:25 CET 2025
15,32.69,4.188507,573.5,550,10.575,32.69,35.70319768156659,3.01319768156659,.092174,Sa 6. Dez 01:24:31 CET 2025
31,32.69,4.188507,573.5,550,10.575,32.69,40.46491508234671,7.77491508234671,.237837,Sa 6. Dez 01:24:32 CET 2025
3,33.19,4.156837,573.5,550,10.575,33.19,33.73177852695116,.54177852695116,.016323,Sa 6. Dez 01:24:32 CET 2025
0,33.19,4.156837,573.5,550,10.575,33.19,33.19000000000002,.00000000000002,0,Sa 6. Dez 01:24:33 CET 2025
12,33.19,4.156837,573.5,550,10.575,33.19,35.59110007607099,2.40110007607099,.072344,Sa 6. Dez 01:24:36 CET 2025
6,33.19,4.156837,573.5,550,10.575,33.19,34.30967188480038,1.11967188480038,.033735,Sa 6. Dez 01:24:38 CET 2025
18,33.19,4.156837,573.5,550,10.575,33.19,37.07573923210509,3.88573923210509,.117075,Sa 6. Dez 01:24:41 CET 2025
15,33.19,4.156837,573.5,550,10.575,33.19,36.304955171627356,3.114955171627356,.093852,Sa 6. Dez 01:24:53 CET 2025
21,33.19,4.156837,573.5,550,10.575,33.19,37.91063502819165,4.72063502819165,.142230,Sa 6. Dez 01:24:56 CET 2025
24,33.19,4.156837,573.5,550,10.575,33.19,38.81764557679702,5.62764557679702,.169558,Sa 6. Dez 01:25:03 CET 2025
27,33.19,4.156837,573.5,550,10.575,33.19,39.80538290385009,6.61538290385009,.199318,Sa 6. Dez 01:25:08 CET 2025
30,33.19,4.156837,573.5,550,10.575,33.19,40.88251135623427,7.69251135623427,.231771,Sa 6. Dez 01:25:15 CET 2025
31,33.19,4.156837,573.5,550,10.575,33.19,41.26279314328826,8.07279314328826,.243229,Sa 6. Dez 01:46:51 CET 2025
6,33.69,4.125876,573.5,550,10.575,33.69,34.844825014823584,1.154825014823584,.034277,Sa 6. Dez 01:47:10 CET 2025
21,33.69,4.125876,573.5,550,10.575,33.69,38.57523586647691,4.88523586647691,.145005,Sa 6. Dez 01:47:28 CET 2025
0,33.69,4.125876,573.5,550,10.575,33.69,33.69000000000002,.00000000000002,0,Sa 6. Dez 01:47:29 CET 2025
18,33.69,4.125876,573.5,550,10.575,33.69,37.70808682213626,4.01808682213626,.119266,Sa 6. Dez 01:47:29 CET 2025
3,33.69,4.125876,573.5,550,10.575,33.69,34.24849538761763,.55849538761763,.016577,Sa 6. Dez 01:47:33 CET 2025
12,33.69,4.125876,573.5,550,10.575,33.69,36.169421244280855,2.479421244280855,.073595,Sa 6. Dez 01:47:34 CET 2025
15,33.69,4.125876,573.5,550,10.575,33.69,36.90871518933349,3.21871518933349,.095539,Sa 6. Dez 01:47:40 CET 2025
24,33.69,4.125876,573.5,550,10.575,33.69,39.518736730074586,5.828736730074586,.173010,Sa 6. Dez 01:47:45 CET 2025
9,33.69,4.125876,573.5,550,10.575,33.69,35.483426426337104,1.793426426337104,.053233,Sa 6. Dez 01:47:48 CET 2025
27,33.69,4.125876,573.5,550,10.575,33.69,40.5477745186415,6.8577745186415,.203555,Sa 6. Dez 01:47:49 CET 2025
31,33.69,4.125876,573.5,550,10.575,33.69,42.068492976834975,8.378492976834975,.248693,Sa 6. Dez 01:47:53 CET 2025
0,34.19,4.095596,573.5,550,10.575,34.19,34.19000000000002,.00000000000002,0,Sa 6. Dez 01:47:54 CET 2025
15,34.19,4.095596,573.5,550,10.575,34.19,37.51449884217731,3.32449884217731,.097236,Sa 6. Dez 01:47:55 CET 2025
30,33.69,4.125876,573.5,550,10.575,33.69,41.671476281457,7.981476281457,.236909,Sa 6. Dez 01:48:00 CET 2025
6,34.19,4.095596,573.5,550,10.575,34.19,35.38055905868265,1.19055905868265,.034821,Sa 6. Dez 01:48:03 CET 2025
12,34.19,4.095596,573.5,550,10.575,34.19,36.7491840399535,2.5591840399535,.074851,Sa 6. Dez 01:48:05 CET 2025
9,34.19,4.095596,573.5,550,10.575,34.19,36.03997460867343,1.84997460867343,.054108,Sa 6. Dez 01:48:17 CET 2025
3,34.19,4.095596,573.5,550,10.575,34.19,34.76547475930386,.57547475930386,.016831,Sa 6. Dez 01:48:19 CET 2025
21,34.19,4.095596,573.5,550,10.575,34.19,39.243450334801565,5.053450334801565,.147804,Sa 6. Dez 01:48:24 CET 2025
24,34.19,4.095596,573.5,550,10.575,34.19,40.2245071763844,6.0345071763844,.176499,Sa 6. Dez 01:48:26 CET 2025
30,34.19,4.095596,573.5,550,10.575,34.19,42.46787778066553,8.27787778066553,.242114,Sa 6. Dez 01:48:27 CET 2025
18,34.19,4.095596,573.5,550,10.575,34.19,38.34317160780508,4.15317160780508,.121473,Sa 6. Dez 01:48:45 CET 2025
27,34.19,4.095596,573.5,550,10.575,34.19,41.29612042204265,7.10612042204265,.207842,Sa 6. Dez 01:48:50 CET 2025
0,34.97,4.049663,573.5,550,10.575,34.97,34.97000000000002,.00000000000002,0,Sa 6. Dez 02:10:19 CET 2025
31,34.19,4.095596,573.5,550,10.575,34.19,42.88215966582467,8.69215966582467,.254231,Sa 6. Dez 02:10:21 CET 2025
9,34.97,4.049663,573.5,550,10.575,34.97,36.910133225322035,1.940133225322035,.055479,Sa 6. Dez 02:10:50 CET 2025
12,34.97,4.049663,573.5,550,10.575,34.97,37.65651642039724,2.68651642039724,.076823,Sa 6. Dez 02:10:57 CET 2025
24,34.97,4.049663,573.5,550,10.575,34.97,41.335008954464946,6.365008954464946,.182013,Sa 6. Dez 02:10:57 CET 2025
15,34.97,4.049663,573.5,550,10.575,34.97,38.46360029296122,3.49360029296122,.099902,Sa 6. Dez 02:10:58 CET 2025
3,34.97,4.049663,573.5,550,10.575,34.97,35.57248726926277,.60248726926277,.017228,Sa 6. Dez 02:11:02 CET 2025
27,34.97,4.049663,573.5,550,10.575,34.97,42.475656006790715,7.505656006790715,.214631,Sa 6. Dez 02:11:06 CET 2025
6,34.97,4.049663,573.5,550,10.575,34.97,36.217467171450494,1.247467171450494,.035672,Sa 6. Dez 02:11:07 CET 2025
18,34.97,4.049663,573.5,550,10.575,34.97,39.339435911301145,4.369435911301145,.124948,Sa 6. Dez 02:11:09 CET 2025
0,32.69,4.397988,632.3,550,10.575,32.69,32.69000000000002,.00000000000002,0,Sa 6. Dez 02:11:21 CET 2025
3,32.69,4.397988,632.3,550,10.575,32.69,33.16507472636055,.47507472636055,.014532,Sa 6. Dez 02:11:25 CET 2025
21,34.97,4.049663,573.5,550,10.575,34.97,40.29318339194982,5.32318339194982,.152221,Sa 6. Dez 02:11:26 CET 2025
31,34.97,4.049663,573.5,550,10.575,34.97,44.16767444039888,9.19767444039888,.263016,Sa 6. Dez 02:11:29 CET 2025
30,34.97,4.049663,573.5,550,10.575,34.97,43.725389275520435,8.755389275520435,.250368,Sa 6. Dez 02:11:29 CET 2025
6,32.69,4.397988,632.3,550,10.575,32.69,33.66820702364692,.97820702364692,.029923,Sa 6. Dez 02:11:35 CET 2025
12,32.69,4.397988,632.3,550,10.575,32.69,34.770464340133124,2.080464340133124,.063642,Sa 6. Dez 02:11:37 CET 2025
15,32.69,4.397988,632.3,550,10.575,32.69,35.37651130793563,2.68651130793563,.082181,Sa 6. Dez 02:11:42 CET 2025
18,32.69,4.397988,632.3,550,10.575,32.69,36.02455965192929,3.33455965192929,.102005,Sa 6. Dez 02:11:43 CET 2025
24,32.69,4.397988,632.3,550,10.575,32.69,37.46596363416803,4.77596363416803,.146098,Sa 6. Dez 02:11:45 CET 2025
9,32.69,4.397988,632.3,550,10.575,32.69,34.202255911453065,1.512255911453065,.046260,Sa 6. Dez 02:11:50 CET 2025
21,32.69,4.397988,632.3,550,10.575,32.69,36.71929928073058,4.02929928073058,.123257,Sa 6. Dez 02:12:04 CET 2025
27,32.69,4.397988,632.3,550,10.575,32.69,38.270272176611265,5.580272176611265,.170702,Sa 6. Dez 02:12:26 CET 2025
30,32.69,4.397988,632.3,550,10.575,32.69,39.138310149511014,6.448310149511014,.197256,Sa 6. Dez 02:12:33 CET 2025
0,33.19,4.364735,632.3,550,10.575,33.19,33.19000000000002,.00000000000002,0,Sa 6. Dez 02:33:37 CET 2025
31,32.69,4.397988,632.3,550,10.575,32.69,39.44288263108556,6.75288263108556,.206573,Sa 6. Dez 02:33:49 CET 2025
15,33.19,4.364735,632.3,550,10.575,33.19,35.96635723316656,2.77635723316656,.083650,Sa 6. Dez 02:34:15 CET 2025
9,33.19,4.364735,632.3,550,10.575,33.19,34.75107133484238,1.56107133484238,.047034,Sa 6. Dez 02:34:16 CET 2025
3,33.19,4.364735,632.3,550,10.575,33.19,33.67993281697078,.48993281697078,.014761,Sa 6. Dez 02:34:25 CET 2025
18,33.19,4.364735,632.3,550,10.575,33.19,36.63824214324288,3.44824214324288,.103894,Sa 6. Dez 02:34:26 CET 2025
24,33.19,4.364735,632.3,550,10.575,33.19,38.13567022471362,4.94567022471362,.149010,Sa 6. Dez 02:34:28 CET 2025
12,33.19,4.364735,632.3,550,10.575,33.19,35.338786392018434,2.148786392018434,.064741,Sa 6. Dez 02:34:36 CET 2025
21,33.19,4.364735,632.3,550,10.575,33.19,37.35947775700053,4.16947775700053,.125624,Sa 6. Dez 02:34:38 CET 2025
6,33.19,4.364735,632.3,550,10.575,33.19,34.19927445263289,1.00927445263289,.030408,Sa 6. Dez 02:34:42 CET 2025
3,33.69,4.332225,632.3,550,10.575,33.69,34.1950263529186,.5050263529186,.014990,Sa 6. Dez 02:34:47 CET 2025
0,33.69,4.332225,632.3,550,10.575,33.69,33.69000000000002,.00000000000002,0,Sa 6. Dez 02:34:50 CET 2025
15,33.69,4.332225,632.3,550,10.575,33.69,36.5579271530069,2.8679271530069,.085126,Sa 6. Dez 02:34:54 CET 2025
30,33.19,4.364735,632.3,550,10.575,33.19,39.87783788281046,6.68783788281046,.201501,Sa 6. Dez 02:34:56 CET 2025
27,33.19,4.364735,632.3,550,10.575,33.19,38.97296034583696,5.78296034583696,.174238,Sa 6. Dez 02:34:56 CET 2025
6,33.69,4.332225,632.3,550,10.575,33.69,34.730857156049865,1.040857156049865,.030895,Sa 6. Dez 02:35:03 CET 2025
9,33.69,4.332225,632.3,550,10.575,33.69,35.300735769788574,1.610735769788574,.047810,Sa 6. Dez 02:35:04 CET 2025
18,33.69,4.332225,632.3,550,10.575,33.69,37.25422410577178,3.56422410577178,.105794,Sa 6. Dez 02:35:11 CET 2025
31,33.19,4.364735,632.3,550,10.575,33.19,40.19561077153497,7.00561077153497,.211075,Sa 6. Dez 02:35:12 CET 2025
21,33.69,4.332225,632.3,550,10.575,33.69,38.002639675802705,4.312639675802705,.128009,Sa 6. Dez 02:35:22 CET 2025
12,33.69,4.332225,632.3,550,10.575,33.69,35.908356612041075,2.218356612041075,.065846,Sa 6. Dez 02:35:28 CET 2025
24,33.69,4.332225,632.3,550,10.575,33.69,38.80918932574913,5.11918932574913,.151949,Sa 6. Dez 02:35:37 CET 2025
27,33.69,4.332225,632.3,550,10.575,33.69,39.68044543468122,5.99044543468122,.177810,Sa 6. Dez 02:35:51 CET 2025
30,33.69,4.332225,632.3,550,10.575,33.69,40.62332061324926,6.93332061324926,.205797,Sa 6. Dez 02:36:38 CET 2025
31,33.69,4.332225,632.3,550,10.575,33.69,40.95471620303194,7.26471620303194,.215634,Sa 6. Dez 02:56:49 CET 2025
0,34.19,4.300431,632.3,550,10.575,34.19,34.19000000000002,.00000000000002,0,Sa 6. Dez 02:57:11 CET 2025
6,34.19,4.300431,632.3,550,10.575,34.19,35.26295543242478,1.07295543242478,.031382,Sa 6. Dez 02:57:24 CET 2025
15,34.19,4.300431,632.3,550,10.575,34.19,37.15123409262591,2.96123409262591,.086611,Sa 6. Dez 02:57:51 CET 2025
3,34.19,4.300431,632.3,550,10.575,34.19,34.710355856683655,.520355856683655,.015219,Sa 6. Dez 02:57:59 CET 2025
12,34.19,4.300431,632.3,550,10.575,34.19,36.47917975993465,2.28917975993465,.066954,Sa 6. Dez 02:57:59 CET 2025
21,34.19,4.300431,632.3,550,10.575,34.19,38.64882213850843,4.45882213850843,.130413,Sa 6. Dez 02:58:07 CET 2025
9,34.19,4.300431,632.3,550,10.575,34.19,35.85125077053452,1.66125077053452,.048588,Sa 6. Dez 02:58:08 CET 2025
24,34.19,4.300431,632.3,550,10.575,34.19,39.48657242659617,5.29657242659617,.154915,Sa 6. Dez 02:58:09 CET 2025
31,34.19,4.300431,632.3,550,10.575,34.19,41.72030423870247,7.53030423870247,.220248,Sa 6. Dez 02:58:11 CET 2025
18,34.19,4.300431,632.3,550,10.575,34.19,37.87252362114142,3.68252362114142,.107707,Sa 6. Dez 02:58:12 CET 2025
0,34.97,4.252200,632.3,550,10.575,34.97,34.97000000000002,.00000000000002,0,Sa 6. Dez 02:58:16 CET 2025
27,34.19,4.300431,632.3,550,10.575,34.19,40.392800021350226,6.202800021350226,.181421,Sa 6. Dez 02:58:17 CET 2025
30,34.19,4.300431,632.3,550,10.575,34.19,41.374850908812256,7.184850908812256,.210144,Sa 6. Dez 02:58:18 CET 2025
9,34.97,4.252200,632.3,550,10.575,34.97,36.7117660176703,1.7417660176703,.049807,Sa 6. Dez 02:58:20 CET 2025
3,34.97,4.252200,632.3,550,10.575,34.97,35.514741556092574,.544741556092574,.015577,Sa 6. Dez 02:58:29 CET 2025
6,34.97,4.252200,632.3,550,10.575,34.97,36.094065335270095,1.124065335270095,.032143,Sa 6. Dez 02:58:34 CET 2025
12,34.97,4.252200,632.3,550,10.575,34.97,37.37218659415922,2.40218659415922,.068692,Sa 6. Dez 02:58:39 CET 2025
15,34.97,4.252200,632.3,550,10.575,34.97,38.08029559334444,3.11029559334444,.088941,Sa 6. Dez 02:58:44 CET 2025
24,34.97,4.252200,632.3,550,10.575,34.97,40.55113206299066,5.58113206299066,.159597,Sa 6. Dez 02:58:52 CET 2025
18,34.97,4.252200,632.3,550,10.575,34.97,38.84175766584033,3.87175766584033,.110716,Sa 6. Dez 02:58:58 CET 2025
21,34.97,4.252200,632.3,550,10.575,34.97,39.662985469950854,4.692985469950854,.134200,Sa 6. Dez 02:59:03 CET 2025
27,34.97,4.252200,632.3,550,10.575,34.97,41.51397272598695,6.54397272598695,.187131,Sa 6. Dez 02:59:26 CET 2025
30,34.97,4.252200,632.3,550,10.575,34.97,42.55955252797516,7.58955252797516,.217030,Sa 6. Dez 03:00:03 CET 2025
31,34.97,4.252200,632.3,550,10.575,34.97,42.927811107104944,7.957811107104944,.227561,Sa 6. Dez 03:20:22 CET 2025
0,32.69,4.598269,691.2,550,10.575,32.69,32.69000000000002,.00000000000002,0,Sa 6. Dez 03:20:30 CET 2025
3,32.69,4.598269,691.2,550,10.575,32.69,33.12353568282326,.43353568282326,.013262,Sa 6. Dez 03:20:52 CET 2025
6,32.69,4.598269,691.2,550,10.575,32.69,33.580356918287784,.890356918287784,.027236,Sa 6. Dez 03:21:14 CET 2025
24,32.69,4.598269,691.2,550,10.575,32.69,36.951056834167744,4.261056834167744,.130347,Sa 6. Dez 03:21:24 CET 2025
9,32.69,4.598269,691.2,550,10.575,32.69,34.06261573340386,1.37261573340386,.041988,Sa 6. Dez 03:21:28 CET 2025
15,32.69,4.598269,691.2,550,10.575,32.69,35.11340838927037,2.42340838927037,.074133,Sa 6. Dez 03:21:33 CET 2025
18,32.69,4.598269,691.2,550,10.575,32.69,35.68769577535688,2.99769577535688,.091700,Sa 6. Dez 03:21:35 CET 2025
31,32.69,4.598269,691.2,550,10.575,32.69,38.65504013566762,5.96504013566762,.182472,Sa 6. Dez 03:21:36 CET 2025
12,32.69,4.598269,691.2,550,10.575,32.69,34.57273032127396,1.88273032127396,.057593,Sa 6. Dez 03:21:37 CET 2025
21,32.69,4.598269,691.2,550,10.575,32.69,36.29898731782553,3.60898731782553,.110400,Sa 6. Dez 03:21:37 CET 2025
0,33.19,4.563501,691.2,550,10.575,33.19,33.19000000000002,.00000000000002,0,Sa 6. Dez 03:21:39 CET 2025
30,32.69,4.598269,691.2,550,10.575,32.69,38.39445315035019,5.70445315035019,.174501,Sa 6. Dez 03:21:41 CET 2025
9,33.19,4.563501,691.2,550,10.575,33.19,34.606736528548176,1.416736528548176,.042685,Sa 6. Dez 03:21:46 CET 2025
3,33.19,4.563501,691.2,550,10.575,33.19,33.63707747564828,.44707747564828,.013470,Sa 6. Dez 03:21:47 CET 2025
27,32.69,4.598269,691.2,550,10.575,32.69,37.6480528751104,4.9580528751104,.151668,Sa 6. Dez 03:21:52 CET 2025
6,33.19,4.563501,691.2,550,10.575,33.19,34.10855844374127,.91855844374127,.027675,Sa 6. Dez 03:22:00 CET 2025
12,33.19,4.563501,691.2,550,10.575,33.19,35.13419100841689,1.94419100841689,.058577,Sa 6. Dez 03:22:15 CET 2025
18,33.19,4.563501,691.2,550,10.575,33.19,36.28888361255494,3.09888361255494,.093367,Sa 6. Dez 03:22:30 CET 2025
21,33.19,4.563501,691.2,550,10.575,33.19,36.92302089012269,3.73302089012269,.112474,Sa 6. Dez 03:22:34 CET 2025
15,33.19,4.563501,691.2,550,10.575,33.19,35.69382102004066,2.50382102004066,.075439,Sa 6. Dez 03:22:35 CET 2025
24,33.19,4.563501,691.2,550,10.575,33.19,37.600284358701764,4.410284358701764,.132879,Sa 6. Dez 03:22:52 CET 2025
27,33.19,4.563501,691.2,550,10.575,33.19,38.32512473017606,5.13512473017606,.154719,Sa 6. Dez 03:23:19 CET 2025
30,33.19,4.563501,691.2,550,10.575,33.19,39.102338187553144,5.912338187553144,.178136,Sa 6. Dez 03:23:54 CET 2025
0,33.69,4.529511,691.2,550,10.575,33.69,33.69000000000002,.00000000000002,0,Sa 6. Dez 03:43:49 CET 2025
31,33.19,4.563501,691.2,550,10.575,33.19,39.37391027307136,6.18391027307136,.186318,Sa 6. Dez 03:43:55 CET 2025
3,33.69,4.529511,691.2,550,10.575,33.69,34.150833046603466,.460833046603466,.013678,Sa 6. Dez 03:44:16 CET 2025
9,33.69,4.529511,691.2,550,10.575,33.69,35.15161476851004,1.46161476851004,.043384,Sa 6. Dez 03:44:43 CET 2025
6,33.69,4.529511,691.2,550,10.575,33.69,34.63722393738467,.94722393738467,.028115,Sa 6. Dez 03:44:48 CET 2025
24,33.69,4.529511,691.2,550,10.575,33.69,38.25274258619814,4.56274258619814,.135433,Sa 6. Dez 03:44:49 CET 2025
12,33.69,4.529511,691.2,550,10.575,33.69,35.696755247229675,2.006755247229675,.059565,Sa 6. Dez 03:44:56 CET 2025
18,33.69,4.529511,691.2,550,10.575,33.69,36.89206006872816,3.20206006872816,.095044,Sa 6. Dez 03:45:00 CET 2025
0,34.19,4.496269,691.2,550,10.575,34.19,34.19000000000002,.00000000000002,0,Sa 6. Dez 03:45:09 CET 2025
27,33.69,4.529511,691.2,550,10.575,33.69,39.00622072061165,5.31622072061165,.157798,Sa 6. Dez 03:45:09 CET 2025
3,34.19,4.496269,691.2,550,10.575,34.19,34.66480276066433,.47480276066433,.013887,Sa 6. Dez 03:45:10 CET 2025
21,33.69,4.529511,691.2,550,10.575,33.69,37.54961272513658,3.85961272513658,.114562,Sa 6. Dez 03:45:12 CET 2025
15,33.69,4.529511,691.2,550,10.575,33.69,36.27574309454121,2.58574309454121,.076751,Sa 6. Dez 03:45:15 CET 2025
31,33.69,4.529511,691.2,550,10.575,33.69,40.098075666093365,6.408075666093365,.190207,Sa 6. Dez 03:45:16 CET 2025
9,34.19,4.496269,691.2,550,10.575,34.19,35.69725224454822,1.50725224454822,.044084,Sa 6. Dez 03:45:20 CET 2025
30,33.69,4.529511,691.2,550,10.575,33.69,39.815176613828484,6.125176613828484,.181809,Sa 6. Dez 03:45:23 CET 2025
6,34.19,4.496269,691.2,550,10.575,34.19,35.16635348216364,.97635348216364,.028556,Sa 6. Dez 03:45:42 CET 2025
21,34.19,4.496269,691.2,550,10.575,34.19,38.17879235986749,3.98879235986749,.116665,Sa 6. Dez 03:45:56 CET 2025
12,34.19,4.496269,691.2,550,10.575,34.19,36.26042677266089,2.07042677266089,.060556,Sa 6. Dez 03:45:58 CET 2025
15,34.19,4.496269,691.2,550,10.575,34.19,36.859183075448904,2.669183075448904,.078069,Sa 6. Dez 03:46:08 CET 2025
18,34.19,4.496269,691.2,550,10.575,34.19,37.49724555072999,3.30724555072999,.096731,Sa 6. Dez 03:46:14 CET 2025
24,34.19,4.496269,691.2,550,10.575,34.19,38.908474920381664,4.718474920381664,.138007,Sa 6. Dez 03:46:23 CET 2025
27,34.19,4.496269,691.2,550,10.575,34.19,39.69140033777583,5.50140033777583,.160906,Sa 6. Dez 03:46:43 CET 2025
30,34.19,4.496269,691.2,550,10.575,34.19,40.53304760840028,6.34304760840028,.185523,Sa 6. Dez 03:47:27 CET 2025
0,34.97,4.445842,691.2,550,10.575,34.97,34.97000000000002,.00000000000002,0,Sa 6. Dez 04:07:00 CET 2025
3,34.97,4.445842,691.2,550,10.575,34.97,35.46702357410274,.49702357410274,.014212,Sa 6. Dez 04:07:30 CET 2025
31,34.19,4.496269,691.2,550,10.575,34.19,40.8276223262234,6.6376223262234,.194139,Sa 6. Dez 04:07:36 CET 2025
9,34.97,4.445842,691.2,550,10.575,34.97,36.54997419564393,1.57997419564393,.045180,Sa 6. Dez 04:08:10 CET 2025
6,34.97,4.445842,691.2,550,10.575,34.97,35.9927301027358,1.0227301027358,.029245,Sa 6. Dez 04:08:14 CET 2025
15,34.97,4.445842,691.2,550,10.575,34.97,37.77241273490494,2.80241273490494,.080137,Sa 6. Dez 04:08:18 CET 2025
12,34.97,4.445842,691.2,550,10.575,34.97,37.141983342149835,2.171983342149835,.062109,Sa 6. Dez 04:08:32 CET 2025
24,34.97,4.445842,691.2,550,10.575,34.97,39.93804884996385,4.96804884996385,.142066,Sa 6. Dez 04:08:37 CET 2025
30,34.97,4.445842,691.2,550,10.575,34.97,41.66316302929334,6.69316302929334,.191397,Sa 6. Dez 04:08:37 CET 2025
0,32.69,4.751390,738.0,550,10.575,32.69,32.69000000000002,.00000000000002,0,Sa 6. Dez 04:08:39 CET 2025
21,34.97,4.445842,691.2,550,10.575,34.97,39.165543391797044,4.195543391797044,.119975,Sa 6. Dez 04:08:40 CET 2025
31,34.97,4.445842,691.2,550,10.575,34.97,41.97666757902398,7.00666757902398,.200362,Sa 6. Dez 04:08:41 CET 2025
18,34.97,4.445842,691.2,550,10.575,34.97,38.44538699170576,3.47538699170576,.099381,Sa 6. Dez 04:08:41 CET 2025
9,32.69,4.751390,738.0,550,10.575,32.69,33.96880151869826,1.27880151869826,.039119,Sa 6. Dez 04:08:46 CET 2025
27,34.97,4.445842,691.2,550,10.575,34.97,40.76857118827672,5.79857118827672,.165815,Sa 6. Dez 04:08:52 CET 2025
3,32.69,4.751390,738.0,550,10.575,32.69,33.09537304823762,.40537304823762,.012400,Sa 6. Dez 04:08:55 CET 2025
6,32.69,4.751390,738.0,550,10.575,32.69,33.521057249959455,.831057249959455,.025422,Sa 6. Dez 04:09:13 CET 2025
12,32.69,4.751390,738.0,550,10.575,32.69,34.44055478135515,1.75055478135515,.053550,Sa 6. Dez 04:09:25 CET 2025
21,32.69,4.751390,738.0,550,10.575,32.69,36.022832932438085,3.332832932438085,.101952,Sa 6. Dez 04:09:37 CET 2025
15,32.69,4.751390,738.0,550,10.575,32.69,34.9384878193574,2.2484878193574,.068782,Sa 6. Dez 04:09:46 CET 2025
24,32.69,4.751390,738.0,550,10.575,32.69,36.6149024863664,3.9249024863664,.120064,Sa 6. Dez 04:09:54 CET 2025
27,32.69,4.751390,738.0,550,10.575,32.69,37.244497361563816,4.554497361563816,.139323,Sa 6. Dez 04:09:58 CET 2025
18,32.69,4.751390,738.0,550,10.575,32.69,35.4650183729037,2.7750183729037,.084888,Sa 6. Dez 04:10:06 CET 2025
30,32.69,4.751390,738.0,550,10.575,32.69,37.91515055228757,5.22515055228757,.159839,Sa 6. Dez 04:10:38 CET 2025
31,32.69,4.751390,738.0,550,10.575,32.69,38.148472480591536,5.458472480591536,.166976,Sa 6. Dez 04:30:30 CET 2025
0,33.19,4.715465,738.0,550,10.575,33.19,33.19000000000002,.00000000000002,0,Sa 6. Dez 04:31:02 CET 2025
3,33.19,4.715465,738.0,550,10.575,33.19,33.60802413797667,.41802413797667,.012594,Sa 6. Dez 04:31:04 CET 2025
9,33.19,4.715465,738.0,550,10.575,33.19,34.50979009209348,1.31979009209348,.039764,Sa 6. Dez 04:31:37 CET 2025
12,33.19,4.715465,738.0,550,10.575,33.19,34.99747188711489,1.80747188711489,.054458,Sa 6. Dez 04:31:52 CET 2025
6,33.19,4.715465,738.0,550,10.575,33.19,34.047332926235214,.857332926235214,.025831,Sa 6. Dez 04:31:54 CET 2025
15,33.19,4.715465,738.0,550,10.575,33.19,35.512703342441995,2.322703342441995,.069982,Sa 6. Dez 04:32:00 CET 2025
31,33.19,4.715465,738.0,550,10.575,33.19,38.84609121005601,5.65609121005601,.170415,Sa 6. Dez 04:32:01 CET 2025
24,33.19,4.715465,738.0,550,10.575,33.19,37.25103839747922,4.06103839747922,.122357,Sa 6. Dez 04:32:06 CET 2025
21,33.19,4.715465,738.0,550,10.575,33.19,36.63645185645454,3.44645185645454,.103840,Sa 6. Dez 04:32:07 CET 2025
30,33.19,4.715465,738.0,550,10.575,33.19,38.603132094668034,5.413132094668034,.163095,Sa 6. Dez 04:32:13 CET 2025
18,33.19,4.715465,738.0,550,10.575,33.19,36.05806992269121,2.86806992269121,.086413,Sa 6. Dez 04:32:16 CET 2025
3,33.69,4.680342,738.0,550,10.575,33.69,34.12087481969739,.43087481969739,.012789,Sa 6. Dez 04:32:18 CET 2025
27,33.19,4.715465,738.0,550,10.575,33.19,37.905332569762976,4.715332569762976,.142070,Sa 6. Dez 04:32:20 CET 2025
12,33.69,4.680342,738.0,550,10.575,33.69,35.555402410954954,1.865402410954954,.055369,Sa 6. Dez 04:32:40 CET 2025
0,33.69,4.680342,738.0,550,10.575,33.69,33.69000000000002,.00000000000002,0,Sa 6. Dez 04:32:40 CET 2025
6,33.69,4.680342,738.0,550,10.575,33.69,34.57403886188449,.88403886188449,.026240,Sa 6. Dez 04:32:52 CET 2025
15,33.69,4.680342,738.0,550,10.575,33.69,36.08829319470799,2.39829319470799,.071187,Sa 6. Dez 04:32:54 CET 2025
9,33.69,4.680342,738.0,550,10.575,33.69,35.05147518562424,1.36147518562424,.040411,Sa 6. Dez 04:32:56 CET 2025
24,33.69,4.680342,738.0,550,10.575,33.69,37.89005075793691,4.20005075793691,.124667,Sa 6. Dez 04:33:13 CET 2025
18,33.69,4.680342,738.0,550,10.575,33.69,36.65292060272589,2.96292060272589,.087946,Sa 6. Dez 04:33:17 CET 2025
21,33.69,4.680342,738.0,550,10.575,33.69,37.252367102558,3.562367102558,.105739,Sa 6. Dez 04:33:21 CET 2025
27,33.69,4.680342,738.0,550,10.575,33.69,38.56972788974088,4.87972788974088,.144842,Sa 6. Dez 04:33:41 CET 2025
30,33.69,4.680342,738.0,550,10.575,33.69,39.295466441477515,5.605466441477515,.166383,Sa 6. Dez 04:34:01 CET 2025
31,33.69,4.680342,738.0,550,10.575,33.69,39.54835442283899,5.85835442283899,.173890,Sa 6. Dez 04:53:37 CET 2025
3,34.19,4.645993,738.0,550,10.575,34.19,34.63392470761183,.44392470761183,.012984,Sa 6. Dez 04:54:38 CET 2025
0,34.19,4.645993,738.0,550,10.575,34.19,34.19000000000002,.00000000000002,0,Sa 6. Dez 04:54:39 CET 2025
9,34.19,4.645993,738.0,550,10.575,34.19,35.593861308142564,1.403861308142564,.041060,Sa 6. Dez 04:55:06 CET 2025
6,34.19,4.645993,738.0,550,10.575,34.19,35.101175357136626,.911175357136626,.026650,Sa 6. Dez 04:55:24 CET 2025
24,34.19,4.645993,738.0,550,10.575,34.19,38.53197251521253,4.34197251521253,.126995,Sa 6. Dez 04:55:28 CET 2025
15,34.19,4.645993,738.0,550,10.575,34.19,36.66526433234436,2.47526433234436,.072397,Sa 6. Dez 04:55:29 CET 2025
12,34.19,4.645993,738.0,550,10.575,34.19,36.11434288711595,1.92434288711595,.056283,Sa 6. Dez 04:55:30 CET 2025
27,34.19,4.645993,738.0,550,10.575,34.19,39.237726591582415,5.047726591582415,.147637,Sa 6. Dez 04:55:37 CET 2025
0,34.97,4.593887,738.0,550,10.575,34.97,34.97000000000002,.00000000000002,0,Sa 6. Dez 04:55:39 CET 2025
18,34.19,4.645993,738.0,550,10.575,34.19,37.249583268019975,3.059583268019975,.089487,Sa 6. Dez 04:55:39 CET 2025
21,34.19,4.645993,738.0,550,10.575,34.19,37.87059907688857,3.68059907688857,.107651,Sa 6. Dez 04:55:40 CET 2025
31,34.19,4.645993,738.0,550,10.575,34.19,40.25532646450934,6.06532646450934,.177400,Sa 6. Dez 04:55:52 CET 2025
3,34.97,4.593887,738.0,550,10.575,34.97,35.43468119416587,.46468119416587,.013287,Sa 6. Dez 04:55:55 CET 2025
30,34.19,4.645993,738.0,550,10.575,34.19,39.9922129312919,5.8022129312919,.169704,Sa 6. Dez 04:56:01 CET 2025
6,34.97,4.593887,738.0,550,10.575,34.97,35.92437156805976,.95437156805976,.027291,Sa 6. Dez 04:56:06 CET 2025
12,34.97,4.593887,738.0,550,10.575,34.97,36.9883309903658,2.0183309903658,.057716,Sa 6. Dez 04:56:19 CET 2025
15,34.97,4.593887,738.0,550,10.575,34.97,37.56812067165912,2.59812067165912,.074295,Sa 6. Dez 04:56:26 CET 2025
9,34.97,4.593887,738.0,550,10.575,34.97,36.441387436633484,1.471387436633484,.042075,Sa 6. Dez 04:56:30 CET 2025
18,34.97,4.593887,738.0,550,10.575,34.97,38.184031377957524,3.214031377957524,.091908,Sa 6. Dez 04:56:32 CET 2025
21,34.97,4.593887,738.0,550,10.575,34.97,38.839722709638366,3.869722709638366,.110658,Sa 6. Dez 04:56:44 CET 2025
24,34.97,4.593887,738.0,550,10.575,34.97,39.53926059853652,4.56926059853652,.130662,Sa 6. Dez 04:57:07 CET 2025
27,34.97,4.593887,738.0,550,10.575,34.97,40.287113410213834,5.317113410213834,.152047,Sa 6. Dez 04:57:13 CET 2025
30,34.97,4.593887,738.0,550,10.575,34.97,41.08810262761407,6.11810262761407,.174952,Sa 6. Dez 04:57:15 CET 2025
31,34.97,4.593887,738.0,550,10.575,34.97,41.36777783909725,6.39777783909725,.182950,Sa 6. Dez 05:17:02 CET 2025
3,32.69,3.591226,421.6,450,10.616,32.69,33.41284414603679,.72284414603679,.022112,Sa 6. Dez 05:17:34 CET 2025
0,32.69,3.591226,421.6,450,10.616,32.69,32.69000000000002,.00000000000002,0,Sa 6. Dez 05:17:43 CET 2025
6,32.69,3.591226,421.6,450,10.616,32.69,34.201994851433454,1.511994851433454,.046252,Sa 6. Dez 05:17:50 CET 2025
9,32.69,3.591226,421.6,450,10.616,32.69,35.068078836812674,2.378078836812674,.072746,Sa 6. Dez 05:18:02 CET 2025
15,32.69,3.591226,421.6,450,10.616,32.69,37.084910867035,4.394910867035,.134442,Sa 6. Dez 05:18:33 CET 2025
12,32.69,3.591226,421.6,450,10.616,32.69,36.023923594325,3.333923594325,.101986,Sa 6. Dez 05:18:36 CET 2025
21,32.69,3.591226,421.6,450,10.616,32.69,39.596593280638906,6.906593280638906,.211275,Sa 6. Dez 05:18:53 CET 2025
18,32.69,3.591226,421.6,450,10.616,32.69,38.26908409628068,5.57908409628068,.170666,Sa 6. Dez 05:18:53 CET 2025
0,33.19,3.564073,421.6,450,10.616,33.19,33.19000000000002,.00000000000002,0,Sa 6. Dez 05:19:12 CET 2025
27,32.69,3.591226,421.6,450,10.616,32.69,42.75541683662154,10.06541683662154,.307905,Sa 6. Dez 05:19:12 CET 2025
6,33.19,3.564073,421.6,450,10.616,33.19,34.75080141620945,1.56080141620945,.047026,Sa 6. Dez 05:19:16 CET 2025
30,32.69,3.591226,421.6,450,10.616,32.69,44.59694205045441,11.90694205045441,.364238,Sa 6. Dez 05:19:17 CET 2025
24,32.69,3.591226,421.6,450,10.616,32.69,41.08740061776442,8.39740061776442,.256879,Sa 6. Dez 05:19:19 CET 2025
31,32.69,3.591226,421.6,450,10.616,32.69,45.24415780279165,12.55415780279165,.384036,Sa 6. Dez 05:19:23 CET 2025
9,33.19,3.564073,421.6,450,10.616,33.19,35.6468781783736,2.4568781783736,.074024,Sa 6. Dez 05:19:29 CET 2025
3,33.19,3.564073,421.6,450,10.616,33.19,33.93562312746083,.74562312746083,.022465,Sa 6. Dez 05:19:31 CET 2025
12,33.19,3.564073,421.6,450,10.616,33.19,36.63758208092976,3.44758208092976,.103874,Sa 6. Dez 05:19:33 CET 2025
15,33.19,3.564073,421.6,450,10.616,33.19,37.73941141853495,4.54941141853495,.137071,Sa 6. Dez 05:19:39 CET 2025
18,33.19,3.564073,421.6,450,10.616,33.19,38.97172228346876,5.78172228346876,.174200,Sa 6. Dez 05:19:45 CET 2025
21,33.19,3.564073,421.6,450,10.616,33.19,40.35603057245489,7.16603057245489,.215909,Sa 6. Dez 05:20:19 CET 2025
30,33.19,3.564073,421.6,450,10.616,33.19,45.578758013842865,12.388758013842865,.373267,Sa 6. Dez 05:20:33 CET 2025
24,33.19,3.564073,421.6,450,10.616,33.19,41.913247532322,8.723247532322,.262827,Sa 6. Dez 05:20:34 CET 2025
27,33.19,3.564073,421.6,450,10.616,33.19,43.656707250926054,10.466707250926054,.315357,Sa 6. Dez 05:20:42 CET 2025
31,33.19,3.564073,421.6,450,10.616,33.19,46.25256329506157,13.06256329506157,.393569,Sa 6. Dez 05:40:25 CET 2025
0,33.69,3.537527,421.6,450,10.616,33.69,33.69000000000002,.00000000000002,0,Sa 6. Dez 05:40:36 CET 2025
3,33.69,3.537527,421.6,450,10.616,33.69,34.45877111950715,.76877111950715,.022818,Sa 6. Dez 05:41:09 CET 2025
6,33.69,3.537527,421.6,450,10.616,33.69,35.30045602470259,1.61045602470259,.047802,Sa 6. Dez 05:41:23 CET 2025
15,33.69,3.537527,421.6,450,10.616,33.69,38.39729102538152,4.70729102538152,.139723,Sa 6. Dez 05:41:40 CET 2025
9,33.69,3.537527,421.6,450,10.616,33.69,36.22715214300188,2.53715214300188,.075308,Sa 6. Dez 05:41:44 CET 2025
12,33.69,3.537527,421.6,450,10.616,33.69,37.25353984074873,3.56353984074873,.105774,Sa 6. Dez 05:41:53 CET 2025
21,33.69,3.537527,421.6,450,10.616,33.69,41.12205882963995,7.43205882963995,.220601,Sa 6. Dez 05:42:22 CET 2025
18,33.69,3.537527,421.6,450,10.616,33.69,39.679153962358,5.989153962358,.177772,Sa 6. Dez 05:42:31 CET 2025
24,33.69,3.537527,421.6,450,10.616,33.69,42.747811119120854,9.057811119120854,.268857,Sa 6. Dez 05:42:31 CET 2025
31,33.69,3.537527,421.6,450,10.616,33.69,47.273235624176394,13.583235624176394,.403183,Sa 6. Dez 05:42:31 CET 2025
0,34.19,3.511565,421.6,450,10.616,34.19,34.19000000000002,.00000000000002,0,Sa 6. Dez 05:42:32 CET 2025
27,33.69,3.537527,421.6,450,10.616,33.69,44.56884272023122,10.87884272023122,.322910,Sa 6. Dez 05:42:33 CET 2025
18,34.19,3.511565,421.6,450,10.616,34.19,40.39145611284741,6.20145611284741,.181382,Sa 6. Dez 05:42:38 CET 2025
30,33.69,3.537527,421.6,450,10.616,33.69,46.57275317540846,12.88275317540846,.382391,Sa 6. Dez 05:42:38 CET 2025
3,34.19,3.511565,421.6,450,10.616,34.19,34.98228918377104,.79228918377104,.023173,Sa 6. Dez 05:42:40 CET 2025
9,34.19,3.511565,421.6,450,10.616,34.19,36.80890873086133,2.61890873086133,.076598,Sa 6. Dez 05:42:55 CET 2025
6,34.19,3.511565,421.6,450,10.616,34.19,35.85096248890048,1.66096248890048,.048580,Sa 6. Dez 05:42:55 CET 2025
12,34.19,3.511565,421.6,450,10.616,34.19,37.87181376873841,3.68181376873841,.107686,Sa 6. Dez 05:42:57 CET 2025
15,34.19,3.511565,421.6,450,10.616,34.19,39.058594832876466,4.868594832876466,.142398,Sa 6. Dez 05:43:07 CET 2025
21,34.19,3.511565,421.6,450,10.616,34.19,41.89479138108182,7.70479138108182,.225352,Sa 6. Dez 05:43:31 CET 2025
24,34.19,3.511565,421.6,450,10.616,34.19,43.591229039907645,9.401229039907645,.274970,Sa 6. Dez 05:43:46 CET 2025
27,34.19,3.511565,421.6,450,10.616,34.19,45.49190996390992,11.30190996390992,.330561,Sa 6. Dez 05:44:00 CET 2025
30,34.19,3.511565,421.6,450,10.616,34.19,47.57881874048392,13.38881874048392,.391600,Sa 6. Dez 05:44:05 CET 2025
31,34.19,3.511565,421.6,450,10.616,34.19,48.30594743098487,14.11594743098487,.412867,Sa 6. Dez 06:03:49 CET 2025
0,34.97,3.472182,421.6,450,10.616,34.97,34.97000000000002,.00000000000002,0,Sa 6. Dez 06:04:04 CET 2025
6,34.97,3.472182,421.6,450,10.616,34.97,36.711462386563745,1.741462386563745,.049798,Sa 6. Dez 06:04:40 CET 2025
3,34.97,3.472182,421.6,450,10.616,34.97,35.79971770458346,.82971770458346,.023726,Sa 6. Dez 06:04:42 CET 2025
9,34.97,3.472182,421.6,450,10.616,34.97,37.71943816410425,2.74943816410425,.078622,Sa 6. Dez 06:05:04 CET 2025
12,34.97,3.472182,421.6,450,10.616,34.97,38.84100641636147,3.87100641636147,.110695,Sa 6. Dez 06:05:07 CET 2025
15,34.97,3.472182,421.6,450,10.616,34.97,40.09716443510588,5.12716443510588,.146616,Sa 6. Dez 06:05:15 CET 2025
18,34.97,3.472182,421.6,450,10.616,34.97,41.51254205750275,6.54254205750275,.187090,Sa 6. Dez 06:05:20 CET 2025
31,34.97,3.472182,421.6,450,10.616,34.97,49.94036717149515,14.97036717149515,.428091,Sa 6. Dez 06:05:34 CET 2025
3,32.69,3.734455,455.9,450,10.616,32.69,33.35627358676717,.66627358676717,.020381,Sa 6. Dez 06:05:39 CET 2025
27,34.97,3.472182,421.6,450,10.616,34.97,46.953875512565155,11.983875512565155,.342690,Sa 6. Dez 06:05:40 CET 2025
24,34.97,3.472182,421.6,450,10.616,34.97,44.9249410287091,9.9549410287091,.284670,Sa 6. Dez 06:05:43 CET 2025
30,34.97,3.472182,421.6,450,10.616,34.97,49.17197306697435,14.20197306697435,.406118,Sa 6. Dez 06:05:46 CET 2025
6,32.69,3.734455,455.9,450,10.616,32.69,34.078616889687055,1.388616889687055,.042478,Sa 6. Dez 06:05:58 CET 2025
12,32.69,3.734455,455.9,450,10.616,32.69,35.72596380096918,3.03596380096918,.092871,Sa 6. Dez 06:05:59 CET 2025
21,34.97,3.472182,421.6,450,10.616,34.97,43.1139000148611,8.1439000148611,.232882,Sa 6. Dez 06:06:03 CET 2025
18,32.69,3.734455,455.9,450,10.616,32.69,37.718023434979514,5.028023434979514,.153809,Sa 6. Dez 06:06:15 CET 2025
0,32.69,3.734455,455.9,450,10.616,32.69,32.69000000000002,.00000000000002,0,Sa 6. Dez 06:06:17 CET 2025
9,32.69,3.734455,455.9,450,10.616,32.69,34.865249835902574,2.175249835902574,.066541,Sa 6. Dez 06:06:22 CET 2025
15,32.69,3.734455,455.9,450,10.616,32.69,36.67236430540367,3.98236430540367,.121822,Sa 6. Dez 06:06:30 CET 2025
24,32.69,3.734455,455.9,450,10.616,32.69,40.169538128743184,7.479538128743184,.228802,Sa 6. Dez 06:06:38 CET 2025
21,32.69,3.734455,455.9,450,10.616,32.69,38.87832385163323,6.18832385163323,.189303,Sa 6. Dez 06:06:51 CET 2025
27,32.69,3.734455,455.9,450,10.616,32.69,41.60627489148091,8.91627489148091,.272752,Sa 6. Dez 06:07:18 CET 2025
30,32.69,3.734455,455.9,450,10.616,32.69,43.19604229410232,10.50604229410232,.321383,Sa 6. Dez 06:07:19 CET 2025
0,33.19,3.706219,455.9,450,10.616,33.19,33.19000000000002,.00000000000002,0,Sa 6. Dez 06:27:16 CET 2025
31,32.69,3.734455,455.9,450,10.616,32.69,43.75912887182053,11.06912887182053,.338609,Sa 6. Dez 06:27:18 CET 2025
6,33.19,3.706219,455.9,450,10.616,33.19,34.62327221158863,1.43327221158863,.043183,Sa 6. Dez 06:27:56 CET 2025
3,33.19,3.706219,455.9,450,10.616,33.19,33.87723363679204,.68723363679204,.020706,Sa 6. Dez 06:28:11 CET 2025
9,33.19,3.706219,455.9,450,10.616,33.19,35.4368898118781,2.2468898118781,.067697,Sa 6. Dez 06:28:23 CET 2025
18,33.19,3.706219,455.9,450,10.616,33.19,38.39793920676557,5.20793920676557,.156912,Sa 6. Dez 06:28:26 CET 2025
12,33.19,3.706219,455.9,450,10.616,33.19,36.328557888882166,3.138557888882166,.094563,Sa 6. Dez 06:28:26 CET 2025
15,33.19,3.706219,455.9,450,10.616,33.19,37.31071939345719,4.12071939345719,.124155,Sa 6. Dez 06:28:31 CET 2025
21,33.19,3.706219,455.9,450,10.616,33.19,39.606690730542155,6.416690730542155,.193332,Sa 6. Dez 06:28:42 CET 2025
24,33.19,3.706219,455.9,450,10.616,33.19,40.95423909675093,7.76423909675093,.233933,Sa 6. Dez 06:28:51 CET 2025
30,33.19,3.706219,455.9,450,10.616,33.19,44.11705700554012,10.92705700554012,.329227,Sa 6. Dez 06:29:04 CET 2025
27,33.19,3.706219,455.9,450,10.616,33.19,42.45559731554708,9.26559731554708,.279168,Sa 6. Dez 06:29:13 CET 2025
31,33.19,3.706219,455.9,450,10.616,33.19,44.70499353943254,11.51499353943254,.346941,Sa 6. Dez 06:29:17 CET 2025
0,33.69,3.678614,455.9,450,10.616,33.69,33.69000000000002,.00000000000002,0,Sa 6. Dez 06:29:27 CET 2025
3,33.69,3.678614,455.9,450,10.616,33.69,34.39853130696341,.70853130696341,.021030,Sa 6. Dez 06:29:28 CET 2025
6,33.69,3.678614,455.9,450,10.616,33.69,35.16869733953556,1.47869733953556,.043891,Sa 6. Dez 06:29:44 CET 2025
12,33.69,3.678614,455.9,450,10.616,33.69,36.93317675716592,3.24317675716592,.096265,Sa 6. Dez 06:29:49 CET 2025
9,33.69,3.678614,455.9,450,10.616,33.69,36.00984730916062,2.31984730916062,.068858,Sa 6. Dez 06:29:54 CET 2025
18,33.69,3.678614,455.9,450,10.616,33.69,39.08196537429002,5.39196537429002,.160046,Sa 6. Dez 06:29:54 CET 2025
15,33.69,3.678614,455.9,450,10.616,33.69,37.95201169971739,4.26201169971739,.126506,Sa 6. Dez 06:29:58 CET 2025
24,33.69,3.678614,455.9,450,10.616,33.69,41.74635371185264,8.05635371185264,.239131,Sa 6. Dez 06:30:10 CET 2025
30,33.69,3.678614,455.9,450,10.616,33.69,45.04936216185647,11.35936216185647,.337173,Sa 6. Dez 06:30:20 CET 2025
21,33.69,3.678614,455.9,450,10.616,33.69,40.34065970501619,6.65065970501619,.197407,Sa 6. Dez 06:30:20 CET 2025
27,33.69,3.678614,455.9,450,10.616,33.69,43.31435014815861,9.62435014815861,.285673,Sa 6. Dez 06:30:52 CET 2025
31,33.69,3.678614,455.9,450,10.616,33.69,45.662625370959816,11.972625370959816,.355376,Sa 6. Dez 06:50:27 CET 2025
0,34.19,3.651617,455.9,450,10.616,34.19,34.19000000000002,.00000000000002,0,Sa 6. Dez 06:50:51 CET 2025
6,34.19,3.651617,455.9,450,10.616,34.19,35.714891376452336,1.524891376452336,.044600,Sa 6. Dez 06:51:31 CET 2025
3,34.19,3.651617,455.9,450,10.616,34.19,34.920167892096025,.730167892096025,.021356,Sa 6. Dez 06:51:33 CET 2025
18,34.19,3.651617,455.9,450,10.616,34.19,39.77015921011052,5.58015921011052,.163210,Sa 6. Dez 06:51:38 CET 2025
9,34.19,3.651617,455.9,450,10.616,34.19,36.584130108906784,2.394130108906784,.070024,Sa 6. Dez 06:51:46 CET 2025
15,34.19,3.651617,455.9,450,10.616,34.19,38.59627461765906,4.40627461765906,.128876,Sa 6. Dez 06:51:49 CET 2025
12,34.19,3.651617,455.9,450,10.616,34.19,37.53983775064673,3.34983775064673,.097977,Sa 6. Dez 06:51:57 CET 2025
24,34.19,3.651617,455.9,450,10.616,34.19,42.546000814325545,8.356000814325545,.244398,Sa 6. Dez 06:52:04 CET 2025
27,34.19,3.651617,455.9,450,10.616,34.19,44.18266473311598,9.99266473311598,.292268,Sa 6. Dez 06:52:13 CET 2025
21,34.19,3.651617,455.9,450,10.616,34.19,41.08030761390709,6.89030761390709,.201529,Sa 6. Dez 06:52:16 CET 2025
0,34.97,3.610663,455.9,450,10.616,34.97,34.97000000000002,.00000000000002,0,Sa 6. Dez 06:52:41 CET 2025
31,34.19,3.651617,455.9,450,10.616,34.19,46.632002748841614,12.442002748841614,.363907,Sa 6. Dez 06:52:42 CET 2025
30,34.19,3.651617,455.9,450,10.616,34.19,45.99300787282215,11.80300787282215,.345218,Sa 6. Dez 06:52:52 CET 2025
3,34.97,3.610663,455.9,450,10.616,34.97,35.734598704651624,.764598704651624,.021864,Sa 6. Dez 06:53:14 CET 2025
9,34.97,3.610663,455.9,450,10.616,34.97,37.48267972469763,2.51267972469763,.071852,Sa 6. Dez 06:53:14 CET 2025
15,34.97,3.610663,455.9,450,10.616,34.97,39.607340872417446,4.637340872417446,.132609,Sa 6. Dez 06:53:20 CET 2025
18,34.97,3.610663,455.9,450,10.616,34.97,40.852208761486956,5.882208761486956,.168207,Sa 6. Dez 06:53:20 CET 2025
12,34.97,3.610663,455.9,450,10.616,34.97,38.49035255954986,3.52035255954986,.100667,Sa 6. Dez 06:53:24 CET 2025
24,34.97,3.610663,455.9,450,10.616,34.97,43.80878179458354,8.83878179458354,.252753,Sa 6. Dez 06:53:28 CET 2025
27,34.97,3.610663,455.9,450,10.616,34.97,45.556623106588276,10.586623106588276,.302734,Sa 6. Dez 06:53:31 CET 2025
21,34.97,3.610663,455.9,450,10.616,34.97,42.245740924052264,7.275740924052264,.208056,Sa 6. Dez 06:53:33 CET 2025
6,34.97,3.610663,455.9,450,10.616,34.97,36.5685014207346,1.5985014207346,.045710,Sa 6. Dez 06:53:36 CET 2025
30,34.97,3.610663,455.9,450,10.616,34.97,47.487811110345774,12.517811110345774,.357958,Sa 6. Dez 06:53:53 CET 2025
31,34.97,3.610663,455.9,450,10.616,34.97,48.16760702636987,13.19760702636987,.377397,Sa 6. Dez 07:13:46 CET 2025
0,32.69,3.967981,514.7,450,10.616,32.69,32.69000000000002,.00000000000002,0,Sa 6. Dez 07:14:38 CET 2025
3,32.69,3.967981,514.7,450,10.616,32.69,33.27746100564386,.58746100564386,.017970,Sa 6. Dez 07:14:49 CET 2025
6,32.69,3.967981,514.7,450,10.616,32.69,33.9082264157782,1.2182264157782,.037266,Sa 6. Dez 07:14:50 CET 2025
12,32.69,3.967981,514.7,450,10.616,32.69,35.32275918840989,2.63275918840989,.080537,Sa 6. Dez 07:15:08 CET 2025
9,32.69,3.967981,514.7,450,10.616,32.69,34.587836454151635,1.897836454151635,.058055,Sa 6. Dez 07:15:09 CET 2025
15,32.69,3.967981,514.7,450,10.616,32.69,36.12053318584917,3.43053318584917,.104941,Sa 6. Dez 07:15:10 CET 2025
18,32.69,3.967981,514.7,450,10.616,32.69,36.98988173595087,4.29988173595087,.131535,Sa 6. Dez 07:15:15 CET 2025
21,32.69,3.967981,514.7,450,10.616,32.69,37.94074158820089,5.25074158820089,.160622,Sa 6. Dez 07:15:36 CET 2025
27,32.69,3.967981,514.7,450,10.616,32.69,40.13122119931452,7.44122119931452,.227629,Sa 6. Dez 07:15:40 CET 2025
24,32.69,3.967981,514.7,450,10.616,32.69,38.98407537065695,6.29407537065695,.192538,Sa 6. Dez 07:15:43 CET 2025
30,32.69,3.967981,514.7,450,10.616,32.69,41.39236423588382,8.70236423588382,.266208,Sa 6. Dez 07:15:47 CET 2025
31,32.69,3.967981,514.7,450,10.616,32.69,41.83932263551702,9.14932263551702,.279881,Sa 6. Dez 07:15:53 CET 2025
3,33.19,3.937979,514.7,450,10.616,33.19,33.795897490097495,.605897490097495,.018255,Sa 6. Dez 07:16:08 CET 2025
0,33.19,3.937979,514.7,450,10.616,33.19,33.19000000000002,.00000000000002,0,Sa 6. Dez 07:16:22 CET 2025
18,33.19,3.937979,514.7,450,10.616,33.19,37.64063492234073,4.45063492234073,.134095,Sa 6. Dez 07:16:37 CET 2025
6,33.19,3.937979,514.7,450,10.616,33.19,34.44720140668031,1.25720140668031,.037878,Sa 6. Dez 07:16:40 CET 2025
12,33.19,3.937979,514.7,450,10.616,33.19,35.910666608614925,2.720666608614925,.081972,Sa 6. Dez 07:16:49 CET 2025
15,33.19,3.937979,514.7,450,10.616,33.19,36.737818785030754,3.547818785030754,.106894,Sa 6. Dez 07:16:49 CET 2025
9,33.19,3.937979,514.7,450,10.616,33.19,35.149819097451825,1.959819097451825,.059048,Sa 6. Dez 07:16:50 CET 2025
27,33.19,3.937979,514.7,450,10.616,33.19,40.914227664470445,7.724227664470445,.232727,Sa 6. Dez 07:16:59 CET 2025
24,33.19,3.937979,514.7,450,10.616,33.19,39.71697072587739,6.52697072587739,.196654,Sa 6. Dez 07:17:07 CET 2025
21,33.19,3.937979,514.7,450,10.616,33.19,38.62977680602185,5.43977680602185,.163898,Sa 6. Dez 07:17:10 CET 2025
30,33.19,3.937979,514.7,450,10.616,33.19,42.232003976698216,9.042003976698216,.272431,Sa 6. Dez 07:17:19 CET 2025
31,33.19,3.937979,514.7,450,10.616,33.19,42.69920810082054,9.50920810082054,.286508,Sa 6. Dez 07:37:13 CET 2025
6,33.69,3.908648,514.7,450,10.616,33.69,34.98683499258811,1.29683499258811,.038493,Sa 6. Dez 07:37:40 CET 2025
3,33.69,3.908648,514.7,450,10.616,33.69,34.31462885269675,.62462885269675,.018540,Sa 6. Dez 07:38:03 CET 2025
0,33.69,3.908648,514.7,450,10.616,33.69,33.69000000000002,.00000000000002,0,Sa 6. Dez 07:38:07 CET 2025
18,33.69,3.908648,514.7,450,10.616,33.69,38.29466187775515,4.60466187775515,.136677,Sa 6. Dez 07:38:39 CET 2025
12,33.69,3.908648,514.7,450,10.616,33.69,36.5002522528832,2.8102522528832,.083415,Sa 6. Dez 07:38:42 CET 2025
15,33.69,3.908648,514.7,450,10.616,33.69,37.357490998894335,3.667490998894335,.108859,Sa 6. Dez 07:38:43 CET 2025
9,33.69,3.908648,514.7,450,10.616,33.69,35.712914593789264,2.022914593789264,.060044,Sa 6. Dez 07:38:58 CET 2025
27,33.69,3.908648,514.7,450,10.616,33.69,41.70458517143242,8.01458517143242,.237892,Sa 6. Dez 07:39:01 CET 2025
21,33.69,3.908648,514.7,450,10.616,33.69,39.323191594231446,5.633191594231446,.167206,Sa 6. Dez 07:39:02 CET 2025
31,33.69,3.908648,514.7,450,10.616,33.69,43.568830020636106,9.878830020636106,.293227,Sa 6. Dez 07:39:13 CET 2025
24,33.69,3.908648,514.7,450,10.616,33.69,40.45560650229378,6.76560650229378,.200819,Sa 6. Dez 07:39:17 CET 2025
30,33.69,3.908648,514.7,450,10.616,33.69,43.08077280723532,9.39077280723532,.278740,Sa 6. Dez 07:39:31 CET 2025
0,34.19,3.879962,514.7,450,10.616,34.19,34.19000000000002,.00000000000002,0,Sa 6. Dez 07:39:34 CET 2025
3,34.19,3.879962,514.7,450,10.616,34.19,34.833655934048075,.643655934048075,.018825,Sa 6. Dez 07:39:50 CET 2025
9,34.19,3.879962,514.7,450,10.616,34.19,36.277130465761545,2.087130465761545,.061045,Sa 6. Dez 07:40:00 CET 2025
18,34.19,3.879962,514.7,450,10.616,34.19,38.95200751033283,4.76200751033283,.139280,Sa 6. Dez 07:40:17 CET 2025
6,34.19,3.879962,514.7,450,10.616,34.19,35.52713238541651,1.33713238541651,.039108,Sa 6. Dez 07:40:18 CET 2025
15,34.19,3.879962,514.7,450,10.616,34.19,37.979576880234234,3.789576880234234,.110838,Sa 6. Dez 07:40:20 CET 2025
21,34.19,3.879962,514.7,450,10.616,34.19,40.02105570213772,5.83105570213772,.170548,Sa 6. Dez 07:40:23 CET 2025
12,34.19,3.879962,514.7,450,10.616,34.19,37.09153152041434,2.90153152041434,.084864,Sa 6. Dez 07:40:30 CET 2025
30,34.19,3.879962,514.7,450,10.616,34.19,43.9388301860075,9.7488301860075,.285136,Sa 6. Dez 07:40:36 CET 2025
27,34.19,3.879962,514.7,450,10.616,34.19,42.5024274354118,8.3124274354118,.243124,Sa 6. Dez 07:40:41 CET 2025
24,34.19,3.879962,514.7,450,10.616,34.19,41.20007940015662,7.01007940015662,.205033,Sa 6. Dez 07:40:43 CET 2025
31,34.19,3.879962,514.7,450,10.616,34.19,44.44833714866715,10.25833714866715,.300039,Sa 6. Dez 08:00:49 CET 2025
0,34.97,3.836447,514.7,450,10.616,34.97,34.97000000000002,.00000000000002,0,Sa 6. Dez 08:01:09 CET 2025
6,34.97,3.836447,514.7,450,10.616,34.97,36.371323308728364,1.401323308728364,.040072,Sa 6. Dez 08:01:19 CET 2025
3,34.97,3.836447,514.7,450,10.616,34.97,35.643929889400596,.673929889400596,.019271,Sa 6. Dez 08:01:46 CET 2025
15,34.97,3.836447,514.7,450,10.616,34.97,38.954902491840464,3.984902491840464,.113952,Sa 6. Dez 08:02:00 CET 2025
9,34.97,3.836447,514.7,450,10.616,34.97,37.15955653545767,2.18955653545767,.062612,Sa 6. Dez 08:02:06 CET 2025
21,34.97,3.836447,514.7,450,10.616,34.97,41.11875452914999,6.14875452914999,.175829,Sa 6. Dez 08:02:21 CET 2025
12,34.97,3.836447,514.7,450,10.616,34.97,38.01733573916035,3.04733573916035,.087141,Sa 6. Dez 08:02:23 CET 2025
18,34.97,3.836447,514.7,450,10.616,34.97,39.98418392886524,5.01418392886524,.143385,Sa 6. Dez 08:02:27 CET 2025
24,34.97,3.836447,514.7,450,10.616,34.97,42.373331822117436,7.403331822117436,.211705,Sa 6. Dez 08:02:36 CET 2025
27,34.97,3.836447,514.7,450,10.616,34.97,43.76226578722762,8.79226578722762,.251423,Sa 6. Dez 08:02:39 CET 2025
30,34.97,3.836447,514.7,450,10.616,34.97,45.296204876820546,10.326204876820546,.295287,Sa 6. Dez 08:02:40 CET 2025
0,32.69,4.188507,573.5,450,10.616,32.69,32.69000000000002,.00000000000002,0,Sa 6. Dez 08:02:56 CET 2025
31,34.97,3.836447,514.7,450,10.616,34.97,45.84031122345258,10.87031122345258,.310846,Sa 6. Dez 08:02:56 CET 2025
12,32.69,4.188507,573.5,450,10.616,32.69,35.01420898151421,2.32420898151421,.071098,Sa 6. Dez 08:03:31 CET 2025
18,32.69,4.188507,573.5,450,10.616,32.69,36.44609282226196,3.75609282226196,.114900,Sa 6. Dez 08:03:33 CET 2025
3,32.69,4.188507,573.5,450,10.616,32.69,33.21532348479839,.52532348479839,.016069,Sa 6. Dez 08:03:35 CET 2025
9,32.69,4.188507,573.5,450,10.616,32.69,34.37322809711252,1.68322809711252,.051490,Sa 6. Dez 08:03:39 CET 2025
27,32.69,4.188507,573.5,450,10.616,32.69,39.06884223880154,6.37884223880154,.195131,Sa 6. Dez 08:03:50 CET 2025
6,32.69,4.188507,573.5,450,10.616,32.69,33.775096968345956,1.085096968345956,.033193,Sa 6. Dez 08:03:50 CET 2025
15,32.69,4.188507,573.5,450,10.616,32.69,35.70319768156659,3.01319768156659,.092174,Sa 6. Dez 08:03:54 CET 2025
30,32.69,4.188507,573.5,450,10.616,32.69,40.10084848895824,7.41084848895824,.226700,Sa 6. Dez 08:04:02 CET 2025
24,32.69,4.188507,573.5,450,10.616,32.69,38.121156726405324,5.431156726405324,.166141,Sa 6. Dez 08:04:09 CET 2025
21,32.69,4.188507,573.5,450,10.616,32.69,37.249581651083155,4.559581651083155,.139479,Sa 6. Dez 08:04:13 CET 2025
31,32.69,4.188507,573.5,450,10.616,32.69,40.46491508234671,7.77491508234671,.237837,Sa 6. Dez 08:24:20 CET 2025
0,33.19,4.156837,573.5,450,10.616,33.19,33.19000000000002,.00000000000002,0,Sa 6. Dez 08:24:40 CET 2025
3,33.19,4.156837,573.5,450,10.616,33.19,33.73177852695116,.54177852695116,.016323,Sa 6. Dez 08:24:43 CET 2025
12,33.19,4.156837,573.5,450,10.616,33.19,35.59110007607099,2.40110007607099,.072344,Sa 6. Dez 08:25:15 CET 2025
9,33.19,4.156837,573.5,450,10.616,33.19,34.92784625627775,1.73784625627775,.052360,Sa 6. Dez 08:25:29 CET 2025
6,33.19,4.156837,573.5,450,10.616,33.19,34.30967188480038,1.11967188480038,.033735,Sa 6. Dez 08:25:31 CET 2025
18,33.19,4.156837,573.5,450,10.616,33.19,37.07573923210509,3.88573923210509,.117075,Sa 6. Dez 08:25:38 CET 2025
15,33.19,4.156837,573.5,450,10.616,33.19,36.304955171627356,3.114955171627356,.093852,Sa 6. Dez 08:25:43 CET 2025
21,33.19,4.156837,573.5,450,10.616,33.19,37.91063502819165,4.72063502819165,.142230,Sa 6. Dez 08:25:58 CET 2025
24,33.19,4.156837,573.5,450,10.616,33.19,38.81764557679702,5.62764557679702,.169558,Sa 6. Dez 08:26:00 CET 2025
30,33.19,4.156837,573.5,450,10.616,33.19,40.88251135623427,7.69251135623427,.231771,Sa 6. Dez 08:26:06 CET 2025
0,33.69,4.125876,573.5,450,10.616,33.69,33.69000000000002,.00000000000002,0,Sa 6. Dez 08:26:21 CET 2025
27,33.19,4.156837,573.5,450,10.616,33.19,39.80538290385009,6.61538290385009,.199318,Sa 6. Dez 08:26:25 CET 2025
31,33.19,4.156837,573.5,450,10.616,33.19,41.26279314328826,8.07279314328826,.243229,Sa 6. Dez 08:26:38 CET 2025
6,33.69,4.125876,573.5,450,10.616,33.69,34.844825014823584,1.154825014823584,.034277,Sa 6. Dez 08:26:59 CET 2025
12,33.69,4.125876,573.5,450,10.616,33.69,36.169421244280855,2.479421244280855,.073595,Sa 6. Dez 08:27:03 CET 2025
9,33.69,4.125876,573.5,450,10.616,33.69,35.483426426337104,1.793426426337104,.053233,Sa 6. Dez 08:27:06 CET 2025
18,33.69,4.125876,573.5,450,10.616,33.69,37.70808682213626,4.01808682213626,.119266,Sa 6. Dez 08:27:13 CET 2025
3,33.69,4.125876,573.5,450,10.616,33.69,34.24849538761763,.55849538761763,.016577,Sa 6. Dez 08:27:16 CET 2025
27,33.69,4.125876,573.5,450,10.616,33.69,40.5477745186415,6.8577745186415,.203555,Sa 6. Dez 08:27:23 CET 2025
21,33.69,4.125876,573.5,450,10.616,33.69,38.57523586647691,4.88523586647691,.145005,Sa 6. Dez 08:27:31 CET 2025
30,33.69,4.125876,573.5,450,10.616,33.69,41.671476281457,7.981476281457,.236909,Sa 6. Dez 08:27:34 CET 2025
24,33.69,4.125876,573.5,450,10.616,33.69,39.518736730074586,5.828736730074586,.173010,Sa 6. Dez 08:27:36 CET 2025
15,33.69,4.125876,573.5,450,10.616,33.69,36.90871518933349,3.21871518933349,.095539,Sa 6. Dez 08:27:37 CET 2025
31,33.69,4.125876,573.5,450,10.616,33.69,42.068492976834975,8.378492976834975,.248693,Sa 6. Dez 08:47:50 CET 2025
0,34.19,4.095596,573.5,450,10.616,34.19,34.19000000000002,.00000000000002,0,Sa 6. Dez 08:48:03 CET 2025
3,34.19,4.095596,573.5,450,10.616,34.19,34.76547475930386,.57547475930386,.016831,Sa 6. Dez 08:48:10 CET 2025
12,34.19,4.095596,573.5,450,10.616,34.19,36.7491840399535,2.5591840399535,.074851,Sa 6. Dez 08:48:52 CET 2025
9,34.19,4.095596,573.5,450,10.616,34.19,36.03997460867343,1.84997460867343,.054108,Sa 6. Dez 08:48:54 CET 2025
6,34.19,4.095596,573.5,450,10.616,34.19,35.38055905868265,1.19055905868265,.034821,Sa 6. Dez 08:48:55 CET 2025
18,34.19,4.095596,573.5,450,10.616,34.19,38.34317160780508,4.15317160780508,.121473,Sa 6. Dez 08:49:02 CET 2025
15,34.19,4.095596,573.5,450,10.616,34.19,37.51449884217731,3.32449884217731,.097236,Sa 6. Dez 08:49:13 CET 2025
27,34.19,4.095596,573.5,450,10.616,34.19,41.29612042204265,7.10612042204265,.207842,Sa 6. Dez 08:49:23 CET 2025
24,34.19,4.095596,573.5,450,10.616,34.19,40.2245071763844,6.0345071763844,.176499,Sa 6. Dez 08:49:27 CET 2025
31,34.19,4.095596,573.5,450,10.616,34.19,42.88215966582467,8.69215966582467,.254231,Sa 6. Dez 08:49:40 CET 2025
21,34.19,4.095596,573.5,450,10.616,34.19,39.243450334801565,5.053450334801565,.147804,Sa 6. Dez 08:49:45 CET 2025
0,34.97,4.049663,573.5,450,10.616,34.97,34.97000000000002,.00000000000002,0,Sa 6. Dez 08:49:52 CET 2025
30,34.19,4.095596,573.5,450,10.616,34.19,42.46787778066553,8.27787778066553,.242114,Sa 6. Dez 08:50:04 CET 2025
3,34.97,4.049663,573.5,450,10.616,34.97,35.57248726926277,.60248726926277,.017228,Sa 6. Dez 08:50:32 CET 2025
12,34.97,4.049663,573.5,450,10.616,34.97,37.65651642039724,2.68651642039724,.076823,Sa 6. Dez 08:50:32 CET 2025
9,34.97,4.049663,573.5,450,10.616,34.97,36.910133225322035,1.940133225322035,.055479,Sa 6. Dez 08:50:35 CET 2025
30,34.97,4.049663,573.5,450,10.616,34.97,43.725389275520435,8.755389275520435,.250368,Sa 6. Dez 08:50:50 CET 2025
18,34.97,4.049663,573.5,450,10.616,34.97,39.339435911301145,4.369435911301145,.124948,Sa 6. Dez 08:50:51 CET 2025
24,34.97,4.049663,573.5,450,10.616,34.97,41.335008954464946,6.365008954464946,.182013,Sa 6. Dez 08:50:58 CET 2025
27,34.97,4.049663,573.5,450,10.616,34.97,42.475656006790715,7.505656006790715,.214631,Sa 6. Dez 08:50:59 CET 2025
15,34.97,4.049663,573.5,450,10.616,34.97,38.46360029296122,3.49360029296122,.099902,Sa 6. Dez 08:50:59 CET 2025
6,34.97,4.049663,573.5,450,10.616,34.97,36.217467171450494,1.247467171450494,.035672,Sa 6. Dez 08:51:06 CET 2025
21,34.97,4.049663,573.5,450,10.616,34.97,40.29318339194982,5.32318339194982,.152221,Sa 6. Dez 08:51:19 CET 2025
0,32.69,4.397988,632.3,450,10.616,32.69,32.69000000000002,.00000000000002,0,Sa 6. Dez 09:11:12 CET 2025
31,34.97,4.049663,573.5,450,10.616,34.97,44.16767444039888,9.19767444039888,.263016,Sa 6. Dez 09:11:27 CET 2025
3,32.69,4.397988,632.3,450,10.616,32.69,33.16507472636055,.47507472636055,.014532,Sa 6. Dez 09:11:50 CET 2025
12,32.69,4.397988,632.3,450,10.616,32.69,34.770464340133124,2.080464340133124,.063642,Sa 6. Dez 09:12:27 CET 2025
9,32.69,4.397988,632.3,450,10.616,32.69,34.202255911453065,1.512255911453065,.046260,Sa 6. Dez 09:12:34 CET 2025
15,32.69,4.397988,632.3,450,10.616,32.69,35.37651130793563,2.68651130793563,.082181,Sa 6. Dez 09:12:38 CET 2025
6,32.69,4.397988,632.3,450,10.616,32.69,33.66820702364692,.97820702364692,.029923,Sa 6. Dez 09:12:38 CET 2025
18,32.69,4.397988,632.3,450,10.616,32.69,36.02455965192929,3.33455965192929,.102005,Sa 6. Dez 09:12:40 CET 2025
24,32.69,4.397988,632.3,450,10.616,32.69,37.46596363416803,4.77596363416803,.146098,Sa 6. Dez 09:12:53 CET 2025
21,32.69,4.397988,632.3,450,10.616,32.69,36.71929928073058,4.02929928073058,.123257,Sa 6. Dez 09:12:59 CET 2025
27,32.69,4.397988,632.3,450,10.616,32.69,38.270272176611265,5.580272176611265,.170702,Sa 6. Dez 09:13:05 CET 2025
30,32.69,4.397988,632.3,450,10.616,32.69,39.138310149511014,6.448310149511014,.197256,Sa 6. Dez 09:13:17 CET 2025
31,32.69,4.397988,632.3,450,10.616,32.69,39.44288263108556,6.75288263108556,.206573,Sa 6. Dez 09:13:19 CET 2025
0,33.19,4.364735,632.3,450,10.616,33.19,33.19000000000002,.00000000000002,0,Sa 6. Dez 09:13:42 CET 2025
9,33.19,4.364735,632.3,450,10.616,33.19,34.75107133484238,1.56107133484238,.047034,Sa 6. Dez 09:13:57 CET 2025
3,33.19,4.364735,632.3,450,10.616,33.19,33.67993281697078,.48993281697078,.014761,Sa 6. Dez 09:14:01 CET 2025
15,33.19,4.364735,632.3,450,10.616,33.19,35.96635723316656,2.77635723316656,.083650,Sa 6. Dez 09:14:07 CET 2025
6,33.19,4.364735,632.3,450,10.616,33.19,34.19927445263289,1.00927445263289,.030408,Sa 6. Dez 09:14:09 CET 2025
24,33.19,4.364735,632.3,450,10.616,33.19,38.13567022471362,4.94567022471362,.149010,Sa 6. Dez 09:14:18 CET 2025
21,33.19,4.364735,632.3,450,10.616,33.19,37.35947775700053,4.16947775700053,.125624,Sa 6. Dez 09:14:27 CET 2025
18,33.19,4.364735,632.3,450,10.616,33.19,36.63824214324288,3.44824214324288,.103894,Sa 6. Dez 09:14:31 CET 2025
27,33.19,4.364735,632.3,450,10.616,33.19,38.97296034583696,5.78296034583696,.174238,Sa 6. Dez 09:14:32 CET 2025
12,33.19,4.364735,632.3,450,10.616,33.19,35.338786392018434,2.148786392018434,.064741,Sa 6. Dez 09:14:33 CET 2025
30,33.19,4.364735,632.3,450,10.616,33.19,39.87783788281046,6.68783788281046,.201501,Sa 6. Dez 09:14:56 CET 2025
31,33.19,4.364735,632.3,450,10.616,33.19,40.19561077153497,7.00561077153497,.211075,Sa 6. Dez 09:34:46 CET 2025
0,33.69,4.332225,632.3,450,10.616,33.69,33.69000000000002,.00000000000002,0,Sa 6. Dez 09:35:05 CET 2025
3,33.69,4.332225,632.3,450,10.616,33.69,34.1950263529186,.5050263529186,.014990,Sa 6. Dez 09:35:11 CET 2025
6,33.69,4.332225,632.3,450,10.616,33.69,34.730857156049865,1.040857156049865,.030895,Sa 6. Dez 09:35:54 CET 2025
9,33.69,4.332225,632.3,450,10.616,33.69,35.300735769788574,1.610735769788574,.047810,Sa 6. Dez 09:35:55 CET 2025
18,33.69,4.332225,632.3,450,10.616,33.69,37.25422410577178,3.56422410577178,.105794,Sa 6. Dez 09:36:10 CET 2025
15,33.69,4.332225,632.3,450,10.616,33.69,36.5579271530069,2.8679271530069,.085126,Sa 6. Dez 09:36:13 CET 2025
12,33.69,4.332225,632.3,450,10.616,33.69,35.908356612041075,2.218356612041075,.065846,Sa 6. Dez 09:36:15 CET 2025
27,33.69,4.332225,632.3,450,10.616,33.69,39.68044543468122,5.99044543468122,.177810,Sa 6. Dez 09:36:22 CET 2025
21,33.69,4.332225,632.3,450,10.616,33.69,38.002639675802705,4.312639675802705,.128009,Sa 6. Dez 09:36:23 CET 2025
24,33.69,4.332225,632.3,450,10.616,33.69,38.80918932574913,5.11918932574913,.151949,Sa 6. Dez 09:36:33 CET 2025
30,33.69,4.332225,632.3,450,10.616,33.69,40.62332061324926,6.93332061324926,.205797,Sa 6. Dez 09:36:40 CET 2025
31,33.69,4.332225,632.3,450,10.616,33.69,40.95471620303194,7.26471620303194,.215634,Sa 6. Dez 09:36:46 CET 2025
0,34.19,4.300431,632.3,450,10.616,34.19,34.19000000000002,.00000000000002,0,Sa 6. Dez 09:36:58 CET 2025
9,34.19,4.300431,632.3,450,10.616,34.19,35.85125077053452,1.66125077053452,.048588,Sa 6. Dez 09:37:30 CET 2025
6,34.19,4.300431,632.3,450,10.616,34.19,35.26295543242478,1.07295543242478,.031382,Sa 6. Dez 09:37:33 CET 2025
12,34.19,4.300431,632.3,450,10.616,34.19,36.47917975993465,2.28917975993465,.066954,Sa 6. Dez 09:37:34 CET 2025
21,34.19,4.300431,632.3,450,10.616,34.19,38.64882213850843,4.45882213850843,.130413,Sa 6. Dez 09:37:37 CET 2025
3,34.19,4.300431,632.3,450,10.616,34.19,34.710355856683655,.520355856683655,.015219,Sa 6. Dez 09:37:40 CET 2025
18,34.19,4.300431,632.3,450,10.616,34.19,37.87252362114142,3.68252362114142,.107707,Sa 6. Dez 09:37:50 CET 2025
15,34.19,4.300431,632.3,450,10.616,34.19,37.15123409262591,2.96123409262591,.086611,Sa 6. Dez 09:38:07 CET 2025
27,34.19,4.300431,632.3,450,10.616,34.19,40.392800021350226,6.202800021350226,.181421,Sa 6. Dez 09:38:12 CET 2025
24,34.19,4.300431,632.3,450,10.616,34.19,39.48657242659617,5.29657242659617,.154915,Sa 6. Dez 09:38:12 CET 2025
30,34.19,4.300431,632.3,450,10.616,34.19,41.374850908812256,7.184850908812256,.210144,Sa 6. Dez 09:38:29 CET 2025
31,34.19,4.300431,632.3,450,10.616,34.19,41.72030423870247,7.53030423870247,.220248,Sa 6. Dez 09:58:18 CET 2025
0,34.97,4.252200,632.3,450,10.616,34.97,34.97000000000002,.00000000000002,0,Sa 6. Dez 09:58:23 CET 2025
3,34.97,4.252200,632.3,450,10.616,34.97,35.514741556092574,.544741556092574,.015577,Sa 6. Dez 09:58:34 CET 2025
9,34.97,4.252200,632.3,450,10.616,34.97,36.7117660176703,1.7417660176703,.049807,Sa 6. Dez 09:59:17 CET 2025
12,34.97,4.252200,632.3,450,10.616,34.97,37.37218659415922,2.40218659415922,.068692,Sa 6. Dez 09:59:38 CET 2025
6,34.97,4.252200,632.3,450,10.616,34.97,36.094065335270095,1.124065335270095,.032143,Sa 6. Dez 09:59:43 CET 2025
24,34.97,4.252200,632.3,450,10.616,34.97,40.55113206299066,5.58113206299066,.159597,Sa 6. Dez 09:59:48 CET 2025
15,34.97,4.252200,632.3,450,10.616,34.97,38.08029559334444,3.11029559334444,.088941,Sa 6. Dez 09:59:48 CET 2025
18,34.97,4.252200,632.3,450,10.616,34.97,38.84175766584033,3.87175766584033,.110716,Sa 6. Dez 09:59:48 CET 2025
21,34.97,4.252200,632.3,450,10.616,34.97,39.662985469950854,4.692985469950854,.134200,Sa 6. Dez 09:59:54 CET 2025
0,32.69,4.598269,691.2,450,10.616,32.69,32.69000000000002,.00000000000002,0,Sa 6. Dez 10:00:03 CET 2025
27,34.97,4.252200,632.3,450,10.616,34.97,41.51397272598695,6.54397272598695,.187131,Sa 6. Dez 10:00:08 CET 2025
31,34.97,4.252200,632.3,450,10.616,34.97,42.927811107104944,7.957811107104944,.227561,Sa 6. Dez 10:00:18 CET 2025
30,34.97,4.252200,632.3,450,10.616,34.97,42.55955252797516,7.58955252797516,.217030,Sa 6. Dez 10:00:26 CET 2025
6,32.69,4.598269,691.2,450,10.616,32.69,33.580356918287784,.890356918287784,.027236,Sa 6. Dez 10:00:51 CET 2025
9,32.69,4.598269,691.2,450,10.616,32.69,34.06261573340386,1.37261573340386,.041988,Sa 6. Dez 10:01:08 CET 2025
3,32.69,4.598269,691.2,450,10.616,32.69,33.12353568282326,.43353568282326,.013262,Sa 6. Dez 10:01:13 CET 2025
15,32.69,4.598269,691.2,450,10.616,32.69,35.11340838927037,2.42340838927037,.074133,Sa 6. Dez 10:01:13 CET 2025
12,32.69,4.598269,691.2,450,10.616,32.69,34.57273032127396,1.88273032127396,.057593,Sa 6. Dez 10:01:15 CET 2025
18,32.69,4.598269,691.2,450,10.616,32.69,35.68769577535688,2.99769577535688,.091700,Sa 6. Dez 10:01:24 CET 2025
24,32.69,4.598269,691.2,450,10.616,32.69,36.951056834167744,4.261056834167744,.130347,Sa 6. Dez 10:01:29 CET 2025
21,32.69,4.598269,691.2,450,10.616,32.69,36.29898731782553,3.60898731782553,.110400,Sa 6. Dez 10:01:39 CET 2025
27,32.69,4.598269,691.2,450,10.616,32.69,37.6480528751104,4.9580528751104,.151668,Sa 6. Dez 10:01:44 CET 2025
30,32.69,4.598269,691.2,450,10.616,32.69,38.39445315035019,5.70445315035019,.174501,Sa 6. Dez 10:02:09 CET 2025
3,33.19,4.563501,691.2,450,10.616,33.19,33.63707747564828,.44707747564828,.013470,Sa 6. Dez 10:21:44 CET 2025
31,32.69,4.598269,691.2,450,10.616,32.69,38.65504013566762,5.96504013566762,.182472,Sa 6. Dez 10:21:45 CET 2025
0,33.19,4.563501,691.2,450,10.616,33.19,33.19000000000002,.00000000000002,0,Sa 6. Dez 10:22:10 CET 2025
6,33.19,4.563501,691.2,450,10.616,33.19,34.10855844374127,.91855844374127,.027675,Sa 6. Dez 10:22:45 CET 2025
24,33.19,4.563501,691.2,450,10.616,33.19,37.600284358701764,4.410284358701764,.132879,Sa 6. Dez 10:23:09 CET 2025
9,33.19,4.563501,691.2,450,10.616,33.19,34.606736528548176,1.416736528548176,.042685,Sa 6. Dez 10:23:11 CET 2025
21,33.19,4.563501,691.2,450,10.616,33.19,36.92302089012269,3.73302089012269,.112474,Sa 6. Dez 10:23:20 CET 2025
31,33.19,4.563501,691.2,450,10.616,33.19,39.37391027307136,6.18391027307136,.186318,Sa 6. Dez 10:23:28 CET 2025
27,33.19,4.563501,691.2,450,10.616,33.19,38.32512473017606,5.13512473017606,.154719,Sa 6. Dez 10:23:30 CET 2025
15,33.19,4.563501,691.2,450,10.616,33.19,35.69382102004066,2.50382102004066,.075439,Sa 6. Dez 10:23:30 CET 2025
12,33.19,4.563501,691.2,450,10.616,33.19,35.13419100841689,1.94419100841689,.058577,Sa 6. Dez 10:23:30 CET 2025
18,33.19,4.563501,691.2,450,10.616,33.19,36.28888361255494,3.09888361255494,.093367,Sa 6. Dez 10:23:36 CET 2025
30,33.19,4.563501,691.2,450,10.616,33.19,39.102338187553144,5.912338187553144,.178136,Sa 6. Dez 10:23:41 CET 2025
0,33.69,4.529511,691.2,450,10.616,33.69,33.69000000000002,.00000000000002,0,Sa 6. Dez 10:23:57 CET 2025
3,33.69,4.529511,691.2,450,10.616,33.69,34.150833046603466,.460833046603466,.013678,Sa 6. Dez 10:24:27 CET 2025
15,33.69,4.529511,691.2,450,10.616,33.69,36.27574309454121,2.58574309454121,.076751,Sa 6. Dez 10:24:44 CET 2025
9,33.69,4.529511,691.2,450,10.616,33.69,35.15161476851004,1.46161476851004,.043384,Sa 6. Dez 10:24:50 CET 2025
6,33.69,4.529511,691.2,450,10.616,33.69,34.63722393738467,.94722393738467,.028115,Sa 6. Dez 10:24:53 CET 2025
12,33.69,4.529511,691.2,450,10.616,33.69,35.696755247229675,2.006755247229675,.059565,Sa 6. Dez 10:24:55 CET 2025
18,33.69,4.529511,691.2,450,10.616,33.69,36.89206006872816,3.20206006872816,.095044,Sa 6. Dez 10:25:01 CET 2025
21,33.69,4.529511,691.2,450,10.616,33.69,37.54961272513658,3.85961272513658,.114562,Sa 6. Dez 10:25:13 CET 2025
30,33.69,4.529511,691.2,450,10.616,33.69,39.815176613828484,6.125176613828484,.181809,Sa 6. Dez 10:25:27 CET 2025
24,33.69,4.529511,691.2,450,10.616,33.69,38.25274258619814,4.56274258619814,.135433,Sa 6. Dez 10:25:27 CET 2025
27,33.69,4.529511,691.2,450,10.616,33.69,39.00622072061165,5.31622072061165,.157798,Sa 6. Dez 10:25:36 CET 2025
31,33.69,4.529511,691.2,450,10.616,33.69,40.098075666093365,6.408075666093365,.190207,Sa 6. Dez 10:44:45 CET 2025
31,34.97,4.445842,691.2,450,10.616,34.97,41.97666757902398,7.00666757902398,.200362,Sa 6. Dez 10:45:12 CET 2025
3,34.97,4.445842,691.2,450,10.616,34.97,35.46702357410274,.49702357410274,.014212,Sa 6. Dez 10:45:12 CET 2025
24,34.97,4.445842,691.2,450,10.616,34.97,39.93804884996385,4.96804884996385,.142066,Sa 6. Dez 10:45:12 CET 2025
9,34.19,4.496269,691.2,450,10.616,34.19,35.69725224454822,1.50725224454822,.044084,Sa 6. Dez 10:45:12 CET 2025
27,34.97,4.445842,691.2,450,10.616,34.97,40.76857118827672,5.79857118827672,.165815,Sa 6. Dez 10:45:12 CET 2025
15,34.97,4.445842,691.2,450,10.616,34.97,37.77241273490494,2.80241273490494,.080137,Sa 6. Dez 10:45:12 CET 2025
0,34.97,4.445842,691.2,450,10.616,34.97,34.97000000000002,.00000000000002,0,Sa 6. Dez 10:45:12 CET 2025
12,34.19,4.496269,691.2,450,10.616,34.19,36.26042677266089,2.07042677266089,.060556,Sa 6. Dez 10:45:13 CET 2025
3,34.19,4.496269,691.2,450,10.616,34.19,34.66480276066433,.47480276066433,.013887,Sa 6. Dez 10:45:13 CET 2025
12,34.97,4.445842,691.2,450,10.616,34.97,37.141983342149835,2.171983342149835,.062109,Sa 6. Dez 10:45:13 CET 2025
27,34.19,4.496269,691.2,450,10.616,34.19,39.69140033777583,5.50140033777583,.160906,Sa 6. Dez 10:45:13 CET 2025
21,34.19,4.496269,691.2,450,10.616,34.19,38.17879235986749,3.98879235986749,.116665,Sa 6. Dez 10:45:13 CET 2025
18,34.97,4.445842,691.2,450,10.616,34.97,38.44538699170576,3.47538699170576,.099381,Sa 6. Dez 10:45:13 CET 2025
24,34.19,4.496269,691.2,450,10.616,34.19,38.908474920381664,4.718474920381664,.138007,Sa 6. Dez 10:45:13 CET 2025
31,34.19,4.496269,691.2,450,10.616,34.19,40.8276223262234,6.6376223262234,.194139,Sa 6. Dez 10:45:13 CET 2025
9,34.97,4.445842,691.2,450,10.616,34.97,36.54997419564393,1.57997419564393,.045180,Sa 6. Dez 10:45:13 CET 2025
30,34.97,4.445842,691.2,450,10.616,34.97,41.66316302929334,6.69316302929334,.191397,Sa 6. Dez 10:45:13 CET 2025
0,34.19,4.496269,691.2,450,10.616,34.19,34.19000000000002,.00000000000002,0,Sa 6. Dez 10:45:13 CET 2025
15,34.19,4.496269,691.2,450,10.616,34.19,36.859183075448904,2.669183075448904,.078069,Sa 6. Dez 10:45:13 CET 2025
18,34.19,4.496269,691.2,450,10.616,34.19,37.49724555072999,3.30724555072999,.096731,Sa 6. Dez 10:45:13 CET 2025
21,34.97,4.445842,691.2,450,10.616,34.97,39.165543391797044,4.195543391797044,.119975,Sa 6. Dez 10:45:13 CET 2025
6,34.97,4.445842,691.2,450,10.616,34.97,35.9927301027358,1.0227301027358,.029245,Sa 6. Dez 10:45:13 CET 2025
30,34.19,4.496269,691.2,450,10.616,34.19,40.53304760840028,6.34304760840028,.185523,Sa 6. Dez 10:45:13 CET 2025
6,34.19,4.496269,691.2,450,10.616,34.19,35.16635348216364,.97635348216364,.028556,Sa 6. Dez 10:45:13 CET 2025
3,33.19,4.715465,738.0,450,10.616,33.19,33.60802413797667,.41802413797667,.012594,Sa 6. Dez 11:19:35 CET 2025
31,32.69,4.751390,738.0,450,10.616,32.69,38.148472480591536,5.458472480591536,.166976,Sa 6. Dez 11:19:37 CET 2025
12,33.19,4.715465,738.0,450,10.616,33.19,34.99747188711489,1.80747188711489,.054458,Sa 6. Dez 11:19:38 CET 2025
3,32.69,4.751390,738.0,450,10.616,32.69,33.09537304823762,.40537304823762,.012400,Sa 6. Dez 11:19:41 CET 2025
6,32.69,4.751390,738.0,450,10.616,32.69,33.521057249959455,.831057249959455,.025422,Sa 6. Dez 11:19:42 CET 2025
0,32.69,4.751390,738.0,450,10.616,32.69,32.69000000000002,.00000000000002,0,Sa 6. Dez 11:19:44 CET 2025
15,33.19,4.715465,738.0,450,10.616,33.19,35.512703342441995,2.322703342441995,.069982,Sa 6. Dez 11:19:45 CET 2025
21,32.69,4.751390,738.0,450,10.616,32.69,36.022832932438085,3.332832932438085,.101952,Sa 6. Dez 11:19:45 CET 2025
12,32.69,4.751390,738.0,450,10.616,32.69,34.44055478135515,1.75055478135515,.053550,Sa 6. Dez 11:19:47 CET 2025
9,33.19,4.715465,738.0,450,10.616,33.19,34.50979009209348,1.31979009209348,.039764,Sa 6. Dez 11:19:49 CET 2025
24,32.69,4.751390,738.0,450,10.616,32.69,36.6149024863664,3.9249024863664,.120064,Sa 6. Dez 11:19:49 CET 2025
15,32.69,4.751390,738.0,450,10.616,32.69,34.9384878193574,2.2484878193574,.068782,Sa 6. Dez 11:19:52 CET 2025
0,33.19,4.715465,738.0,450,10.616,33.19,33.19000000000002,.00000000000002,0,Sa 6. Dez 11:19:53 CET 2025
27,32.69,4.751390,738.0,450,10.616,32.69,37.244497361563816,4.554497361563816,.139323,Sa 6. Dez 11:19:56 CET 2025
9,32.69,4.751390,738.0,450,10.616,32.69,33.96880151869826,1.27880151869826,.039119,Sa 6. Dez 11:20:03 CET 2025
18,32.69,4.751390,738.0,450,10.616,32.69,35.4650183729037,2.7750183729037,.084888,Sa 6. Dez 11:20:06 CET 2025
30,32.69,4.751390,738.0,450,10.616,32.69,37.91515055228757,5.22515055228757,.159839,Sa 6. Dez 11:20:06 CET 2025
6,33.19,4.715465,738.0,450,10.616,33.19,34.047332926235214,.857332926235214,.025831,Sa 6. Dez 11:20:08 CET 2025
0,33.69,4.680342,738.0,450,10.616,33.69,33.69000000000002,.00000000000002,0,Sa 6. Dez 11:36:58 CET 2025
3,33.69,4.680342,738.0,450,10.616,33.69,34.12087481969739,.43087481969739,.012789,Sa 6. Dez 11:37:05 CET 2025
24,33.19,4.715465,738.0,450,10.616,33.19,37.25103839747922,4.06103839747922,.122357,Sa 6. Dez 11:37:08 CET 2025
18,33.19,4.715465,738.0,450,10.616,33.19,36.05806992269121,2.86806992269121,.086413,Sa 6. Dez 11:37:13 CET 2025
15,33.69,4.680342,738.0,450,10.616,33.69,36.08829319470799,2.39829319470799,.071187,Sa 6. Dez 11:37:14 CET 2025
31,33.19,4.715465,738.0,450,10.616,33.19,38.84609121005601,5.65609121005601,.170415,Sa 6. Dez 11:37:18 CET 2025
30,33.19,4.715465,738.0,450,10.616,33.19,38.603132094668034,5.413132094668034,.163095,Sa 6. Dez 11:37:19 CET 2025
21,33.19,4.715465,738.0,450,10.616,33.19,36.63645185645454,3.44645185645454,.103840,Sa 6. Dez 11:37:23 CET 2025
27,33.19,4.715465,738.0,450,10.616,33.19,37.905332569762976,4.715332569762976,.142070,Sa 6. Dez 11:37:27 CET 2025
9,33.69,4.680342,738.0,450,10.616,33.69,35.05147518562424,1.36147518562424,.040411,Sa 6. Dez 11:37:31 CET 2025
6,33.69,4.680342,738.0,450,10.616,33.69,34.57403886188449,.88403886188449,.026240,Sa 6. Dez 11:37:31 CET 2025
18,33.69,4.680342,738.0,450,10.616,33.69,36.65292060272589,2.96292060272589,.087946,Sa 6. Dez 11:37:31 CET 2025
30,33.69,4.680342,738.0,450,10.616,33.69,39.295466441477515,5.605466441477515,.166383,Sa 6. Dez 11:37:36 CET 2025
12,33.69,4.680342,738.0,450,10.616,33.69,35.555402410954954,1.865402410954954,.055369,Sa 6. Dez 11:37:42 CET 2025
21,33.69,4.680342,738.0,450,10.616,33.69,37.252367102558,3.562367102558,.105739,Sa 6. Dez 11:37:43 CET 2025
24,33.69,4.680342,738.0,450,10.616,33.69,37.89005075793691,4.20005075793691,.124667,Sa 6. Dez 11:37:45 CET 2025
27,33.69,4.680342,738.0,450,10.616,33.69,38.56972788974088,4.87972788974088,.144842,Sa 6. Dez 11:37:45 CET 2025
31,33.69,4.680342,738.0,450,10.616,33.69,39.54835442283899,5.85835442283899,.173890,Sa 6. Dez 11:37:56 CET 2025
3,34.19,4.645993,738.0,450,10.616,34.19,34.63392470761183,.44392470761183,.012984,Sa 6. Dez 11:54:13 CET 2025
0,34.19,4.645993,738.0,450,10.616,34.19,34.19000000000002,.00000000000002,0,Sa 6. Dez 11:54:35 CET 2025
6,34.19,4.645993,738.0,450,10.616,34.19,35.101175357136626,.911175357136626,.026650,Sa 6. Dez 11:54:43 CET 2025
24,34.19,4.645993,738.0,450,10.616,34.19,38.53197251521253,4.34197251521253,.126995,Sa 6. Dez 11:54:48 CET 2025
9,34.19,4.645993,738.0,450,10.616,34.19,35.593861308142564,1.403861308142564,.041060,Sa 6. Dez 11:54:53 CET 2025
21,34.19,4.645993,738.0,450,10.616,34.19,37.87059907688857,3.68059907688857,.107651,Sa 6. Dez 11:54:53 CET 2025
9,34.97,4.593887,738.0,450,10.616,34.97,36.441387436633484,1.471387436633484,.042075,Sa 6. Dez 11:54:56 CET 2025
15,34.19,4.645993,738.0,450,10.616,34.19,36.66526433234436,2.47526433234436,.072397,Sa 6. Dez 11:54:59 CET 2025
27,34.19,4.645993,738.0,450,10.616,34.19,39.237726591582415,5.047726591582415,.147637,Sa 6. Dez 11:55:00 CET 2025
3,34.97,4.593887,738.0,450,10.616,34.97,35.43468119416587,.46468119416587,.013287,Sa 6. Dez 11:55:05 CET 2025
12,34.97,4.593887,738.0,450,10.616,34.97,36.9883309903658,2.0183309903658,.057716,Sa 6. Dez 11:55:11 CET 2025
31,34.19,4.645993,738.0,450,10.616,34.19,40.25532646450934,6.06532646450934,.177400,Sa 6. Dez 11:55:15 CET 2025
6,34.97,4.593887,738.0,450,10.616,34.97,35.92437156805976,.95437156805976,.027291,Sa 6. Dez 11:55:18 CET 2025
18,34.19,4.645993,738.0,450,10.616,34.19,37.249583268019975,3.059583268019975,.089487,Sa 6. Dez 11:55:19 CET 2025
0,34.97,4.593887,738.0,450,10.616,34.97,34.97000000000002,.00000000000002,0,Sa 6. Dez 11:55:20 CET 2025
12,34.19,4.645993,738.0,450,10.616,34.19,36.11434288711595,1.92434288711595,.056283,Sa 6. Dez 11:55:25 CET 2025
30,34.19,4.645993,738.0,450,10.616,34.19,39.9922129312919,5.8022129312919,.169704,Sa 6. Dez 11:55:26 CET 2025
15,34.97,4.593887,738.0,450,10.616,34.97,37.56812067165912,2.59812067165912,.074295,Sa 6. Dez 11:55:44 CET 2025
18,34.97,4.593887,738.0,450,10.616,34.97,38.184031377957524,3.214031377957524,.091908,Sa 6. Dez 12:11:47 CET 2025
21,34.97,4.593887,738.0,450,10.616,34.97,38.839722709638366,3.869722709638366,.110658,Sa 6. Dez 12:12:06 CET 2025
6,32.69,3.591226,421.6,500,10.616,32.69,34.201994851433454,1.511994851433454,.046252,Sa 6. Dez 12:12:08 CET 2025
3,32.69,3.591226,421.6,500,10.616,32.69,33.41284414603679,.72284414603679,.022112,Sa 6. Dez 12:12:18 CET 2025
9,32.69,3.591226,421.6,500,10.616,32.69,35.068078836812674,2.378078836812674,.072746,Sa 6. Dez 12:12:18 CET 2025
0,32.69,3.591226,421.6,500,10.616,32.69,32.69000000000002,.00000000000002,0,Sa 6. Dez 12:12:21 CET 2025
30,34.97,4.593887,738.0,450,10.616,34.97,41.08810262761407,6.11810262761407,.174952,Sa 6. Dez 12:12:24 CET 2025
12,32.69,3.591226,421.6,500,10.616,32.69,36.023923594325,3.333923594325,.101986,Sa 6. Dez 12:12:30 CET 2025
31,34.97,4.593887,738.0,450,10.616,34.97,41.36777783909725,6.39777783909725,.182950,Sa 6. Dez 12:12:32 CET 2025
24,34.97,4.593887,738.0,450,10.616,34.97,39.53926059853652,4.56926059853652,.130662,Sa 6. Dez 12:12:33 CET 2025
27,32.69,3.591226,421.6,500,10.616,32.69,42.75541683662154,10.06541683662154,.307905,Sa 6. Dez 12:12:33 CET 2025
15,32.69,3.591226,421.6,500,10.616,32.69,37.084910867035,4.394910867035,.134442,Sa 6. Dez 12:12:34 CET 2025
21,32.69,3.591226,421.6,500,10.616,32.69,39.596593280638906,6.906593280638906,.211275,Sa 6. Dez 12:12:38 CET 2025
18,32.69,3.591226,421.6,500,10.616,32.69,38.26908409628068,5.57908409628068,.170666,Sa 6. Dez 12:12:39 CET 2025
27,34.97,4.593887,738.0,450,10.616,34.97,40.287113410213834,5.317113410213834,.152047,Sa 6. Dez 12:12:52 CET 2025
30,32.69,3.591226,421.6,500,10.616,32.69,44.59694205045441,11.90694205045441,.364238,Sa 6. Dez 12:12:55 CET 2025
24,32.69,3.591226,421.6,500,10.616,32.69,41.08740061776442,8.39740061776442,.256879,Sa 6. Dez 12:13:09 CET 2025
31,32.69,3.591226,421.6,500,10.616,32.69,45.24415780279165,12.55415780279165,.384036,Sa 6. Dez 12:13:17 CET 2025
3,33.19,3.564073,421.6,500,10.616,33.19,33.93562312746083,.74562312746083,.022465,Sa 6. Dez 12:29:12 CET 2025
0,33.19,3.564073,421.6,500,10.616,33.19,33.19000000000002,.00000000000002,0,Sa 6. Dez 12:29:19 CET 2025
6,33.19,3.564073,421.6,500,10.616,33.19,34.75080141620945,1.56080141620945,.047026,Sa 6. Dez 12:29:27 CET 2025
21,33.19,3.564073,421.6,500,10.616,33.19,40.35603057245489,7.16603057245489,.215909,Sa 6. Dez 12:29:44 CET 2025
24,33.19,3.564073,421.6,500,10.616,33.19,41.913247532322,8.723247532322,.262827,Sa 6. Dez 12:29:45 CET 2025
15,33.19,3.564073,421.6,500,10.616,33.19,37.73941141853495,4.54941141853495,.137071,Sa 6. Dez 12:29:50 CET 2025
9,33.19,3.564073,421.6,500,10.616,33.19,35.6468781783736,2.4568781783736,.074024,Sa 6. Dez 12:29:54 CET 2025
18,33.19,3.564073,421.6,500,10.616,33.19,38.97172228346876,5.78172228346876,.174200,Sa 6. Dez 12:29:58 CET 2025
0,33.69,3.537527,421.6,500,10.616,33.69,33.69000000000002,.00000000000002,0,Sa 6. Dez 12:30:00 CET 2025
12,33.19,3.564073,421.6,500,10.616,33.19,36.63758208092976,3.44758208092976,.103874,Sa 6. Dez 12:30:00 CET 2025
27,33.19,3.564073,421.6,500,10.616,33.19,43.656707250926054,10.466707250926054,.315357,Sa 6. Dez 12:30:03 CET 2025
31,33.19,3.564073,421.6,500,10.616,33.19,46.25256329506157,13.06256329506157,.393569,Sa 6. Dez 12:30:04 CET 2025
30,33.19,3.564073,421.6,500,10.616,33.19,45.578758013842865,12.388758013842865,.373267,Sa 6. Dez 12:30:05 CET 2025
6,33.69,3.537527,421.6,500,10.616,33.69,35.30045602470259,1.61045602470259,.047802,Sa 6. Dez 12:30:19 CET 2025
12,33.69,3.537527,421.6,500,10.616,33.69,37.25353984074873,3.56353984074873,.105774,Sa 6. Dez 12:30:21 CET 2025
3,33.69,3.537527,421.6,500,10.616,33.69,34.45877111950715,.76877111950715,.022818,Sa 6. Dez 12:30:26 CET 2025
9,33.69,3.537527,421.6,500,10.616,33.69,36.22715214300188,2.53715214300188,.075308,Sa 6. Dez 12:30:34 CET 2025
15,33.69,3.537527,421.6,500,10.616,33.69,38.39729102538152,4.70729102538152,.139723,Sa 6. Dez 12:30:36 CET 2025
21,33.69,3.537527,421.6,500,10.616,33.69,41.12205882963995,7.43205882963995,.220601,Sa 6. Dez 12:46:40 CET 2025
18,33.69,3.537527,421.6,500,10.616,33.69,39.679153962358,5.989153962358,.177772,Sa 6. Dez 12:46:50 CET 2025
24,33.69,3.537527,421.6,500,10.616,33.69,42.747811119120854,9.057811119120854,.268857,Sa 6. Dez 12:47:06 CET 2025
12,34.19,3.511565,421.6,500,10.616,34.19,37.87181376873841,3.68181376873841,.107686,Sa 6. Dez 12:47:09 CET 2025
0,34.19,3.511565,421.6,500,10.616,34.19,34.19000000000002,.00000000000002,0,Sa 6. Dez 12:47:10 CET 2025
9,34.19,3.511565,421.6,500,10.616,34.19,36.80890873086133,2.61890873086133,.076598,Sa 6. Dez 12:47:12 CET 2025
30,33.69,3.537527,421.6,500,10.616,33.69,46.57275317540846,12.88275317540846,.382391,Sa 6. Dez 12:47:18 CET 2025
3,34.19,3.511565,421.6,500,10.616,34.19,34.98228918377104,.79228918377104,.023173,Sa 6. Dez 12:47:19 CET 2025
6,34.19,3.511565,421.6,500,10.616,34.19,35.85096248890048,1.66096248890048,.048580,Sa 6. Dez 12:47:24 CET 2025
18,34.19,3.511565,421.6,500,10.616,34.19,40.39145611284741,6.20145611284741,.181382,Sa 6. Dez 12:47:29 CET 2025
27,33.69,3.537527,421.6,500,10.616,33.69,44.56884272023122,10.87884272023122,.322910,Sa 6. Dez 12:47:33 CET 2025
31,33.69,3.537527,421.6,500,10.616,33.69,47.273235624176394,13.583235624176394,.403183,Sa 6. Dez 12:47:34 CET 2025
21,34.19,3.511565,421.6,500,10.616,34.19,41.89479138108182,7.70479138108182,.225352,Sa 6. Dez 12:47:34 CET 2025
15,34.19,3.511565,421.6,500,10.616,34.19,39.058594832876466,4.868594832876466,.142398,Sa 6. Dez 12:47:51 CET 2025
24,34.19,3.511565,421.6,500,10.616,34.19,43.591229039907645,9.401229039907645,.274970,Sa 6. Dez 12:47:55 CET 2025
31,34.19,3.511565,421.6,500,10.616,34.19,48.30594743098487,14.11594743098487,.412867,Sa 6. Dez 12:48:10 CET 2025
30,34.19,3.511565,421.6,500,10.616,34.19,47.57881874048392,13.38881874048392,.391600,Sa 6. Dez 12:48:10 CET 2025
27,34.19,3.511565,421.6,500,10.616,34.19,45.49190996390992,11.30190996390992,.330561,Sa 6. Dez 12:48:11 CET 2025
9,34.97,3.472182,421.6,500,10.616,34.97,37.71943816410425,2.74943816410425,.078622,Sa 6. Dez 13:04:17 CET 2025
0,34.97,3.472182,421.6,500,10.616,34.97,34.97000000000002,.00000000000002,0,Sa 6. Dez 13:04:25 CET 2025
3,34.97,3.472182,421.6,500,10.616,34.97,35.79971770458346,.82971770458346,.023726,Sa 6. Dez 13:04:37 CET 2025
12,34.97,3.472182,421.6,500,10.616,34.97,38.84100641636147,3.87100641636147,.110695,Sa 6. Dez 13:04:39 CET 2025
18,34.97,3.472182,421.6,500,10.616,34.97,41.51254205750275,6.54254205750275,.187090,Sa 6. Dez 13:04:40 CET 2025
30,34.97,3.472182,421.6,500,10.616,34.97,49.17197306697435,14.20197306697435,.406118,Sa 6. Dez 13:04:45 CET 2025
15,34.97,3.472182,421.6,500,10.616,34.97,40.09716443510588,5.12716443510588,.146616,Sa 6. Dez 13:04:46 CET 2025
6,34.97,3.472182,421.6,500,10.616,34.97,36.711462386563745,1.741462386563745,.049798,Sa 6. Dez 13:04:47 CET 2025
24,34.97,3.472182,421.6,500,10.616,34.97,44.9249410287091,9.9549410287091,.284670,Sa 6. Dez 13:04:48 CET 2025
31,34.97,3.472182,421.6,500,10.616,34.97,49.94036717149515,14.97036717149515,.428091,Sa 6. Dez 13:04:49 CET 2025
27,34.97,3.472182,421.6,500,10.616,34.97,46.953875512565155,11.983875512565155,.342690,Sa 6. Dez 13:04:51 CET 2025
0,32.69,3.734455,455.9,500,10.616,32.69,32.69000000000002,.00000000000002,0,Sa 6. Dez 13:04:52 CET 2025
21,34.97,3.472182,421.6,500,10.616,34.97,43.1139000148611,8.1439000148611,.232882,Sa 6. Dez 13:04:55 CET 2025
3,32.69,3.734455,455.9,500,10.616,32.69,33.35627358676717,.66627358676717,.020381,Sa 6. Dez 13:05:07 CET 2025
9,32.69,3.734455,455.9,500,10.616,32.69,34.865249835902574,2.175249835902574,.066541,Sa 6. Dez 13:05:26 CET 2025
12,32.69,3.734455,455.9,500,10.616,32.69,35.72596380096918,3.03596380096918,.092871,Sa 6. Dez 13:05:28 CET 2025
6,32.69,3.734455,455.9,500,10.616,32.69,34.078616889687055,1.388616889687055,.042478,Sa 6. Dez 13:05:31 CET 2025
15,32.69,3.734455,455.9,500,10.616,32.69,36.67236430540367,3.98236430540367,.121822,Sa 6. Dez 13:06:05 CET 2025
24,32.69,3.734455,455.9,500,10.616,32.69,40.169538128743184,7.479538128743184,.228802,Sa 6. Dez 13:21:56 CET 2025
21,32.69,3.734455,455.9,500,10.616,32.69,38.87832385163323,6.18832385163323,.189303,Sa 6. Dez 13:21:57 CET 2025
9,33.19,3.706219,455.9,500,10.616,33.19,35.4368898118781,2.2468898118781,.067697,Sa 6. Dez 13:21:59 CET 2025
31,32.69,3.734455,455.9,500,10.616,32.69,43.75912887182053,11.06912887182053,.338609,Sa 6. Dez 13:22:05 CET 2025
0,33.19,3.706219,455.9,500,10.616,33.19,33.19000000000002,.00000000000002,0,Sa 6. Dez 13:22:05 CET 2025
18,32.69,3.734455,455.9,500,10.616,32.69,37.718023434979514,5.028023434979514,.153809,Sa 6. Dez 13:22:08 CET 2025
15,33.19,3.706219,455.9,500,10.616,33.19,37.31071939345719,4.12071939345719,.124155,Sa 6. Dez 13:22:11 CET 2025
3,33.19,3.706219,455.9,500,10.616,33.19,33.87723363679204,.68723363679204,.020706,Sa 6. Dez 13:22:15 CET 2025
30,32.69,3.734455,455.9,500,10.616,32.69,43.19604229410232,10.50604229410232,.321383,Sa 6. Dez 13:22:17 CET 2025
12,33.19,3.706219,455.9,500,10.616,33.19,36.328557888882166,3.138557888882166,.094563,Sa 6. Dez 13:22:18 CET 2025
27,32.69,3.734455,455.9,500,10.616,32.69,41.60627489148091,8.91627489148091,.272752,Sa 6. Dez 13:22:23 CET 2025
18,33.19,3.706219,455.9,500,10.616,33.19,38.39793920676557,5.20793920676557,.156912,Sa 6. Dez 13:22:23 CET 2025
21,33.19,3.706219,455.9,500,10.616,33.19,39.606690730542155,6.416690730542155,.193332,Sa 6. Dez 13:22:29 CET 2025
6,33.19,3.706219,455.9,500,10.616,33.19,34.62327221158863,1.43327221158863,.043183,Sa 6. Dez 13:22:39 CET 2025
27,33.19,3.706219,455.9,500,10.616,33.19,42.45559731554708,9.26559731554708,.279168,Sa 6. Dez 13:22:48 CET 2025
24,33.19,3.706219,455.9,500,10.616,33.19,40.95423909675093,7.76423909675093,.233933,Sa 6. Dez 13:22:52 CET 2025
30,33.19,3.706219,455.9,500,10.616,33.19,44.11705700554012,10.92705700554012,.329227,Sa 6. Dez 13:23:02 CET 2025
31,33.19,3.706219,455.9,500,10.616,33.19,44.70499353943254,11.51499353943254,.346941,Sa 6. Dez 13:23:40 CET 2025
9,33.69,3.678614,455.9,500,10.616,33.69,36.00984730916062,2.31984730916062,.068858,Sa 6. Dez 13:39:15 CET 2025
27,33.69,3.678614,455.9,500,10.616,33.69,43.31435014815861,9.62435014815861,.285673,Sa 6. Dez 13:39:27 CET 2025
3,33.69,3.678614,455.9,500,10.616,33.69,34.39853130696341,.70853130696341,.021030,Sa 6. Dez 13:39:32 CET 2025
0,33.69,3.678614,455.9,500,10.616,33.69,33.69000000000002,.00000000000002,0,Sa 6. Dez 13:39:33 CET 2025
18,33.69,3.678614,455.9,500,10.616,33.69,39.08196537429002,5.39196537429002,.160046,Sa 6. Dez 13:39:34 CET 2025
21,33.69,3.678614,455.9,500,10.616,33.69,40.34065970501619,6.65065970501619,.197407,Sa 6. Dez 13:39:34 CET 2025
24,33.69,3.678614,455.9,500,10.616,33.69,41.74635371185264,8.05635371185264,.239131,Sa 6. Dez 13:39:36 CET 2025
0,34.19,3.651617,455.9,500,10.616,34.19,34.19000000000002,.00000000000002,0,Sa 6. Dez 13:39:39 CET 2025
6,33.69,3.678614,455.9,500,10.616,33.69,35.16869733953556,1.47869733953556,.043891,Sa 6. Dez 13:39:41 CET 2025
12,33.69,3.678614,455.9,500,10.616,33.69,36.93317675716592,3.24317675716592,.096265,Sa 6. Dez 13:39:46 CET 2025
30,33.69,3.678614,455.9,500,10.616,33.69,45.04936216185647,11.35936216185647,.337173,Sa 6. Dez 13:39:50 CET 2025
15,33.69,3.678614,455.9,500,10.616,33.69,37.95201169971739,4.26201169971739,.126506,Sa 6. Dez 13:39:50 CET 2025
31,33.69,3.678614,455.9,500,10.616,33.69,45.662625370959816,11.972625370959816,.355376,Sa 6. Dez 13:40:06 CET 2025
9,34.19,3.651617,455.9,500,10.616,34.19,36.584130108906784,2.394130108906784,.070024,Sa 6. Dez 13:40:08 CET 2025
3,34.19,3.651617,455.9,500,10.616,34.19,34.920167892096025,.730167892096025,.021356,Sa 6. Dez 13:40:22 CET 2025
6,34.19,3.651617,455.9,500,10.616,34.19,35.714891376452336,1.524891376452336,.044600,Sa 6. Dez 13:40:22 CET 2025
12,34.19,3.651617,455.9,500,10.616,34.19,37.53983775064673,3.34983775064673,.097977,Sa 6. Dez 13:40:59 CET 2025
15,34.19,3.651617,455.9,500,10.616,34.19,38.59627461765906,4.40627461765906,.128876,Sa 6. Dez 13:41:24 CET 2025
18,34.19,3.651617,455.9,500,10.616,34.19,39.77015921011052,5.58015921011052,.163210,Sa 6. Dez 13:56:38 CET 2025
24,34.19,3.651617,455.9,500,10.616,34.19,42.546000814325545,8.356000814325545,.244398,Sa 6. Dez 13:56:52 CET 2025
21,34.19,3.651617,455.9,500,10.616,34.19,41.08030761390709,6.89030761390709,.201529,Sa 6. Dez 13:56:54 CET 2025
30,34.19,3.651617,455.9,500,10.616,34.19,45.99300787282215,11.80300787282215,.345218,Sa 6. Dez 13:57:01 CET 2025
0,34.97,3.610663,455.9,500,10.616,34.97,34.97000000000002,.00000000000002,0,Sa 6. Dez 13:57:05 CET 2025
9,34.97,3.610663,455.9,500,10.616,34.97,37.48267972469763,2.51267972469763,.071852,Sa 6. Dez 13:57:06 CET 2025
15,34.97,3.610663,455.9,500,10.616,34.97,39.607340872417446,4.637340872417446,.132609,Sa 6. Dez 13:57:08 CET 2025
31,34.19,3.651617,455.9,500,10.616,34.19,46.632002748841614,12.442002748841614,.363907,Sa 6. Dez 13:57:10 CET 2025
27,34.19,3.651617,455.9,500,10.616,34.19,44.18266473311598,9.99266473311598,.292268,Sa 6. Dez 13:57:11 CET 2025
12,34.97,3.610663,455.9,500,10.616,34.97,38.49035255954986,3.52035255954986,.100667,Sa 6. Dez 13:57:20 CET 2025
3,34.97,3.610663,455.9,500,10.616,34.97,35.734598704651624,.764598704651624,.021864,Sa 6. Dez 13:57:24 CET 2025
6,34.97,3.610663,455.9,500,10.616,34.97,36.5685014207346,1.5985014207346,.045710,Sa 6. Dez 13:57:33 CET 2025
21,34.97,3.610663,455.9,500,10.616,34.97,42.245740924052264,7.275740924052264,.208056,Sa 6. Dez 13:57:35 CET 2025
18,34.97,3.610663,455.9,500,10.616,34.97,40.852208761486956,5.882208761486956,.168207,Sa 6. Dez 13:57:52 CET 2025
24,34.97,3.610663,455.9,500,10.616,34.97,43.80878179458354,8.83878179458354,.252753,Sa 6. Dez 13:57:55 CET 2025
27,34.97,3.610663,455.9,500,10.616,34.97,45.556623106588276,10.586623106588276,.302734,Sa 6. Dez 13:58:07 CET 2025
30,34.97,3.610663,455.9,500,10.616,34.97,47.487811110345774,12.517811110345774,.357958,Sa 6. Dez 13:58:14 CET 2025
31,34.97,3.610663,455.9,500,10.616,34.97,48.16760702636987,13.19760702636987,.377397,Sa 6. Dez 13:58:40 CET 2025
6,32.69,3.967981,514.7,500,10.616,32.69,33.9082264157782,1.2182264157782,.037266,Sa 6. Dez 14:14:11 CET 2025
3,32.69,3.967981,514.7,500,10.616,32.69,33.27746100564386,.58746100564386,.017970,Sa 6. Dez 14:14:21 CET 2025
12,32.69,3.967981,514.7,500,10.616,32.69,35.32275918840989,2.63275918840989,.080537,Sa 6. Dez 14:14:30 CET 2025
0,32.69,3.967981,514.7,500,10.616,32.69,32.69000000000002,.00000000000002,0,Sa 6. Dez 14:14:32 CET 2025
15,32.69,3.967981,514.7,500,10.616,32.69,36.12053318584917,3.43053318584917,.104941,Sa 6. Dez 14:14:36 CET 2025
21,32.69,3.967981,514.7,500,10.616,32.69,37.94074158820089,5.25074158820089,.160622,Sa 6. Dez 14:14:38 CET 2025
24,32.69,3.967981,514.7,500,10.616,32.69,38.98407537065695,6.29407537065695,.192538,Sa 6. Dez 14:14:38 CET 2025
27,32.69,3.967981,514.7,500,10.616,32.69,40.13122119931452,7.44122119931452,.227629,Sa 6. Dez 14:14:42 CET 2025
18,32.69,3.967981,514.7,500,10.616,32.69,36.98988173595087,4.29988173595087,.131535,Sa 6. Dez 14:14:50 CET 2025
31,32.69,3.967981,514.7,500,10.616,32.69,41.83932263551702,9.14932263551702,.279881,Sa 6. Dez 14:14:51 CET 2025
9,32.69,3.967981,514.7,500,10.616,32.69,34.587836454151635,1.897836454151635,.058055,Sa 6. Dez 14:14:54 CET 2025
30,32.69,3.967981,514.7,500,10.616,32.69,41.39236423588382,8.70236423588382,.266208,Sa 6. Dez 14:15:00 CET 2025
0,33.19,3.937979,514.7,500,10.616,33.19,33.19000000000002,.00000000000002,0,Sa 6. Dez 14:15:01 CET 2025
6,33.19,3.937979,514.7,500,10.616,33.19,34.44720140668031,1.25720140668031,.037878,Sa 6. Dez 14:15:28 CET 2025
3,33.19,3.937979,514.7,500,10.616,33.19,33.795897490097495,.605897490097495,.018255,Sa 6. Dez 14:15:31 CET 2025
9,33.19,3.937979,514.7,500,10.616,33.19,35.149819097451825,1.959819097451825,.059048,Sa 6. Dez 14:15:43 CET 2025
12,33.19,3.937979,514.7,500,10.616,33.19,35.910666608614925,2.720666608614925,.081972,Sa 6. Dez 14:15:46 CET 2025
15,33.19,3.937979,514.7,500,10.616,33.19,36.737818785030754,3.547818785030754,.106894,Sa 6. Dez 14:16:08 CET 2025
18,33.19,3.937979,514.7,500,10.616,33.19,37.64063492234073,4.45063492234073,.134095,Sa 6. Dez 14:31:23 CET 2025
21,33.19,3.937979,514.7,500,10.616,33.19,38.62977680602185,5.43977680602185,.163898,Sa 6. Dez 14:31:41 CET 2025
27,33.19,3.937979,514.7,500,10.616,33.19,40.914227664470445,7.724227664470445,.232727,Sa 6. Dez 14:31:45 CET 2025
30,33.19,3.937979,514.7,500,10.616,33.19,42.232003976698216,9.042003976698216,.272431,Sa 6. Dez 14:32:01 CET 2025
24,33.19,3.937979,514.7,500,10.616,33.19,39.71697072587739,6.52697072587739,.196654,Sa 6. Dez 14:32:01 CET 2025
3,33.69,3.908648,514.7,500,10.616,33.69,34.31462885269675,.62462885269675,.018540,Sa 6. Dez 14:32:04 CET 2025
0,33.69,3.908648,514.7,500,10.616,33.69,33.69000000000002,.00000000000002,0,Sa 6. Dez 14:32:08 CET 2025
9,33.69,3.908648,514.7,500,10.616,33.69,35.712914593789264,2.022914593789264,.060044,Sa 6. Dez 14:32:20 CET 2025
12,33.69,3.908648,514.7,500,10.616,33.69,36.5002522528832,2.8102522528832,.083415,Sa 6. Dez 14:32:31 CET 2025
31,33.19,3.937979,514.7,500,10.616,33.19,42.69920810082054,9.50920810082054,.286508,Sa 6. Dez 14:32:31 CET 2025
6,33.69,3.908648,514.7,500,10.616,33.69,34.98683499258811,1.29683499258811,.038493,Sa 6. Dez 14:32:37 CET 2025
18,33.69,3.908648,514.7,500,10.616,33.69,38.29466187775515,4.60466187775515,.136677,Sa 6. Dez 14:32:43 CET 2025
21,33.69,3.908648,514.7,500,10.616,33.69,39.323191594231446,5.633191594231446,.167206,Sa 6. Dez 14:32:52 CET 2025
27,33.69,3.908648,514.7,500,10.616,33.69,41.70458517143242,8.01458517143242,.237892,Sa 6. Dez 14:33:00 CET 2025
15,33.69,3.908648,514.7,500,10.616,33.69,37.357490998894335,3.667490998894335,.108859,Sa 6. Dez 14:33:00 CET 2025
24,33.69,3.908648,514.7,500,10.616,33.69,40.45560650229378,6.76560650229378,.200819,Sa 6. Dez 14:33:12 CET 2025
30,33.69,3.908648,514.7,500,10.616,33.69,43.08077280723532,9.39077280723532,.278740,Sa 6. Dez 14:33:30 CET 2025
31,33.69,3.908648,514.7,500,10.616,33.69,43.568830020636106,9.878830020636106,.293227,Sa 6. Dez 14:33:47 CET 2025
0,34.19,3.879962,514.7,500,10.616,34.19,34.19000000000002,.00000000000002,0,Sa 6. Dez 14:49:09 CET 2025
15,34.19,3.879962,514.7,500,10.616,34.19,37.979576880234234,3.789576880234234,.110838,Sa 6. Dez 14:49:13 CET 2025
9,34.19,3.879962,514.7,500,10.616,34.19,36.277130465761545,2.087130465761545,.061045,Sa 6. Dez 14:49:29 CET 2025
3,34.19,3.879962,514.7,500,10.616,34.19,34.833655934048075,.643655934048075,.018825,Sa 6. Dez 14:49:30 CET 2025
12,34.19,3.879962,514.7,500,10.616,34.19,37.09153152041434,2.90153152041434,.084864,Sa 6. Dez 14:49:35 CET 2025
6,34.19,3.879962,514.7,500,10.616,34.19,35.52713238541651,1.33713238541651,.039108,Sa 6. Dez 14:49:35 CET 2025
21,34.19,3.879962,514.7,500,10.616,34.19,40.02105570213772,5.83105570213772,.170548,Sa 6. Dez 14:49:47 CET 2025
18,34.19,3.879962,514.7,500,10.616,34.19,38.95200751033283,4.76200751033283,.139280,Sa 6. Dez 14:49:48 CET 2025
24,34.19,3.879962,514.7,500,10.616,34.19,41.20007940015662,7.01007940015662,.205033,Sa 6. Dez 14:50:01 CET 2025
30,34.19,3.879962,514.7,500,10.616,34.19,43.9388301860075,9.7488301860075,.285136,Sa 6. Dez 14:50:07 CET 2025
27,34.19,3.879962,514.7,500,10.616,34.19,42.5024274354118,8.3124274354118,.243124,Sa 6. Dez 14:50:08 CET 2025
31,34.19,3.879962,514.7,500,10.616,34.19,44.44833714866715,10.25833714866715,.300039,Sa 6. Dez 14:50:21 CET 2025
0,34.97,3.836447,514.7,500,10.616,34.97,34.97000000000002,.00000000000002,0,Sa 6. Dez 14:50:30 CET 2025
9,34.97,3.836447,514.7,500,10.616,34.97,37.15955653545767,2.18955653545767,.062612,Sa 6. Dez 14:50:31 CET 2025
6,34.97,3.836447,514.7,500,10.616,34.97,36.371323308728364,1.401323308728364,.040072,Sa 6. Dez 14:50:33 CET 2025
3,34.97,3.836447,514.7,500,10.616,34.97,35.643929889400596,.673929889400596,.019271,Sa 6. Dez 14:50:35 CET 2025
12,34.97,3.836447,514.7,500,10.616,34.97,38.01733573916035,3.04733573916035,.087141,Sa 6. Dez 14:51:02 CET 2025
15,34.97,3.836447,514.7,500,10.616,34.97,38.954902491840464,3.984902491840464,.113952,Sa 6. Dez 14:51:17 CET 2025
21,34.97,3.836447,514.7,500,10.616,34.97,41.11875452914999,6.14875452914999,.175829,Sa 6. Dez 15:06:32 CET 2025
31,34.97,3.836447,514.7,500,10.616,34.97,45.84031122345258,10.87031122345258,.310846,Sa 6. Dez 15:06:42 CET 2025
18,34.97,3.836447,514.7,500,10.616,34.97,39.98418392886524,5.01418392886524,.143385,Sa 6. Dez 15:06:55 CET 2025
27,34.97,3.836447,514.7,500,10.616,34.97,43.76226578722762,8.79226578722762,.251423,Sa 6. Dez 15:06:56 CET 2025
30,34.97,3.836447,514.7,500,10.616,34.97,45.296204876820546,10.326204876820546,.295287,Sa 6. Dez 15:07:07 CET 2025
3,32.69,4.188507,573.5,500,10.616,32.69,33.21532348479839,.52532348479839,.016069,Sa 6. Dez 15:07:20 CET 2025
24,34.97,3.836447,514.7,500,10.616,34.97,42.373331822117436,7.403331822117436,.211705,Sa 6. Dez 15:07:21 CET 2025
0,32.69,4.188507,573.5,500,10.616,32.69,32.69000000000002,.00000000000002,0,Sa 6. Dez 15:07:24 CET 2025
6,32.69,4.188507,573.5,500,10.616,32.69,33.775096968345956,1.085096968345956,.033193,Sa 6. Dez 15:07:27 CET 2025
9,32.69,4.188507,573.5,500,10.616,32.69,34.37322809711252,1.68322809711252,.051490,Sa 6. Dez 15:07:41 CET 2025
12,32.69,4.188507,573.5,500,10.616,32.69,35.01420898151421,2.32420898151421,.071098,Sa 6. Dez 15:07:50 CET 2025
15,32.69,4.188507,573.5,500,10.616,32.69,35.70319768156659,3.01319768156659,.092174,Sa 6. Dez 15:07:52 CET 2025
18,32.69,4.188507,573.5,500,10.616,32.69,36.44609282226196,3.75609282226196,.114900,Sa 6. Dez 15:07:56 CET 2025
21,32.69,4.188507,573.5,500,10.616,32.69,37.249581651083155,4.559581651083155,.139479,Sa 6. Dez 15:08:13 CET 2025
27,32.69,4.188507,573.5,500,10.616,32.69,39.06884223880154,6.37884223880154,.195131,Sa 6. Dez 15:08:21 CET 2025
24,32.69,4.188507,573.5,500,10.616,32.69,38.121156726405324,5.431156726405324,.166141,Sa 6. Dez 15:08:22 CET 2025
30,32.69,4.188507,573.5,500,10.616,32.69,40.10084848895824,7.41084848895824,.226700,Sa 6. Dez 15:08:36 CET 2025
31,32.69,4.188507,573.5,500,10.616,32.69,40.46491508234671,7.77491508234671,.237837,Sa 6. Dez 15:08:51 CET 2025
0,33.19,4.156837,573.5,500,10.616,33.19,33.19000000000002,.00000000000002,0,Sa 6. Dez 15:24:05 CET 2025
6,33.19,4.156837,573.5,500,10.616,33.19,34.30967188480038,1.11967188480038,.033735,Sa 6. Dez 15:24:29 CET 2025
9,33.19,4.156837,573.5,500,10.616,33.19,34.92784625627775,1.73784625627775,.052360,Sa 6. Dez 15:24:32 CET 2025
24,33.19,4.156837,573.5,500,10.616,33.19,38.81764557679702,5.62764557679702,.169558,Sa 6. Dez 15:24:41 CET 2025
3,33.19,4.156837,573.5,500,10.616,33.19,33.73177852695116,.54177852695116,.016323,Sa 6. Dez 15:24:43 CET 2025
15,33.19,4.156837,573.5,500,10.616,33.19,36.304955171627356,3.114955171627356,.093852,Sa 6. Dez 15:24:43 CET 2025
21,33.19,4.156837,573.5,500,10.616,33.19,37.91063502819165,4.72063502819165,.142230,Sa 6. Dez 15:24:50 CET 2025
12,33.19,4.156837,573.5,500,10.616,33.19,35.59110007607099,2.40110007607099,.072344,Sa 6. Dez 15:24:59 CET 2025
0,33.69,4.125876,573.5,500,10.616,33.69,33.69000000000002,.00000000000002,0,Sa 6. Dez 15:25:14 CET 2025
18,33.19,4.156837,573.5,500,10.616,33.19,37.07573923210509,3.88573923210509,.117075,Sa 6. Dez 15:25:17 CET 2025
27,33.19,4.156837,573.5,500,10.616,33.19,39.80538290385009,6.61538290385009,.199318,Sa 6. Dez 15:25:20 CET 2025
30,33.19,4.156837,573.5,500,10.616,33.19,40.88251135623427,7.69251135623427,.231771,Sa 6. Dez 15:25:23 CET 2025
9,33.69,4.125876,573.5,500,10.616,33.69,35.483426426337104,1.793426426337104,.053233,Sa 6. Dez 15:25:27 CET 2025
31,33.19,4.156837,573.5,500,10.616,33.19,41.26279314328826,8.07279314328826,.243229,Sa 6. Dez 15:25:27 CET 2025
3,33.69,4.125876,573.5,500,10.616,33.69,34.24849538761763,.55849538761763,.016577,Sa 6. Dez 15:25:42 CET 2025
6,33.69,4.125876,573.5,500,10.616,33.69,34.844825014823584,1.154825014823584,.034277,Sa 6. Dez 15:26:07 CET 2025
15,33.69,4.125876,573.5,500,10.616,33.69,36.90871518933349,3.21871518933349,.095539,Sa 6. Dez 15:26:24 CET 2025
12,33.69,4.125876,573.5,500,10.616,33.69,36.169421244280855,2.479421244280855,.073595,Sa 6. Dez 15:26:29 CET 2025
24,33.69,4.125876,573.5,500,10.616,33.69,39.518736730074586,5.828736730074586,.173010,Sa 6. Dez 15:41:48 CET 2025
21,33.69,4.125876,573.5,500,10.616,33.69,38.57523586647691,4.88523586647691,.145005,Sa 6. Dez 15:41:57 CET 2025
30,33.69,4.125876,573.5,500,10.616,33.69,41.671476281457,7.981476281457,.236909,Sa 6. Dez 15:41:58 CET 2025
31,33.69,4.125876,573.5,500,10.616,33.69,42.068492976834975,8.378492976834975,.248693,Sa 6. Dez 15:42:17 CET 2025
18,33.69,4.125876,573.5,500,10.616,33.69,37.70808682213626,4.01808682213626,.119266,Sa 6. Dez 15:42:20 CET 2025
27,33.69,4.125876,573.5,500,10.616,33.69,40.5477745186415,6.8577745186415,.203555,Sa 6. Dez 15:42:27 CET 2025
3,34.19,4.095596,573.5,500,10.616,34.19,34.76547475930386,.57547475930386,.016831,Sa 6. Dez 15:42:31 CET 2025
0,34.19,4.095596,573.5,500,10.616,34.19,34.19000000000002,.00000000000002,0,Sa 6. Dez 15:42:35 CET 2025
6,34.19,4.095596,573.5,500,10.616,34.19,35.38055905868265,1.19055905868265,.034821,Sa 6. Dez 15:42:39 CET 2025
15,34.19,4.095596,573.5,500,10.616,34.19,37.51449884217731,3.32449884217731,.097236,Sa 6. Dez 15:42:44 CET 2025
9,34.19,4.095596,573.5,500,10.616,34.19,36.03997460867343,1.84997460867343,.054108,Sa 6. Dez 15:42:55 CET 2025
21,34.19,4.095596,573.5,500,10.616,34.19,39.243450334801565,5.053450334801565,.147804,Sa 6. Dez 15:42:58 CET 2025
12,34.19,4.095596,573.5,500,10.616,34.19,36.7491840399535,2.5591840399535,.074851,Sa 6. Dez 15:42:59 CET 2025
18,34.19,4.095596,573.5,500,10.616,34.19,38.34317160780508,4.15317160780508,.121473,Sa 6. Dez 15:43:13 CET 2025
24,34.19,4.095596,573.5,500,10.616,34.19,40.2245071763844,6.0345071763844,.176499,Sa 6. Dez 15:43:16 CET 2025
30,34.19,4.095596,573.5,500,10.616,34.19,42.46787778066553,8.27787778066553,.242114,Sa 6. Dez 15:43:54 CET 2025
27,34.19,4.095596,573.5,500,10.616,34.19,41.29612042204265,7.10612042204265,.207842,Sa 6. Dez 15:43:56 CET 2025
31,34.19,4.095596,573.5,500,10.616,34.19,42.88215966582467,8.69215966582467,.254231,Sa 6. Dez 15:43:57 CET 2025
0,34.97,4.049663,573.5,500,10.616,34.97,34.97000000000002,.00000000000002,0,Sa 6. Dez 15:59:18 CET 2025
6,34.97,4.049663,573.5,500,10.616,34.97,36.217467171450494,1.247467171450494,.035672,Sa 6. Dez 15:59:21 CET 2025
18,34.97,4.049663,573.5,500,10.616,34.97,39.339435911301145,4.369435911301145,.124948,Sa 6. Dez 15:59:53 CET 2025
12,34.97,4.049663,573.5,500,10.616,34.97,37.65651642039724,2.68651642039724,.076823,Sa 6. Dez 15:59:54 CET 2025
3,34.97,4.049663,573.5,500,10.616,34.97,35.57248726926277,.60248726926277,.017228,Sa 6. Dez 15:59:55 CET 2025
9,34.97,4.049663,573.5,500,10.616,34.97,36.910133225322035,1.940133225322035,.055479,Sa 6. Dez 15:59:55 CET 2025
21,34.97,4.049663,573.5,500,10.616,34.97,40.29318339194982,5.32318339194982,.152221,Sa 6. Dez 15:59:58 CET 2025
15,34.97,4.049663,573.5,500,10.616,34.97,38.46360029296122,3.49360029296122,.099902,Sa 6. Dez 15:59:58 CET 2025
31,34.97,4.049663,573.5,500,10.616,34.97,44.16767444039888,9.19767444039888,.263016,Sa 6. Dez 16:00:11 CET 2025
27,34.97,4.049663,573.5,500,10.616,34.97,42.475656006790715,7.505656006790715,.214631,Sa 6. Dez 16:00:20 CET 2025
30,34.97,4.049663,573.5,500,10.616,34.97,43.725389275520435,8.755389275520435,.250368,Sa 6. Dez 16:00:29 CET 2025
0,32.69,4.397988,632.3,500,10.616,32.69,32.69000000000002,.00000000000002,0,Sa 6. Dez 16:00:29 CET 2025
3,32.69,4.397988,632.3,500,10.616,32.69,33.16507472636055,.47507472636055,.014532,Sa 6. Dez 16:00:51 CET 2025
24,34.97,4.049663,573.5,500,10.616,34.97,41.335008954464946,6.365008954464946,.182013,Sa 6. Dez 16:00:55 CET 2025
6,32.69,4.397988,632.3,500,10.616,32.69,33.66820702364692,.97820702364692,.029923,Sa 6. Dez 16:00:56 CET 2025
15,32.69,4.397988,632.3,500,10.616,32.69,35.37651130793563,2.68651130793563,.082181,Sa 6. Dez 16:01:22 CET 2025
9,32.69,4.397988,632.3,500,10.616,32.69,34.202255911453065,1.512255911453065,.046260,Sa 6. Dez 16:01:28 CET 2025
12,32.69,4.397988,632.3,500,10.616,32.69,34.770464340133124,2.080464340133124,.063642,Sa 6. Dez 16:01:32 CET 2025
18,32.69,4.397988,632.3,500,10.616,32.69,36.02455965192929,3.33455965192929,.102005,Sa 6. Dez 16:16:37 CET 2025
21,32.69,4.397988,632.3,500,10.616,32.69,36.71929928073058,4.02929928073058,.123257,Sa 6. Dez 16:17:05 CET 2025
31,32.69,4.397988,632.3,500,10.616,32.69,39.44288263108556,6.75288263108556,.206573,Sa 6. Dez 16:17:08 CET 2025
0,33.19,4.364735,632.3,500,10.616,33.19,33.19000000000002,.00000000000002,0,Sa 6. Dez 16:17:18 CET 2025
27,32.69,4.397988,632.3,500,10.616,32.69,38.270272176611265,5.580272176611265,.170702,Sa 6. Dez 16:17:21 CET 2025
24,32.69,4.397988,632.3,500,10.616,32.69,37.46596363416803,4.77596363416803,.146098,Sa 6. Dez 16:17:28 CET 2025
3,33.19,4.364735,632.3,500,10.616,33.19,33.67993281697078,.48993281697078,.014761,Sa 6. Dez 16:17:28 CET 2025
30,32.69,4.397988,632.3,500,10.616,32.69,39.138310149511014,6.448310149511014,.197256,Sa 6. Dez 16:17:32 CET 2025
12,33.19,4.364735,632.3,500,10.616,33.19,35.338786392018434,2.148786392018434,.064741,Sa 6. Dez 16:17:55 CET 2025
9,33.19,4.364735,632.3,500,10.616,33.19,34.75107133484238,1.56107133484238,.047034,Sa 6. Dez 16:18:02 CET 2025
21,33.19,4.364735,632.3,500,10.616,33.19,37.35947775700053,4.16947775700053,.125624,Sa 6. Dez 16:18:09 CET 2025
6,33.19,4.364735,632.3,500,10.616,33.19,34.19927445263289,1.00927445263289,.030408,Sa 6. Dez 16:18:13 CET 2025
15,33.19,4.364735,632.3,500,10.616,33.19,35.96635723316656,2.77635723316656,.083650,Sa 6. Dez 16:18:14 CET 2025
24,33.19,4.364735,632.3,500,10.616,33.19,38.13567022471362,4.94567022471362,.149010,Sa 6. Dez 16:18:42 CET 2025
18,33.19,4.364735,632.3,500,10.616,33.19,36.63824214324288,3.44824214324288,.103894,Sa 6. Dez 16:18:45 CET 2025
31,33.19,4.364735,632.3,500,10.616,33.19,40.19561077153497,7.00561077153497,.211075,Sa 6. Dez 16:19:00 CET 2025
30,33.19,4.364735,632.3,500,10.616,33.19,39.87783788281046,6.68783788281046,.201501,Sa 6. Dez 16:19:07 CET 2025
27,33.19,4.364735,632.3,500,10.616,33.19,38.97296034583696,5.78296034583696,.174238,Sa 6. Dez 16:19:16 CET 2025
6,33.69,4.332225,632.3,500,10.616,33.69,34.730857156049865,1.040857156049865,.030895,Sa 6. Dez 16:34:33 CET 2025
3,33.69,4.332225,632.3,500,10.616,33.69,34.1950263529186,.5050263529186,.014990,Sa 6. Dez 16:34:39 CET 2025
0,33.69,4.332225,632.3,500,10.616,33.69,33.69000000000002,.00000000000002,0,Sa 6. Dez 16:34:41 CET 2025
12,33.69,4.332225,632.3,500,10.616,33.69,35.908356612041075,2.218356612041075,.065846,Sa 6. Dez 16:34:43 CET 2025
9,33.69,4.332225,632.3,500,10.616,33.69,35.300735769788574,1.610735769788574,.047810,Sa 6. Dez 16:34:53 CET 2025
18,33.69,4.332225,632.3,500,10.616,33.69,37.25422410577178,3.56422410577178,.105794,Sa 6. Dez 16:34:59 CET 2025
15,33.69,4.332225,632.3,500,10.616,33.69,36.5579271530069,2.8679271530069,.085126,Sa 6. Dez 16:34:59 CET 2025
21,33.69,4.332225,632.3,500,10.616,33.69,38.002639675802705,4.312639675802705,.128009,Sa 6. Dez 16:35:14 CET 2025
27,33.69,4.332225,632.3,500,10.616,33.69,39.68044543468122,5.99044543468122,.177810,Sa 6. Dez 16:35:25 CET 2025
30,33.69,4.332225,632.3,500,10.616,33.69,40.62332061324926,6.93332061324926,.205797,Sa 6. Dez 16:35:33 CET 2025
24,33.69,4.332225,632.3,500,10.616,33.69,38.80918932574913,5.11918932574913,.151949,Sa 6. Dez 16:35:34 CET 2025
31,33.69,4.332225,632.3,500,10.616,33.69,40.95471620303194,7.26471620303194,.215634,Sa 6. Dez 16:35:53 CET 2025
0,34.19,4.300431,632.3,500,10.616,34.19,34.19000000000002,.00000000000002,0,Sa 6. Dez 16:35:55 CET 2025
3,34.19,4.300431,632.3,500,10.616,34.19,34.710355856683655,.520355856683655,.015219,Sa 6. Dez 16:36:03 CET 2025
6,34.19,4.300431,632.3,500,10.616,34.19,35.26295543242478,1.07295543242478,.031382,Sa 6. Dez 16:36:21 CET 2025
9,34.19,4.300431,632.3,500,10.616,34.19,35.85125077053452,1.66125077053452,.048588,Sa 6. Dez 16:36:31 CET 2025
15,34.19,4.300431,632.3,500,10.616,34.19,37.15123409262591,2.96123409262591,.086611,Sa 6. Dez 16:36:51 CET 2025
12,34.19,4.300431,632.3,500,10.616,34.19,36.47917975993465,2.28917975993465,.066954,Sa 6. Dez 16:37:03 CET 2025
21,34.19,4.300431,632.3,500,10.616,34.19,38.64882213850843,4.45882213850843,.130413,Sa 6. Dez 16:52:10 CET 2025
27,34.19,4.300431,632.3,500,10.616,34.19,40.392800021350226,6.202800021350226,.181421,Sa 6. Dez 16:52:10 CET 2025
24,34.19,4.300431,632.3,500,10.616,34.19,39.48657242659617,5.29657242659617,.154915,Sa 6. Dez 16:52:11 CET 2025
18,34.19,4.300431,632.3,500,10.616,34.19,37.87252362114142,3.68252362114142,.107707,Sa 6. Dez 16:52:22 CET 2025
31,34.19,4.300431,632.3,500,10.616,34.19,41.72030423870247,7.53030423870247,.220248,Sa 6. Dez 16:52:23 CET 2025
0,34.97,4.252200,632.3,500,10.616,34.97,34.97000000000002,.00000000000002,0,Sa 6. Dez 16:52:27 CET 2025
30,34.19,4.300431,632.3,500,10.616,34.19,41.374850908812256,7.184850908812256,.210144,Sa 6. Dez 16:52:33 CET 2025
12,34.97,4.252200,632.3,500,10.616,34.97,37.37218659415922,2.40218659415922,.068692,Sa 6. Dez 16:52:56 CET 2025
6,34.97,4.252200,632.3,500,10.616,34.97,36.094065335270095,1.124065335270095,.032143,Sa 6. Dez 16:53:01 CET 2025
3,34.97,4.252200,632.3,500,10.616,34.97,35.514741556092574,.544741556092574,.015577,Sa 6. Dez 16:53:02 CET 2025
9,34.97,4.252200,632.3,500,10.616,34.97,36.7117660176703,1.7417660176703,.049807,Sa 6. Dez 16:53:18 CET 2025
21,34.97,4.252200,632.3,500,10.616,34.97,39.662985469950854,4.692985469950854,.134200,Sa 6. Dez 16:53:21 CET 2025
15,34.97,4.252200,632.3,500,10.616,34.97,38.08029559334444,3.11029559334444,.088941,Sa 6. Dez 16:53:37 CET 2025
24,34.97,4.252200,632.3,500,10.616,34.97,40.55113206299066,5.58113206299066,.159597,Sa 6. Dez 16:53:42 CET 2025
18,34.97,4.252200,632.3,500,10.616,34.97,38.84175766584033,3.87175766584033,.110716,Sa 6. Dez 16:53:45 CET 2025
27,34.97,4.252200,632.3,500,10.616,34.97,41.51397272598695,6.54397272598695,.187131,Sa 6. Dez 16:54:00 CET 2025
30,34.97,4.252200,632.3,500,10.616,34.97,42.55955252797516,7.58955252797516,.217030,Sa 6. Dez 16:54:25 CET 2025
31,34.97,4.252200,632.3,500,10.616,34.97,42.927811107104944,7.957811107104944,.227561,Sa 6. Dez 16:54:50 CET 2025
0,32.69,4.598269,691.2,500,10.616,32.69,32.69000000000002,.00000000000002,0,Sa 6. Dez 17:09:46 CET 2025
6,32.69,4.598269,691.2,500,10.616,32.69,33.580356918287784,.890356918287784,.027236,Sa 6. Dez 17:09:53 CET 2025
9,32.69,4.598269,691.2,500,10.616,32.69,34.06261573340386,1.37261573340386,.041988,Sa 6. Dez 17:10:00 CET 2025
15,32.69,4.598269,691.2,500,10.616,32.69,35.11340838927037,2.42340838927037,.074133,Sa 6. Dez 17:10:07 CET 2025
3,32.69,4.598269,691.2,500,10.616,32.69,33.12353568282326,.43353568282326,.013262,Sa 6. Dez 17:10:09 CET 2025
18,32.69,4.598269,691.2,500,10.616,32.69,35.68769577535688,2.99769577535688,.091700,Sa 6. Dez 17:10:14 CET 2025
12,32.69,4.598269,691.2,500,10.616,32.69,34.57273032127396,1.88273032127396,.057593,Sa 6. Dez 17:10:17 CET 2025
21,32.69,4.598269,691.2,500,10.616,32.69,36.29898731782553,3.60898731782553,.110400,Sa 6. Dez 17:10:25 CET 2025
24,32.69,4.598269,691.2,500,10.616,32.69,36.951056834167744,4.261056834167744,.130347,Sa 6. Dez 17:10:28 CET 2025
27,32.69,4.598269,691.2,500,10.616,32.69,37.6480528751104,4.9580528751104,.151668,Sa 6. Dez 17:10:28 CET 2025
30,32.69,4.598269,691.2,500,10.616,32.69,38.39445315035019,5.70445315035019,.174501,Sa 6. Dez 17:10:50 CET 2025
3,33.19,4.563501,691.2,500,10.616,33.19,33.63707747564828,.44707747564828,.013470,Sa 6. Dez 17:11:04 CET 2025
31,32.69,4.598269,691.2,500,10.616,32.69,38.65504013566762,5.96504013566762,.182472,Sa 6. Dez 17:11:16 CET 2025
0,33.19,4.563501,691.2,500,10.616,33.19,33.19000000000002,.00000000000002,0,Sa 6. Dez 17:11:17 CET 2025
6,33.19,4.563501,691.2,500,10.616,33.19,34.10855844374127,.91855844374127,.027675,Sa 6. Dez 17:11:39 CET 2025
9,33.19,4.563501,691.2,500,10.616,33.19,34.606736528548176,1.416736528548176,.042685,Sa 6. Dez 17:11:41 CET 2025
12,33.19,4.563501,691.2,500,10.616,33.19,35.13419100841689,1.94419100841689,.058577,Sa 6. Dez 17:11:53 CET 2025
15,33.19,4.563501,691.2,500,10.616,33.19,35.69382102004066,2.50382102004066,.075439,Sa 6. Dez 17:12:09 CET 2025
24,33.19,4.563501,691.2,500,10.616,33.19,37.600284358701764,4.410284358701764,.132879,Sa 6. Dez 17:27:19 CET 2025
27,33.19,4.563501,691.2,500,10.616,33.19,38.32512473017606,5.13512473017606,.154719,Sa 6. Dez 17:27:25 CET 2025
18,33.19,4.563501,691.2,500,10.616,33.19,36.28888361255494,3.09888361255494,.093367,Sa 6. Dez 17:27:27 CET 2025
0,33.69,4.529511,691.2,500,10.616,33.69,33.69000000000002,.00000000000002,0,Sa 6. Dez 17:27:41 CET 2025
31,33.19,4.563501,691.2,500,10.616,33.19,39.37391027307136,6.18391027307136,.186318,Sa 6. Dez 17:27:59 CET 2025
30,33.19,4.563501,691.2,500,10.616,33.19,39.102338187553144,5.912338187553144,.178136,Sa 6. Dez 17:28:02 CET 2025
6,33.69,4.529511,691.2,500,10.616,33.69,34.63722393738467,.94722393738467,.028115,Sa 6. Dez 17:28:02 CET 2025
21,33.19,4.563501,691.2,500,10.616,33.19,36.92302089012269,3.73302089012269,.112474,Sa 6. Dez 17:28:08 CET 2025
3,33.69,4.529511,691.2,500,10.616,33.69,34.150833046603466,.460833046603466,.013678,Sa 6. Dez 17:28:16 CET 2025
9,33.69,4.529511,691.2,500,10.616,33.69,35.15161476851004,1.46161476851004,.043384,Sa 6. Dez 17:28:19 CET 2025
12,33.69,4.529511,691.2,500,10.616,33.69,35.696755247229675,2.006755247229675,.059565,Sa 6. Dez 17:28:20 CET 2025
18,33.69,4.529511,691.2,500,10.616,33.69,36.89206006872816,3.20206006872816,.095044,Sa 6. Dez 17:28:42 CET 2025
15,33.69,4.529511,691.2,500,10.616,33.69,36.27574309454121,2.58574309454121,.076751,Sa 6. Dez 17:28:43 CET 2025
21,33.69,4.529511,691.2,500,10.616,33.69,37.54961272513658,3.85961272513658,.114562,Sa 6. Dez 17:28:53 CET 2025
27,33.69,4.529511,691.2,500,10.616,33.69,39.00622072061165,5.31622072061165,.157798,Sa 6. Dez 17:28:58 CET 2025
24,33.69,4.529511,691.2,500,10.616,33.69,38.25274258619814,4.56274258619814,.135433,Sa 6. Dez 17:29:10 CET 2025
30,33.69,4.529511,691.2,500,10.616,33.69,39.815176613828484,6.125176613828484,.181809,Sa 6. Dez 17:29:27 CET 2025
31,33.69,4.529511,691.2,500,10.616,33.69,40.098075666093365,6.408075666093365,.190207,Sa 6. Dez 17:29:53 CET 2025
6,34.19,4.496269,691.2,500,10.616,34.19,35.16635348216364,.97635348216364,.028556,Sa 6. Dez 17:44:56 CET 2025
3,34.19,4.496269,691.2,500,10.616,34.19,34.66480276066433,.47480276066433,.013887,Sa 6. Dez 17:45:01 CET 2025
0,34.19,4.496269,691.2,500,10.616,34.19,34.19000000000002,.00000000000002,0,Sa 6. Dez 17:45:04 CET 2025
9,34.19,4.496269,691.2,500,10.616,34.19,35.69725224454822,1.50725224454822,.044084,Sa 6. Dez 17:45:16 CET 2025
12,34.19,4.496269,691.2,500,10.616,34.19,36.26042677266089,2.07042677266089,.060556,Sa 6. Dez 17:45:24 CET 2025
24,34.19,4.496269,691.2,500,10.616,34.19,38.908474920381664,4.718474920381664,.138007,Sa 6. Dez 17:45:44 CET 2025
30,34.19,4.496269,691.2,500,10.616,34.19,40.53304760840028,6.34304760840028,.185523,Sa 6. Dez 17:45:50 CET 2025
21,34.19,4.496269,691.2,500,10.616,34.19,38.17879235986749,3.98879235986749,.116665,Sa 6. Dez 17:45:50 CET 2025
27,34.19,4.496269,691.2,500,10.616,34.19,39.69140033777583,5.50140033777583,.160906,Sa 6. Dez 17:45:50 CET 2025
15,34.19,4.496269,691.2,500,10.616,34.19,36.859183075448904,2.669183075448904,.078069,Sa 6. Dez 17:45:52 CET 2025
18,34.19,4.496269,691.2,500,10.616,34.19,37.49724555072999,3.30724555072999,.096731,Sa 6. Dez 17:45:53 CET 2025
31,34.19,4.496269,691.2,500,10.616,34.19,40.8276223262234,6.6376223262234,.194139,Sa 6. Dez 17:46:09 CET 2025
0,34.97,4.445842,691.2,500,10.616,34.97,34.97000000000002,.00000000000002,0,Sa 6. Dez 17:46:11 CET 2025
6,34.97,4.445842,691.2,500,10.616,34.97,35.9927301027358,1.0227301027358,.029245,Sa 6. Dez 17:46:29 CET 2025
3,34.97,4.445842,691.2,500,10.616,34.97,35.46702357410274,.49702357410274,.014212,Sa 6. Dez 17:46:33 CET 2025
12,34.97,4.445842,691.2,500,10.616,34.97,37.141983342149835,2.171983342149835,.062109,Sa 6. Dez 17:47:03 CET 2025
15,34.97,4.445842,691.2,500,10.616,34.97,37.77241273490494,2.80241273490494,.080137,Sa 6. Dez 17:47:18 CET 2025
9,34.97,4.445842,691.2,500,10.616,34.97,36.54997419564393,1.57997419564393,.045180,Sa 6. Dez 17:47:18 CET 2025
18,34.97,4.445842,691.2,500,10.616,34.97,38.44538699170576,3.47538699170576,.099381,Sa 6. Dez 18:02:30 CET 2025
24,34.97,4.445842,691.2,500,10.616,34.97,39.93804884996385,4.96804884996385,.142066,Sa 6. Dez 18:02:30 CET 2025
21,34.97,4.445842,691.2,500,10.616,34.97,39.165543391797044,4.195543391797044,.119975,Sa 6. Dez 18:02:40 CET 2025
30,34.97,4.445842,691.2,500,10.616,34.97,41.66316302929334,6.69316302929334,.191397,Sa 6. Dez 18:03:07 CET 2025
27,34.97,4.445842,691.2,500,10.616,34.97,40.76857118827672,5.79857118827672,.165815,Sa 6. Dez 18:03:08 CET 2025
31,34.97,4.445842,691.2,500,10.616,34.97,41.97666757902398,7.00666757902398,.200362,Sa 6. Dez 18:03:15 CET 2025
3,32.69,4.751390,738.0,500,10.616,32.69,33.09537304823762,.40537304823762,.012400,Sa 6. Dez 18:03:15 CET 2025
6,32.69,4.751390,738.0,500,10.616,32.69,33.521057249959455,.831057249959455,.025422,Sa 6. Dez 18:03:18 CET 2025
12,32.69,4.751390,738.0,500,10.616,32.69,34.44055478135515,1.75055478135515,.053550,Sa 6. Dez 18:03:20 CET 2025
0,32.69,4.751390,738.0,500,10.616,32.69,32.69000000000002,.00000000000002,0,Sa 6. Dez 18:03:24 CET 2025
9,32.69,4.751390,738.0,500,10.616,32.69,33.96880151869826,1.27880151869826,.039119,Sa 6. Dez 18:03:31 CET 2025
15,32.69,4.751390,738.0,500,10.616,32.69,34.9384878193574,2.2484878193574,.068782,Sa 6. Dez 18:03:50 CET 2025
18,32.69,4.751390,738.0,500,10.616,32.69,35.4650183729037,2.7750183729037,.084888,Sa 6. Dez 18:03:50 CET 2025
24,32.69,4.751390,738.0,500,10.616,32.69,36.6149024863664,3.9249024863664,.120064,Sa 6. Dez 18:04:10 CET 2025
21,32.69,4.751390,738.0,500,10.616,32.69,36.022832932438085,3.332832932438085,.101952,Sa 6. Dez 18:04:24 CET 2025
27,32.69,4.751390,738.0,500,10.616,32.69,37.244497361563816,4.554497361563816,.139323,Sa 6. Dez 18:04:36 CET 2025
31,32.69,4.751390,738.0,500,10.616,32.69,38.148472480591536,5.458472480591536,.166976,Sa 6. Dez 18:04:56 CET 2025
30,32.69,4.751390,738.0,500,10.616,32.69,37.91515055228757,5.22515055228757,.159839,Sa 6. Dez 18:05:16 CET 2025
0,33.19,4.715465,738.0,500,10.616,33.19,33.19000000000002,.00000000000002,0,Sa 6. Dez 18:20:12 CET 2025
3,33.19,4.715465,738.0,500,10.616,33.19,33.60802413797667,.41802413797667,.012594,Sa 6. Dez 18:20:13 CET 2025
6,33.19,4.715465,738.0,500,10.616,33.19,34.047332926235214,.857332926235214,.025831,Sa 6. Dez 18:20:24 CET 2025
9,33.19,4.715465,738.0,500,10.616,33.19,34.50979009209348,1.31979009209348,.039764,Sa 6. Dez 18:20:29 CET 2025
27,33.19,4.715465,738.0,500,10.616,33.19,37.905332569762976,4.715332569762976,.142070,Sa 6. Dez 18:20:37 CET 2025
21,33.19,4.715465,738.0,500,10.616,33.19,36.63645185645454,3.44645185645454,.103840,Sa 6. Dez 18:20:50 CET 2025
15,33.19,4.715465,738.0,500,10.616,33.19,35.512703342441995,2.322703342441995,.069982,Sa 6. Dez 18:20:52 CET 2025
12,33.19,4.715465,738.0,500,10.616,33.19,34.99747188711489,1.80747188711489,.054458,Sa 6. Dez 18:20:54 CET 2025
30,33.19,4.715465,738.0,500,10.616,33.19,38.603132094668034,5.413132094668034,.163095,Sa 6. Dez 18:20:59 CET 2025
18,33.19,4.715465,738.0,500,10.616,33.19,36.05806992269121,2.86806992269121,.086413,Sa 6. Dez 18:21:03 CET 2025
24,33.19,4.715465,738.0,500,10.616,33.19,37.25103839747922,4.06103839747922,.122357,Sa 6. Dez 18:21:18 CET 2025
31,33.19,4.715465,738.0,500,10.616,33.19,38.84609121005601,5.65609121005601,.170415,Sa 6. Dez 18:21:23 CET 2025
3,33.69,4.680342,738.0,500,10.616,33.69,34.12087481969739,.43087481969739,.012789,Sa 6. Dez 18:21:27 CET 2025
6,33.69,4.680342,738.0,500,10.616,33.69,34.57403886188449,.88403886188449,.026240,Sa 6. Dez 18:21:47 CET 2025
0,33.69,4.680342,738.0,500,10.616,33.69,33.69000000000002,.00000000000002,0,Sa 6. Dez 18:21:51 CET 2025
12,33.69,4.680342,738.0,500,10.616,33.69,35.555402410954954,1.865402410954954,.055369,Sa 6. Dez 18:22:29 CET 2025
9,33.69,4.680342,738.0,500,10.616,33.69,35.05147518562424,1.36147518562424,.040411,Sa 6. Dez 18:22:32 CET 2025
15,33.69,4.680342,738.0,500,10.616,33.69,36.08829319470799,2.39829319470799,.071187,Sa 6. Dez 18:22:55 CET 2025
21,33.69,4.680342,738.0,500,10.616,33.69,37.252367102558,3.562367102558,.105739,Sa 6. Dez 18:37:40 CET 2025
18,33.69,4.680342,738.0,500,10.616,33.69,36.65292060272589,2.96292060272589,.087946,Sa 6. Dez 18:37:42 CET 2025
24,33.69,4.680342,738.0,500,10.616,33.69,37.89005075793691,4.20005075793691,.124667,Sa 6. Dez 18:37:50 CET 2025
27,33.69,4.680342,738.0,500,10.616,33.69,38.56972788974088,4.87972788974088,.144842,Sa 6. Dez 18:38:17 CET 2025
30,33.69,4.680342,738.0,500,10.616,33.69,39.295466441477515,5.605466441477515,.166383,Sa 6. Dez 18:38:17 CET 2025
6,34.19,4.645993,738.0,500,10.616,34.19,35.101175357136626,.911175357136626,.026650,Sa 6. Dez 18:38:18 CET 2025
31,33.69,4.680342,738.0,500,10.616,33.69,39.54835442283899,5.85835442283899,.173890,Sa 6. Dez 18:38:26 CET 2025
0,34.19,4.645993,738.0,500,10.616,34.19,34.19000000000002,.00000000000002,0,Sa 6. Dez 18:38:32 CET 2025
3,34.19,4.645993,738.0,500,10.616,34.19,34.63392470761183,.44392470761183,.012984,Sa 6. Dez 18:38:36 CET 2025
9,34.19,4.645993,738.0,500,10.616,34.19,35.593861308142564,1.403861308142564,.041060,Sa 6. Dez 18:38:38 CET 2025
15,34.19,4.645993,738.0,500,10.616,34.19,36.66526433234436,2.47526433234436,.072397,Sa 6. Dez 18:39:06 CET 2025
18,34.19,4.645993,738.0,500,10.616,34.19,37.249583268019975,3.059583268019975,.089487,Sa 6. Dez 18:39:07 CET 2025
12,34.19,4.645993,738.0,500,10.616,34.19,36.11434288711595,1.92434288711595,.056283,Sa 6. Dez 18:39:08 CET 2025
24,34.19,4.645993,738.0,500,10.616,34.19,38.53197251521253,4.34197251521253,.126995,Sa 6. Dez 18:39:32 CET 2025
21,34.19,4.645993,738.0,500,10.616,34.19,37.87059907688857,3.68059907688857,.107651,Sa 6. Dez 18:39:37 CET 2025
27,34.19,4.645993,738.0,500,10.616,34.19,39.237726591582415,5.047726591582415,.147637,Sa 6. Dez 18:40:07 CET 2025
31,34.19,4.645993,738.0,500,10.616,34.19,40.25532646450934,6.06532646450934,.177400,Sa 6. Dez 18:40:22 CET 2025
30,34.19,4.645993,738.0,500,10.616,34.19,39.9922129312919,5.8022129312919,.169704,Sa 6. Dez 18:40:24 CET 2025
3,34.97,4.593887,738.0,500,10.616,34.97,35.43468119416587,.46468119416587,.013287,Sa 6. Dez 18:55:12 CET 2025
6,34.97,4.593887,738.0,500,10.616,34.97,35.92437156805976,.95437156805976,.027291,Sa 6. Dez 18:55:15 CET 2025
0,34.97,4.593887,738.0,500,10.616,34.97,34.97000000000002,.00000000000002,0,Sa 6. Dez 18:55:19 CET 2025
12,34.97,4.593887,738.0,500,10.616,34.97,36.9883309903658,2.0183309903658,.057716,Sa 6. Dez 18:55:44 CET 2025
15,34.97,4.593887,738.0,500,10.616,34.97,37.56812067165912,2.59812067165912,.074295,Sa 6. Dez 18:55:48 CET 2025
18,34.97,4.593887,738.0,500,10.616,34.97,38.184031377957524,3.214031377957524,.091908,Sa 6. Dez 18:55:49 CET 2025
9,34.97,4.593887,738.0,500,10.616,34.97,36.441387436633484,1.471387436633484,.042075,Sa 6. Dez 18:55:54 CET 2025
21,34.97,4.593887,738.0,500,10.616,34.97,38.839722709638366,3.869722709638366,.110658,Sa 6. Dez 18:56:15 CET 2025
24,34.97,4.593887,738.0,500,10.616,34.97,39.53926059853652,4.56926059853652,.130662,Sa 6. Dez 18:56:19 CET 2025
27,34.97,4.593887,738.0,500,10.616,34.97,40.287113410213834,5.317113410213834,.152047,Sa 6. Dez 18:56:20 CET 2025
30,34.97,4.593887,738.0,500,10.616,34.97,41.08810262761407,6.11810262761407,.174952,Sa 6. Dez 18:56:46 CET 2025
0,32.69,3.591226,421.6,550,10.616,32.69,32.69000000000002,.00000000000002,0,Sa 6. Dez 18:56:47 CET 2025
3,32.69,3.591226,421.6,550,10.616,32.69,33.41284414603679,.72284414603679,.022112,Sa 6. Dez 18:56:55 CET 2025
31,34.97,4.593887,738.0,500,10.616,34.97,41.36777783909725,6.39777783909725,.182950,Sa 6. Dez 18:57:01 CET 2025
9,32.69,3.591226,421.6,550,10.616,32.69,35.068078836812674,2.378078836812674,.072746,Sa 6. Dez 18:57:03 CET 2025
12,32.69,3.591226,421.6,550,10.616,32.69,36.023923594325,3.333923594325,.101986,Sa 6. Dez 18:57:23 CET 2025
6,32.69,3.591226,421.6,550,10.616,32.69,34.201994851433454,1.511994851433454,.046252,Sa 6. Dez 18:57:29 CET 2025
15,32.69,3.591226,421.6,550,10.616,32.69,37.084910867035,4.394910867035,.134442,Sa 6. Dez 18:57:47 CET 2025
18,32.69,3.591226,421.6,550,10.616,32.69,38.26908409628068,5.57908409628068,.170666,Sa 6. Dez 19:12:20 CET 2025
24,32.69,3.591226,421.6,550,10.616,32.69,41.08740061776442,8.39740061776442,.256879,Sa 6. Dez 19:12:54 CET 2025
21,32.69,3.591226,421.6,550,10.616,32.69,39.596593280638906,6.906593280638906,.211275,Sa 6. Dez 19:13:00 CET 2025
30,32.69,3.591226,421.6,550,10.616,32.69,44.59694205045441,11.90694205045441,.364238,Sa 6. Dez 19:13:02 CET 2025
31,32.69,3.591226,421.6,550,10.616,32.69,45.24415780279165,12.55415780279165,.384036,Sa 6. Dez 19:13:19 CET 2025
27,32.69,3.591226,421.6,550,10.616,32.69,42.75541683662154,10.06541683662154,.307905,Sa 6. Dez 19:13:21 CET 2025
9,33.19,3.564073,421.6,550,10.616,33.19,35.6468781783736,2.4568781783736,.074024,Sa 6. Dez 19:13:21 CET 2025
6,33.19,3.564073,421.6,550,10.616,33.19,34.75080141620945,1.56080141620945,.047026,Sa 6. Dez 19:13:24 CET 2025
0,33.19,3.564073,421.6,550,10.616,33.19,33.19000000000002,.00000000000002,0,Sa 6. Dez 19:13:36 CET 2025
3,33.19,3.564073,421.6,550,10.616,33.19,33.93562312746083,.74562312746083,.022465,Sa 6. Dez 19:13:51 CET 2025
12,33.19,3.564073,421.6,550,10.616,33.19,36.63758208092976,3.44758208092976,.103874,Sa 6. Dez 19:14:07 CET 2025
15,33.19,3.564073,421.6,550,10.616,33.19,37.73941141853495,4.54941141853495,.137071,Sa 6. Dez 19:14:19 CET 2025
21,33.19,3.564073,421.6,550,10.616,33.19,40.35603057245489,7.16603057245489,.215909,Sa 6. Dez 19:14:19 CET 2025
18,33.19,3.564073,421.6,550,10.616,33.19,38.97172228346876,5.78172228346876,.174200,Sa 6. Dez 19:14:21 CET 2025
24,33.19,3.564073,421.6,550,10.616,33.19,41.913247532322,8.723247532322,.262827,Sa 6. Dez 19:14:27 CET 2025
30,33.19,3.564073,421.6,550,10.616,33.19,45.578758013842865,12.388758013842865,.373267,Sa 6. Dez 19:14:51 CET 2025
31,33.19,3.564073,421.6,550,10.616,33.19,46.25256329506157,13.06256329506157,.393569,Sa 6. Dez 19:15:02 CET 2025
27,33.19,3.564073,421.6,550,10.616,33.19,43.656707250926054,10.466707250926054,.315357,Sa 6. Dez 19:15:03 CET 2025
3,33.69,3.537527,421.6,550,10.616,33.69,34.45877111950715,.76877111950715,.022818,Sa 6. Dez 19:30:04 CET 2025
0,33.69,3.537527,421.6,550,10.616,33.69,33.69000000000002,.00000000000002,0,Sa 6. Dez 19:30:08 CET 2025
6,33.69,3.537527,421.6,550,10.616,33.69,35.30045602470259,1.61045602470259,.047802,Sa 6. Dez 19:30:30 CET 2025
9,33.69,3.537527,421.6,550,10.616,33.69,36.22715214300188,2.53715214300188,.075308,Sa 6. Dez 19:30:36 CET 2025
15,33.69,3.537527,421.6,550,10.616,33.69,38.39729102538152,4.70729102538152,.139723,Sa 6. Dez 19:30:42 CET 2025
18,33.69,3.537527,421.6,550,10.616,33.69,39.679153962358,5.989153962358,.177772,Sa 6. Dez 19:30:43 CET 2025
21,33.69,3.537527,421.6,550,10.616,33.69,41.12205882963995,7.43205882963995,.220601,Sa 6. Dez 19:30:50 CET 2025
24,33.69,3.537527,421.6,550,10.616,33.69,42.747811119120854,9.057811119120854,.268857,Sa 6. Dez 19:30:53 CET 2025
12,33.69,3.537527,421.6,550,10.616,33.69,37.25353984074873,3.56353984074873,.105774,Sa 6. Dez 19:30:55 CET 2025
27,33.69,3.537527,421.6,550,10.616,33.69,44.56884272023122,10.87884272023122,.322910,Sa 6. Dez 19:30:59 CET 2025
30,33.69,3.537527,421.6,550,10.616,33.69,46.57275317540846,12.88275317540846,.382391,Sa 6. Dez 19:31:37 CET 2025
6,34.19,3.511565,421.6,550,10.616,34.19,35.85096248890048,1.66096248890048,.048580,Sa 6. Dez 19:31:42 CET 2025
3,34.19,3.511565,421.6,550,10.616,34.19,34.98228918377104,.79228918377104,.023173,Sa 6. Dez 19:31:47 CET 2025
31,33.69,3.537527,421.6,550,10.616,33.69,47.273235624176394,13.583235624176394,.403183,Sa 6. Dez 19:31:54 CET 2025
9,34.19,3.511565,421.6,550,10.616,34.19,36.80890873086133,2.61890873086133,.076598,Sa 6. Dez 19:31:58 CET 2025
0,34.19,3.511565,421.6,550,10.616,34.19,34.19000000000002,.00000000000002,0,Sa 6. Dez 19:32:10 CET 2025
15,34.19,3.511565,421.6,550,10.616,34.19,39.058594832876466,4.868594832876466,.142398,Sa 6. Dez 19:32:28 CET 2025
12,34.19,3.511565,421.6,550,10.616,34.19,37.87181376873841,3.68181376873841,.107686,Sa 6. Dez 19:32:34 CET 2025
18,34.19,3.511565,421.6,550,10.616,34.19,40.39145611284741,6.20145611284741,.181382,Sa 6. Dez 19:47:21 CET 2025
21,34.19,3.511565,421.6,550,10.616,34.19,41.89479138108182,7.70479138108182,.225352,Sa 6. Dez 19:47:35 CET 2025
27,34.19,3.511565,421.6,550,10.616,34.19,45.49190996390992,11.30190996390992,.330561,Sa 6. Dez 19:47:50 CET 2025
24,34.19,3.511565,421.6,550,10.616,34.19,43.591229039907645,9.401229039907645,.274970,Sa 6. Dez 19:47:53 CET 2025
31,34.19,3.511565,421.6,550,10.616,34.19,48.30594743098487,14.11594743098487,.412867,Sa 6. Dez 19:48:11 CET 2025
30,34.19,3.511565,421.6,550,10.616,34.19,47.57881874048392,13.38881874048392,.391600,Sa 6. Dez 19:48:14 CET 2025
3,34.97,3.472182,421.6,550,10.616,34.97,35.79971770458346,.82971770458346,.023726,Sa 6. Dez 19:48:18 CET 2025
6,34.97,3.472182,421.6,550,10.616,34.97,36.711462386563745,1.741462386563745,.049798,Sa 6. Dez 19:48:35 CET 2025
9,34.97,3.472182,421.6,550,10.616,34.97,37.71943816410425,2.74943816410425,.078622,Sa 6. Dez 19:48:48 CET 2025
0,34.97,3.472182,421.6,550,10.616,34.97,34.97000000000002,.00000000000002,0,Sa 6. Dez 19:48:48 CET 2025
12,34.97,3.472182,421.6,550,10.616,34.97,38.84100641636147,3.87100641636147,.110695,Sa 6. Dez 19:48:52 CET 2025
18,34.97,3.472182,421.6,550,10.616,34.97,41.51254205750275,6.54254205750275,.187090,Sa 6. Dez 19:49:03 CET 2025
15,34.97,3.472182,421.6,550,10.616,34.97,40.09716443510588,5.12716443510588,.146616,Sa 6. Dez 19:49:03 CET 2025
21,34.97,3.472182,421.6,550,10.616,34.97,43.1139000148611,8.1439000148611,.232882,Sa 6. Dez 19:49:03 CET 2025
27,34.97,3.472182,421.6,550,10.616,34.97,46.953875512565155,11.983875512565155,.342690,Sa 6. Dez 19:49:32 CET 2025
30,34.97,3.472182,421.6,550,10.616,34.97,49.17197306697435,14.20197306697435,.406118,Sa 6. Dez 19:49:34 CET 2025
31,34.97,3.472182,421.6,550,10.616,34.97,49.94036717149515,14.97036717149515,.428091,Sa 6. Dez 19:49:34 CET 2025
24,34.97,3.472182,421.6,550,10.616,34.97,44.9249410287091,9.9549410287091,.284670,Sa 6. Dez 19:49:43 CET 2025
0,32.69,3.734455,455.9,550,10.616,32.69,32.69000000000002,.00000000000002,0,Sa 6. Dez 20:04:45 CET 2025
3,32.69,3.734455,455.9,550,10.616,32.69,33.35627358676717,.66627358676717,.020381,Sa 6. Dez 20:05:01 CET 2025
6,32.69,3.734455,455.9,550,10.616,32.69,34.078616889687055,1.388616889687055,.042478,Sa 6. Dez 20:05:19 CET 2025
18,32.69,3.734455,455.9,550,10.616,32.69,37.718023434979514,5.028023434979514,.153809,Sa 6. Dez 20:05:22 CET 2025
12,32.69,3.734455,455.9,550,10.616,32.69,35.72596380096918,3.03596380096918,.092871,Sa 6. Dez 20:05:33 CET 2025
9,32.69,3.734455,455.9,550,10.616,32.69,34.865249835902574,2.175249835902574,.066541,Sa 6. Dez 20:05:43 CET 2025
15,32.69,3.734455,455.9,550,10.616,32.69,36.67236430540367,3.98236430540367,.121822,Sa 6. Dez 20:06:02 CET 2025
21,32.69,3.734455,455.9,550,10.616,32.69,38.87832385163323,6.18832385163323,.189303,Sa 6. Dez 20:06:05 CET 2025
0,33.19,3.706219,455.9,550,10.616,33.19,33.19000000000002,.00000000000002,0,Sa 6. Dez 20:06:11 CET 2025
27,32.69,3.734455,455.9,550,10.616,32.69,41.60627489148091,8.91627489148091,.272752,Sa 6. Dez 20:06:15 CET 2025
24,32.69,3.734455,455.9,550,10.616,32.69,40.169538128743184,7.479538128743184,.228802,Sa 6. Dez 20:06:16 CET 2025
30,32.69,3.734455,455.9,550,10.616,32.69,43.19604229410232,10.50604229410232,.321383,Sa 6. Dez 20:06:23 CET 2025
31,32.69,3.734455,455.9,550,10.616,32.69,43.75912887182053,11.06912887182053,.338609,Sa 6. Dez 20:06:30 CET 2025
15,33.19,3.706219,455.9,550,10.616,33.19,37.31071939345719,4.12071939345719,.124155,Sa 6. Dez 20:06:50 CET 2025
6,33.19,3.706219,455.9,550,10.616,33.19,34.62327221158863,1.43327221158863,.043183,Sa 6. Dez 20:06:53 CET 2025
3,33.19,3.706219,455.9,550,10.616,33.19,33.87723363679204,.68723363679204,.020706,Sa 6. Dez 20:06:54 CET 2025
9,33.19,3.706219,455.9,550,10.616,33.19,35.4368898118781,2.2468898118781,.067697,Sa 6. Dez 20:07:03 CET 2025
12,33.19,3.706219,455.9,550,10.616,33.19,36.328557888882166,3.138557888882166,.094563,Sa 6. Dez 20:07:12 CET 2025
18,33.19,3.706219,455.9,550,10.616,33.19,38.39793920676557,5.20793920676557,.156912,Sa 6. Dez 20:22:24 CET 2025
21,33.19,3.706219,455.9,550,10.616,33.19,39.606690730542155,6.416690730542155,.193332,Sa 6. Dez 20:22:25 CET 2025
27,33.19,3.706219,455.9,550,10.616,33.19,42.45559731554708,9.26559731554708,.279168,Sa 6. Dez 20:22:42 CET 2025
24,33.19,3.706219,455.9,550,10.616,33.19,40.95423909675093,7.76423909675093,.233933,Sa 6. Dez 20:22:42 CET 2025
30,33.19,3.706219,455.9,550,10.616,33.19,44.11705700554012,10.92705700554012,.329227,Sa 6. Dez 20:22:45 CET 2025
31,33.19,3.706219,455.9,550,10.616,33.19,44.70499353943254,11.51499353943254,.346941,Sa 6. Dez 20:23:12 CET 2025
3,33.69,3.678614,455.9,550,10.616,33.69,34.39853130696341,.70853130696341,.021030,Sa 6. Dez 20:23:17 CET 2025
0,33.69,3.678614,455.9,550,10.616,33.69,33.69000000000002,.00000000000002,0,Sa 6. Dez 20:23:35 CET 2025
6,33.69,3.678614,455.9,550,10.616,33.69,35.16869733953556,1.47869733953556,.043891,Sa 6. Dez 20:23:36 CET 2025
9,33.69,3.678614,455.9,550,10.616,33.69,36.00984730916062,2.31984730916062,.068858,Sa 6. Dez 20:23:38 CET 2025
12,33.69,3.678614,455.9,550,10.616,33.69,36.93317675716592,3.24317675716592,.096265,Sa 6. Dez 20:23:48 CET 2025
18,33.69,3.678614,455.9,550,10.616,33.69,39.08196537429002,5.39196537429002,.160046,Sa 6. Dez 20:23:52 CET 2025
15,33.69,3.678614,455.9,550,10.616,33.69,37.95201169971739,4.26201169971739,.126506,Sa 6. Dez 20:24:00 CET 2025
24,33.69,3.678614,455.9,550,10.616,33.69,41.74635371185264,8.05635371185264,.239131,Sa 6. Dez 20:24:10 CET 2025
21,33.69,3.678614,455.9,550,10.616,33.69,40.34065970501619,6.65065970501619,.197407,Sa 6. Dez 20:24:24 CET 2025
27,33.69,3.678614,455.9,550,10.616,33.69,43.31435014815861,9.62435014815861,.285673,Sa 6. Dez 20:24:32 CET 2025
30,33.69,3.678614,455.9,550,10.616,33.69,45.04936216185647,11.35936216185647,.337173,Sa 6. Dez 20:24:46 CET 2025
31,33.69,3.678614,455.9,550,10.616,33.69,45.662625370959816,11.972625370959816,.355376,Sa 6. Dez 20:24:56 CET 2025
3,34.19,3.651617,455.9,550,10.616,34.19,34.920167892096025,.730167892096025,.021356,Sa 6. Dez 20:39:35 CET 2025
6,34.19,3.651617,455.9,550,10.616,34.19,35.714891376452336,1.524891376452336,.044600,Sa 6. Dez 20:39:59 CET 2025
0,34.19,3.651617,455.9,550,10.616,34.19,34.19000000000002,.00000000000002,0,Sa 6. Dez 20:40:06 CET 2025
9,34.19,3.651617,455.9,550,10.616,34.19,36.584130108906784,2.394130108906784,.070024,Sa 6. Dez 20:40:17 CET 2025
12,34.19,3.651617,455.9,550,10.616,34.19,37.53983775064673,3.34983775064673,.097977,Sa 6. Dez 20:40:22 CET 2025
18,34.19,3.651617,455.9,550,10.616,34.19,39.77015921011052,5.58015921011052,.163210,Sa 6. Dez 20:40:34 CET 2025
15,34.19,3.651617,455.9,550,10.616,34.19,38.59627461765906,4.40627461765906,.128876,Sa 6. Dez 20:40:51 CET 2025
24,34.19,3.651617,455.9,550,10.616,34.19,42.546000814325545,8.356000814325545,.244398,Sa 6. Dez 20:40:55 CET 2025
27,34.19,3.651617,455.9,550,10.616,34.19,44.18266473311598,9.99266473311598,.292268,Sa 6. Dez 20:41:00 CET 2025
21,34.19,3.651617,455.9,550,10.616,34.19,41.08030761390709,6.89030761390709,.201529,Sa 6. Dez 20:41:03 CET 2025
31,34.19,3.651617,455.9,550,10.616,34.19,46.632002748841614,12.442002748841614,.363907,Sa 6. Dez 20:41:18 CET 2025
0,34.97,3.610663,455.9,550,10.616,34.97,34.97000000000002,.00000000000002,0,Sa 6. Dez 20:41:20 CET 2025
30,34.19,3.651617,455.9,550,10.616,34.19,45.99300787282215,11.80300787282215,.345218,Sa 6. Dez 20:41:22 CET 2025
6,34.97,3.610663,455.9,550,10.616,34.97,36.5685014207346,1.5985014207346,.045710,Sa 6. Dez 20:41:41 CET 2025
3,34.97,3.610663,455.9,550,10.616,34.97,35.734598704651624,.764598704651624,.021864,Sa 6. Dez 20:41:42 CET 2025
9,34.97,3.610663,455.9,550,10.616,34.97,37.48267972469763,2.51267972469763,.071852,Sa 6. Dez 20:42:08 CET 2025
15,34.97,3.610663,455.9,550,10.616,34.97,39.607340872417446,4.637340872417446,.132609,Sa 6. Dez 20:42:28 CET 2025
12,34.97,3.610663,455.9,550,10.616,34.97,38.49035255954986,3.52035255954986,.100667,Sa 6. Dez 20:42:29 CET 2025
18,34.97,3.610663,455.9,550,10.616,34.97,40.852208761486956,5.882208761486956,.168207,Sa 6. Dez 20:57:10 CET 2025
21,34.97,3.610663,455.9,550,10.616,34.97,42.245740924052264,7.275740924052264,.208056,Sa 6. Dez 20:57:12 CET 2025
24,34.97,3.610663,455.9,550,10.616,34.97,43.80878179458354,8.83878179458354,.252753,Sa 6. Dez 20:57:30 CET 2025
27,34.97,3.610663,455.9,550,10.616,34.97,45.556623106588276,10.586623106588276,.302734,Sa 6. Dez 20:57:53 CET 2025
30,34.97,3.610663,455.9,550,10.616,34.97,47.487811110345774,12.517811110345774,.357958,Sa 6. Dez 20:57:58 CET 2025
31,34.97,3.610663,455.9,550,10.616,34.97,48.16760702636987,13.19760702636987,.377397,Sa 6. Dez 20:58:15 CET 2025
0,32.69,3.967981,514.7,550,10.616,32.69,32.69000000000002,.00000000000002,0,Sa 6. Dez 20:58:19 CET 2025
18,32.69,3.967981,514.7,550,10.616,32.69,36.98988173595087,4.29988173595087,.131535,Sa 6. Dez 20:58:31 CET 2025
9,32.69,3.967981,514.7,550,10.616,32.69,34.587836454151635,1.897836454151635,.058055,Sa 6. Dez 20:58:37 CET 2025
3,32.69,3.967981,514.7,550,10.616,32.69,33.27746100564386,.58746100564386,.017970,Sa 6. Dez 20:58:39 CET 2025
12,32.69,3.967981,514.7,550,10.616,32.69,35.32275918840989,2.63275918840989,.080537,Sa 6. Dez 20:58:41 CET 2025
6,32.69,3.967981,514.7,550,10.616,32.69,33.9082264157782,1.2182264157782,.037266,Sa 6. Dez 20:58:46 CET 2025
15,32.69,3.967981,514.7,550,10.616,32.69,36.12053318584917,3.43053318584917,.104941,Sa 6. Dez 20:58:53 CET 2025
21,32.69,3.967981,514.7,550,10.616,32.69,37.94074158820089,5.25074158820089,.160622,Sa 6. Dez 20:58:59 CET 2025
24,32.69,3.967981,514.7,550,10.616,32.69,38.98407537065695,6.29407537065695,.192538,Sa 6. Dez 20:59:16 CET 2025
27,32.69,3.967981,514.7,550,10.616,32.69,40.13122119931452,7.44122119931452,.227629,Sa 6. Dez 20:59:34 CET 2025
30,32.69,3.967981,514.7,550,10.616,32.69,41.39236423588382,8.70236423588382,.266208,Sa 6. Dez 20:59:47 CET 2025
31,32.69,3.967981,514.7,550,10.616,32.69,41.83932263551702,9.14932263551702,.279881,Sa 6. Dez 21:00:21 CET 2025
3,33.19,3.937979,514.7,550,10.616,33.19,33.795897490097495,.605897490097495,.018255,Sa 6. Dez 21:14:42 CET 2025
0,33.19,3.937979,514.7,550,10.616,33.19,33.19000000000002,.00000000000002,0,Sa 6. Dez 21:14:48 CET 2025
6,33.19,3.937979,514.7,550,10.616,33.19,34.44720140668031,1.25720140668031,.037878,Sa 6. Dez 21:15:11 CET 2025
12,33.19,3.937979,514.7,550,10.616,33.19,35.910666608614925,2.720666608614925,.081972,Sa 6. Dez 21:15:28 CET 2025
9,33.19,3.937979,514.7,550,10.616,33.19,35.149819097451825,1.959819097451825,.059048,Sa 6. Dez 21:15:29 CET 2025
15,33.19,3.937979,514.7,550,10.616,33.19,36.737818785030754,3.547818785030754,.106894,Sa 6. Dez 21:15:49 CET 2025
21,33.19,3.937979,514.7,550,10.616,33.19,38.62977680602185,5.43977680602185,.163898,Sa 6. Dez 21:15:55 CET 2025
18,33.19,3.937979,514.7,550,10.616,33.19,37.64063492234073,4.45063492234073,.134095,Sa 6. Dez 21:15:55 CET 2025
24,33.19,3.937979,514.7,550,10.616,33.19,39.71697072587739,6.52697072587739,.196654,Sa 6. Dez 21:16:01 CET 2025
0,33.69,3.908648,514.7,550,10.616,33.69,33.69000000000002,.00000000000002,0,Sa 6. Dez 21:16:13 CET 2025
27,33.19,3.937979,514.7,550,10.616,33.19,40.914227664470445,7.724227664470445,.232727,Sa 6. Dez 21:16:25 CET 2025
31,33.19,3.937979,514.7,550,10.616,33.19,42.69920810082054,9.50920810082054,.286508,Sa 6. Dez 21:16:27 CET 2025
30,33.19,3.937979,514.7,550,10.616,33.19,42.232003976698216,9.042003976698216,.272431,Sa 6. Dez 21:16:32 CET 2025
3,33.69,3.908648,514.7,550,10.616,33.69,34.31462885269675,.62462885269675,.018540,Sa 6. Dez 21:16:41 CET 2025
9,33.69,3.908648,514.7,550,10.616,33.69,35.712914593789264,2.022914593789264,.060044,Sa 6. Dez 21:16:48 CET 2025
6,33.69,3.908648,514.7,550,10.616,33.69,34.98683499258811,1.29683499258811,.038493,Sa 6. Dez 21:16:54 CET 2025
15,33.69,3.908648,514.7,550,10.616,33.69,37.357490998894335,3.667490998894335,.108859,Sa 6. Dez 21:17:19 CET 2025
12,33.69,3.908648,514.7,550,10.616,33.69,36.5002522528832,2.8102522528832,.083415,Sa 6. Dez 21:17:32 CET 2025
21,33.69,3.908648,514.7,550,10.616,33.69,39.323191594231446,5.633191594231446,.167206,Sa 6. Dez 21:31:55 CET 2025
18,33.69,3.908648,514.7,550,10.616,33.69,38.29466187775515,4.60466187775515,.136677,Sa 6. Dez 21:32:06 CET 2025
24,33.69,3.908648,514.7,550,10.616,33.69,40.45560650229378,6.76560650229378,.200819,Sa 6. Dez 21:32:46 CET 2025
27,33.69,3.908648,514.7,550,10.616,33.69,41.70458517143242,8.01458517143242,.237892,Sa 6. Dez 21:33:07 CET 2025
0,34.19,3.879962,514.7,550,10.616,34.19,34.19000000000002,.00000000000002,0,Sa 6. Dez 21:33:08 CET 2025
30,33.69,3.908648,514.7,550,10.616,33.69,43.08077280723532,9.39077280723532,.278740,Sa 6. Dez 21:33:11 CET 2025
31,33.69,3.908648,514.7,550,10.616,33.69,43.568830020636106,9.878830020636106,.293227,Sa 6. Dez 21:33:20 CET 2025
3,34.19,3.879962,514.7,550,10.616,34.19,34.833655934048075,.643655934048075,.018825,Sa 6. Dez 21:33:26 CET 2025
6,34.19,3.879962,514.7,550,10.616,34.19,35.52713238541651,1.33713238541651,.039108,Sa 6. Dez 21:33:28 CET 2025
9,34.19,3.879962,514.7,550,10.616,34.19,36.277130465761545,2.087130465761545,.061045,Sa 6. Dez 21:33:36 CET 2025
12,34.19,3.879962,514.7,550,10.616,34.19,37.09153152041434,2.90153152041434,.084864,Sa 6. Dez 21:33:53 CET 2025
18,34.19,3.879962,514.7,550,10.616,34.19,38.95200751033283,4.76200751033283,.139280,Sa 6. Dez 21:34:01 CET 2025
15,34.19,3.879962,514.7,550,10.616,34.19,37.979576880234234,3.789576880234234,.110838,Sa 6. Dez 21:34:07 CET 2025
24,34.19,3.879962,514.7,550,10.616,34.19,41.20007940015662,7.01007940015662,.205033,Sa 6. Dez 21:34:19 CET 2025
21,34.19,3.879962,514.7,550,10.616,34.19,40.02105570213772,5.83105570213772,.170548,Sa 6. Dez 21:34:25 CET 2025
27,34.19,3.879962,514.7,550,10.616,34.19,42.5024274354118,8.3124274354118,.243124,Sa 6. Dez 21:34:38 CET 2025
30,34.19,3.879962,514.7,550,10.616,34.19,43.9388301860075,9.7488301860075,.285136,Sa 6. Dez 21:34:43 CET 2025
31,34.19,3.879962,514.7,550,10.616,34.19,44.44833714866715,10.25833714866715,.300039,Sa 6. Dez 21:35:08 CET 2025
0,34.97,3.836447,514.7,550,10.616,34.97,34.97000000000002,.00000000000002,0,Sa 6. Dez 21:49:17 CET 2025
3,34.97,3.836447,514.7,550,10.616,34.97,35.643929889400596,.673929889400596,.019271,Sa 6. Dez 21:49:35 CET 2025
6,34.97,3.836447,514.7,550,10.616,34.97,36.371323308728364,1.401323308728364,.040072,Sa 6. Dez 21:50:27 CET 2025
18,34.97,3.836447,514.7,550,10.616,34.97,39.98418392886524,5.01418392886524,.143385,Sa 6. Dez 21:50:37 CET 2025
12,34.97,3.836447,514.7,550,10.616,34.97,38.01733573916035,3.04733573916035,.087141,Sa 6. Dez 21:50:40 CET 2025
15,34.97,3.836447,514.7,550,10.616,34.97,38.954902491840464,3.984902491840464,.113952,Sa 6. Dez 21:50:42 CET 2025
9,34.97,3.836447,514.7,550,10.616,34.97,37.15955653545767,2.18955653545767,.062612,Sa 6. Dez 21:50:56 CET 2025
21,34.97,3.836447,514.7,550,10.616,34.97,41.11875452914999,6.14875452914999,.175829,Sa 6. Dez 21:51:02 CET 2025
24,34.97,3.836447,514.7,550,10.616,34.97,42.373331822117436,7.403331822117436,.211705,Sa 6. Dez 21:51:02 CET 2025
27,34.97,3.836447,514.7,550,10.616,34.97,43.76226578722762,8.79226578722762,.251423,Sa 6. Dez 21:51:09 CET 2025
30,34.97,3.836447,514.7,550,10.616,34.97,45.296204876820546,10.326204876820546,.295287,Sa 6. Dez 21:51:25 CET 2025
0,32.69,4.188507,573.5,550,10.616,32.69,32.69000000000002,.00000000000002,0,Sa 6. Dez 21:51:37 CET 2025
31,34.97,3.836447,514.7,550,10.616,34.97,45.84031122345258,10.87031122345258,.310846,Sa 6. Dez 21:51:43 CET 2025
6,32.69,4.188507,573.5,550,10.616,32.69,33.775096968345956,1.085096968345956,.033193,Sa 6. Dez 21:51:46 CET 2025
12,32.69,4.188507,573.5,550,10.616,32.69,35.01420898151421,2.32420898151421,.071098,Sa 6. Dez 21:51:59 CET 2025
3,32.69,4.188507,573.5,550,10.616,32.69,33.21532348479839,.52532348479839,.016069,Sa 6. Dez 21:52:09 CET 2025
9,32.69,4.188507,573.5,550,10.616,32.69,34.37322809711252,1.68322809711252,.051490,Sa 6. Dez 21:52:18 CET 2025
15,32.69,4.188507,573.5,550,10.616,32.69,35.70319768156659,3.01319768156659,.092174,Sa 6. Dez 21:52:46 CET 2025
18,32.69,4.188507,573.5,550,10.616,32.69,36.44609282226196,3.75609282226196,.114900,Sa 6. Dez 22:06:59 CET 2025
21,32.69,4.188507,573.5,550,10.616,32.69,37.249581651083155,4.559581651083155,.139479,Sa 6. Dez 22:07:05 CET 2025
27,32.69,4.188507,573.5,550,10.616,32.69,39.06884223880154,6.37884223880154,.195131,Sa 6. Dez 22:08:01 CET 2025
24,32.69,4.188507,573.5,550,10.616,32.69,38.121156726405324,5.431156726405324,.166141,Sa 6. Dez 22:08:02 CET 2025
30,32.69,4.188507,573.5,550,10.616,32.69,40.10084848895824,7.41084848895824,.226700,Sa 6. Dez 22:08:06 CET 2025
0,33.19,4.156837,573.5,550,10.616,33.19,33.19000000000002,.00000000000002,0,Sa 6. Dez 22:08:37 CET 2025
31,32.69,4.188507,573.5,550,10.616,32.69,40.46491508234671,7.77491508234671,.237837,Sa 6. Dez 22:08:38 CET 2025
3,33.19,4.156837,573.5,550,10.616,33.19,33.73177852695116,.54177852695116,.016323,Sa 6. Dez 22:08:39 CET 2025
9,33.19,4.156837,573.5,550,10.616,33.19,34.92784625627775,1.73784625627775,.052360,Sa 6. Dez 22:08:40 CET 2025
6,33.19,4.156837,573.5,550,10.616,33.19,34.30967188480038,1.11967188480038,.033735,Sa 6. Dez 22:08:42 CET 2025
18,33.19,4.156837,573.5,550,10.616,33.19,37.07573923210509,3.88573923210509,.117075,Sa 6. Dez 22:09:06 CET 2025
15,33.19,4.156837,573.5,550,10.616,33.19,36.304955171627356,3.114955171627356,.093852,Sa 6. Dez 22:09:09 CET 2025
12,33.19,4.156837,573.5,550,10.616,33.19,35.59110007607099,2.40110007607099,.072344,Sa 6. Dez 22:09:09 CET 2025
24,33.19,4.156837,573.5,550,10.616,33.19,38.81764557679702,5.62764557679702,.169558,Sa 6. Dez 22:09:09 CET 2025
21,33.19,4.156837,573.5,550,10.616,33.19,37.91063502819165,4.72063502819165,.142230,Sa 6. Dez 22:09:19 CET 2025
30,33.19,4.156837,573.5,550,10.616,33.19,40.88251135623427,7.69251135623427,.231771,Sa 6. Dez 22:09:47 CET 2025
27,33.19,4.156837,573.5,550,10.616,33.19,39.80538290385009,6.61538290385009,.199318,Sa 6. Dez 22:09:55 CET 2025
31,33.19,4.156837,573.5,550,10.616,33.19,41.26279314328826,8.07279314328826,.243229,Sa 6. Dez 22:10:26 CET 2025
0,33.69,4.125876,573.5,550,10.616,33.69,33.69000000000002,.00000000000002,0,Sa 6. Dez 22:24:08 CET 2025
3,33.69,4.125876,573.5,550,10.616,33.69,34.24849538761763,.55849538761763,.016577,Sa 6. Dez 22:24:40 CET 2025
12,33.69,4.125876,573.5,550,10.616,33.69,36.169421244280855,2.479421244280855,.073595,Sa 6. Dez 22:25:31 CET 2025
9,33.69,4.125876,573.5,550,10.616,33.69,35.483426426337104,1.793426426337104,.053233,Sa 6. Dez 22:25:35 CET 2025
6,33.69,4.125876,573.5,550,10.616,33.69,34.844825014823584,1.154825014823584,.034277,Sa 6. Dez 22:25:40 CET 2025
18,33.69,4.125876,573.5,550,10.616,33.69,37.70808682213626,4.01808682213626,.119266,Sa 6. Dez 22:25:47 CET 2025
27,33.69,4.125876,573.5,550,10.616,33.69,40.5477745186415,6.8577745186415,.203555,Sa 6. Dez 22:25:59 CET 2025
21,33.69,4.125876,573.5,550,10.616,33.69,38.57523586647691,4.88523586647691,.145005,Sa 6. Dez 22:26:03 CET 2025
30,33.69,4.125876,573.5,550,10.616,33.69,41.671476281457,7.981476281457,.236909,Sa 6. Dez 22:26:07 CET 2025
24,33.69,4.125876,573.5,550,10.616,33.69,39.518736730074586,5.828736730074586,.173010,Sa 6. Dez 22:26:24 CET 2025
15,33.69,4.125876,573.5,550,10.616,33.69,36.90871518933349,3.21871518933349,.095539,Sa 6. Dez 22:26:24 CET 2025
3,34.19,4.095596,573.5,550,10.616,34.19,34.76547475930386,.57547475930386,.016831,Sa 6. Dez 22:26:29 CET 2025
31,33.69,4.125876,573.5,550,10.616,33.69,42.068492976834975,8.378492976834975,.248693,Sa 6. Dez 22:26:56 CET 2025
0,34.19,4.095596,573.5,550,10.616,34.19,34.19000000000002,.00000000000002,0,Sa 6. Dez 22:26:59 CET 2025
6,34.19,4.095596,573.5,550,10.616,34.19,35.38055905868265,1.19055905868265,.034821,Sa 6. Dez 22:27:11 CET 2025
9,34.19,4.095596,573.5,550,10.616,34.19,36.03997460867343,1.84997460867343,.054108,Sa 6. Dez 22:27:41 CET 2025
12,34.19,4.095596,573.5,550,10.616,34.19,36.7491840399535,2.5591840399535,.074851,Sa 6. Dez 22:27:42 CET 2025
15,34.19,4.095596,573.5,550,10.616,34.19,37.51449884217731,3.32449884217731,.097236,Sa 6. Dez 22:28:13 CET 2025
18,34.19,4.095596,573.5,550,10.616,34.19,38.34317160780508,4.15317160780508,.121473,Sa 6. Dez 22:41:20 CET 2025
21,34.19,4.095596,573.5,550,10.616,34.19,39.243450334801565,5.053450334801565,.147804,Sa 6. Dez 22:42:18 CET 2025
31,34.19,4.095596,573.5,550,10.616,34.19,42.88215966582467,8.69215966582467,.254231,Sa 6. Dez 22:42:55 CET 2025
27,34.19,4.095596,573.5,550,10.616,34.19,41.29612042204265,7.10612042204265,.207842,Sa 6. Dez 22:42:58 CET 2025
30,34.19,4.095596,573.5,550,10.616,34.19,42.46787778066553,8.27787778066553,.242114,Sa 6. Dez 22:43:06 CET 2025
24,34.19,4.095596,573.5,550,10.616,34.19,40.2245071763844,6.0345071763844,.176499,Sa 6. Dez 22:43:11 CET 2025
6,34.97,4.049663,573.5,550,10.616,34.97,36.217467171450494,1.247467171450494,.035672,Sa 6. Dez 22:43:29 CET 2025
0,34.97,4.049663,573.5,550,10.616,34.97,34.97000000000002,.00000000000002,0,Sa 6. Dez 22:43:33 CET 2025
3,34.97,4.049663,573.5,550,10.616,34.97,35.57248726926277,.60248726926277,.017228,Sa 6. Dez 22:43:37 CET 2025
15,34.97,4.049663,573.5,550,10.616,34.97,38.46360029296122,3.49360029296122,.099902,Sa 6. Dez 22:43:50 CET 2025
9,34.97,4.049663,573.5,550,10.616,34.97,36.910133225322035,1.940133225322035,.055479,Sa 6. Dez 22:44:02 CET 2025
12,34.97,4.049663,573.5,550,10.616,34.97,37.65651642039724,2.68651642039724,.076823,Sa 6. Dez 22:44:13 CET 2025
24,34.97,4.049663,573.5,550,10.616,34.97,41.335008954464946,6.365008954464946,.182013,Sa 6. Dez 22:44:22 CET 2025
30,34.97,4.049663,573.5,550,10.616,34.97,43.725389275520435,8.755389275520435,.250368,Sa 6. Dez 22:44:46 CET 2025
18,34.97,4.049663,573.5,550,10.616,34.97,39.339435911301145,4.369435911301145,.124948,Sa 6. Dez 22:45:03 CET 2025
27,34.97,4.049663,573.5,550,10.616,34.97,42.475656006790715,7.505656006790715,.214631,Sa 6. Dez 22:45:36 CET 2025
31,34.97,4.049663,573.5,550,10.616,34.97,44.16767444039888,9.19767444039888,.263016,Sa 6. Dez 22:46:04 CET 2025
21,34.97,4.049663,573.5,550,10.616,34.97,40.29318339194982,5.32318339194982,.152221,Sa 6. Dez 22:46:40 CET 2025
0,32.69,4.397988,632.3,550,10.616,32.69,32.69000000000002,.00000000000002,0,Sa 6. Dez 22:58:51 CET 2025
3,32.69,4.397988,632.3,550,10.616,32.69,33.16507472636055,.47507472636055,.014532,Sa 6. Dez 22:59:41 CET 2025
6,32.69,4.397988,632.3,550,10.616,32.69,33.66820702364692,.97820702364692,.029923,Sa 6. Dez 23:00:19 CET 2025
9,32.69,4.397988,632.3,550,10.616,32.69,34.202255911453065,1.512255911453065,.046260,Sa 6. Dez 23:00:46 CET 2025
15,32.69,4.397988,632.3,550,10.616,32.69,35.37651130793563,2.68651130793563,.082181,Sa 6. Dez 23:00:53 CET 2025
12,32.69,4.397988,632.3,550,10.616,32.69,34.770464340133124,2.080464340133124,.063642,Sa 6. Dez 23:00:53 CET 2025
24,32.69,4.397988,632.3,550,10.616,32.69,37.46596363416803,4.77596363416803,.146098,Sa 6. Dez 23:01:00 CET 2025
18,32.69,4.397988,632.3,550,10.616,32.69,36.02455965192929,3.33455965192929,.102005,Sa 6. Dez 23:01:12 CET 2025
21,32.69,4.397988,632.3,550,10.616,32.69,36.71929928073058,4.02929928073058,.123257,Sa 6. Dez 23:01:30 CET 2025
30,32.69,4.397988,632.3,550,10.616,32.69,39.138310149511014,6.448310149511014,.197256,Sa 6. Dez 23:01:40 CET 2025
27,32.69,4.397988,632.3,550,10.616,32.69,38.270272176611265,5.580272176611265,.170702,Sa 6. Dez 23:01:41 CET 2025
0,33.19,4.364735,632.3,550,10.616,33.19,33.19000000000002,.00000000000002,0,Sa 6. Dez 23:01:57 CET 2025
31,32.69,4.397988,632.3,550,10.616,32.69,39.44288263108556,6.75288263108556,.206573,Sa 6. Dez 23:02:11 CET 2025
3,33.19,4.364735,632.3,550,10.616,33.19,33.67993281697078,.48993281697078,.014761,Sa 6. Dez 23:02:18 CET 2025
6,33.19,4.364735,632.3,550,10.616,33.19,34.19927445263289,1.00927445263289,.030408,Sa 6. Dez 23:02:26 CET 2025
9,33.19,4.364735,632.3,550,10.616,33.19,34.75107133484238,1.56107133484238,.047034,Sa 6. Dez 23:03:09 CET 2025
12,33.19,4.364735,632.3,550,10.616,33.19,35.338786392018434,2.148786392018434,.064741,Sa 6. Dez 23:03:45 CET 2025
15,33.19,4.364735,632.3,550,10.616,33.19,35.96635723316656,2.77635723316656,.083650,Sa 6. Dez 23:04:07 CET 2025
18,33.19,4.364735,632.3,550,10.616,33.19,36.63824214324288,3.44824214324288,.103894,Sa 6. Dez 23:16:00 CET 2025
21,33.19,4.364735,632.3,550,10.616,33.19,37.35947775700053,4.16947775700053,.125624,Sa 6. Dez 23:17:18 CET 2025
24,33.19,4.364735,632.3,550,10.616,33.19,38.13567022471362,4.94567022471362,.149010,Sa 6. Dez 23:17:47 CET 2025
31,33.19,4.364735,632.3,550,10.616,33.19,40.19561077153497,7.00561077153497,.211075,Sa 6. Dez 23:18:09 CET 2025
27,33.19,4.364735,632.3,550,10.616,33.19,38.97296034583696,5.78296034583696,.174238,Sa 6. Dez 23:18:20 CET 2025
30,33.19,4.364735,632.3,550,10.616,33.19,39.87783788281046,6.68783788281046,.201501,Sa 6. Dez 23:18:51 CET 2025
3,33.69,4.332225,632.3,550,10.616,33.69,34.1950263529186,.5050263529186,.014990,Sa 6. Dez 23:18:52 CET 2025
9,33.69,4.332225,632.3,550,10.616,33.69,35.300735769788574,1.610735769788574,.047810,Sa 6. Dez 23:18:59 CET 2025
0,33.69,4.332225,632.3,550,10.616,33.69,33.69000000000002,.00000000000002,0,Sa 6. Dez 23:19:00 CET 2025
12,33.69,4.332225,632.3,550,10.616,33.69,35.908356612041075,2.218356612041075,.065846,Sa 6. Dez 23:19:05 CET 2025
6,33.69,4.332225,632.3,550,10.616,33.69,34.730857156049865,1.040857156049865,.030895,Sa 6. Dez 23:19:12 CET 2025
21,33.69,4.332225,632.3,550,10.616,33.69,38.002639675802705,4.312639675802705,.128009,Sa 6. Dez 23:19:40 CET 2025
15,33.69,4.332225,632.3,550,10.616,33.69,36.5579271530069,2.8679271530069,.085126,Sa 6. Dez 23:19:48 CET 2025
24,33.69,4.332225,632.3,550,10.616,33.69,38.80918932574913,5.11918932574913,.151949,Sa 6. Dez 23:19:56 CET 2025
18,33.69,4.332225,632.3,550,10.616,33.69,37.25422410577178,3.56422410577178,.105794,Sa 6. Dez 23:19:56 CET 2025
27,33.69,4.332225,632.3,550,10.616,33.69,39.68044543468122,5.99044543468122,.177810,Sa 6. Dez 23:20:50 CET 2025
30,33.69,4.332225,632.3,550,10.616,33.69,40.62332061324926,6.93332061324926,.205797,Sa 6. Dez 23:21:16 CET 2025
31,33.69,4.332225,632.3,550,10.616,33.69,40.95471620303194,7.26471620303194,.215634,Sa 6. Dez 23:21:57 CET 2025
0,34.19,4.300431,632.3,550,10.616,34.19,34.19000000000002,.00000000000002,0,Sa 6. Dez 23:33:31 CET 2025
3,34.19,4.300431,632.3,550,10.616,34.19,34.710355856683655,.520355856683655,.015219,Sa 6. Dez 23:35:05 CET 2025
6,34.19,4.300431,632.3,550,10.616,34.19,35.26295543242478,1.07295543242478,.031382,Sa 6. Dez 23:35:35 CET 2025
12,34.19,4.300431,632.3,550,10.616,34.19,36.47917975993465,2.28917975993465,.066954,Sa 6. Dez 23:35:37 CET 2025
9,34.19,4.300431,632.3,550,10.616,34.19,35.85125077053452,1.66125077053452,.048588,Sa 6. Dez 23:35:52 CET 2025
24,34.19,4.300431,632.3,550,10.616,34.19,39.48657242659617,5.29657242659617,.154915,Sa 6. Dez 23:36:22 CET 2025
18,34.19,4.300431,632.3,550,10.616,34.19,37.87252362114142,3.68252362114142,.107707,Sa 6. Dez 23:36:29 CET 2025
21,34.19,4.300431,632.3,550,10.616,34.19,38.64882213850843,4.45882213850843,.130413,Sa 6. Dez 23:36:35 CET 2025
15,34.19,4.300431,632.3,550,10.616,34.19,37.15123409262591,2.96123409262591,.086611,Sa 6. Dez 23:36:39 CET 2025
27,34.19,4.300431,632.3,550,10.616,34.19,40.392800021350226,6.202800021350226,.181421,Sa 6. Dez 23:36:39 CET 2025
30,34.19,4.300431,632.3,550,10.616,34.19,41.374850908812256,7.184850908812256,.210144,Sa 6. Dez 23:36:50 CET 2025
31,34.19,4.300431,632.3,550,10.616,34.19,41.72030423870247,7.53030423870247,.220248,Sa 6. Dez 23:36:53 CET 2025
0,34.97,4.252200,632.3,550,10.616,34.97,34.97000000000002,.00000000000002,0,Sa 6. Dez 23:37:08 CET 2025
3,34.97,4.252200,632.3,550,10.616,34.97,35.514741556092574,.544741556092574,.015577,Sa 6. Dez 23:37:21 CET 2025
6,34.97,4.252200,632.3,550,10.616,34.97,36.094065335270095,1.124065335270095,.032143,Sa 6. Dez 23:37:37 CET 2025
9,34.97,4.252200,632.3,550,10.616,34.97,36.7117660176703,1.7417660176703,.049807,Sa 6. Dez 23:38:14 CET 2025
12,34.97,4.252200,632.3,550,10.616,34.97,37.37218659415922,2.40218659415922,.068692,Sa 6. Dez 23:38:59 CET 2025
15,34.97,4.252200,632.3,550,10.616,34.97,38.08029559334444,3.11029559334444,.088941,Sa 6. Dez 23:39:54 CET 2025
18,34.97,4.252200,632.3,550,10.616,34.97,38.84175766584033,3.87175766584033,.110716,Sa 6. Dez 23:50:51 CET 2025
21,34.97,4.252200,632.3,550,10.616,34.97,39.662985469950854,4.692985469950854,.134200,Sa 6. Dez 23:52:51 CET 2025
30,34.97,4.252200,632.3,550,10.616,34.97,42.55955252797516,7.58955252797516,.217030,Sa 6. Dez 23:52:56 CET 2025
24,34.97,4.252200,632.3,550,10.616,34.97,40.55113206299066,5.58113206299066,.159597,Sa 6. Dez 23:53:04 CET 2025
27,34.97,4.252200,632.3,550,10.616,34.97,41.51397272598695,6.54397272598695,.187131,Sa 6. Dez 23:53:05 CET 2025
0,32.69,4.598269,691.2,550,10.616,32.69,32.69000000000002,.00000000000002,0,Sa 6. Dez 23:53:56 CET 2025
31,34.97,4.252200,632.3,550,10.616,34.97,42.927811107104944,7.957811107104944,.227561,Sa 6. Dez 23:54:06 CET 2025
3,32.69,4.598269,691.2,550,10.616,32.69,33.12353568282326,.43353568282326,.013262,Sa 6. Dez 23:54:18 CET 2025
6,32.69,4.598269,691.2,550,10.616,32.69,33.580356918287784,.890356918287784,.027236,Sa 6. Dez 23:54:20 CET 2025
15,32.69,4.598269,691.2,550,10.616,32.69,35.11340838927037,2.42340838927037,.074133,Sa 6. Dez 23:54:22 CET 2025
9,32.69,4.598269,691.2,550,10.616,32.69,34.06261573340386,1.37261573340386,.041988,Sa 6. Dez 23:54:26 CET 2025
12,32.69,4.598269,691.2,550,10.616,32.69,34.57273032127396,1.88273032127396,.057593,Sa 6. Dez 23:54:26 CET 2025
21,32.69,4.598269,691.2,550,10.616,32.69,36.29898731782553,3.60898731782553,.110400,Sa 6. Dez 23:54:46 CET 2025
18,32.69,4.598269,691.2,550,10.616,32.69,35.68769577535688,2.99769577535688,.091700,Sa 6. Dez 23:54:49 CET 2025
24,32.69,4.598269,691.2,550,10.616,32.69,36.951056834167744,4.261056834167744,.130347,Sa 6. Dez 23:55:20 CET 2025
27,32.69,4.598269,691.2,550,10.616,32.69,37.6480528751104,4.9580528751104,.151668,Sa 6. Dez 23:56:01 CET 2025
30,32.69,4.598269,691.2,550,10.616,32.69,38.39445315035019,5.70445315035019,.174501,Sa 6. Dez 23:56:27 CET 2025
31,32.69,4.598269,691.2,550,10.616,32.69,38.65504013566762,5.96504013566762,.182472,Sa 6. Dez 23:57:55 CET 2025
0,33.19,4.563501,691.2,550,10.616,33.19,33.19000000000002,.00000000000002,0,So 7. Dez 00:08:30 CET 2025
9,33.19,4.563501,691.2,550,10.616,33.19,34.606736528548176,1.416736528548176,.042685,So 7. Dez 00:10:12 CET 2025
6,33.19,4.563501,691.2,550,10.616,33.19,34.10855844374127,.91855844374127,.027675,So 7. Dez 00:10:31 CET 2025
3,33.19,4.563501,691.2,550,10.616,33.19,33.63707747564828,.44707747564828,.013470,So 7. Dez 00:10:33 CET 2025
12,33.19,4.563501,691.2,550,10.616,33.19,35.13419100841689,1.94419100841689,.058577,So 7. Dez 00:10:51 CET 2025
15,33.19,4.563501,691.2,550,10.616,33.19,35.69382102004066,2.50382102004066,.075439,So 7. Dez 00:11:40 CET 2025
18,33.19,4.563501,691.2,550,10.616,33.19,36.28888361255494,3.09888361255494,.093367,So 7. Dez 00:11:46 CET 2025
24,33.19,4.563501,691.2,550,10.616,33.19,37.600284358701764,4.410284358701764,.132879,So 7. Dez 00:11:54 CET 2025
30,33.19,4.563501,691.2,550,10.616,33.19,39.102338187553144,5.912338187553144,.178136,So 7. Dez 00:11:55 CET 2025
0,33.69,4.529511,691.2,550,10.616,33.69,33.69000000000002,.00000000000002,0,So 7. Dez 00:11:56 CET 2025
27,33.19,4.563501,691.2,550,10.616,33.19,38.32512473017606,5.13512473017606,.154719,So 7. Dez 00:11:59 CET 2025
21,33.19,4.563501,691.2,550,10.616,33.19,36.92302089012269,3.73302089012269,.112474,So 7. Dez 00:12:03 CET 2025
31,33.19,4.563501,691.2,550,10.616,33.19,39.37391027307136,6.18391027307136,.186318,So 7. Dez 00:12:09 CET 2025
3,33.69,4.529511,691.2,550,10.616,33.69,34.150833046603466,.460833046603466,.013678,So 7. Dez 00:12:36 CET 2025
6,33.69,4.529511,691.2,550,10.616,33.69,34.63722393738467,.94722393738467,.028115,So 7. Dez 00:12:46 CET 2025
9,33.69,4.529511,691.2,550,10.616,33.69,35.15161476851004,1.46161476851004,.043384,So 7. Dez 00:13:51 CET 2025
12,33.69,4.529511,691.2,550,10.616,33.69,35.696755247229675,2.006755247229675,.059565,So 7. Dez 00:13:54 CET 2025
15,33.69,4.529511,691.2,550,10.616,33.69,36.27574309454121,2.58574309454121,.076751,So 7. Dez 00:15:49 CET 2025
18,33.69,4.529511,691.2,550,10.616,33.69,36.89206006872816,3.20206006872816,.095044,So 7. Dez 00:26:14 CET 2025
21,33.69,4.529511,691.2,550,10.616,33.69,37.54961272513658,3.85961272513658,.114562,So 7. Dez 00:27:43 CET 2025
27,33.69,4.529511,691.2,550,10.616,33.69,39.00622072061165,5.31622072061165,.157798,So 7. Dez 00:27:58 CET 2025
30,33.69,4.529511,691.2,550,10.616,33.69,39.815176613828484,6.125176613828484,.181809,So 7. Dez 00:28:10 CET 2025
24,33.69,4.529511,691.2,550,10.616,33.69,38.25274258619814,4.56274258619814,.135433,So 7. Dez 00:28:23 CET 2025
0,34.19,4.496269,691.2,550,10.616,34.19,34.19000000000002,.00000000000002,0,So 7. Dez 00:29:08 CET 2025
9,34.19,4.496269,691.2,550,10.616,34.19,35.69725224454822,1.50725224454822,.044084,So 7. Dez 00:29:26 CET 2025
15,34.19,4.496269,691.2,550,10.616,34.19,36.859183075448904,2.669183075448904,.078069,So 7. Dez 00:29:26 CET 2025
31,33.69,4.529511,691.2,550,10.616,33.69,40.098075666093365,6.408075666093365,.190207,So 7. Dez 00:29:27 CET 2025
12,34.19,4.496269,691.2,550,10.616,34.19,36.26042677266089,2.07042677266089,.060556,So 7. Dez 00:29:35 CET 2025
3,34.19,4.496269,691.2,550,10.616,34.19,34.66480276066433,.47480276066433,.013887,So 7. Dez 00:29:39 CET 2025
18,34.19,4.496269,691.2,550,10.616,34.19,37.49724555072999,3.30724555072999,.096731,So 7. Dez 00:29:47 CET 2025
6,34.19,4.496269,691.2,550,10.616,34.19,35.16635348216364,.97635348216364,.028556,So 7. Dez 00:29:52 CET 2025
21,34.19,4.496269,691.2,550,10.616,34.19,38.17879235986749,3.98879235986749,.116665,So 7. Dez 00:30:09 CET 2025
24,34.19,4.496269,691.2,550,10.616,34.19,38.908474920381664,4.718474920381664,.138007,So 7. Dez 00:30:35 CET 2025
27,34.19,4.496269,691.2,550,10.616,34.19,39.69140033777583,5.50140033777583,.160906,So 7. Dez 00:31:10 CET 2025
30,34.19,4.496269,691.2,550,10.616,34.19,40.53304760840028,6.34304760840028,.185523,So 7. Dez 00:31:27 CET 2025
31,34.19,4.496269,691.2,550,10.616,34.19,40.8276223262234,6.6376223262234,.194139,So 7. Dez 00:33:16 CET 2025
0,34.97,4.445842,691.2,550,10.616,34.97,34.97000000000002,.00000000000002,0,So 7. Dez 00:43:52 CET 2025
3,34.97,4.445842,691.2,550,10.616,34.97,35.46702357410274,.49702357410274,.014212,So 7. Dez 00:45:32 CET 2025
6,34.97,4.445842,691.2,550,10.616,34.97,35.9927301027358,1.0227301027358,.029245,So 7. Dez 00:45:38 CET 2025
9,34.97,4.445842,691.2,550,10.616,34.97,36.54997419564393,1.57997419564393,.045180,So 7. Dez 00:46:02 CET 2025
12,34.97,4.445842,691.2,550,10.616,34.97,37.141983342149835,2.171983342149835,.062109,So 7. Dez 00:46:10 CET 2025
15,34.97,4.445842,691.2,550,10.616,34.97,37.77241273490494,2.80241273490494,.080137,So 7. Dez 00:46:44 CET 2025
24,34.97,4.445842,691.2,550,10.616,34.97,39.93804884996385,4.96804884996385,.142066,So 7. Dez 00:46:45 CET 2025
18,34.97,4.445842,691.2,550,10.616,34.97,38.44538699170576,3.47538699170576,.099381,So 7. Dez 00:46:58 CET 2025
30,34.97,4.445842,691.2,550,10.616,34.97,41.66316302929334,6.69316302929334,.191397,So 7. Dez 00:47:02 CET 2025
21,34.97,4.445842,691.2,550,10.616,34.97,39.165543391797044,4.195543391797044,.119975,So 7. Dez 00:47:07 CET 2025
31,34.97,4.445842,691.2,550,10.616,34.97,41.97666757902398,7.00666757902398,.200362,So 7. Dez 00:47:26 CET 2025
0,32.69,4.751390,738.0,550,10.616,32.69,32.69000000000002,.00000000000002,0,So 7. Dez 00:47:28 CET 2025
27,34.97,4.445842,691.2,550,10.616,34.97,40.76857118827672,5.79857118827672,.165815,So 7. Dez 00:47:34 CET 2025
3,32.69,4.751390,738.0,550,10.616,32.69,33.09537304823762,.40537304823762,.012400,So 7. Dez 00:47:57 CET 2025
6,32.69,4.751390,738.0,550,10.616,32.69,33.521057249959455,.831057249959455,.025422,So 7. Dez 00:48:16 CET 2025
9,32.69,4.751390,738.0,550,10.616,32.69,33.96880151869826,1.27880151869826,.039119,So 7. Dez 00:48:32 CET 2025
12,32.69,4.751390,738.0,550,10.616,32.69,34.44055478135515,1.75055478135515,.053550,So 7. Dez 00:49:07 CET 2025
15,32.69,4.751390,738.0,550,10.616,32.69,34.9384878193574,2.2484878193574,.068782,So 7. Dez 00:51:03 CET 2025
18,32.69,4.751390,738.0,550,10.616,32.69,35.4650183729037,2.7750183729037,.084888,So 7. Dez 01:01:23 CET 2025
21,32.69,4.751390,738.0,550,10.616,32.69,36.022832932438085,3.332832932438085,.101952,So 7. Dez 01:03:15 CET 2025
24,32.69,4.751390,738.0,550,10.616,32.69,36.6149024863664,3.9249024863664,.120064,So 7. Dez 01:03:17 CET 2025
27,32.69,4.751390,738.0,550,10.616,32.69,37.244497361563816,4.554497361563816,.139323,So 7. Dez 01:03:36 CET 2025
30,32.69,4.751390,738.0,550,10.616,32.69,37.91515055228757,5.22515055228757,.159839,So 7. Dez 01:03:37 CET 2025
0,33.19,4.715465,738.0,550,10.616,33.19,33.19000000000002,.00000000000002,0,So 7. Dez 01:04:03 CET 2025
9,33.19,4.715465,738.0,550,10.616,33.19,34.50979009209348,1.31979009209348,.039764,So 7. Dez 01:04:25 CET 2025
6,33.19,4.715465,738.0,550,10.616,33.19,34.047332926235214,.857332926235214,.025831,So 7. Dez 01:04:29 CET 2025
31,32.69,4.751390,738.0,550,10.616,32.69,38.148472480591536,5.458472480591536,.166976,So 7. Dez 01:04:31 CET 2025
12,33.19,4.715465,738.0,550,10.616,33.19,34.99747188711489,1.80747188711489,.054458,So 7. Dez 01:04:35 CET 2025
15,33.19,4.715465,738.0,550,10.616,33.19,35.512703342441995,2.322703342441995,.069982,So 7. Dez 01:04:49 CET 2025
3,33.19,4.715465,738.0,550,10.616,33.19,33.60802413797667,.41802413797667,.012594,So 7. Dez 01:04:55 CET 2025
18,33.19,4.715465,738.0,550,10.616,33.19,36.05806992269121,2.86806992269121,.086413,So 7. Dez 01:05:20 CET 2025
21,33.19,4.715465,738.0,550,10.616,33.19,36.63645185645454,3.44645185645454,.103840,So 7. Dez 01:05:29 CET 2025
24,33.19,4.715465,738.0,550,10.616,33.19,37.25103839747922,4.06103839747922,.122357,So 7. Dez 01:06:04 CET 2025
27,33.19,4.715465,738.0,550,10.616,33.19,37.905332569762976,4.715332569762976,.142070,So 7. Dez 01:06:27 CET 2025
30,33.19,4.715465,738.0,550,10.616,33.19,38.603132094668034,5.413132094668034,.163095,So 7. Dez 01:06:34 CET 2025
31,33.19,4.715465,738.0,550,10.616,33.19,38.84609121005601,5.65609121005601,.170415,So 7. Dez 01:09:12 CET 2025
0,33.69,4.680342,738.0,550,10.616,33.69,33.69000000000002,.00000000000002,0,So 7. Dez 01:19:05 CET 2025
3,33.69,4.680342,738.0,550,10.616,33.69,34.12087481969739,.43087481969739,.012789,So 7. Dez 01:20:53 CET 2025
9,33.69,4.680342,738.0,550,10.616,33.69,35.05147518562424,1.36147518562424,.040411,So 7. Dez 01:21:01 CET 2025
6,33.69,4.680342,738.0,550,10.616,33.69,34.57403886188449,.88403886188449,.026240,So 7. Dez 01:21:15 CET 2025
12,33.69,4.680342,738.0,550,10.616,33.69,35.555402410954954,1.865402410954954,.055369,So 7. Dez 01:21:31 CET 2025
21,33.69,4.680342,738.0,550,10.616,33.69,37.252367102558,3.562367102558,.105739,So 7. Dez 01:21:41 CET 2025
15,33.69,4.680342,738.0,550,10.616,33.69,36.08829319470799,2.39829319470799,.071187,So 7. Dez 01:21:52 CET 2025
18,33.69,4.680342,738.0,550,10.616,33.69,36.65292060272589,2.96292060272589,.087946,So 7. Dez 01:22:00 CET 2025
27,33.69,4.680342,738.0,550,10.616,33.69,38.56972788974088,4.87972788974088,.144842,So 7. Dez 01:22:11 CET 2025
24,33.69,4.680342,738.0,550,10.616,33.69,37.89005075793691,4.20005075793691,.124667,So 7. Dez 01:22:12 CET 2025
30,33.69,4.680342,738.0,550,10.616,33.69,39.295466441477515,5.605466441477515,.166383,So 7. Dez 01:22:16 CET 2025
31,33.69,4.680342,738.0,550,10.616,33.69,39.54835442283899,5.85835442283899,.173890,So 7. Dez 01:22:16 CET 2025
0,34.19,4.645993,738.0,550,10.616,34.19,34.19000000000002,.00000000000002,0,So 7. Dez 01:22:57 CET 2025
3,34.19,4.645993,738.0,550,10.616,34.19,34.63392470761183,.44392470761183,.012984,So 7. Dez 01:23:04 CET 2025
6,34.19,4.645993,738.0,550,10.616,34.19,35.101175357136626,.911175357136626,.026650,So 7. Dez 01:23:28 CET 2025
9,34.19,4.645993,738.0,550,10.616,34.19,35.593861308142564,1.403861308142564,.041060,So 7. Dez 01:24:09 CET 2025
12,34.19,4.645993,738.0,550,10.616,34.19,36.11434288711595,1.92434288711595,.056283,So 7. Dez 01:24:10 CET 2025
15,34.19,4.645993,738.0,550,10.616,34.19,36.66526433234436,2.47526433234436,.072397,So 7. Dez 01:26:52 CET 2025
18,34.19,4.645993,738.0,550,10.616,34.19,37.249583268019975,3.059583268019975,.089487,So 7. Dez 01:36:24 CET 2025
27,34.19,4.645993,738.0,550,10.616,34.19,39.237726591582415,5.047726591582415,.147637,So 7. Dez 01:38:30 CET 2025
24,34.19,4.645993,738.0,550,10.616,34.19,38.53197251521253,4.34197251521253,.126995,So 7. Dez 01:38:32 CET 2025
21,34.19,4.645993,738.0,550,10.616,34.19,37.87059907688857,3.68059907688857,.107651,So 7. Dez 01:38:38 CET 2025
30,34.19,4.645993,738.0,550,10.616,34.19,39.9922129312919,5.8022129312919,.169704,So 7. Dez 01:38:48 CET 2025
0,34.97,4.593887,738.0,550,10.616,34.97,34.97000000000002,.00000000000002,0,So 7. Dez 01:39:07 CET 2025
6,34.97,4.593887,738.0,550,10.616,34.97,35.92437156805976,.95437156805976,.027291,So 7. Dez 01:39:09 CET 2025
3,34.97,4.593887,738.0,550,10.616,34.97,35.43468119416587,.46468119416587,.013287,So 7. Dez 01:39:11 CET 2025
31,34.19,4.645993,738.0,550,10.616,34.19,40.25532646450934,6.06532646450934,.177400,So 7. Dez 01:39:11 CET 2025
9,34.97,4.593887,738.0,550,10.616,34.97,36.441387436633484,1.471387436633484,.042075,So 7. Dez 01:39:17 CET 2025
15,34.97,4.593887,738.0,550,10.616,34.97,37.56812067165912,2.59812067165912,.074295,So 7. Dez 01:39:22 CET 2025
12,34.97,4.593887,738.0,550,10.616,34.97,36.9883309903658,2.0183309903658,.057716,So 7. Dez 01:39:25 CET 2025
21,34.97,4.593887,738.0,550,10.616,34.97,38.839722709638366,3.869722709638366,.110658,So 7. Dez 01:39:37 CET 2025
18,34.97,4.593887,738.0,550,10.616,34.97,38.184031377957524,3.214031377957524,.091908,So 7. Dez 01:39:39 CET 2025
24,34.97,4.593887,738.0,550,10.616,34.97,39.53926059853652,4.56926059853652,.130662,So 7. Dez 01:40:00 CET 2025
30,34.97,4.593887,738.0,550,10.616,34.97,41.08810262761407,6.11810262761407,.174952,So 7. Dez 01:40:10 CET 2025
27,34.97,4.593887,738.0,550,10.616,34.97,40.287113410213834,5.317113410213834,.152047,So 7. Dez 01:40:15 CET 2025
31,34.97,4.593887,738.0,550,10.616,34.97,41.36777783909725,6.39777783909725,.182950,So 7. Dez 01:41:23 CET 2025
