Force_Target_N,Force_Actual_N,Aspect_Ratio_a_b,muscle_b_cm,muscle_a_cm,Volume_cm3,Am,Rho,Initial_Length_cm,Final_Length_cm,Elongation_cm,Strain,Completed_Date
0,0,6.8800,2.072878,14.261400,421.6,550,10.493,2.072878,2.072878000000001,.000000000000001,0,Do 29. Jan 21:21:09 CET 2026
30,29.999886,6.8800,2.072878,14.261400,421.6,550,10.493,2.072878,2.101486553801203,.028608553801203,.013801,Do 29. Jan 21:21:14 CET 2026
6,5.999977,6.8800,2.072878,14.261400,421.6,550,10.493,2.072878,2.0784784070582973,.0056004070582973,.002701,Do 29. Jan 21:21:16 CET 2026
21,20.999920,6.8800,2.072878,14.261400,421.6,550,10.493,2.072878,2.0927423655523993,.0198643655523993,.009582,Do 29. Jan 21:21:17 CET 2026
3,2.999988,6.8800,2.072878,14.261400,421.6,550,10.493,2.072878,2.0756708197553975,.0027928197553975,.001347,Do 29. Jan 21:21:17 CET 2026
18,17.999931,6.8800,2.072878,14.261400,421.6,550,10.493,2.072878,2.0898590030825175,.0169810030825175,.008191,Do 29. Jan 21:21:18 CET 2026
15,14.999943,6.8800,2.072878,14.261400,421.6,550,10.493,2.072878,2.0869909950733017,.0141129950733017,.006808,Do 29. Jan 21:21:25 CET 2026
12,11.999954,6.8800,2.072878,14.261400,421.6,550,10.493,2.072878,2.0841383444190207,.0112603444190207,.005432,Do 29. Jan 21:21:25 CET 2026
24,23.999909,6.8800,2.072878,14.261400,421.6,550,10.493,2.072878,2.095641286250247,.022763286250247,.010981,Do 29. Jan 21:21:25 CET 2026
42,41.999840,6.8800,2.072878,14.261400,421.6,550,10.493,2.072878,2.113369413153747,.040491413153747,.019533,Do 29. Jan 21:21:27 CET 2026
9,8.999965,6.8800,2.072878,14.261400,421.6,550,10.493,2.072878,2.0813008686109726,.0084228686109726,.004063,Do 29. Jan 21:21:31 CET 2026
39,38.999852,6.8800,2.072878,14.261400,421.6,550,10.493,2.072878,2.1103745354121046,.0374965354121046,.018089,Do 29. Jan 21:21:31 CET 2026
36,35.999863,6.8800,2.072878,14.261400,421.6,550,10.493,2.072878,2.1073956302252177,.0345176302252177,.016652,Do 29. Jan 21:21:33 CET 2026
45,44.999829,6.8800,2.072878,14.261400,421.6,550,10.493,2.072878,2.1163820539195752,.0435040539195752,.020987,Do 29. Jan 21:21:33 CET 2026
33,32.999874,6.8800,2.072878,14.261400,421.6,550,10.493,2.072878,2.104432850344981,.031554850344981,.015222,Do 29. Jan 21:21:35 CET 2026
27,26.999897,6.8800,2.072878,14.261400,421.6,550,10.493,2.072878,2.098556019732535,.025678019732535,.012387,Do 29. Jan 21:21:38 CET 2026
3,3.304397,7.9533,1.881920,14.967474,421.6,550,10.493,1.881920,1.8844555396257139,.0025355396257139,.001347,Do 29. Jan 21:22:16 CET 2026
0,0,7.9533,1.881920,14.967474,421.6,550,10.493,1.881920,1.8819200000000007,.0000000000000007,0,Do 29. Jan 21:22:27 CET 2026
15,16.521988,7.9533,1.881920,14.967474,421.6,550,10.493,1.881920,1.8947329161098905,.0128129161098905,.006808,Do 29. Jan 21:36:26 CET 2026
6,6.608795,7.9533,1.881920,14.967474,421.6,550,10.493,1.881920,1.8870044787343807,.0050844787343807,.002701,Do 29. Jan 21:36:31 CET 2026
9,9.913193,7.9533,1.881920,14.967474,421.6,550,10.493,1.881920,1.8895669350923185,.0076469350923185,.004063,Do 29. Jan 21:36:36 CET 2026
18,19.826386,7.9533,1.881920,14.967474,421.6,550,10.493,1.881920,1.8973366877277658,.0154166877277658,.008191,Do 29. Jan 21:36:42 CET 2026
39,42.957170,7.9533,1.881920,14.967474,421.6,550,10.493,1.881920,1.9159623888824078,.0340423888824078,.018089,Do 29. Jan 21:36:45 CET 2026
21,23.130783,7.9533,1.881920,14.967474,421.6,550,10.493,1.881920,1.8999543687841551,.0180343687841551,.009582,Do 29. Jan 21:36:49 CET 2026
12,13.217590,7.9533,1.881920,14.967474,421.6,550,10.493,1.881920,1.8921430567639304,.0102230567639304,.005432,Do 29. Jan 21:36:49 CET 2026
42,46.261567,7.9533,1.881920,14.967474,421.6,550,10.493,1.881920,1.9186816732567558,.0367616732567558,.019534,Do 29. Jan 21:36:51 CET 2026
30,33.043977,7.9533,1.881920,14.967474,421.6,550,10.493,1.881920,1.9078929830157978,.0259729830157978,.013801,Do 29. Jan 21:36:53 CET 2026
45,49.565965,7.9533,1.881920,14.967474,421.6,550,10.493,1.881920,1.9214162835739677,.0394962835739677,.020987,Do 29. Jan 21:36:54 CET 2026
33,36.348374,7.9533,1.881920,14.967474,421.6,550,10.493,1.881920,1.9105679212151607,.0286479212151607,.015222,Do 29. Jan 21:36:55 CET 2026
36,39.652772,7.9533,1.881920,14.967474,421.6,550,10.493,1.881920,1.913257538150512,.031337538150512,.016651,Do 29. Jan 21:36:56 CET 2026
27,29.739579,7.9533,1.881920,14.967474,421.6,550,10.493,1.881920,1.9052323858990057,.0233123858990057,.012387,Do 29. Jan 21:37:06 CET 2026
24,26.435181,7.9533,1.881920,14.967474,421.6,550,10.493,1.881920,1.9025862979587305,.0206662979587305,.010981,Do 29. Jan 21:37:07 CET 2026
0,0,9.0267,1.729604,15.612616,421.6,550,10.493,1.729604,1.729604,0,0,Do 29. Jan 21:39:33 CET 2026
6,7.190790,9.0267,1.729604,15.612616,421.6,550,10.493,1.729604,1.7342769599513161,.0046729599513161,.002701,Do 29. Jan 21:40:10 CET 2026
9,10.786185,9.0267,1.729604,15.612616,421.6,550,10.493,1.729604,1.7366320211512534,.0070280211512534,.004063,Do 29. Jan 21:40:22 CET 2026
3,3.595395,9.0267,1.729604,15.612616,421.6,550,10.493,1.729604,1.731934323819732,.002330323819732,.001347,Do 29. Jan 21:40:29 CET 2026
12,14.381581,9.0267,1.729604,15.612616,421.6,550,10.493,1.729604,1.7389996154494858,.0093956154494858,.005432,Do 29. Jan 21:54:26 CET 2026
15,17.976976,9.0267,1.729604,15.612616,421.6,550,10.493,1.729604,1.741379799924753,.011775799924753,.006808,Do 29. Jan 21:54:28 CET 2026
21,25.167766,9.0267,1.729604,15.612616,421.6,550,10.493,1.729604,1.7461787621505902,.0165747621505902,.009582,Do 29. Jan 21:54:46 CET 2026
42,50.335533,9.0267,1.729604,15.612616,421.6,550,10.493,1.729604,1.7633901160061674,.0337861160061674,.019534,Do 29. Jan 21:54:52 CET 2026
30,35.953952,9.0267,1.729604,15.612616,421.6,550,10.493,1.729604,1.7534748647770524,.0238708647770524,.013801,Do 29. Jan 21:54:53 CET 2026
18,21.572371,9.0267,1.729604,15.612616,421.6,550,10.493,1.729604,1.7437728816235205,.0141688816235205,.008191,Do 29. Jan 21:54:54 CET 2026
45,53.930929,9.0267,1.729604,15.612616,421.6,550,10.493,1.729604,1.7659034680463186,.0362994680463186,.020987,Do 29. Jan 21:54:57 CET 2026
36,43.144743,9.0267,1.729604,15.612616,421.6,550,10.493,1.729604,1.7584054951991634,.0288014951991634,.016652,Do 29. Jan 21:54:58 CET 2026
33,39.549348,9.0267,1.729604,15.612616,421.6,550,10.493,1.729604,1.7559334122894188,.0263294122894188,.015222,Do 29. Jan 21:55:02 CET 2026
24,28.763162,9.0267,1.729604,15.612616,421.6,550,10.493,1.729604,1.7485977117214528,.0189937117214528,.010981,Do 29. Jan 21:55:06 CET 2026
27,32.358557,9.0267,1.729604,15.612616,421.6,550,10.493,1.729604,1.7510295220412664,.0214255220412664,.012387,Do 29. Jan 21:55:06 CET 2026
39,46.740138,9.0267,1.729604,15.612616,421.6,550,10.493,1.729604,1.7608910450798323,.0312870450798323,.018089,Do 29. Jan 21:55:16 CET 2026
3,3.875029,10.1000,1.604791,16.208389,421.6,550,10.493,1.604791,1.6069531606444665,.0021621606444665,.001347,Do 29. Jan 22:01:16 CET 2026
0,0,10.1000,1.604791,16.208389,421.6,550,10.493,1.604791,1.6047909999999994,-.0000000000000006,0,Do 29. Jan 22:02:30 CET 2026
6,7.750058,10.1000,1.604791,16.208389,421.6,550,10.493,1.604791,1.6091267485737364,.0043357485737364,.002701,Do 29. Jan 22:04:09 CET 2026
12,15.500117,10.1000,1.604791,16.208389,421.6,550,10.493,1.604791,1.6135086266499132,.0087176266499132,.005432,Do 29. Jan 22:04:13 CET 2026
9,11.625087,10.1000,1.604791,16.208389,421.6,550,10.493,1.604791,1.6113118606557735,.0065208606557735,.004063,Do 29. Jan 22:04:59 CET 2026
15,19.375146,10.1000,1.604791,16.208389,421.6,550,10.493,1.604791,1.6157170952212467,.0109260952212467,.006808,Do 29. Jan 22:05:18 CET 2026
0,0,6.8800,2.127634,14.638121,455.9,550,10.493,2.127634,2.127634,0,0,Do 29. Jan 22:09:33 CET 2026
3,3.160573,6.8800,2.127634,14.638121,455.9,550,10.493,2.127634,2.1305005944694413,.0028665944694413,.001347,Do 29. Jan 22:09:46 CET 2026
6,6.321147,6.8800,2.127634,14.638121,455.9,550,10.493,2.127634,2.1333823371851097,.0057483371851097,.002701,Do 29. Jan 22:16:10 CET 2026
9,9.481721,6.8800,2.127634,14.638121,455.9,550,10.493,2.127634,2.136279376953932,.008645376953932,.004063,Do 29. Jan 22:16:59 CET 2026
12,12.642295,6.8800,2.127634,14.638121,455.9,550,10.493,2.127634,2.139191805692108,.011557805692108,.005432,Do 29. Jan 22:18:53 CET 2026
21,27.125205,10.1000,1.604791,16.208389,421.6,550,10.493,1.604791,1.6201696085408357,.0153786085408357,.009582,Do 29. Jan 22:18:56 CET 2026
24,31.000234,10.1000,1.604791,16.208389,421.6,550,10.493,1.604791,1.622414041861797,.017623041861797,.010981,Do 29. Jan 22:18:58 CET 2026
42,54.250410,10.1000,1.604791,16.208389,421.6,550,10.493,1.604791,1.6361389907131008,.0313479907131008,.019534,Do 29. Jan 22:19:07 CET 2026
15,15.802869,6.8800,2.127634,14.638121,455.9,550,10.493,2.127634,2.142119835417516,.014485835417516,.006808,Do 29. Jan 22:19:07 CET 2026
33,42.625322,10.1000,1.604791,16.208389,421.6,550,10.493,1.604791,1.6292203251029662,.0244293251029662,.015222,Do 29. Jan 22:19:15 CET 2026
18,18.963443,6.8800,2.127634,14.638121,455.9,550,10.493,2.127634,2.1450635518813863,.0174295518813863,.008191,Do 29. Jan 22:19:47 CET 2026
21,22.124017,6.8800,2.127634,14.638121,455.9,550,10.493,2.127634,2.1480231311099742,.0203891311099742,.009583,Do 29. Jan 22:19:51 CET 2026
18,23.250175,10.1000,1.604791,16.208389,421.6,550,10.493,1.604791,1.6179374095560217,.0131464095560217,.008191,Do 29. Jan 22:21:03 CET 2026
36,46.500351,10.1000,1.604791,16.208389,421.6,550,10.493,1.604791,1.6315139092513018,.0267229092513018,.016651,Do 29. Jan 22:21:32 CET 2026
39,50.375380,10.1000,1.604791,16.208389,421.6,550,10.493,1.604791,1.6338200987674443,.0290290987674443,.018089,Do 29. Jan 22:21:43 CET 2026
45,58.125439,10.1000,1.604791,16.208389,421.6,550,10.493,1.604791,1.638470946999343,.033679946999343,.020987,Do 29. Jan 22:21:50 CET 2026
27,34.875263,10.1000,1.604791,16.208389,421.6,550,10.493,1.604791,1.6246704893374184,.0198794893374184,.012387,Do 29. Jan 22:22:01 CET 2026
30,38.750292,10.1000,1.604791,16.208389,421.6,550,10.493,1.604791,1.6269392531589875,.0221482531589875,.013801,Do 29. Jan 22:22:10 CET 2026
24,25.284591,6.8800,2.127634,14.638121,455.9,550,10.493,2.127634,2.150998659432426,.023364659432426,.010981,Do 29. Jan 22:23:43 CET 2026
27,28.445165,6.8800,2.127634,14.638121,455.9,550,10.493,2.127634,2.153990197462854,.026356197462854,.012387,Do 29. Jan 22:23:51 CET 2026
30,31.605739,6.8800,2.127634,14.638121,455.9,550,10.493,2.127634,2.156998106836362,.029364106836362,.013801,Do 29. Jan 22:30:18 CET 2026
33,34.766313,6.8800,2.127634,14.638121,455.9,550,10.493,2.127634,2.1600223051440453,.0323883051440453,.015222,Do 29. Jan 22:31:12 CET 2026
39,41.087461,6.8800,2.127634,14.638121,455.9,550,10.493,2.127634,2.1661208689720053,.0384868689720053,.018089,Do 29. Jan 22:33:03 CET 2026
42,44.248034,6.8800,2.127634,14.638121,455.9,550,10.493,2.127634,2.1691954839670844,.0415614839670844,.019534,Do 29. Jan 22:33:11 CET 2026
45,47.408608,6.8800,2.127634,14.638121,455.9,550,10.493,2.127634,2.1722870424801983,.0446530424801983,.020987,Do 29. Jan 22:33:15 CET 2026
36,37.926887,6.8800,2.127634,14.638121,455.9,550,10.493,2.127634,2.16306328956748,.03542928956748,.016651,Do 29. Jan 22:33:20 CET 2026
0,0,7.9533,1.931631,15.362840,455.9,550,10.493,1.931631,1.9316310000000008,.0000000000000008,0,Do 29. Jan 22:33:27 CET 2026
3,3.481274,7.9533,1.931631,15.362840,455.9,550,10.493,1.931631,1.9342335160464608,.0026025160464608,.001347,Do 29. Jan 22:33:32 CET 2026
6,6.962549,7.9533,1.931631,15.362840,455.9,550,10.493,1.931631,1.9368497860658227,.0052187860658227,.002701,Do 29. Jan 22:34:40 CET 2026
9,10.443824,7.9533,1.931631,15.362840,455.9,550,10.493,1.931631,1.9394799196241985,.0078489196241985,.004063,Do 29. Jan 22:34:41 CET 2026
12,13.925099,7.9533,1.931631,15.362840,455.9,550,10.493,1.931631,1.9421240618292566,.0104930618292566,.005432,Do 29. Jan 22:35:55 CET 2026
15,17.406373,7.9533,1.931631,15.362840,455.9,550,10.493,1.931631,1.9447823052903181,.0131513052903181,.006808,Do 29. Jan 22:36:41 CET 2026
21,24.368923,7.9533,1.931631,15.362840,455.9,550,10.493,1.931631,1.9501419183857975,.0185109183857975,.009583,Do 29. Jan 22:36:48 CET 2026
18,20.887648,7.9533,1.931631,15.362840,455.9,550,10.493,1.931631,1.9474549022848138,.0158239022848138,.008191,Do 29. Jan 22:37:09 CET 2026
24,27.850198,7.9533,1.931631,15.362840,455.9,550,10.493,1.931631,1.952843096489291,.021212096489291,.010981,Do 29. Jan 22:37:15 CET 2026
27,31.331472,7.9533,1.931631,15.362840,455.9,550,10.493,1.931631,1.9555591531537189,.0239281531537189,.012387,Do 29. Jan 22:37:22 CET 2026
33,38.294022,7.9533,1.931631,15.362840,455.9,550,10.493,1.931631,1.9610357586812668,.0294047586812668,.015222,Do 29. Jan 22:38:43 CET 2026
30,34.812747,7.9533,1.931631,15.362840,455.9,550,10.493,1.931631,1.9582899573100396,.0266589573100396,.013801,Do 29. Jan 22:38:50 CET 2026
36,41.775297,7.9533,1.931631,15.362840,455.9,550,10.493,1.931631,1.96379660098646,.03216560098646,.016652,Do 29. Jan 22:45:30 CET 2026
39,45.256571,7.9533,1.931631,15.362840,455.9,550,10.493,1.931631,1.9665724795359194,.0349414795359194,.018089,Do 29. Jan 22:46:00 CET 2026
42,48.737846,7.9533,1.931631,15.362840,455.9,550,10.493,1.931631,1.9693637310365872,.0377327310365872,.019534,Do 29. Jan 22:48:03 CET 2026
45,52.219121,7.9533,1.931631,15.362840,455.9,550,10.493,1.931631,1.9721706648404491,.0405396648404491,.020987,Do 29. Jan 22:48:17 CET 2026
9,11.363552,9.0267,1.775292,16.025028,455.9,550,10.493,1.775292,1.7825056764286729,.0072136764286729,.004063,Do 29. Jan 22:55:47 CET 2026
3,3.787850,9.0267,1.775292,16.025028,455.9,550,10.493,1.775292,1.7776838781322497,.0023918781322497,.001347,Do 29. Jan 22:56:13 CET 2026
0,0,9.0267,1.775292,16.025028,455.9,550,10.493,1.775292,1.775292,0,0,Do 29. Jan 22:56:30 CET 2026
6,7.575701,9.0267,1.775292,16.025028,455.9,550,10.493,1.775292,1.7800883972867256,.0047963972867256,.002701,Do 29. Jan 22:57:11 CET 2026
15,18.939254,9.0267,1.775292,16.025028,455.9,550,10.493,1.775292,1.787378910598842,.012086910598842,.006808,Do 29. Jan 22:57:35 CET 2026
12,15.151403,9.0267,1.775292,16.025028,455.9,550,10.493,1.775292,1.78493581263037,.00964381263037,.005432,Do 29. Jan 22:57:40 CET 2026
18,22.727105,9.0267,1.775292,16.025028,455.9,550,10.493,1.775292,1.7898351686493814,.0145431686493814,.008191,Do 29. Jan 22:59:06 CET 2026
21,26.514956,9.0267,1.775292,16.025028,455.9,550,10.493,1.775292,1.7923045558860193,.0170125558860193,.009582,Do 29. Jan 22:59:38 CET 2026
33,41.666360,9.0267,1.775292,16.025028,455.9,550,10.493,1.775292,1.8023169357511446,.0270249357511446,.015222,Do 29. Jan 23:00:25 CET 2026
30,37.878509,9.0267,1.775292,16.025028,455.9,550,10.493,1.775292,1.7997933092667602,.0245013092667602,.013801,Do 29. Jan 23:00:33 CET 2026
36,45.454211,9.0267,1.775292,16.025028,455.9,550,10.493,1.775292,1.8048543017292673,.0295623017292673,.016652,Do 29. Jan 23:01:29 CET 2026
24,30.302807,9.0267,1.775292,16.025028,455.9,550,10.493,1.775292,1.7947872648734984,.0194952648734984,.010981,Do 29. Jan 23:01:49 CET 2026
39,49.242062,9.0267,1.775292,16.025028,455.9,550,10.493,1.775292,1.8074052287759885,.0321132287759885,.018088,Do 29. Jan 23:02:01 CET 2026
27,34.090658,9.0267,1.775292,16.025028,455.9,550,10.493,1.775292,1.7972836510737966,.0219916510737966,.012387,Do 29. Jan 23:02:22 CET 2026
42,53.029913,9.0267,1.775292,16.025028,455.9,550,10.493,1.775292,1.809970926307712,.034678926307712,.019534,Do 29. Jan 23:07:25 CET 2026
45,56.817764,9.0267,1.775292,16.025028,455.9,550,10.493,1.775292,1.8125505557320922,.0372585557320922,.020987,Do 29. Jan 23:07:52 CET 2026
3,4.082453,10.1000,1.647182,16.636538,455.9,550,10.493,1.647182,1.6494012731032803,.0022192731032803,.001347,Do 29. Jan 23:12:05 CET 2026
0,0,10.1000,1.647182,16.636538,455.9,550,10.493,1.647182,1.6471820000000006,.0000000000000006,0,Do 29. Jan 23:12:29 CET 2026
6,8.164906,10.1000,1.647182,16.636538,455.9,550,10.493,1.647182,1.6516322734749431,.0044502734749431,.002701,Do 29. Jan 23:19:40 CET 2026
9,12.247359,10.1000,1.647182,16.636538,455.9,550,10.493,1.647182,1.6538751175384963,.0066931175384963,.004063,Do 29. Jan 23:19:56 CET 2026
12,16.329812,10.1000,1.647182,16.636538,455.9,550,10.493,1.647182,1.6561298808516114,.0089478808516114,.005432,Do 29. Jan 23:21:33 CET 2026
18,24.494718,10.1000,1.647182,16.636538,455.9,550,10.493,1.647182,1.6606756779867942,.0134936779867942,.008191,Do 29. Jan 23:22:57 CET 2026
15,20.412265,10.1000,1.647182,16.636538,455.9,550,10.493,1.647182,1.658396706802416,.011214706802416,.006808,Do 29. Jan 23:22:58 CET 2026
0,0,6.8800,2.296772,15.801791,573.5,550,10.493,2.296772,2.296771999999999,-.000000000000001,0,Do 29. Jan 23:23:52 CET 2026
21,28.577171,10.1000,1.647182,16.636538,455.9,550,10.493,1.647182,1.6629668604427927,.0157848604427927,.009582,Do 29. Jan 23:24:12 CET 2026
3,3.683052,6.8800,2.296772,15.801791,573.5,550,10.493,2.296772,2.299866476876753,.003094476876753,.001347,Do 29. Jan 23:24:19 CET 2026
24,32.659624,10.1000,1.647182,16.636538,455.9,550,10.493,1.647182,1.665270550574869,.018088550574869,.010981,Do 29. Jan 23:25:38 CET 2026
27,36.742077,10.1000,1.647182,16.636538,455.9,550,10.493,1.647182,1.6675865351365753,.0204045351365753,.012387,Do 29. Jan 23:27:00 CET 2026
33,44.906983,10.1000,1.647182,16.636538,455.9,550,10.493,1.647182,1.6722566979776579,.0250746979776579,.015222,Do 29. Jan 23:27:04 CET 2026
30,40.824530,10.1000,1.647182,16.636538,455.9,550,10.493,1.647182,1.6699152887196447,.0227332887196447,.013801,Do 29. Jan 23:27:20 CET 2026
36,48.989436,10.1000,1.647182,16.636538,455.9,550,10.493,1.647182,1.6746107800711147,.0274287800711147,.016651,Do 29. Jan 23:27:34 CET 2026
42,57.154342,10.1000,1.647182,16.636538,455.9,550,10.493,1.647182,1.6793582743525814,.0321762743525814,.019534,Do 29. Jan 23:27:42 CET 2026
45,61.236795,10.1000,1.647182,16.636538,455.9,550,10.493,1.647182,1.6817515842988378,.0345695842988378,.020987,Do 29. Jan 23:28:12 CET 2026
6,7.366105,6.8800,2.296772,15.801791,573.5,550,10.493,2.296772,2.302977303851777,.006205303851777,.002701,Do 29. Jan 23:28:13 CET 2026
39,53.071889,10.1000,1.647182,16.636538,455.9,550,10.493,1.647182,1.676978099203117,.029796099203117,.018089,Do 29. Jan 23:28:17 CET 2026
9,11.049157,6.8800,2.296772,15.801791,573.5,550,10.493,2.296772,2.3061046312009363,.0093326312009363,.004063,Do 29. Jan 23:28:38 CET 2026
12,14.732210,6.8800,2.296772,15.801791,573.5,550,10.493,2.296772,2.3092486070581253,.0124766070581253,.005432,Do 29. Jan 23:35:29 CET 2026
15,18.415262,6.8800,2.296772,15.801791,573.5,550,10.493,2.296772,2.3124093865843927,.0156373865843927,.006808,Do 29. Jan 23:35:39 CET 2026
18,22.098315,6.8800,2.296772,15.801791,573.5,550,10.493,2.296772,2.315587139008624,.018815139008624,.008191,Do 29. Jan 23:37:19 CET 2026
21,25.781367,6.8800,2.296772,15.801791,573.5,550,10.493,2.296772,2.3187819415694277,.0220099415694277,.009582,Do 29. Jan 23:39:00 CET 2026
24,29.464420,6.8800,2.296772,15.801791,573.5,550,10.493,2.296772,2.321993866171654,.025221866171654,.010981,Do 29. Jan 23:39:03 CET 2026
27,33.147472,6.8800,2.296772,15.801791,573.5,550,10.493,2.296772,2.3252234509354084,.0284514509354084,.012387,Do 29. Jan 23:40:00 CET 2026
30,36.830525,6.8800,2.296772,15.801791,573.5,550,10.493,2.296772,2.3284705957279335,.0316985957279335,.013801,Do 29. Jan 23:40:13 CET 2026
33,40.513577,6.8800,2.296772,15.801791,573.5,550,10.493,2.296772,2.3317353739348885,.0349633739348885,.015222,Do 29. Jan 23:40:16 CET 2026
36,44.196630,6.8800,2.296772,15.801791,573.5,550,10.493,2.296772,2.335017948815986,.038245948815986,.016652,Do 29. Jan 23:41:37 CET 2026
42,51.562735,6.8800,2.296772,15.801791,573.5,550,10.493,2.296772,2.3416369146287606,.0448649146287606,.019533,Do 29. Jan 23:43:45 CET 2026
39,47.879682,6.8800,2.296772,15.801791,573.5,550,10.493,2.296772,2.338318429334563,.041546429334563,.018089,Do 29. Jan 23:43:45 CET 2026
45,55.245788,6.8800,2.296772,15.801791,573.5,550,10.493,2.296772,2.344974467803695,.048202467803695,.020987,Do 29. Jan 23:44:13 CET 2026
6,8.113556,7.9533,2.085190,16.584141,573.5,550,10.493,2.085190,2.09082366404114,.00563366404114,.002701,Do 29. Jan 23:51:20 CET 2026
3,4.056778,7.9533,2.085190,16.584141,573.5,550,10.493,2.085190,2.087999409502441,.002809409502441,.001347,Do 29. Jan 23:52:00 CET 2026
9,12.170334,7.9533,2.085190,16.584141,573.5,550,10.493,2.085190,2.0936629037166883,.0084729037166883,.004063,Do 29. Jan 23:52:52 CET 2026
0,0,7.9533,2.085190,16.584141,573.5,550,10.493,2.085190,2.085189999999999,-.000000000000001,0,Do 29. Jan 23:53:15 CET 2026
12,16.227112,7.9533,2.085190,16.584141,573.5,550,10.493,2.085190,2.096517274334799,.011327274334799,.005432,Do 29. Jan 23:53:22 CET 2026
15,20.283890,7.9533,2.085190,16.584141,573.5,550,10.493,2.085190,2.0993868280925096,.0141968280925096,.006808,Do 29. Jan 23:54:26 CET 2026
21,28.397446,7.9533,2.085190,16.584141,573.5,550,10.493,2.085190,2.1051723148737,.0199823148737,.009582,Do 29. Jan 23:59:32 CET 2026
18,24.340668,7.9533,2.085190,16.584141,573.5,550,10.493,2.085190,2.1022718253916013,.0170818253916013,.008191,Do 29. Jan 23:59:38 CET 2026
24,32.454224,7.9533,2.085190,16.584141,573.5,550,10.493,2.085190,2.108088509870876,.022898509870876,.010981,Fr 30. Jan 00:01:45 CET 2026
27,36.511002,7.9533,2.085190,16.584141,573.5,550,10.493,2.085190,2.111020604817102,.025830604817102,.012387,Fr 30. Jan 00:02:51 CET 2026
30,40.567780,7.9533,2.085190,16.584141,573.5,550,10.493,2.085190,2.113968323673098,.028778323673098,.013801,Fr 30. Jan 00:03:55 CET 2026
33,44.624558,7.9533,2.085190,16.584141,573.5,550,10.493,2.085190,2.1169322524983447,.0317422524983447,.015222,Fr 30. Jan 00:04:11 CET 2026
39,52.738114,7.9533,2.085190,16.584141,573.5,550,10.493,2.085190,2.1229090066698353,.0377190066698353,.018089,Fr 30. Jan 00:06:03 CET 2026
36,48.681336,7.9533,2.085190,16.584141,573.5,550,10.493,2.085190,2.1199126367262995,.0347226367262995,.016652,Fr 30. Jan 00:06:09 CET 2026
42,56.794893,7.9533,2.085190,16.584141,573.5,550,10.493,2.085190,2.1259222615022826,.0407322615022826,.019534,Fr 30. Jan 00:07:07 CET 2026
0,0,9.0267,1.916422,17.298966,573.5,550,10.493,1.916422,1.9164219999999994,-.0000000000000006,0,Fr 30. Jan 00:07:16 CET 2026
3,4.414033,9.0267,1.916422,17.298966,573.5,550,10.493,1.916422,1.9190040244523268,.0025820244523268,.001347,Fr 30. Jan 00:07:36 CET 2026
45,60.851671,7.9533,2.085190,16.584141,573.5,550,10.493,2.085190,2.128952449645,.043762449645,.020987,Fr 30. Jan 00:08:01 CET 2026
6,8.828066,9.0267,1.916422,17.298966,573.5,550,10.493,1.916422,1.921599698142255,.005177698142255,.002701,Fr 30. Jan 00:14:50 CET 2026
9,13.242099,9.0267,1.916422,17.298966,573.5,550,10.493,1.916422,1.9242091569267266,.0077871569267266,.004063,Fr 30. Jan 00:15:03 CET 2026
12,17.656132,9.0267,1.916422,17.298966,573.5,550,10.493,1.916422,1.9268324830955381,.0104104830955381,.005432,Fr 30. Jan 00:16:35 CET 2026
18,26.484198,9.0267,1.916422,17.298966,573.5,550,10.493,1.916422,1.9321212245609,.0156992245609,.008191,Fr 30. Jan 00:17:07 CET 2026
21,30.898231,9.0267,1.916422,17.298966,573.5,550,10.493,1.916422,1.9347869988990554,.0183649988990554,.009582,Fr 30. Jan 00:17:54 CET 2026
15,22.070165,9.0267,1.916422,17.298966,573.5,550,10.493,1.916422,1.9294697958527058,.0130477958527058,.006808,Fr 30. Jan 00:19:40 CET 2026
0,0,10.1000,1.778127,17.959082,573.5,550,10.493,1.778127,1.7781269999999998,-.0000000000000002,0,Fr 30. Jan 00:22:27 CET 2026
27,39.726297,9.0267,1.916422,17.298966,573.5,550,10.493,1.916422,1.940161780847062,.023739780847062,.012387,Fr 30. Jan 00:22:31 CET 2026
24,35.312264,9.0267,1.916422,17.298966,573.5,550,10.493,1.916422,1.937467152576681,.021045152576681,.010981,Fr 30. Jan 00:22:40 CET 2026
3,4.757333,10.1000,1.778127,17.959082,573.5,550,10.493,1.778127,1.780522700263526,.002395700263526,.001347,Fr 30. Jan 00:22:48 CET 2026
6,9.514666,10.1000,1.778127,17.959082,573.5,550,10.493,1.778127,1.78293105782745,.00480405782745,.002701,Fr 30. Jan 00:23:03 CET 2026
9,14.271999,10.1000,1.778127,17.959082,573.5,550,10.493,1.778127,1.7853521947343345,.0072251947343345,.004063,Fr 30. Jan 00:23:25 CET 2026
30,44.140330,9.0267,1.916422,17.298966,573.5,550,10.493,1.916422,1.9428709530274413,.0264489530274413,.013801,Fr 30. Jan 00:25:13 CET 2026
33,48.554363,9.0267,1.916422,17.298966,573.5,550,10.493,1.916422,1.9455953225710902,.0291733225710902,.015222,Fr 30. Jan 00:26:29 CET 2026
39,57.382429,9.0267,1.916422,17.298966,573.5,550,10.493,1.916422,1.951088416659366,.034666416659366,.018089,Fr 30. Jan 00:27:51 CET 2026
36,52.968396,9.0267,1.916422,17.298966,573.5,550,10.493,1.916422,1.9483338970042299,.0319118970042299,.016651,Fr 30. Jan 00:28:04 CET 2026
12,19.029332,10.1000,1.778127,17.959082,573.5,550,10.493,1.778127,1.7877862068347383,.0096592068347383,.005432,Fr 30. Jan 00:29:46 CET 2026
45,66.210495,9.0267,1.916422,17.298966,573.5,550,10.493,1.916422,1.9566419598554603,.0402199598554603,.020987,Fr 30. Jan 00:29:50 CET 2026
42,61.796462,9.0267,1.916422,17.298966,573.5,550,10.493,1.916422,1.9538577839713795,.0374357839713795,.019534,Fr 30. Jan 00:29:54 CET 2026
15,23.786665,10.1000,1.778127,17.959082,573.5,550,10.493,1.778127,1.790233193617634,.012106193617634,.006808,Fr 30. Jan 00:30:10 CET 2026
18,28.543998,10.1000,1.778127,17.959082,573.5,550,10.493,1.778127,1.7926933791235944,.0145663791235944,.008191,Fr 30. Jan 00:31:57 CET 2026
21,33.301331,10.1000,1.778127,17.959082,573.5,550,10.493,1.778127,1.7951666651612315,.0170396651612315,.009582,Fr 30. Jan 00:32:34 CET 2026
24,38.058664,10.1000,1.778127,17.959082,573.5,550,10.493,1.778127,1.7976534572253464,.0195264572253464,.010981,Fr 30. Jan 00:33:07 CET 2026
27,42.815997,10.1000,1.778127,17.959082,573.5,550,10.493,1.778127,1.8001538070039433,.0220268070039433,.012387,Fr 30. Jan 00:34:55 CET 2026
30,47.573330,10.1000,1.778127,17.959082,573.5,550,10.493,1.778127,1.8026673773398312,.0245403773398312,.013801,Fr 30. Jan 00:37:15 CET 2026
33,52.330663,10.1000,1.778127,17.959082,573.5,550,10.493,1.778127,1.8051952076879791,.0270682076879791,.015222,Fr 30. Jan 00:37:15 CET 2026
36,57.087996,10.1000,1.778127,17.959082,573.5,550,10.493,1.778127,1.8077362089489817,.0296092089489817,.016651,Fr 30. Jan 00:37:37 CET 2026
39,61.845329,10.1000,1.778127,17.959082,573.5,550,10.493,1.778127,1.8102914161682946,.0321644161682946,.018088,Fr 30. Jan 00:37:52 CET 2026
42,66.602662,10.1000,1.778127,17.959082,573.5,550,10.493,1.778127,1.8128612661697139,.0347342661697139,.019534,Fr 30. Jan 00:38:04 CET 2026
45,71.359995,10.1000,1.778127,17.959082,573.5,550,10.493,1.778127,1.815444820150681,.037317820150681,.020987,Fr 30. Jan 00:38:22 CET 2026
0,0,6.8800,2.444227,16.816281,691.2,550,10.493,2.444227,2.4442269999999993,-.0000000000000007,0,Fr 30. Jan 00:52:02 CET 2026
0,0,7.9533,2.219060,17.648849,691.2,550,10.493,2.219060,2.2190599999999994,-.0000000000000006,0,Fr 30. Jan 00:53:09 CET 2026
3,4.594392,7.9533,2.219060,17.648849,691.2,550,10.493,2.219060,2.22204977690223,.00298977690223,.001347,Fr 30. Jan 00:53:35 CET 2026
3,4.171144,6.8800,2.444227,16.816281,691.2,550,10.493,2.444227,2.4475201455265516,.0032931455265516,.001347,Fr 30. Jan 00:58:04 CET 2026
15,20.855720,6.8800,2.444227,16.816281,691.2,550,10.493,2.444227,2.4608682952397887,.0166412952397887,.006808,Fr 30. Jan 00:58:21 CET 2026
9,12.513432,6.8800,2.444227,16.816281,691.2,550,10.493,2.444227,2.45415876897269,.00993176897269,.004063,Fr 30. Jan 01:02:09 CET 2026
21,29.198009,6.8800,2.444227,16.816281,691.2,550,10.493,2.444227,2.46764996232678,.02342296232678,.009582,Fr 30. Jan 01:02:16 CET 2026
27,37.540297,6.8800,2.444227,16.816281,691.2,550,10.493,2.444227,2.4745051446560296,.0302781446560296,.012387,Fr 30. Jan 01:02:23 CET 2026
6,8.342288,6.8800,2.444227,16.816281,691.2,550,10.493,2.444227,2.450830692259863,.006603692259863,.002701,Fr 30. Jan 01:03:42 CET 2026
12,16.684576,6.8800,2.444227,16.816281,691.2,550,10.493,2.444227,2.4575046350059027,.0132776350059027,.005432,Fr 30. Jan 01:03:55 CET 2026
39,54.224873,6.8800,2.444227,16.816281,691.2,550,10.493,2.444227,2.488440596028968,.044213596028968,.018088,Fr 30. Jan 01:04:01 CET 2026
24,33.369153,6.8800,2.444227,16.816281,691.2,550,10.493,2.444227,2.4710681923308506,.0268411923308506,.010981,Fr 30. Jan 01:04:10 CET 2026
18,25.026864,6.8800,2.444227,16.816281,691.2,550,10.493,2.444227,2.464250106119697,.020023106119697,.008191,Fr 30. Jan 01:04:11 CET 2026
30,41.711441,6.8800,2.444227,16.816281,691.2,550,10.493,2.444227,2.477960625681765,.033733625681765,.013801,Fr 30. Jan 01:04:35 CET 2026
45,62.567162,6.8800,2.444227,16.816281,691.2,550,10.493,2.444227,2.495524337126236,.051297337126236,.020987,Fr 30. Jan 01:04:49 CET 2026
6,9.188784,7.9533,2.219060,17.648849,691.2,550,10.493,2.219060,2.2250553517948326,.0059953517948326,.002701,Fr 30. Jan 01:04:51 CET 2026
33,45.882585,6.8800,2.444227,16.816281,691.2,550,10.493,2.444227,2.4814350003301193,.0372080003301193,.015222,Fr 30. Jan 01:05:02 CET 2026
9,13.783176,7.9533,2.219060,17.648849,691.2,550,10.493,2.219060,2.22807684958718,.00901684958718,.004063,Fr 30. Jan 01:05:07 CET 2026
42,58.396018,6.8800,2.444227,16.816281,691.2,550,10.493,2.444227,2.4919730101034783,.0477460101034783,.019534,Fr 30. Jan 01:05:14 CET 2026
36,50.053729,6.8800,2.444227,16.816281,691.2,550,10.493,2.444227,2.4849285510262926,.0407015510262926,.016652,Fr 30. Jan 01:05:16 CET 2026
12,18.377568,7.9533,2.219060,17.648849,691.2,550,10.493,2.219060,2.231114466963253,.012054466963253,.005432,Fr 30. Jan 01:06:01 CET 2026
15,22.971960,7.9533,2.219060,17.648849,691.2,550,10.493,2.219060,2.2341683748079255,.0151083748079255,.006808,Fr 30. Jan 01:10:38 CET 2026
18,27.566353,7.9533,2.219060,17.648849,691.2,550,10.493,2.219060,2.2372384255699176,.0181784255699176,.008191,Fr 30. Jan 01:10:53 CET 2026
27,41.349529,7.9533,2.219060,17.648849,691.2,550,10.493,2.219060,2.246548836361783,.027488836361783,.012387,Fr 30. Jan 01:17:21 CET 2026
21,32.160745,7.9533,2.219060,17.648849,691.2,550,10.493,2.219060,2.2403251178611487,.0212651178611487,.009582,Fr 30. Jan 01:17:24 CET 2026
24,36.755137,7.9533,2.219060,17.648849,691.2,550,10.493,2.219060,2.243428582183678,.024368582183678,.010981,Fr 30. Jan 01:17:46 CET 2026
33,50.538313,7.9533,2.219060,17.648849,691.2,550,10.493,2.219060,2.2528402332461557,.0337802332461557,.015222,Fr 30. Jan 01:19:18 CET 2026
0,0,9.0267,2.039457,18.409566,691.2,550,10.493,2.039457,2.039456999999999,-.000000000000001,0,Fr 30. Jan 01:19:29 CET 2026
36,55.132706,7.9533,2.219060,17.648849,691.2,550,10.493,2.219060,2.256011921541851,.036951921541851,.016652,Fr 30. Jan 01:19:29 CET 2026
30,45.943921,7.9533,2.219060,17.648849,691.2,550,10.493,2.219060,2.2496857572107722,.0306257572107722,.013801,Fr 30. Jan 01:19:32 CET 2026
39,59.727098,7.9533,2.219060,17.648849,691.2,550,10.493,2.219060,2.259201117243977,.040141117243977,.018089,Fr 30. Jan 01:19:45 CET 2026
3,4.998991,9.0267,2.039457,18.409566,691.2,550,10.493,2.039457,2.042204793388147,.002747793388147,.001347,Fr 30. Jan 01:19:52 CET 2026
42,64.321490,7.9533,2.219060,17.648849,691.2,550,10.493,2.219060,2.26240720085027,.04334720085027,.019534,Fr 30. Jan 01:19:55 CET 2026
12,19.995965,9.0267,2.039457,18.409566,691.2,550,10.493,2.039457,2.050535815308767,.011078815308767,.005432,Fr 30. Jan 01:20:19 CET 2026
9,14.996974,9.0267,2.039457,18.409566,691.2,550,10.493,2.039457,2.0477440608030073,.0082870608030073,.004063,Fr 30. Jan 01:20:19 CET 2026
6,9.997982,9.0267,2.039457,18.409566,691.2,550,10.493,2.039457,2.044967100988027,.005510100988027,.002701,Fr 30. Jan 01:20:22 CET 2026
15,24.994956,9.0267,2.039457,18.409566,691.2,550,10.493,2.039457,2.0533424806856813,.0138854806856813,.006808,Fr 30. Jan 01:20:22 CET 2026
45,68.915882,7.9533,2.219060,17.648849,691.2,550,10.493,2.219060,2.2656320299183346,.0465720299183346,.020987,Fr 30. Jan 01:20:27 CET 2026
18,29.993948,9.0267,2.039457,18.409566,691.2,550,10.493,2.039457,2.056164163886965,.016707163886965,.008191,Fr 30. Jan 01:21:12 CET 2026
21,34.992939,9.0267,2.039457,18.409566,691.2,550,10.493,2.039457,2.059001092670547,.019544092670547,.009582,Fr 30. Jan 01:25:35 CET 2026
24,39.991931,9.0267,2.039457,18.409566,691.2,550,10.493,2.039457,2.061853247861647,.022396247861647,.010981,Fr 30. Jan 01:25:50 CET 2026
30,49.989913,9.0267,2.039457,18.409566,691.2,550,10.493,2.039457,2.0676042717870025,.0281472717870025,.013801,Fr 30. Jan 01:32:25 CET 2026
27,44.990922,9.0267,2.039457,18.409566,691.2,550,10.493,2.039457,2.064721112257487,.025264112257487,.012387,Fr 30. Jan 01:32:47 CET 2026
33,54.988905,9.0267,2.039457,18.409566,691.2,550,10.493,2.039457,2.0705031654462034,.0310461654462034,.015222,Fr 30. Jan 01:32:48 CET 2026
42,69.985879,9.0267,2.039457,18.409566,691.2,550,10.493,2.039457,2.0792958320401422,.0398388320401422,.019534,Fr 30. Jan 01:34:12 CET 2026
45,74.984870,9.0267,2.039457,18.409566,691.2,550,10.493,2.039457,2.0822596386571792,.0428026386571792,.020987,Fr 30. Jan 01:34:14 CET 2026
36,59.987896,9.0267,2.039457,18.409566,691.2,550,10.493,2.039457,2.073418160969597,.033961160969597,.016652,Fr 30. Jan 01:34:14 CET 2026
39,64.986888,9.0267,2.039457,18.409566,691.2,550,10.493,2.039457,2.076349092769968,.036892092769968,.018089,Fr 30. Jan 01:34:17 CET 2026
6,10.775579,10.1000,1.892284,19.112068,691.2,550,10.493,1.892284,1.8973964736819082,.0051124736819082,.002701,Fr 30. Jan 01:35:38 CET 2026
3,5.387789,10.1000,1.892284,19.112068,691.2,550,10.493,1.892284,1.894833502591303,.002549502591303,.001347,Fr 30. Jan 01:35:38 CET 2026
0,0,10.1000,1.892284,19.112068,691.2,550,10.493,1.892284,1.8922840000000014,.0000000000000014,0,Fr 30. Jan 01:35:43 CET 2026
9,16.163369,10.1000,1.892284,19.112068,691.2,550,10.493,1.892284,1.8999730591564852,.0076890591564852,.004063,Fr 30. Jan 01:35:56 CET 2026
15,26.938949,10.1000,1.892284,19.112068,691.2,550,10.493,1.892284,1.9051674994593235,.0128834994593235,.006808,Fr 30. Jan 01:36:18 CET 2026
18,32.326739,10.1000,1.892284,19.112068,691.2,550,10.493,1.892284,1.9077854605011517,.0155014605011517,.008191,Fr 30. Jan 01:36:19 CET 2026
21,37.714529,10.1000,1.892284,19.112068,691.2,550,10.493,1.892284,1.9104178430842833,.0181338430842833,.009583,Fr 30. Jan 01:36:20 CET 2026
12,21.551159,10.1000,1.892284,19.112068,691.2,550,10.493,1.892284,1.9025633095152197,.0102793095152197,.005432,Fr 30. Jan 01:36:23 CET 2026
24,43.102319,10.1000,1.892284,19.112068,691.2,550,10.493,1.892284,1.9130640487538164,.0207800487538164,.010981,Fr 30. Jan 01:37:04 CET 2026
27,48.490109,10.1000,1.892284,19.112068,691.2,550,10.493,1.892284,1.9157246690184373,.0234406690184373,.012387,Fr 30. Jan 01:41:07 CET 2026
30,53.877899,10.1000,1.892284,19.112068,691.2,550,10.493,1.892284,1.9183999581277356,.0261159581277356,.013801,Fr 30. Jan 01:41:54 CET 2026
33,59.265688,10.1000,1.892284,19.112068,691.2,550,10.493,1.892284,1.921090034252152,.028806034252152,.015222,Fr 30. Jan 01:48:11 CET 2026
39,70.041268,10.1000,1.892284,19.112068,691.2,550,10.493,1.892284,1.92651351400808,.03422951400808,.018088,Fr 30. Jan 01:48:22 CET 2026
36,64.653478,10.1000,1.892284,19.112068,691.2,550,10.493,1.892284,1.9237944015825619,.0315104015825619,.016652,Fr 30. Jan 01:48:28 CET 2026
42,75.429058,10.1000,1.892284,19.112068,691.2,550,10.493,1.892284,1.9292483490302959,.0369643490302959,.019534,Fr 30. Jan 01:49:48 CET 2026
45,80.816848,10.1000,1.892284,19.112068,691.2,550,10.493,1.892284,1.9319981175878473,.0397141175878473,.020987,Fr 30. Jan 01:49:53 CET 2026
15,21.786799,6.8800,2.498191,17.187554,738.0,550,10.493,2.498191,2.515199703029083,.017008703029083,.006808,Fr 30. Jan 01:56:30 CET 2026
0,0,6.8800,2.498191,17.187554,738.0,550,10.493,2.498191,2.498190999999999,-.000000000000001,0,Fr 30. Jan 02:00:31 CET 2026
3,4.357359,6.8800,2.498191,17.187554,738.0,550,10.493,2.498191,2.5015568497463643,.0033658497463643,.001347,Fr 30. Jan 02:00:36 CET 2026
6,8.714719,6.8800,2.498191,17.187554,738.0,550,10.493,2.498191,2.5049404877436343,.0067494877436343,.002701,Fr 30. Jan 02:01:00 CET 2026
21,30.501519,6.8800,2.498191,17.187554,738.0,550,10.493,2.498191,2.5221310805925796,.0239400805925796,.009582,Fr 30. Jan 02:01:30 CET 2026
12,17.429439,6.8800,2.498191,17.187554,738.0,550,10.493,2.498191,2.511761779607063,.013570779607063,.005432,Fr 30. Jan 02:01:47 CET 2026
9,13.072079,6.8800,2.498191,17.187554,738.0,550,10.493,2.498191,2.508342066957613,.010151066957613,.004063,Fr 30. Jan 02:02:07 CET 2026
27,39.216239,6.8800,2.498191,17.187554,738.0,550,10.493,2.498191,2.5291374700412117,.0309464700412117,.012387,Fr 30. Jan 02:03:07 CET 2026
30,43.573599,6.8800,2.498191,17.187554,738.0,550,10.493,2.498191,2.532669426173685,.034478426173685,.013801,Fr 30. Jan 02:03:10 CET 2026
18,26.144159,6.8800,2.498191,17.187554,738.0,550,10.493,2.498191,2.51865613873988,.02046513873988,.008191,Fr 30. Jan 02:03:38 CET 2026
24,34.858879,6.8800,2.498191,17.187554,738.0,550,10.493,2.498191,2.525624837860214,.027433837860214,.010981,Fr 30. Jan 02:03:49 CET 2026
0,0,7.9533,2.268053,18.038505,738.0,550,10.493,2.268053,2.2680530000000014,.0000000000000014,0,Fr 30. Jan 02:05:04 CET 2026
33,47.930959,6.8800,2.498191,17.187554,738.0,550,10.493,2.498191,2.5362207860655195,.0380297860655195,.015222,Fr 30. Jan 02:05:05 CET 2026
3,4.799504,7.9533,2.268053,18.038505,738.0,550,10.493,2.268053,2.2711087849185487,.0030557849185487,.001347,Fr 30. Jan 02:05:16 CET 2026
36,52.288319,6.8800,2.498191,17.187554,738.0,550,10.493,2.498191,2.5397906545950137,.0415996545950137,.016651,Fr 30. Jan 02:07:19 CET 2026
6,9.599008,7.9533,2.268053,18.038505,738.0,550,10.493,2.268053,2.2741807126309665,.0061277126309665,.002701,Fr 30. Jan 02:12:09 CET 2026
42,61.003039,6.8800,2.498191,17.187554,738.0,550,10.493,2.498191,2.5469912131516455,.0488002131516455,.019534,Fr 30. Jan 02:13:20 CET 2026
45,65.360399,6.8800,2.498191,17.187554,738.0,550,10.493,2.498191,2.5506212136739226,.0524302136739226,.020987,Fr 30. Jan 02:13:36 CET 2026
39,56.645679,6.8800,2.498191,17.187554,738.0,550,10.493,2.498191,2.543381211417331,.045190211417331,.018089,Fr 30. Jan 02:13:55 CET 2026
9,14.398512,7.9533,2.268053,18.038505,738.0,550,10.493,2.268053,2.277268929573181,.009215929573181,.004063,Fr 30. Jan 02:16:11 CET 2026
12,19.198016,7.9533,2.268053,18.038505,738.0,550,10.493,2.268053,2.280373564659402,.012320564659402,.005432,Fr 30. Jan 02:16:22 CET 2026
15,23.997520,7.9533,2.268053,18.038505,738.0,550,10.493,2.268053,2.2834948233681844,.0154418233681844,.006808,Fr 30. Jan 02:16:34 CET 2026
18,28.797024,7.9533,2.268053,18.038505,738.0,550,10.493,2.268053,2.2866328271412413,.0185798271412413,.008191,Fr 30. Jan 02:17:05 CET 2026
21,33.596528,7.9533,2.268053,18.038505,738.0,550,10.493,2.268053,2.28978759508254,.02173459508254,.009582,Fr 30. Jan 02:17:19 CET 2026
24,38.396033,7.9533,2.268053,18.038505,738.0,550,10.493,2.268053,2.2929595671830088,.0249065671830088,.010981,Fr 30. Jan 02:17:45 CET 2026
27,43.195537,7.9533,2.268053,18.038505,738.0,550,10.493,2.268053,2.2961484644573558,.0280954644573558,.012387,Fr 30. Jan 02:18:43 CET 2026
30,47.995041,7.9533,2.268053,18.038505,738.0,550,10.493,2.268053,2.299355278976187,.031302278976187,.013801,Fr 30. Jan 02:19:01 CET 2026
36,57.594049,7.9533,2.268053,18.038505,738.0,550,10.493,2.268053,2.3058207551166916,.0377677551166916,.016652,Fr 30. Jan 02:19:25 CET 2026
33,52.794545,7.9533,2.268053,18.038505,738.0,550,10.493,2.268053,2.302578870827345,.034525870827345,.015222,Fr 30. Jan 02:19:26 CET 2026
45,71.992561,7.9533,2.268053,18.038505,738.0,550,10.493,2.268053,2.3156532447169527,.0476002447169527,.020987,Fr 30. Jan 02:20:50 CET 2026
39,62.393553,7.9533,2.268053,18.038505,738.0,550,10.493,2.268053,2.3090797083307284,.0410267083307284,.018088,Fr 30. Jan 02:20:56 CET 2026
42,67.193057,7.9533,2.268053,18.038505,738.0,550,10.493,2.268053,2.3123576464059554,.0443046464059554,.019534,Fr 30. Jan 02:21:06 CET 2026
0,0,9.0267,2.084485,18.816020,738.0,550,10.493,2.084485,2.0844850000000004,.0000000000000004,0,Fr 30. Jan 02:22:26 CET 2026
3,5.222167,9.0267,2.084485,18.816020,738.0,550,10.493,2.084485,2.087293458818046,.002808458818046,.001347,Fr 30. Jan 02:26:53 CET 2026
6,10.444335,9.0267,2.084485,18.816020,738.0,550,10.493,2.084485,2.090116758530335,.005631758530335,.002701,Fr 30. Jan 02:28:20 CET 2026
9,15.666503,9.0267,2.084485,18.816020,738.0,550,10.493,2.084485,2.092955026503602,.008470026503602,.004063,Fr 30. Jan 02:28:54 CET 2026
12,20.888671,9.0267,2.084485,18.816020,738.0,550,10.493,2.084485,2.0958083981301843,.0113233981301843,.005432,Fr 30. Jan 02:29:13 CET 2026
15,26.110838,9.0267,2.084485,18.816020,738.0,550,10.493,2.084485,2.0986770661080696,.0141920661080696,.006808,Fr 30. Jan 02:30:57 CET 2026
18,31.333006,9.0267,2.084485,18.816020,738.0,550,10.493,2.084485,2.101560967481179,.017075967481179,.008191,Fr 30. Jan 02:31:18 CET 2026
21,36.555174,9.0267,2.084485,18.816020,738.0,550,10.493,2.084485,2.104460667577075,.019975667577075,.009583,Fr 30. Jan 02:31:32 CET 2026
27,46.999509,9.0267,2.084485,18.816020,738.0,550,10.493,2.084485,2.110306799745805,.025821799745805,.012387,Fr 30. Jan 02:31:40 CET 2026
24,41.777342,9.0267,2.084485,18.816020,738.0,550,10.493,2.084485,2.1073759041977427,.0228909041977427,.010981,Fr 30. Jan 02:32:18 CET 2026
30,52.221677,9.0267,2.084485,18.816020,738.0,550,10.493,2.084485,2.113253655883763,.028768655883763,.013801,Fr 30. Jan 02:32:43 CET 2026
33,57.443845,9.0267,2.084485,18.816020,738.0,550,10.493,2.084485,2.1162168893678217,.0317318893678217,.015222,Fr 30. Jan 02:33:55 CET 2026
36,62.666013,9.0267,2.084485,18.816020,738.0,550,10.493,2.084485,2.1191960337658413,.0347110337658413,.016652,Fr 30. Jan 02:34:01 CET 2026
42,73.110348,9.0267,2.084485,18.816020,738.0,550,10.493,2.084485,2.125203788691425,.040718788691425,.019534,Fr 30. Jan 02:34:29 CET 2026
39,67.888180,9.0267,2.084485,18.816020,738.0,550,10.493,2.084485,2.1221910199529597,.0377060199529597,.018088,Fr 30. Jan 02:34:39 CET 2026
0,0,10.1000,1.934063,19.534036,738.0,550,10.493,1.934063,1.9340630000000012,.0000000000000012,0,Fr 30. Jan 02:35:33 CET 2026
45,78.332516,9.0267,2.084485,18.816020,738.0,550,10.493,2.084485,2.1282326534690386,.0437476534690386,.020987,Fr 30. Jan 02:35:51 CET 2026
3,5.628326,10.1000,1.934063,19.534036,738.0,550,10.493,1.934063,1.9366687943041692,.0026057943041692,.001347,Fr 30. Jan 02:36:01 CET 2026
6,11.256652,10.1000,1.934063,19.534036,738.0,550,10.493,1.934063,1.9392883566649604,.0052253566649604,.002701,Fr 30. Jan 02:37:12 CET 2026
9,16.884978,10.1000,1.934063,19.534036,738.0,550,10.493,1.934063,1.9419218185375642,.0078588185375642,.004063,Fr 30. Jan 02:41:50 CET 2026
12,22.513304,10.1000,1.934063,19.534036,738.0,550,10.493,1.934063,1.9445692449897845,.0105062449897845,.005432,Fr 30. Jan 02:43:22 CET 2026
15,28.141630,10.1000,1.934063,19.534036,738.0,550,10.493,1.934063,1.9472309703369952,.0131679703369952,.006808,Fr 30. Jan 02:43:55 CET 2026
18,33.769956,10.1000,1.934063,19.534036,738.0,550,10.493,1.934063,1.9499068521313005,.0158438521313005,.008192,Fr 30. Jan 02:43:59 CET 2026
21,39.398282,10.1000,1.934063,19.534036,738.0,550,10.493,1.934063,1.95259700916085,.01853400916085,.009582,Fr 30. Jan 02:45:46 CET 2026
24,45.026609,10.1000,1.934063,19.534036,738.0,550,10.493,1.934063,1.9553018156994286,.0212388156994286,.010981,Fr 30. Jan 02:46:04 CET 2026
27,50.654935,10.1000,1.934063,19.534036,738.0,550,10.493,1.934063,1.958021330511183,.023958330511183,.012387,Fr 30. Jan 02:46:05 CET 2026
30,56.283261,10.1000,1.934063,19.534036,738.0,550,10.493,1.934063,1.9607557429316755,.0266927429316755,.013801,Fr 30. Jan 02:46:37 CET 2026
33,61.911587,10.1000,1.934063,19.534036,738.0,550,10.493,1.934063,1.9635047671153172,.0294417671153172,.015222,Fr 30. Jan 02:47:06 CET 2026
36,67.539913,10.1000,1.934063,19.534036,738.0,550,10.493,1.934063,1.9662691320403058,.0322061320403058,.016652,Fr 30. Jan 02:47:30 CET 2026
39,73.168239,10.1000,1.934063,19.534036,738.0,550,10.493,1.934063,1.9690483934832093,.0349853934832093,.018089,Fr 30. Jan 02:48:32 CET 2026
42,78.796565,10.1000,1.934063,19.534036,738.0,550,10.493,1.934063,1.9718434360438601,.0377804360438601,.019534,Fr 30. Jan 02:48:44 CET 2026
45,84.424892,10.1000,1.934063,19.534036,738.0,550,10.493,1.934063,1.9746537064471155,.0405907064471155,.020987,Fr 30. Jan 02:49:28 CET 2026
0,0,6.8800,2.072878,14.261400,421.6,450,10.534,2.072878,2.072878000000001,.000000000000001,0,Fr 30. Jan 02:49:29 CET 2026
3,2.999988,6.8800,2.072878,14.261400,421.6,450,10.534,2.072878,2.0756708197553975,.0027928197553975,.001347,Fr 30. Jan 02:50:08 CET 2026
6,5.999977,6.8800,2.072878,14.261400,421.6,450,10.534,2.072878,2.0784784070582973,.0056004070582973,.002701,Fr 30. Jan 02:50:47 CET 2026
9,8.999965,6.8800,2.072878,14.261400,421.6,450,10.534,2.072878,2.0813008686109726,.0084228686109726,.004063,Fr 30. Jan 02:51:04 CET 2026
12,11.999954,6.8800,2.072878,14.261400,421.6,450,10.534,2.072878,2.0841383444190207,.0112603444190207,.005432,Fr 30. Jan 02:52:02 CET 2026
15,14.999943,6.8800,2.072878,14.261400,421.6,450,10.534,2.072878,2.0869909950733017,.0141129950733017,.006808,Fr 30. Jan 02:56:34 CET 2026
18,17.999931,6.8800,2.072878,14.261400,421.6,450,10.534,2.072878,2.0898590030825175,.0169810030825175,.008191,Fr 30. Jan 02:58:15 CET 2026
21,20.999920,6.8800,2.072878,14.261400,421.6,450,10.534,2.072878,2.0927423655523993,.0198643655523993,.009582,Fr 30. Jan 02:58:39 CET 2026
24,23.999909,6.8800,2.072878,14.261400,421.6,450,10.534,2.072878,2.095641286250247,.022763286250247,.010981,Fr 30. Jan 02:58:49 CET 2026
30,29.999886,6.8800,2.072878,14.261400,421.6,450,10.534,2.072878,2.101486553801203,.028608553801203,.013801,Fr 30. Jan 03:00:27 CET 2026
27,26.999897,6.8800,2.072878,14.261400,421.6,450,10.534,2.072878,2.098556019732535,.025678019732535,.012387,Fr 30. Jan 03:00:48 CET 2026
33,32.999874,6.8800,2.072878,14.261400,421.6,450,10.534,2.072878,2.104432850344981,.031554850344981,.015222,Fr 30. Jan 03:01:01 CET 2026
36,35.999863,6.8800,2.072878,14.261400,421.6,450,10.534,2.072878,2.1073956302252177,.0345176302252177,.016652,Fr 30. Jan 03:01:41 CET 2026
39,38.999852,6.8800,2.072878,14.261400,421.6,450,10.534,2.072878,2.1103745354121046,.0374965354121046,.018089,Fr 30. Jan 03:01:52 CET 2026
42,41.999840,6.8800,2.072878,14.261400,421.6,450,10.534,2.072878,2.113369413153747,.040491413153747,.019533,Fr 30. Jan 03:02:26 CET 2026
45,44.999829,6.8800,2.072878,14.261400,421.6,450,10.534,2.072878,2.1163820539195752,.0435040539195752,.020987,Fr 30. Jan 03:03:27 CET 2026
0,0,7.9533,1.881920,14.967474,421.6,450,10.534,1.881920,1.8819200000000007,.0000000000000007,0,Fr 30. Jan 03:03:52 CET 2026
3,3.304397,7.9533,1.881920,14.967474,421.6,450,10.534,1.881920,1.8844555396257139,.0025355396257139,.001347,Fr 30. Jan 03:04:42 CET 2026
6,6.608795,7.9533,1.881920,14.967474,421.6,450,10.534,1.881920,1.8870044787343807,.0050844787343807,.002701,Fr 30. Jan 03:04:51 CET 2026
9,9.913193,7.9533,1.881920,14.967474,421.6,450,10.534,1.881920,1.8895669350923185,.0076469350923185,.004063,Fr 30. Jan 03:05:28 CET 2026
12,13.217590,7.9533,1.881920,14.967474,421.6,450,10.534,1.881920,1.8921430567639304,.0102230567639304,.005432,Fr 30. Jan 03:05:56 CET 2026
15,16.521988,7.9533,1.881920,14.967474,421.6,450,10.534,1.881920,1.8947329161098905,.0128129161098905,.006808,Fr 30. Jan 03:06:29 CET 2026
18,19.826386,7.9533,1.881920,14.967474,421.6,450,10.534,1.881920,1.8973366877277658,.0154166877277658,.008191,Fr 30. Jan 03:07:25 CET 2026
21,23.130783,7.9533,1.881920,14.967474,421.6,450,10.534,1.881920,1.8999543687841551,.0180343687841551,.009582,Fr 30. Jan 03:11:56 CET 2026
24,26.435181,7.9533,1.881920,14.967474,421.6,450,10.534,1.881920,1.9025862979587305,.0206662979587305,.010981,Fr 30. Jan 03:13:34 CET 2026
27,29.739579,7.9533,1.881920,14.967474,421.6,450,10.534,1.881920,1.9052323858990057,.0233123858990057,.012387,Fr 30. Jan 03:13:57 CET 2026
30,33.043977,7.9533,1.881920,14.967474,421.6,450,10.534,1.881920,1.9078929830157978,.0259729830157978,.013801,Fr 30. Jan 03:14:04 CET 2026
33,36.348374,7.9533,1.881920,14.967474,421.6,450,10.534,1.881920,1.9105679212151607,.0286479212151607,.015222,Fr 30. Jan 03:15:17 CET 2026
36,39.652772,7.9533,1.881920,14.967474,421.6,450,10.534,1.881920,1.913257538150512,.031337538150512,.016651,Fr 30. Jan 03:16:05 CET 2026
39,42.957170,7.9533,1.881920,14.967474,421.6,450,10.534,1.881920,1.9159623888824078,.0340423888824078,.018089,Fr 30. Jan 03:16:12 CET 2026
42,46.261567,7.9533,1.881920,14.967474,421.6,450,10.534,1.881920,1.9186816732567558,.0367616732567558,.019534,Fr 30. Jan 03:17:00 CET 2026
45,49.565965,7.9533,1.881920,14.967474,421.6,450,10.534,1.881920,1.9214162835739677,.0394962835739677,.020987,Fr 30. Jan 03:17:12 CET 2026
0,0,9.0267,1.729604,15.612616,421.6,450,10.534,1.729604,1.729604,0,0,Fr 30. Jan 03:19:47 CET 2026
9,10.786185,9.0267,1.729604,15.612616,421.6,450,10.534,1.729604,1.7366320211512534,.0070280211512534,.004063,Fr 30. Jan 03:20:45 CET 2026
6,7.190790,9.0267,1.729604,15.612616,421.6,450,10.534,1.729604,1.7342769599513161,.0046729599513161,.002701,Fr 30. Jan 03:20:58 CET 2026
3,3.595395,9.0267,1.729604,15.612616,421.6,450,10.534,1.729604,1.731934323819732,.002330323819732,.001347,Fr 30. Jan 03:21:11 CET 2026
12,14.381581,9.0267,1.729604,15.612616,421.6,450,10.534,1.729604,1.7389996154494858,.0093956154494858,.005432,Fr 30. Jan 03:22:10 CET 2026
15,17.976976,9.0267,1.729604,15.612616,421.6,450,10.534,1.729604,1.741379799924753,.011775799924753,.006808,Fr 30. Jan 03:22:47 CET 2026
18,21.572371,9.0267,1.729604,15.612616,421.6,450,10.534,1.729604,1.7437728816235205,.0141688816235205,.008191,Fr 30. Jan 03:23:01 CET 2026
21,25.167766,9.0267,1.729604,15.612616,421.6,450,10.534,1.729604,1.7461787621505902,.0165747621505902,.009582,Fr 30. Jan 03:23:31 CET 2026
24,28.763162,9.0267,1.729604,15.612616,421.6,450,10.534,1.729604,1.7485977117214528,.0189937117214528,.010981,Fr 30. Jan 03:24:53 CET 2026
27,32.358557,9.0267,1.729604,15.612616,421.6,450,10.534,1.729604,1.7510295220412664,.0214255220412664,.012387,Fr 30. Jan 03:29:19 CET 2026
33,39.549348,9.0267,1.729604,15.612616,421.6,450,10.534,1.729604,1.7559334122894188,.0263294122894188,.015222,Fr 30. Jan 03:31:06 CET 2026
30,35.953952,9.0267,1.729604,15.612616,421.6,450,10.534,1.729604,1.7534748647770524,.0238708647770524,.013801,Fr 30. Jan 03:31:09 CET 2026
36,43.144743,9.0267,1.729604,15.612616,421.6,450,10.534,1.729604,1.7584054951991634,.0288014951991634,.016652,Fr 30. Jan 03:31:16 CET 2026
39,46.740138,9.0267,1.729604,15.612616,421.6,450,10.534,1.729604,1.7608910450798323,.0312870450798323,.018089,Fr 30. Jan 03:32:38 CET 2026
42,50.335533,9.0267,1.729604,15.612616,421.6,450,10.534,1.729604,1.7633901160061674,.0337861160061674,.019534,Fr 30. Jan 03:33:23 CET 2026
45,53.930929,9.0267,1.729604,15.612616,421.6,450,10.534,1.729604,1.7659034680463186,.0362994680463186,.020987,Fr 30. Jan 03:33:31 CET 2026
0,0,10.1000,1.604791,16.208389,421.6,450,10.534,1.604791,1.6047909999999994,-.0000000000000006,0,Fr 30. Jan 03:42:44 CET 2026
3,3.875029,10.1000,1.604791,16.208389,421.6,450,10.534,1.604791,1.6069531606444665,.0021621606444665,.001347,Fr 30. Jan 03:43:58 CET 2026
9,11.625087,10.1000,1.604791,16.208389,421.6,450,10.534,1.604791,1.6113118606557735,.0065208606557735,.004063,Fr 30. Jan 03:45:56 CET 2026
12,15.500117,10.1000,1.604791,16.208389,421.6,450,10.534,1.604791,1.6135086266499132,.0087176266499132,.005432,Fr 30. Jan 03:46:25 CET 2026
15,19.375146,10.1000,1.604791,16.208389,421.6,450,10.534,1.604791,1.6157170952212467,.0109260952212467,.006808,Fr 30. Jan 03:46:45 CET 2026
6,7.750058,10.1000,1.604791,16.208389,421.6,450,10.534,1.604791,1.6091267485737364,.0043357485737364,.002701,Fr 30. Jan 03:46:46 CET 2026
18,23.250175,10.1000,1.604791,16.208389,421.6,450,10.534,1.604791,1.6179374095560217,.0131464095560217,.008191,Fr 30. Jan 03:47:23 CET 2026
21,27.125205,10.1000,1.604791,16.208389,421.6,450,10.534,1.604791,1.6201696085408357,.0153786085408357,.009582,Fr 30. Jan 03:47:45 CET 2026
0,0,6.8800,2.127634,14.638121,455.9,450,10.534,2.127634,2.127634,0,0,Fr 30. Jan 03:48:08 CET 2026
3,3.160573,6.8800,2.127634,14.638121,455.9,450,10.534,2.127634,2.1305005944694413,.0028665944694413,.001347,Fr 30. Jan 03:48:08 CET 2026
27,34.875263,10.1000,1.604791,16.208389,421.6,450,10.534,1.604791,1.6246704893374184,.0198794893374184,.012387,Fr 30. Jan 03:48:45 CET 2026
24,31.000234,10.1000,1.604791,16.208389,421.6,450,10.534,1.604791,1.622414041861797,.017623041861797,.010981,Fr 30. Jan 03:49:15 CET 2026
30,38.750292,10.1000,1.604791,16.208389,421.6,450,10.534,1.604791,1.6269392531589875,.0221482531589875,.013801,Fr 30. Jan 03:50:15 CET 2026
33,42.625322,10.1000,1.604791,16.208389,421.6,450,10.534,1.604791,1.6292203251029662,.0244293251029662,.015222,Fr 30. Jan 03:54:07 CET 2026
36,46.500351,10.1000,1.604791,16.208389,421.6,450,10.534,1.604791,1.6315139092513018,.0267229092513018,.016651,Fr 30. Jan 03:56:09 CET 2026
39,50.375380,10.1000,1.604791,16.208389,421.6,450,10.534,1.604791,1.6338200987674443,.0290290987674443,.018089,Fr 30. Jan 03:56:25 CET 2026
42,54.250410,10.1000,1.604791,16.208389,421.6,450,10.534,1.604791,1.6361389907131008,.0313479907131008,.019534,Fr 30. Jan 03:56:32 CET 2026
45,58.125439,10.1000,1.604791,16.208389,421.6,450,10.534,1.604791,1.638470946999343,.033679946999343,.020987,Fr 30. Jan 03:57:39 CET 2026
6,6.321147,6.8800,2.127634,14.638121,455.9,450,10.534,2.127634,2.1333823371851097,.0057483371851097,.002701,Fr 30. Jan 03:58:00 CET 2026
9,9.481721,6.8800,2.127634,14.638121,455.9,450,10.534,2.127634,2.136279376953932,.008645376953932,.004063,Fr 30. Jan 03:59:08 CET 2026
12,12.642295,6.8800,2.127634,14.638121,455.9,450,10.534,2.127634,2.139191805692108,.011557805692108,.005432,Fr 30. Jan 04:01:11 CET 2026
15,15.802869,6.8800,2.127634,14.638121,455.9,450,10.534,2.127634,2.142119835417516,.014485835417516,.006808,Fr 30. Jan 04:01:40 CET 2026
18,18.963443,6.8800,2.127634,14.638121,455.9,450,10.534,2.127634,2.1450635518813863,.0174295518813863,.008191,Fr 30. Jan 04:02:01 CET 2026
21,22.124017,6.8800,2.127634,14.638121,455.9,450,10.534,2.127634,2.1480231311099742,.0203891311099742,.009583,Fr 30. Jan 04:02:13 CET 2026
24,25.284591,6.8800,2.127634,14.638121,455.9,450,10.534,2.127634,2.150998659432426,.023364659432426,.010981,Fr 30. Jan 04:02:38 CET 2026
27,28.445165,6.8800,2.127634,14.638121,455.9,450,10.534,2.127634,2.153990197462854,.026356197462854,.012387,Fr 30. Jan 04:02:56 CET 2026
33,34.766313,6.8800,2.127634,14.638121,455.9,450,10.534,2.127634,2.1600223051440453,.0323883051440453,.015222,Fr 30. Jan 04:03:26 CET 2026
30,31.605739,6.8800,2.127634,14.638121,455.9,450,10.534,2.127634,2.156998106836362,.029364106836362,.013801,Fr 30. Jan 04:03:34 CET 2026
36,37.926887,6.8800,2.127634,14.638121,455.9,450,10.534,2.127634,2.16306328956748,.03542928956748,.016651,Fr 30. Jan 04:04:01 CET 2026
39,41.087461,6.8800,2.127634,14.638121,455.9,450,10.534,2.127634,2.1661208689720053,.0384868689720053,.018089,Fr 30. Jan 04:04:33 CET 2026
42,44.248034,6.8800,2.127634,14.638121,455.9,450,10.534,2.127634,2.1691954839670844,.0415614839670844,.019534,Fr 30. Jan 04:05:35 CET 2026
45,47.408608,6.8800,2.127634,14.638121,455.9,450,10.534,2.127634,2.1722870424801983,.0446530424801983,.020987,Fr 30. Jan 04:08:55 CET 2026
3,3.481274,7.9533,1.931631,15.362840,455.9,450,10.534,1.931631,1.9342335160464608,.0026025160464608,.001347,Fr 30. Jan 04:11:29 CET 2026
0,0,7.9533,1.931631,15.362840,455.9,450,10.534,1.931631,1.9316310000000008,.0000000000000008,0,Fr 30. Jan 04:11:35 CET 2026
6,6.962549,7.9533,1.931631,15.362840,455.9,450,10.534,1.931631,1.9368497860658227,.0052187860658227,.002701,Fr 30. Jan 04:11:41 CET 2026
9,10.443824,7.9533,1.931631,15.362840,455.9,450,10.534,1.931631,1.9394799196241985,.0078489196241985,.004063,Fr 30. Jan 04:12:48 CET 2026
12,13.925099,7.9533,1.931631,15.362840,455.9,450,10.534,1.931631,1.9421240618292566,.0104930618292566,.005432,Fr 30. Jan 04:13:06 CET 2026
15,17.406373,7.9533,1.931631,15.362840,455.9,450,10.534,1.931631,1.9447823052903181,.0131513052903181,.006808,Fr 30. Jan 04:14:17 CET 2026
18,20.887648,7.9533,1.931631,15.362840,455.9,450,10.534,1.931631,1.9474549022848138,.0158239022848138,.008191,Fr 30. Jan 04:16:14 CET 2026
21,24.368923,7.9533,1.931631,15.362840,455.9,450,10.534,1.931631,1.9501419183857975,.0185109183857975,.009583,Fr 30. Jan 04:16:40 CET 2026
24,27.850198,7.9533,1.931631,15.362840,455.9,450,10.534,1.931631,1.952843096489291,.021212096489291,.010981,Fr 30. Jan 04:17:06 CET 2026
27,31.331472,7.9533,1.931631,15.362840,455.9,450,10.534,1.931631,1.9555591531537189,.0239281531537189,.012387,Fr 30. Jan 04:17:20 CET 2026
30,34.812747,7.9533,1.931631,15.362840,455.9,450,10.534,1.931631,1.9582899573100396,.0266589573100396,.013801,Fr 30. Jan 04:17:54 CET 2026
33,38.294022,7.9533,1.931631,15.362840,455.9,450,10.534,1.931631,1.9610357586812668,.0294047586812668,.015222,Fr 30. Jan 04:18:01 CET 2026
36,41.775297,7.9533,1.931631,15.362840,455.9,450,10.534,1.931631,1.96379660098646,.03216560098646,.016652,Fr 30. Jan 04:18:17 CET 2026
39,45.256571,7.9533,1.931631,15.362840,455.9,450,10.534,1.931631,1.9665724795359194,.0349414795359194,.018089,Fr 30. Jan 04:18:39 CET 2026
42,48.737846,7.9533,1.931631,15.362840,455.9,450,10.534,1.931631,1.9693637310365872,.0377327310365872,.019534,Fr 30. Jan 04:18:54 CET 2026
45,52.219121,7.9533,1.931631,15.362840,455.9,450,10.534,1.931631,1.9721706648404491,.0405396648404491,.020987,Fr 30. Jan 04:19:40 CET 2026
0,0,9.0267,1.775292,16.025028,455.9,450,10.534,1.775292,1.775292,0,0,Fr 30. Jan 04:27:55 CET 2026
3,3.787850,9.0267,1.775292,16.025028,455.9,450,10.534,1.775292,1.7776838781322497,.0023918781322497,.001347,Fr 30. Jan 04:32:09 CET 2026
6,7.575701,9.0267,1.775292,16.025028,455.9,450,10.534,1.775292,1.7800883972867256,.0047963972867256,.002701,Fr 30. Jan 04:34:31 CET 2026
9,11.363552,9.0267,1.775292,16.025028,455.9,450,10.534,1.775292,1.7825056764286729,.0072136764286729,.004063,Fr 30. Jan 04:35:11 CET 2026
15,18.939254,9.0267,1.775292,16.025028,455.9,450,10.534,1.775292,1.787378910598842,.012086910598842,.006808,Fr 30. Jan 04:35:51 CET 2026
33,41.666360,9.0267,1.775292,16.025028,455.9,450,10.534,1.775292,1.8023169357511446,.0270249357511446,.015222,Fr 30. Jan 04:36:04 CET 2026
12,15.151403,9.0267,1.775292,16.025028,455.9,450,10.534,1.775292,1.78493581263037,.00964381263037,.005432,Fr 30. Jan 04:36:47 CET 2026
21,26.514956,9.0267,1.775292,16.025028,455.9,450,10.534,1.775292,1.7923045558860193,.0170125558860193,.009582,Fr 30. Jan 04:37:30 CET 2026
18,22.727105,9.0267,1.775292,16.025028,455.9,450,10.534,1.775292,1.7898351686493814,.0145431686493814,.008191,Fr 30. Jan 04:38:57 CET 2026
27,34.090658,9.0267,1.775292,16.025028,455.9,450,10.534,1.775292,1.7972836510737966,.0219916510737966,.012387,Fr 30. Jan 04:39:22 CET 2026
30,37.878509,9.0267,1.775292,16.025028,455.9,450,10.534,1.775292,1.7997933092667602,.0245013092667602,.013801,Fr 30. Jan 04:39:55 CET 2026
36,45.454211,9.0267,1.775292,16.025028,455.9,450,10.534,1.775292,1.8048543017292673,.0295623017292673,.016652,Fr 30. Jan 04:41:01 CET 2026
39,49.242062,9.0267,1.775292,16.025028,455.9,450,10.534,1.775292,1.8074052287759885,.0321132287759885,.018088,Fr 30. Jan 04:41:17 CET 2026
45,56.817764,9.0267,1.775292,16.025028,455.9,450,10.534,1.775292,1.8125505557320922,.0372585557320922,.020987,Fr 30. Jan 04:41:24 CET 2026
24,30.302807,9.0267,1.775292,16.025028,455.9,450,10.534,1.775292,1.7947872648734984,.0194952648734984,.010981,Fr 30. Jan 04:41:26 CET 2026
0,0,10.1000,1.647182,16.636538,455.9,450,10.534,1.647182,1.6471820000000006,.0000000000000006,0,Fr 30. Jan 04:44:02 CET 2026
42,53.029913,9.0267,1.775292,16.025028,455.9,450,10.534,1.775292,1.809970926307712,.034678926307712,.019534,Fr 30. Jan 04:44:06 CET 2026
3,4.082453,10.1000,1.647182,16.636538,455.9,450,10.534,1.647182,1.6494012731032803,.0022192731032803,.001347,Fr 30. Jan 04:44:44 CET 2026
6,8.164906,10.1000,1.647182,16.636538,455.9,450,10.534,1.647182,1.6516322734749431,.0044502734749431,.002701,Fr 30. Jan 04:53:34 CET 2026
0,0,6.8800,2.296772,15.801791,573.5,450,10.534,2.296772,2.296771999999999,-.000000000000001,0,Fr 30. Jan 04:57:12 CET 2026
9,12.247359,10.1000,1.647182,16.636538,455.9,450,10.534,1.647182,1.6538751175384963,.0066931175384963,.004063,Fr 30. Jan 04:57:21 CET 2026
12,16.329812,10.1000,1.647182,16.636538,455.9,450,10.534,1.647182,1.6561298808516114,.0089478808516114,.005432,Fr 30. Jan 04:59:10 CET 2026
6,7.366105,6.8800,2.296772,15.801791,573.5,450,10.534,2.296772,2.302977303851777,.006205303851777,.002701,Fr 30. Jan 04:59:43 CET 2026
3,3.683052,6.8800,2.296772,15.801791,573.5,450,10.534,2.296772,2.299866476876753,.003094476876753,.001347,Fr 30. Jan 04:59:50 CET 2026
9,11.049157,6.8800,2.296772,15.801791,573.5,450,10.534,2.296772,2.3061046312009363,.0093326312009363,.004063,Fr 30. Jan 05:00:33 CET 2026
15,20.412265,10.1000,1.647182,16.636538,455.9,450,10.534,1.647182,1.658396706802416,.011214706802416,.006808,Fr 30. Jan 05:01:15 CET 2026
18,24.494718,10.1000,1.647182,16.636538,455.9,450,10.534,1.647182,1.6606756779867942,.0134936779867942,.008191,Fr 30. Jan 05:01:43 CET 2026
24,32.659624,10.1000,1.647182,16.636538,455.9,450,10.534,1.647182,1.665270550574869,.018088550574869,.010981,Fr 30. Jan 05:01:58 CET 2026
21,28.577171,10.1000,1.647182,16.636538,455.9,450,10.534,1.647182,1.6629668604427927,.0157848604427927,.009582,Fr 30. Jan 05:02:21 CET 2026
27,36.742077,10.1000,1.647182,16.636538,455.9,450,10.534,1.647182,1.6675865351365753,.0204045351365753,.012387,Fr 30. Jan 05:02:56 CET 2026
30,40.824530,10.1000,1.647182,16.636538,455.9,450,10.534,1.647182,1.6699152887196447,.0227332887196447,.013801,Fr 30. Jan 05:03:09 CET 2026
36,48.989436,10.1000,1.647182,16.636538,455.9,450,10.534,1.647182,1.6746107800711147,.0274287800711147,.016651,Fr 30. Jan 05:03:41 CET 2026
33,44.906983,10.1000,1.647182,16.636538,455.9,450,10.534,1.647182,1.6722566979776579,.0250746979776579,.015222,Fr 30. Jan 05:03:57 CET 2026
39,53.071889,10.1000,1.647182,16.636538,455.9,450,10.534,1.647182,1.676978099203117,.029796099203117,.018089,Fr 30. Jan 05:04:43 CET 2026
45,61.236795,10.1000,1.647182,16.636538,455.9,450,10.534,1.647182,1.6817515842988378,.0345695842988378,.020987,Fr 30. Jan 05:05:14 CET 2026
42,57.154342,10.1000,1.647182,16.636538,455.9,450,10.534,1.647182,1.6793582743525814,.0321762743525814,.019534,Fr 30. Jan 05:05:50 CET 2026
12,14.732210,6.8800,2.296772,15.801791,573.5,450,10.534,2.296772,2.3092486070581253,.0124766070581253,.005432,Fr 30. Jan 05:09:36 CET 2026
15,18.415262,6.8800,2.296772,15.801791,573.5,450,10.534,2.296772,2.3124093865843927,.0156373865843927,.006808,Fr 30. Jan 05:13:11 CET 2026
18,22.098315,6.8800,2.296772,15.801791,573.5,450,10.534,2.296772,2.315587139008624,.018815139008624,.008191,Fr 30. Jan 05:13:11 CET 2026
21,25.781367,6.8800,2.296772,15.801791,573.5,450,10.534,2.296772,2.3187819415694277,.0220099415694277,.009582,Fr 30. Jan 05:15:12 CET 2026
27,33.147472,6.8800,2.296772,15.801791,573.5,450,10.534,2.296772,2.3252234509354084,.0284514509354084,.012387,Fr 30. Jan 05:15:30 CET 2026
24,29.464420,6.8800,2.296772,15.801791,573.5,450,10.534,2.296772,2.321993866171654,.025221866171654,.010981,Fr 30. Jan 05:15:38 CET 2026
30,36.830525,6.8800,2.296772,15.801791,573.5,450,10.534,2.296772,2.3284705957279335,.0316985957279335,.013801,Fr 30. Jan 05:16:37 CET 2026
33,40.513577,6.8800,2.296772,15.801791,573.5,450,10.534,2.296772,2.3317353739348885,.0349633739348885,.015222,Fr 30. Jan 05:17:08 CET 2026
36,44.196630,6.8800,2.296772,15.801791,573.5,450,10.534,2.296772,2.335017948815986,.038245948815986,.016652,Fr 30. Jan 05:17:23 CET 2026
39,47.879682,6.8800,2.296772,15.801791,573.5,450,10.534,2.296772,2.338318429334563,.041546429334563,.018089,Fr 30. Jan 05:18:03 CET 2026
42,51.562735,6.8800,2.296772,15.801791,573.5,450,10.534,2.296772,2.3416369146287606,.0448649146287606,.019533,Fr 30. Jan 05:18:11 CET 2026
45,55.245788,6.8800,2.296772,15.801791,573.5,450,10.534,2.296772,2.344974467803695,.048202467803695,.020987,Fr 30. Jan 05:18:53 CET 2026
3,4.056778,7.9533,2.085190,16.584141,573.5,450,10.534,2.085190,2.087999409502441,.002809409502441,.001347,Fr 30. Jan 05:27:32 CET 2026
0,0,7.9533,2.085190,16.584141,573.5,450,10.534,2.085190,2.085189999999999,-.000000000000001,0,Fr 30. Jan 05:28:33 CET 2026
9,12.170334,7.9533,2.085190,16.584141,573.5,450,10.534,2.085190,2.0936629037166883,.0084729037166883,.004063,Fr 30. Jan 05:29:16 CET 2026
6,8.113556,7.9533,2.085190,16.584141,573.5,450,10.534,2.085190,2.09082366404114,.00563366404114,.002701,Fr 30. Jan 05:30:25 CET 2026
12,16.227112,7.9533,2.085190,16.584141,573.5,450,10.534,2.085190,2.096517274334799,.011327274334799,.005432,Fr 30. Jan 05:30:32 CET 2026
15,20.283890,7.9533,2.085190,16.584141,573.5,450,10.534,2.085190,2.0993868280925096,.0141968280925096,.006808,Fr 30. Jan 05:31:29 CET 2026
18,24.340668,7.9533,2.085190,16.584141,573.5,450,10.534,2.085190,2.1022718253916013,.0170818253916013,.008191,Fr 30. Jan 05:32:58 CET 2026
21,28.397446,7.9533,2.085190,16.584141,573.5,450,10.534,2.085190,2.1051723148737,.0199823148737,.009582,Fr 30. Jan 05:38:55 CET 2026
24,32.454224,7.9533,2.085190,16.584141,573.5,450,10.534,2.085190,2.108088509870876,.022898509870876,.010981,Fr 30. Jan 05:39:20 CET 2026
27,36.511002,7.9533,2.085190,16.584141,573.5,450,10.534,2.085190,2.111020604817102,.025830604817102,.012387,Fr 30. Jan 05:40:14 CET 2026
33,44.624558,7.9533,2.085190,16.584141,573.5,450,10.534,2.085190,2.1169322524983447,.0317422524983447,.015222,Fr 30. Jan 05:40:15 CET 2026
0,0,9.0267,1.916422,17.298966,573.5,450,10.534,1.916422,1.9164219999999994,-.0000000000000006,0,Fr 30. Jan 05:40:17 CET 2026
42,56.794893,7.9533,2.085190,16.584141,573.5,450,10.534,2.085190,2.1259222615022826,.0407322615022826,.019534,Fr 30. Jan 05:40:49 CET 2026
3,4.414033,9.0267,1.916422,17.298966,573.5,450,10.534,1.916422,1.9190040244523268,.0025820244523268,.001347,Fr 30. Jan 05:40:55 CET 2026
30,40.567780,7.9533,2.085190,16.584141,573.5,450,10.534,2.085190,2.113968323673098,.028778323673098,.013801,Fr 30. Jan 05:40:57 CET 2026
39,52.738114,7.9533,2.085190,16.584141,573.5,450,10.534,2.085190,2.1229090066698353,.0377190066698353,.018089,Fr 30. Jan 05:41:13 CET 2026
36,48.681336,7.9533,2.085190,16.584141,573.5,450,10.534,2.085190,2.1199126367262995,.0347226367262995,.016652,Fr 30. Jan 05:41:27 CET 2026
45,60.851671,7.9533,2.085190,16.584141,573.5,450,10.534,2.085190,2.128952449645,.043762449645,.020987,Fr 30. Jan 05:42:29 CET 2026
6,8.828066,9.0267,1.916422,17.298966,573.5,450,10.534,1.916422,1.921599698142255,.005177698142255,.002701,Fr 30. Jan 05:50:04 CET 2026
9,13.242099,9.0267,1.916422,17.298966,573.5,450,10.534,1.916422,1.9242091569267266,.0077871569267266,.004063,Fr 30. Jan 05:51:00 CET 2026
12,17.656132,9.0267,1.916422,17.298966,573.5,450,10.534,1.916422,1.9268324830955381,.0104104830955381,.005432,Fr 30. Jan 05:51:51 CET 2026
18,26.484198,9.0267,1.916422,17.298966,573.5,450,10.534,1.916422,1.9321212245609,.0156992245609,.008191,Fr 30. Jan 05:52:44 CET 2026
15,22.070165,9.0267,1.916422,17.298966,573.5,450,10.534,1.916422,1.9294697958527058,.0130477958527058,.006808,Fr 30. Jan 05:53:36 CET 2026
21,30.898231,9.0267,1.916422,17.298966,573.5,450,10.534,1.916422,1.9347869988990554,.0183649988990554,.009582,Fr 30. Jan 05:53:48 CET 2026
24,35.312264,9.0267,1.916422,17.298966,573.5,450,10.534,1.916422,1.937467152576681,.021045152576681,.010981,Fr 30. Jan 05:55:15 CET 2026
0,0,10.1000,1.778127,17.959082,573.5,450,10.534,1.778127,1.7781269999999998,-.0000000000000002,0,Fr 30. Jan 05:56:30 CET 2026
3,4.757333,10.1000,1.778127,17.959082,573.5,450,10.534,1.778127,1.780522700263526,.002395700263526,.001347,Fr 30. Jan 05:56:44 CET 2026
6,9.514666,10.1000,1.778127,17.959082,573.5,450,10.534,1.778127,1.78293105782745,.00480405782745,.002701,Fr 30. Jan 05:56:47 CET 2026
9,14.271999,10.1000,1.778127,17.959082,573.5,450,10.534,1.778127,1.7853521947343345,.0072251947343345,.004063,Fr 30. Jan 05:57:45 CET 2026
27,39.726297,9.0267,1.916422,17.298966,573.5,450,10.534,1.916422,1.940161780847062,.023739780847062,.012387,Fr 30. Jan 06:01:44 CET 2026
30,44.140330,9.0267,1.916422,17.298966,573.5,450,10.534,1.916422,1.9428709530274413,.0264489530274413,.013801,Fr 30. Jan 06:01:56 CET 2026
39,57.382429,9.0267,1.916422,17.298966,573.5,450,10.534,1.916422,1.951088416659366,.034666416659366,.018089,Fr 30. Jan 06:02:44 CET 2026
33,48.554363,9.0267,1.916422,17.298966,573.5,450,10.534,1.916422,1.9455953225710902,.0291733225710902,.015222,Fr 30. Jan 06:02:57 CET 2026
36,52.968396,9.0267,1.916422,17.298966,573.5,450,10.534,1.916422,1.9483338970042299,.0319118970042299,.016651,Fr 30. Jan 06:03:00 CET 2026
42,61.796462,9.0267,1.916422,17.298966,573.5,450,10.534,1.916422,1.9538577839713795,.0374357839713795,.019534,Fr 30. Jan 06:03:37 CET 2026
45,66.210495,9.0267,1.916422,17.298966,573.5,450,10.534,1.916422,1.9566419598554603,.0402199598554603,.020987,Fr 30. Jan 06:03:38 CET 2026
12,19.029332,10.1000,1.778127,17.959082,573.5,450,10.534,1.778127,1.7877862068347383,.0096592068347383,.005432,Fr 30. Jan 06:05:15 CET 2026
15,23.786665,10.1000,1.778127,17.959082,573.5,450,10.534,1.778127,1.790233193617634,.012106193617634,.006808,Fr 30. Jan 06:06:17 CET 2026
18,28.543998,10.1000,1.778127,17.959082,573.5,450,10.534,1.778127,1.7926933791235944,.0145663791235944,.008191,Fr 30. Jan 06:06:42 CET 2026
21,33.301331,10.1000,1.778127,17.959082,573.5,450,10.534,1.778127,1.7951666651612315,.0170396651612315,.009582,Fr 30. Jan 06:07:59 CET 2026
24,38.058664,10.1000,1.778127,17.959082,573.5,450,10.534,1.778127,1.7976534572253464,.0195264572253464,.010981,Fr 30. Jan 06:08:43 CET 2026
27,42.815997,10.1000,1.778127,17.959082,573.5,450,10.534,1.778127,1.8001538070039433,.0220268070039433,.012387,Fr 30. Jan 06:09:17 CET 2026
30,47.573330,10.1000,1.778127,17.959082,573.5,450,10.534,1.778127,1.8026673773398312,.0245403773398312,.013801,Fr 30. Jan 06:10:50 CET 2026
33,52.330663,10.1000,1.778127,17.959082,573.5,450,10.534,1.778127,1.8051952076879791,.0270682076879791,.015222,Fr 30. Jan 06:11:44 CET 2026
36,57.087996,10.1000,1.778127,17.959082,573.5,450,10.534,1.778127,1.8077362089489817,.0296092089489817,.016651,Fr 30. Jan 06:11:49 CET 2026
39,61.845329,10.1000,1.778127,17.959082,573.5,450,10.534,1.778127,1.8102914161682946,.0321644161682946,.018088,Fr 30. Jan 06:12:07 CET 2026
42,66.602662,10.1000,1.778127,17.959082,573.5,450,10.534,1.778127,1.8128612661697139,.0347342661697139,.019534,Fr 30. Jan 06:13:01 CET 2026
45,71.359995,10.1000,1.778127,17.959082,573.5,450,10.534,1.778127,1.815444820150681,.037317820150681,.020987,Fr 30. Jan 06:16:52 CET 2026
0,0,6.8800,2.444227,16.816281,691.2,450,10.534,2.444227,2.4442269999999993,-.0000000000000007,0,Fr 30. Jan 06:26:43 CET 2026
3,4.171144,6.8800,2.444227,16.816281,691.2,450,10.534,2.444227,2.4475201455265516,.0032931455265516,.001347,Fr 30. Jan 06:27:58 CET 2026
0,0,7.9533,2.219060,17.648849,691.2,450,10.534,2.219060,2.2190599999999994,-.0000000000000006,0,Fr 30. Jan 06:28:13 CET 2026
9,12.513432,6.8800,2.444227,16.816281,691.2,450,10.534,2.444227,2.45415876897269,.00993176897269,.004063,Fr 30. Jan 06:30:19 CET 2026
6,8.342288,6.8800,2.444227,16.816281,691.2,450,10.534,2.444227,2.450830692259863,.006603692259863,.002701,Fr 30. Jan 06:30:29 CET 2026
3,4.594392,7.9533,2.219060,17.648849,691.2,450,10.534,2.219060,2.22204977690223,.00298977690223,.001347,Fr 30. Jan 06:32:44 CET 2026
12,16.684576,6.8800,2.444227,16.816281,691.2,450,10.534,2.444227,2.4575046350059027,.0132776350059027,.005432,Fr 30. Jan 06:32:53 CET 2026
15,20.855720,6.8800,2.444227,16.816281,691.2,450,10.534,2.444227,2.4608682952397887,.0166412952397887,.006808,Fr 30. Jan 06:35:19 CET 2026
18,25.026864,6.8800,2.444227,16.816281,691.2,450,10.534,2.444227,2.464250106119697,.020023106119697,.008191,Fr 30. Jan 06:35:26 CET 2026
27,37.540297,6.8800,2.444227,16.816281,691.2,450,10.534,2.444227,2.4745051446560296,.0302781446560296,.012387,Fr 30. Jan 06:36:21 CET 2026
21,29.198009,6.8800,2.444227,16.816281,691.2,450,10.534,2.444227,2.46764996232678,.02342296232678,.009582,Fr 30. Jan 06:36:42 CET 2026
33,45.882585,6.8800,2.444227,16.816281,691.2,450,10.534,2.444227,2.4814350003301193,.0372080003301193,.015222,Fr 30. Jan 06:37:05 CET 2026
24,33.369153,6.8800,2.444227,16.816281,691.2,450,10.534,2.444227,2.4710681923308506,.0268411923308506,.010981,Fr 30. Jan 06:37:39 CET 2026
30,41.711441,6.8800,2.444227,16.816281,691.2,450,10.534,2.444227,2.477960625681765,.033733625681765,.013801,Fr 30. Jan 06:37:47 CET 2026
36,50.053729,6.8800,2.444227,16.816281,691.2,450,10.534,2.444227,2.4849285510262926,.0407015510262926,.016652,Fr 30. Jan 06:38:24 CET 2026
42,58.396018,6.8800,2.444227,16.816281,691.2,450,10.534,2.444227,2.4919730101034783,.0477460101034783,.019534,Fr 30. Jan 06:38:36 CET 2026
39,54.224873,6.8800,2.444227,16.816281,691.2,450,10.534,2.444227,2.488440596028968,.044213596028968,.018088,Fr 30. Jan 06:38:42 CET 2026
45,62.567162,6.8800,2.444227,16.816281,691.2,450,10.534,2.444227,2.495524337126236,.051297337126236,.020987,Fr 30. Jan 06:38:46 CET 2026
6,9.188784,7.9533,2.219060,17.648849,691.2,450,10.534,2.219060,2.2250553517948326,.0059953517948326,.002701,Fr 30. Jan 06:40:45 CET 2026
12,18.377568,7.9533,2.219060,17.648849,691.2,450,10.534,2.219060,2.231114466963253,.012054466963253,.005432,Fr 30. Jan 06:41:58 CET 2026
9,13.783176,7.9533,2.219060,17.648849,691.2,450,10.534,2.219060,2.22807684958718,.00901684958718,.004063,Fr 30. Jan 06:41:58 CET 2026
18,27.566353,7.9533,2.219060,17.648849,691.2,450,10.534,2.219060,2.2372384255699176,.0181784255699176,.008191,Fr 30. Jan 06:44:14 CET 2026
15,22.971960,7.9533,2.219060,17.648849,691.2,450,10.534,2.219060,2.2341683748079255,.0151083748079255,.006808,Fr 30. Jan 06:44:15 CET 2026
21,32.160745,7.9533,2.219060,17.648849,691.2,450,10.534,2.219060,2.2403251178611487,.0212651178611487,.009582,Fr 30. Jan 06:47:00 CET 2026
24,36.755137,7.9533,2.219060,17.648849,691.2,450,10.534,2.219060,2.243428582183678,.024368582183678,.010981,Fr 30. Jan 06:47:10 CET 2026
27,41.349529,7.9533,2.219060,17.648849,691.2,450,10.534,2.219060,2.246548836361783,.027488836361783,.012387,Fr 30. Jan 06:50:28 CET 2026
30,45.943921,7.9533,2.219060,17.648849,691.2,450,10.534,2.219060,2.2496857572107722,.0306257572107722,.013801,Fr 30. Jan 06:50:31 CET 2026
33,50.538313,7.9533,2.219060,17.648849,691.2,450,10.534,2.219060,2.2528402332461557,.0337802332461557,.015222,Fr 30. Jan 06:51:49 CET 2026
36,55.132706,7.9533,2.219060,17.648849,691.2,450,10.534,2.219060,2.256011921541851,.036951921541851,.016652,Fr 30. Jan 06:52:06 CET 2026
39,59.727098,7.9533,2.219060,17.648849,691.2,450,10.534,2.219060,2.259201117243977,.040141117243977,.018089,Fr 30. Jan 06:52:41 CET 2026
0,0,9.0267,2.039457,18.409566,691.2,450,10.534,2.039457,2.039456999999999,-.000000000000001,0,Fr 30. Jan 06:53:38 CET 2026
45,68.915882,7.9533,2.219060,17.648849,691.2,450,10.534,2.219060,2.2656320299183346,.0465720299183346,.020987,Fr 30. Jan 06:53:49 CET 2026
42,64.321490,7.9533,2.219060,17.648849,691.2,450,10.534,2.219060,2.26240720085027,.04334720085027,.019534,Fr 30. Jan 06:53:53 CET 2026
3,4.998991,9.0267,2.039457,18.409566,691.2,450,10.534,2.039457,2.042204793388147,.002747793388147,.001347,Fr 30. Jan 06:53:59 CET 2026
6,9.997982,9.0267,2.039457,18.409566,691.2,450,10.534,2.039457,2.044967100988027,.005510100988027,.002701,Fr 30. Jan 06:54:01 CET 2026
9,14.996974,9.0267,2.039457,18.409566,691.2,450,10.534,2.039457,2.0477440608030073,.0082870608030073,.004063,Fr 30. Jan 06:54:07 CET 2026
12,19.995965,9.0267,2.039457,18.409566,691.2,450,10.534,2.039457,2.050535815308767,.011078815308767,.005432,Fr 30. Jan 06:56:06 CET 2026
18,29.993948,9.0267,2.039457,18.409566,691.2,450,10.534,2.039457,2.056164163886965,.016707163886965,.008191,Fr 30. Jan 06:57:04 CET 2026
15,24.994956,9.0267,2.039457,18.409566,691.2,450,10.534,2.039457,2.0533424806856813,.0138854806856813,.006808,Fr 30. Jan 06:57:08 CET 2026
21,34.992939,9.0267,2.039457,18.409566,691.2,450,10.534,2.039457,2.059001092670547,.019544092670547,.009582,Fr 30. Jan 06:59:14 CET 2026
24,39.991931,9.0267,2.039457,18.409566,691.2,450,10.534,2.039457,2.061853247861647,.022396247861647,.010981,Fr 30. Jan 06:59:39 CET 2026
27,44.990922,9.0267,2.039457,18.409566,691.2,450,10.534,2.039457,2.064721112257487,.025264112257487,.012387,Fr 30. Jan 07:01:55 CET 2026
30,49.989913,9.0267,2.039457,18.409566,691.2,450,10.534,2.039457,2.0676042717870025,.0281472717870025,.013801,Fr 30. Jan 07:02:09 CET 2026
33,54.988905,9.0267,2.039457,18.409566,691.2,450,10.534,2.039457,2.0705031654462034,.0310461654462034,.015222,Fr 30. Jan 07:05:24 CET 2026
36,59.987896,9.0267,2.039457,18.409566,691.2,450,10.534,2.039457,2.073418160969597,.033961160969597,.016652,Fr 30. Jan 07:05:27 CET 2026
39,64.986888,9.0267,2.039457,18.409566,691.2,450,10.534,2.039457,2.076349092769968,.036892092769968,.018089,Fr 30. Jan 07:06:44 CET 2026
42,69.985879,9.0267,2.039457,18.409566,691.2,450,10.534,2.039457,2.0792958320401422,.0398388320401422,.019534,Fr 30. Jan 07:07:28 CET 2026
45,74.984870,9.0267,2.039457,18.409566,691.2,450,10.534,2.039457,2.0822596386571792,.0428026386571792,.020987,Fr 30. Jan 07:07:59 CET 2026
0,0,10.1000,1.892284,19.112068,691.2,450,10.534,1.892284,1.8922840000000014,.0000000000000014,0,Fr 30. Jan 07:09:30 CET 2026
3,5.387789,10.1000,1.892284,19.112068,691.2,450,10.534,1.892284,1.894833502591303,.002549502591303,.001347,Fr 30. Jan 07:09:38 CET 2026
6,10.775579,10.1000,1.892284,19.112068,691.2,450,10.534,1.892284,1.8973964736819082,.0051124736819082,.002701,Fr 30. Jan 07:09:39 CET 2026
9,16.163369,10.1000,1.892284,19.112068,691.2,450,10.534,1.892284,1.8999730591564852,.0076890591564852,.004063,Fr 30. Jan 07:09:44 CET 2026
15,26.938949,10.1000,1.892284,19.112068,691.2,450,10.534,1.892284,1.9051674994593235,.0128834994593235,.006808,Fr 30. Jan 07:09:46 CET 2026
12,21.551159,10.1000,1.892284,19.112068,691.2,450,10.534,1.892284,1.9025633095152197,.0102793095152197,.005432,Fr 30. Jan 07:10:00 CET 2026
18,32.326739,10.1000,1.892284,19.112068,691.2,450,10.534,1.892284,1.9077854605011517,.0155014605011517,.008191,Fr 30. Jan 07:12:24 CET 2026
21,37.714529,10.1000,1.892284,19.112068,691.2,450,10.534,1.892284,1.9104178430842833,.0181338430842833,.009583,Fr 30. Jan 07:12:53 CET 2026
24,43.102319,10.1000,1.892284,19.112068,691.2,450,10.534,1.892284,1.9130640487538164,.0207800487538164,.010981,Fr 30. Jan 07:13:09 CET 2026
27,48.490109,10.1000,1.892284,19.112068,691.2,450,10.534,1.892284,1.9157246690184373,.0234406690184373,.012387,Fr 30. Jan 07:15:04 CET 2026
30,53.877899,10.1000,1.892284,19.112068,691.2,450,10.534,1.892284,1.9183999581277356,.0261159581277356,.013801,Fr 30. Jan 07:15:33 CET 2026
33,59.265688,10.1000,1.892284,19.112068,691.2,450,10.534,1.892284,1.921090034252152,.028806034252152,.015222,Fr 30. Jan 07:17:41 CET 2026
36,64.653478,10.1000,1.892284,19.112068,691.2,450,10.534,1.892284,1.9237944015825619,.0315104015825619,.016652,Fr 30. Jan 07:18:11 CET 2026
39,70.041268,10.1000,1.892284,19.112068,691.2,450,10.534,1.892284,1.92651351400808,.03422951400808,.018088,Fr 30. Jan 07:21:21 CET 2026
42,75.429058,10.1000,1.892284,19.112068,691.2,450,10.534,1.892284,1.9292483490302959,.0369643490302959,.019534,Fr 30. Jan 07:21:31 CET 2026
45,80.816848,10.1000,1.892284,19.112068,691.2,450,10.534,1.892284,1.9319981175878473,.0397141175878473,.020987,Fr 30. Jan 07:22:51 CET 2026
33,47.930959,6.8800,2.498191,17.187554,738.0,450,10.534,2.498191,2.5362207860655195,.0380297860655195,.015222,Fr 30. Jan 07:26:08 CET 2026
0,0,6.8800,2.498191,17.187554,738.0,450,10.534,2.498191,2.498190999999999,-.000000000000001,0,Fr 30. Jan 07:32:57 CET 2026
3,4.357359,6.8800,2.498191,17.187554,738.0,450,10.534,2.498191,2.5015568497463643,.0033658497463643,.001347,Fr 30. Jan 07:33:52 CET 2026
12,17.429439,6.8800,2.498191,17.187554,738.0,450,10.534,2.498191,2.511761779607063,.013570779607063,.005432,Fr 30. Jan 07:35:39 CET 2026
6,8.714719,6.8800,2.498191,17.187554,738.0,450,10.534,2.498191,2.5049404877436343,.0067494877436343,.002701,Fr 30. Jan 07:35:41 CET 2026
18,26.144159,6.8800,2.498191,17.187554,738.0,450,10.534,2.498191,2.51865613873988,.02046513873988,.008191,Fr 30. Jan 07:36:05 CET 2026
9,13.072079,6.8800,2.498191,17.187554,738.0,450,10.534,2.498191,2.508342066957613,.010151066957613,.004063,Fr 30. Jan 07:36:09 CET 2026
0,0,7.9533,2.268053,18.038505,738.0,450,10.534,2.268053,2.2680530000000014,.0000000000000014,0,Fr 30. Jan 07:36:46 CET 2026
15,21.786799,6.8800,2.498191,17.187554,738.0,450,10.534,2.498191,2.515199703029083,.017008703029083,.006808,Fr 30. Jan 07:36:50 CET 2026
21,30.501519,6.8800,2.498191,17.187554,738.0,450,10.534,2.498191,2.5221310805925796,.0239400805925796,.009582,Fr 30. Jan 07:37:05 CET 2026
27,39.216239,6.8800,2.498191,17.187554,738.0,450,10.534,2.498191,2.5291374700412117,.0309464700412117,.012387,Fr 30. Jan 07:37:50 CET 2026
24,34.858879,6.8800,2.498191,17.187554,738.0,450,10.534,2.498191,2.525624837860214,.027433837860214,.010981,Fr 30. Jan 07:38:18 CET 2026
3,4.799504,7.9533,2.268053,18.038505,738.0,450,10.534,2.268053,2.2711087849185487,.0030557849185487,.001347,Fr 30. Jan 07:38:21 CET 2026
30,43.573599,6.8800,2.498191,17.187554,738.0,450,10.534,2.498191,2.532669426173685,.034478426173685,.013801,Fr 30. Jan 07:39:52 CET 2026
36,52.288319,6.8800,2.498191,17.187554,738.0,450,10.534,2.498191,2.5397906545950137,.0415996545950137,.016651,Fr 30. Jan 07:40:47 CET 2026
6,9.599008,7.9533,2.268053,18.038505,738.0,450,10.534,2.268053,2.2741807126309665,.0061277126309665,.002701,Fr 30. Jan 07:41:58 CET 2026
39,56.645679,6.8800,2.498191,17.187554,738.0,450,10.534,2.498191,2.543381211417331,.045190211417331,.018089,Fr 30. Jan 07:42:56 CET 2026
42,61.003039,6.8800,2.498191,17.187554,738.0,450,10.534,2.498191,2.5469912131516455,.0488002131516455,.019534,Fr 30. Jan 07:44:40 CET 2026
45,65.360399,6.8800,2.498191,17.187554,738.0,450,10.534,2.498191,2.5506212136739226,.0524302136739226,.020987,Fr 30. Jan 07:47:46 CET 2026
9,14.398512,7.9533,2.268053,18.038505,738.0,450,10.534,2.268053,2.277268929573181,.009215929573181,.004063,Fr 30. Jan 07:48:48 CET 2026
12,19.198016,7.9533,2.268053,18.038505,738.0,450,10.534,2.268053,2.280373564659402,.012320564659402,.005432,Fr 30. Jan 07:49:54 CET 2026
15,23.997520,7.9533,2.268053,18.038505,738.0,450,10.534,2.268053,2.2834948233681844,.0154418233681844,.006808,Fr 30. Jan 07:51:33 CET 2026
18,28.797024,7.9533,2.268053,18.038505,738.0,450,10.534,2.268053,2.2866328271412413,.0185798271412413,.008191,Fr 30. Jan 07:51:40 CET 2026
21,33.596528,7.9533,2.268053,18.038505,738.0,450,10.534,2.268053,2.28978759508254,.02173459508254,.009582,Fr 30. Jan 07:51:51 CET 2026
24,38.396033,7.9533,2.268053,18.038505,738.0,450,10.534,2.268053,2.2929595671830088,.0249065671830088,.010981,Fr 30. Jan 07:52:24 CET 2026
30,47.995041,7.9533,2.268053,18.038505,738.0,450,10.534,2.268053,2.299355278976187,.031302278976187,.013801,Fr 30. Jan 07:52:34 CET 2026
27,43.195537,7.9533,2.268053,18.038505,738.0,450,10.534,2.268053,2.2961484644573558,.0280954644573558,.012387,Fr 30. Jan 07:52:43 CET 2026
33,52.794545,7.9533,2.268053,18.038505,738.0,450,10.534,2.268053,2.302578870827345,.034525870827345,.015222,Fr 30. Jan 07:52:55 CET 2026
39,62.393553,7.9533,2.268053,18.038505,738.0,450,10.534,2.268053,2.3090797083307284,.0410267083307284,.018088,Fr 30. Jan 07:53:49 CET 2026
36,57.594049,7.9533,2.268053,18.038505,738.0,450,10.534,2.268053,2.3058207551166916,.0377677551166916,.016652,Fr 30. Jan 07:53:54 CET 2026
42,67.193057,7.9533,2.268053,18.038505,738.0,450,10.534,2.268053,2.3123576464059554,.0443046464059554,.019534,Fr 30. Jan 07:54:20 CET 2026
45,71.992561,7.9533,2.268053,18.038505,738.0,450,10.534,2.268053,2.3156532447169527,.0476002447169527,.020987,Fr 30. Jan 07:55:26 CET 2026
0,0,9.0267,2.084485,18.816020,738.0,450,10.534,2.084485,2.0844850000000004,.0000000000000004,0,Fr 30. Jan 07:56:03 CET 2026
3,5.222167,9.0267,2.084485,18.816020,738.0,450,10.534,2.084485,2.087293458818046,.002808458818046,.001347,Fr 30. Jan 07:57:08 CET 2026
6,10.444335,9.0267,2.084485,18.816020,738.0,450,10.534,2.084485,2.090116758530335,.005631758530335,.002701,Fr 30. Jan 07:58:02 CET 2026
9,15.666503,9.0267,2.084485,18.816020,738.0,450,10.534,2.084485,2.092955026503602,.008470026503602,.004063,Fr 30. Jan 08:00:05 CET 2026
12,20.888671,9.0267,2.084485,18.816020,738.0,450,10.534,2.084485,2.0958083981301843,.0113233981301843,.005432,Fr 30. Jan 08:03:01 CET 2026
15,26.110838,9.0267,2.084485,18.816020,738.0,450,10.534,2.084485,2.0986770661080696,.0141920661080696,.006808,Fr 30. Jan 08:03:37 CET 2026
18,31.333006,9.0267,2.084485,18.816020,738.0,450,10.534,2.084485,2.101560967481179,.017075967481179,.008191,Fr 30. Jan 08:05:02 CET 2026
21,36.555174,9.0267,2.084485,18.816020,738.0,450,10.534,2.084485,2.104460667577075,.019975667577075,.009583,Fr 30. Jan 08:06:22 CET 2026
27,46.999509,9.0267,2.084485,18.816020,738.0,450,10.534,2.084485,2.110306799745805,.025821799745805,.012387,Fr 30. Jan 08:06:44 CET 2026
24,41.777342,9.0267,2.084485,18.816020,738.0,450,10.534,2.084485,2.1073759041977427,.0228909041977427,.010981,Fr 30. Jan 08:07:14 CET 2026
30,52.221677,9.0267,2.084485,18.816020,738.0,450,10.534,2.084485,2.113253655883763,.028768655883763,.013801,Fr 30. Jan 08:07:24 CET 2026
33,57.443845,9.0267,2.084485,18.816020,738.0,450,10.534,2.084485,2.1162168893678217,.0317318893678217,.015222,Fr 30. Jan 08:07:28 CET 2026
36,62.666013,9.0267,2.084485,18.816020,738.0,450,10.534,2.084485,2.1191960337658413,.0347110337658413,.016652,Fr 30. Jan 08:07:48 CET 2026
39,67.888180,9.0267,2.084485,18.816020,738.0,450,10.534,2.084485,2.1221910199529597,.0377060199529597,.018088,Fr 30. Jan 08:07:55 CET 2026
45,78.332516,9.0267,2.084485,18.816020,738.0,450,10.534,2.084485,2.1282326534690386,.0437476534690386,.020987,Fr 30. Jan 08:08:55 CET 2026
42,73.110348,9.0267,2.084485,18.816020,738.0,450,10.534,2.084485,2.125203788691425,.040718788691425,.019534,Fr 30. Jan 08:09:11 CET 2026
0,0,10.1000,1.934063,19.534036,738.0,450,10.534,1.934063,1.9340630000000012,.0000000000000012,0,Fr 30. Jan 08:09:18 CET 2026
3,5.628326,10.1000,1.934063,19.534036,738.0,450,10.534,1.934063,1.9366687943041692,.0026057943041692,.001347,Fr 30. Jan 08:10:57 CET 2026
6,11.256652,10.1000,1.934063,19.534036,738.0,450,10.534,1.934063,1.9392883566649604,.0052253566649604,.002701,Fr 30. Jan 08:10:58 CET 2026
9,16.884978,10.1000,1.934063,19.534036,738.0,450,10.534,1.934063,1.9419218185375642,.0078588185375642,.004063,Fr 30. Jan 08:12:11 CET 2026
12,22.513304,10.1000,1.934063,19.534036,738.0,450,10.534,1.934063,1.9445692449897845,.0105062449897845,.005432,Fr 30. Jan 08:13:10 CET 2026
15,28.141630,10.1000,1.934063,19.534036,738.0,450,10.534,1.934063,1.9472309703369952,.0131679703369952,.006808,Fr 30. Jan 08:14:58 CET 2026
18,33.769956,10.1000,1.934063,19.534036,738.0,450,10.534,1.934063,1.9499068521313005,.0158438521313005,.008192,Fr 30. Jan 08:18:11 CET 2026
21,39.398282,10.1000,1.934063,19.534036,738.0,450,10.534,1.934063,1.95259700916085,.01853400916085,.009582,Fr 30. Jan 08:19:00 CET 2026
24,45.026609,10.1000,1.934063,19.534036,738.0,450,10.534,1.934063,1.9553018156994286,.0212388156994286,.010981,Fr 30. Jan 08:19:55 CET 2026
27,50.654935,10.1000,1.934063,19.534036,738.0,450,10.534,1.934063,1.958021330511183,.023958330511183,.012387,Fr 30. Jan 08:21:35 CET 2026
30,56.283261,10.1000,1.934063,19.534036,738.0,450,10.534,1.934063,1.9607557429316755,.0266927429316755,.013801,Fr 30. Jan 08:21:36 CET 2026
33,61.911587,10.1000,1.934063,19.534036,738.0,450,10.534,1.934063,1.9635047671153172,.0294417671153172,.015222,Fr 30. Jan 08:22:18 CET 2026
39,73.168239,10.1000,1.934063,19.534036,738.0,450,10.534,1.934063,1.9690483934832093,.0349853934832093,.018089,Fr 30. Jan 08:22:27 CET 2026
36,67.539913,10.1000,1.934063,19.534036,738.0,450,10.534,1.934063,1.9662691320403058,.0322061320403058,.016652,Fr 30. Jan 08:22:35 CET 2026
45,84.424892,10.1000,1.934063,19.534036,738.0,450,10.534,1.934063,1.9746537064471155,.0405907064471155,.020987,Fr 30. Jan 08:22:57 CET 2026
42,78.796565,10.1000,1.934063,19.534036,738.0,450,10.534,1.934063,1.9718434360438601,.0377804360438601,.019534,Fr 30. Jan 08:23:11 CET 2026
0,0,6.8800,2.072878,14.261400,421.6,500,10.575,2.072878,2.072878000000001,.000000000000001,0,Fr 30. Jan 08:23:39 CET 2026
3,2.999988,6.8800,2.072878,14.261400,421.6,500,10.575,2.072878,2.0756708197553975,.0027928197553975,.001347,Fr 30. Jan 08:23:56 CET 2026
6,5.999977,6.8800,2.072878,14.261400,421.6,500,10.575,2.072878,2.0784784070582973,.0056004070582973,.002701,Fr 30. Jan 08:24:10 CET 2026
12,11.999954,6.8800,2.072878,14.261400,421.6,500,10.575,2.072878,2.0841383444190207,.0112603444190207,.005432,Fr 30. Jan 08:25:34 CET 2026
9,8.999965,6.8800,2.072878,14.261400,421.6,500,10.575,2.072878,2.0813008686109726,.0084228686109726,.004063,Fr 30. Jan 08:25:35 CET 2026
15,14.999943,6.8800,2.072878,14.261400,421.6,500,10.575,2.072878,2.0869909950733017,.0141129950733017,.006808,Fr 30. Jan 08:26:52 CET 2026
18,17.999931,6.8800,2.072878,14.261400,421.6,500,10.575,2.072878,2.0898590030825175,.0169810030825175,.008191,Fr 30. Jan 08:27:53 CET 2026
21,20.999920,6.8800,2.072878,14.261400,421.6,500,10.575,2.072878,2.0927423655523993,.0198643655523993,.009582,Fr 30. Jan 08:29:41 CET 2026
24,23.999909,6.8800,2.072878,14.261400,421.6,500,10.575,2.072878,2.095641286250247,.022763286250247,.010981,Fr 30. Jan 08:33:00 CET 2026
27,26.999897,6.8800,2.072878,14.261400,421.6,500,10.575,2.072878,2.098556019732535,.025678019732535,.012387,Fr 30. Jan 08:33:53 CET 2026
30,29.999886,6.8800,2.072878,14.261400,421.6,500,10.575,2.072878,2.101486553801203,.028608553801203,.013801,Fr 30. Jan 08:34:50 CET 2026
33,32.999874,6.8800,2.072878,14.261400,421.6,500,10.575,2.072878,2.104432850344981,.031554850344981,.015222,Fr 30. Jan 08:36:22 CET 2026
36,35.999863,6.8800,2.072878,14.261400,421.6,500,10.575,2.072878,2.1073956302252177,.0345176302252177,.016652,Fr 30. Jan 08:36:25 CET 2026
39,38.999852,6.8800,2.072878,14.261400,421.6,500,10.575,2.072878,2.1103745354121046,.0374965354121046,.018089,Fr 30. Jan 08:37:08 CET 2026
42,41.999840,6.8800,2.072878,14.261400,421.6,500,10.575,2.072878,2.113369413153747,.040491413153747,.019533,Fr 30. Jan 08:37:20 CET 2026
45,44.999829,6.8800,2.072878,14.261400,421.6,500,10.575,2.072878,2.1163820539195752,.0435040539195752,.020987,Fr 30. Jan 08:37:26 CET 2026
3,3.304397,7.9533,1.881920,14.967474,421.6,500,10.575,1.881920,1.8844555396257139,.0025355396257139,.001347,Fr 30. Jan 08:38:18 CET 2026
0,0,7.9533,1.881920,14.967474,421.6,500,10.575,1.881920,1.8819200000000007,.0000000000000007,0,Fr 30. Jan 08:38:18 CET 2026
6,6.608795,7.9533,1.881920,14.967474,421.6,500,10.575,1.881920,1.8870044787343807,.0050844787343807,.002701,Fr 30. Jan 08:38:30 CET 2026
9,9.913193,7.9533,1.881920,14.967474,421.6,500,10.575,1.881920,1.8895669350923185,.0076469350923185,.004063,Fr 30. Jan 08:39:24 CET 2026
12,13.217590,7.9533,1.881920,14.967474,421.6,500,10.575,1.881920,1.8921430567639304,.0102230567639304,.005432,Fr 30. Jan 08:39:49 CET 2026
15,16.521988,7.9533,1.881920,14.967474,421.6,500,10.575,1.881920,1.8947329161098905,.0128129161098905,.006808,Fr 30. Jan 08:40:57 CET 2026
18,19.826386,7.9533,1.881920,14.967474,421.6,500,10.575,1.881920,1.8973366877277658,.0154166877277658,.008191,Fr 30. Jan 08:41:04 CET 2026
21,23.130783,7.9533,1.881920,14.967474,421.6,500,10.575,1.881920,1.8999543687841551,.0180343687841551,.009582,Fr 30. Jan 08:42:01 CET 2026
24,26.435181,7.9533,1.881920,14.967474,421.6,500,10.575,1.881920,1.9025862979587305,.0206662979587305,.010981,Fr 30. Jan 08:43:20 CET 2026
27,29.739579,7.9533,1.881920,14.967474,421.6,500,10.575,1.881920,1.9052323858990057,.0233123858990057,.012387,Fr 30. Jan 08:44:59 CET 2026
30,33.043977,7.9533,1.881920,14.967474,421.6,500,10.575,1.881920,1.9078929830157978,.0259729830157978,.013801,Fr 30. Jan 08:48:21 CET 2026
33,36.348374,7.9533,1.881920,14.967474,421.6,500,10.575,1.881920,1.9105679212151607,.0286479212151607,.015222,Fr 30. Jan 08:49:04 CET 2026
36,39.652772,7.9533,1.881920,14.967474,421.6,500,10.575,1.881920,1.913257538150512,.031337538150512,.016651,Fr 30. Jan 08:49:59 CET 2026
42,46.261567,7.9533,1.881920,14.967474,421.6,500,10.575,1.881920,1.9186816732567558,.0367616732567558,.019534,Fr 30. Jan 08:51:42 CET 2026
39,42.957170,7.9533,1.881920,14.967474,421.6,500,10.575,1.881920,1.9159623888824078,.0340423888824078,.018089,Fr 30. Jan 08:51:44 CET 2026
45,49.565965,7.9533,1.881920,14.967474,421.6,500,10.575,1.881920,1.9214162835739677,.0394962835739677,.020987,Fr 30. Jan 08:52:39 CET 2026
0,0,9.0267,1.729604,15.612616,421.6,500,10.575,1.729604,1.729604,0,0,Fr 30. Jan 08:55:30 CET 2026
3,3.595395,9.0267,1.729604,15.612616,421.6,500,10.575,1.729604,1.731934323819732,.002330323819732,.001347,Fr 30. Jan 08:55:32 CET 2026
12,14.381581,9.0267,1.729604,15.612616,421.6,500,10.575,1.729604,1.7389996154494858,.0093956154494858,.005432,Fr 30. Jan 08:56:03 CET 2026
9,10.786185,9.0267,1.729604,15.612616,421.6,500,10.575,1.729604,1.7366320211512534,.0070280211512534,.004063,Fr 30. Jan 08:56:18 CET 2026
6,7.190790,9.0267,1.729604,15.612616,421.6,500,10.575,1.729604,1.7342769599513161,.0046729599513161,.002701,Fr 30. Jan 08:56:20 CET 2026
15,17.976976,9.0267,1.729604,15.612616,421.6,500,10.575,1.729604,1.741379799924753,.011775799924753,.006808,Fr 30. Jan 08:56:57 CET 2026
18,21.572371,9.0267,1.729604,15.612616,421.6,500,10.575,1.729604,1.7437728816235205,.0141688816235205,.008191,Fr 30. Jan 08:57:31 CET 2026
24,28.763162,9.0267,1.729604,15.612616,421.6,500,10.575,1.729604,1.7485977117214528,.0189937117214528,.010981,Fr 30. Jan 08:58:41 CET 2026
21,25.167766,9.0267,1.729604,15.612616,421.6,500,10.575,1.729604,1.7461787621505902,.0165747621505902,.009582,Fr 30. Jan 08:58:52 CET 2026
27,32.358557,9.0267,1.729604,15.612616,421.6,500,10.575,1.729604,1.7510295220412664,.0214255220412664,.012387,Fr 30. Jan 09:00:09 CET 2026
30,35.953952,9.0267,1.729604,15.612616,421.6,500,10.575,1.729604,1.7534748647770524,.0238708647770524,.013801,Fr 30. Jan 09:00:54 CET 2026
33,39.549348,9.0267,1.729604,15.612616,421.6,500,10.575,1.729604,1.7559334122894188,.0263294122894188,.015222,Fr 30. Jan 09:02:50 CET 2026
36,43.144743,9.0267,1.729604,15.612616,421.6,500,10.575,1.729604,1.7584054951991634,.0288014951991634,.016652,Fr 30. Jan 09:06:09 CET 2026
39,46.740138,9.0267,1.729604,15.612616,421.6,500,10.575,1.729604,1.7608910450798323,.0312870450798323,.018089,Fr 30. Jan 09:06:50 CET 2026
42,50.335533,9.0267,1.729604,15.612616,421.6,500,10.575,1.729604,1.7633901160061674,.0337861160061674,.019534,Fr 30. Jan 09:07:37 CET 2026
45,53.930929,9.0267,1.729604,15.612616,421.6,500,10.575,1.729604,1.7659034680463186,.0362994680463186,.020987,Fr 30. Jan 09:09:23 CET 2026
0,0,10.1000,1.604791,16.208389,421.6,500,10.575,1.604791,1.6047909999999994,-.0000000000000006,0,Fr 30. Jan 09:17:14 CET 2026
3,3.875029,10.1000,1.604791,16.208389,421.6,500,10.575,1.604791,1.6069531606444665,.0021621606444665,.001347,Fr 30. Jan 09:18:14 CET 2026
6,7.750058,10.1000,1.604791,16.208389,421.6,500,10.575,1.604791,1.6091267485737364,.0043357485737364,.002701,Fr 30. Jan 09:20:39 CET 2026
12,15.500117,10.1000,1.604791,16.208389,421.6,500,10.575,1.604791,1.6135086266499132,.0087176266499132,.005432,Fr 30. Jan 09:20:45 CET 2026
9,11.625087,10.1000,1.604791,16.208389,421.6,500,10.575,1.604791,1.6113118606557735,.0065208606557735,.004063,Fr 30. Jan 09:21:20 CET 2026
18,23.250175,10.1000,1.604791,16.208389,421.6,500,10.575,1.604791,1.6179374095560217,.0131464095560217,.008191,Fr 30. Jan 09:21:27 CET 2026
15,19.375146,10.1000,1.604791,16.208389,421.6,500,10.575,1.604791,1.6157170952212467,.0109260952212467,.006808,Fr 30. Jan 09:21:45 CET 2026
0,0,6.8800,2.127634,14.638121,455.9,500,10.575,2.127634,2.127634,0,0,Fr 30. Jan 09:22:10 CET 2026
24,31.000234,10.1000,1.604791,16.208389,421.6,500,10.575,1.604791,1.622414041861797,.017623041861797,.010981,Fr 30. Jan 09:22:51 CET 2026
30,38.750292,10.1000,1.604791,16.208389,421.6,500,10.575,1.604791,1.6269392531589875,.0221482531589875,.013801,Fr 30. Jan 09:23:33 CET 2026
21,27.125205,10.1000,1.604791,16.208389,421.6,500,10.575,1.604791,1.6201696085408357,.0153786085408357,.009582,Fr 30. Jan 09:23:55 CET 2026
3,3.160573,6.8800,2.127634,14.638121,455.9,500,10.575,2.127634,2.1305005944694413,.0028665944694413,.001347,Fr 30. Jan 09:24:11 CET 2026
27,34.875263,10.1000,1.604791,16.208389,421.6,500,10.575,1.604791,1.6246704893374184,.0198794893374184,.012387,Fr 30. Jan 09:24:22 CET 2026
33,42.625322,10.1000,1.604791,16.208389,421.6,500,10.575,1.604791,1.6292203251029662,.0244293251029662,.015222,Fr 30. Jan 09:25:24 CET 2026
36,46.500351,10.1000,1.604791,16.208389,421.6,500,10.575,1.604791,1.6315139092513018,.0267229092513018,.016651,Fr 30. Jan 09:25:32 CET 2026
39,50.375380,10.1000,1.604791,16.208389,421.6,500,10.575,1.604791,1.6338200987674443,.0290290987674443,.018089,Fr 30. Jan 09:27:30 CET 2026
42,54.250410,10.1000,1.604791,16.208389,421.6,500,10.575,1.604791,1.6361389907131008,.0313479907131008,.019534,Fr 30. Jan 09:30:27 CET 2026
45,58.125439,10.1000,1.604791,16.208389,421.6,500,10.575,1.604791,1.638470946999343,.033679946999343,.020987,Fr 30. Jan 09:31:24 CET 2026
6,6.321147,6.8800,2.127634,14.638121,455.9,500,10.575,2.127634,2.1333823371851097,.0057483371851097,.002701,Fr 30. Jan 09:32:15 CET 2026
9,9.481721,6.8800,2.127634,14.638121,455.9,500,10.575,2.127634,2.136279376953932,.008645376953932,.004063,Fr 30. Jan 09:33:16 CET 2026
15,15.802869,6.8800,2.127634,14.638121,455.9,500,10.575,2.127634,2.142119835417516,.014485835417516,.006808,Fr 30. Jan 09:35:52 CET 2026
12,12.642295,6.8800,2.127634,14.638121,455.9,500,10.575,2.127634,2.139191805692108,.011557805692108,.005432,Fr 30. Jan 09:35:53 CET 2026
21,22.124017,6.8800,2.127634,14.638121,455.9,500,10.575,2.127634,2.1480231311099742,.0203891311099742,.009583,Fr 30. Jan 09:36:28 CET 2026
18,18.963443,6.8800,2.127634,14.638121,455.9,500,10.575,2.127634,2.1450635518813863,.0174295518813863,.008191,Fr 30. Jan 09:36:30 CET 2026
24,25.284591,6.8800,2.127634,14.638121,455.9,500,10.575,2.127634,2.150998659432426,.023364659432426,.010981,Fr 30. Jan 09:36:49 CET 2026
27,28.445165,6.8800,2.127634,14.638121,455.9,500,10.575,2.127634,2.153990197462854,.026356197462854,.012387,Fr 30. Jan 09:37:12 CET 2026
30,31.605739,6.8800,2.127634,14.638121,455.9,500,10.575,2.127634,2.156998106836362,.029364106836362,.013801,Fr 30. Jan 09:37:44 CET 2026
33,34.766313,6.8800,2.127634,14.638121,455.9,500,10.575,2.127634,2.1600223051440453,.0323883051440453,.015222,Fr 30. Jan 09:38:40 CET 2026
36,37.926887,6.8800,2.127634,14.638121,455.9,500,10.575,2.127634,2.16306328956748,.03542928956748,.016651,Fr 30. Jan 09:38:56 CET 2026
39,41.087461,6.8800,2.127634,14.638121,455.9,500,10.575,2.127634,2.1661208689720053,.0384868689720053,.018089,Fr 30. Jan 09:39:22 CET 2026
42,44.248034,6.8800,2.127634,14.638121,455.9,500,10.575,2.127634,2.1691954839670844,.0415614839670844,.019534,Fr 30. Jan 09:39:37 CET 2026
45,47.408608,6.8800,2.127634,14.638121,455.9,500,10.575,2.127634,2.1722870424801983,.0446530424801983,.020987,Fr 30. Jan 09:40:34 CET 2026
0,0,7.9533,1.931631,15.362840,455.9,500,10.575,1.931631,1.9316310000000008,.0000000000000008,0,Fr 30. Jan 09:40:51 CET 2026
3,3.481274,7.9533,1.931631,15.362840,455.9,500,10.575,1.931631,1.9342335160464608,.0026025160464608,.001347,Fr 30. Jan 09:42:30 CET 2026
6,6.962549,7.9533,1.931631,15.362840,455.9,500,10.575,1.931631,1.9368497860658227,.0052187860658227,.002701,Fr 30. Jan 09:45:56 CET 2026
9,10.443824,7.9533,1.931631,15.362840,455.9,500,10.575,1.931631,1.9394799196241985,.0078489196241985,.004063,Fr 30. Jan 09:46:27 CET 2026
12,13.925099,7.9533,1.931631,15.362840,455.9,500,10.575,1.931631,1.9421240618292566,.0104930618292566,.005432,Fr 30. Jan 09:47:28 CET 2026
15,17.406373,7.9533,1.931631,15.362840,455.9,500,10.575,1.931631,1.9447823052903181,.0131513052903181,.006808,Fr 30. Jan 09:48:25 CET 2026
18,20.887648,7.9533,1.931631,15.362840,455.9,500,10.575,1.931631,1.9474549022848138,.0158239022848138,.008191,Fr 30. Jan 09:50:34 CET 2026
21,24.368923,7.9533,1.931631,15.362840,455.9,500,10.575,1.931631,1.9501419183857975,.0185109183857975,.009583,Fr 30. Jan 09:51:00 CET 2026
27,31.331472,7.9533,1.931631,15.362840,455.9,500,10.575,1.931631,1.9555591531537189,.0239281531537189,.012387,Fr 30. Jan 09:51:23 CET 2026
24,27.850198,7.9533,1.931631,15.362840,455.9,500,10.575,1.931631,1.952843096489291,.021212096489291,.010981,Fr 30. Jan 09:51:31 CET 2026
30,34.812747,7.9533,1.931631,15.362840,455.9,500,10.575,1.931631,1.9582899573100396,.0266589573100396,.013801,Fr 30. Jan 09:52:02 CET 2026
33,38.294022,7.9533,1.931631,15.362840,455.9,500,10.575,1.931631,1.9610357586812668,.0294047586812668,.015222,Fr 30. Jan 09:52:24 CET 2026
36,41.775297,7.9533,1.931631,15.362840,455.9,500,10.575,1.931631,1.96379660098646,.03216560098646,.016652,Fr 30. Jan 09:53:04 CET 2026
39,45.256571,7.9533,1.931631,15.362840,455.9,500,10.575,1.931631,1.9665724795359194,.0349414795359194,.018089,Fr 30. Jan 09:53:39 CET 2026
42,48.737846,7.9533,1.931631,15.362840,455.9,500,10.575,1.931631,1.9693637310365872,.0377327310365872,.019534,Fr 30. Jan 09:54:10 CET 2026
45,52.219121,7.9533,1.931631,15.362840,455.9,500,10.575,1.931631,1.9721706648404491,.0405396648404491,.020987,Fr 30. Jan 09:54:25 CET 2026
3,3.787850,9.0267,1.775292,16.025028,455.9,500,10.575,1.775292,1.7776838781322497,.0023918781322497,.001347,Fr 30. Jan 10:03:46 CET 2026
6,7.575701,9.0267,1.775292,16.025028,455.9,500,10.575,1.775292,1.7800883972867256,.0047963972867256,.002701,Fr 30. Jan 10:04:31 CET 2026
0,0,9.0267,1.775292,16.025028,455.9,500,10.575,1.775292,1.775292,0,0,Fr 30. Jan 10:04:41 CET 2026
9,11.363552,9.0267,1.775292,16.025028,455.9,500,10.575,1.775292,1.7825056764286729,.0072136764286729,.004063,Fr 30. Jan 10:07:32 CET 2026
18,22.727105,9.0267,1.775292,16.025028,455.9,500,10.575,1.775292,1.7898351686493814,.0145431686493814,.008191,Fr 30. Jan 10:10:34 CET 2026
12,15.151403,9.0267,1.775292,16.025028,455.9,500,10.575,1.775292,1.78493581263037,.00964381263037,.005432,Fr 30. Jan 10:10:50 CET 2026
15,18.939254,9.0267,1.775292,16.025028,455.9,500,10.575,1.775292,1.787378910598842,.012086910598842,.006808,Fr 30. Jan 10:11:57 CET 2026
21,26.514956,9.0267,1.775292,16.025028,455.9,500,10.575,1.775292,1.7923045558860193,.0170125558860193,.009582,Fr 30. Jan 10:13:48 CET 2026
24,30.302807,9.0267,1.775292,16.025028,455.9,500,10.575,1.775292,1.7947872648734984,.0194952648734984,.010981,Fr 30. Jan 10:13:54 CET 2026
27,34.090658,9.0267,1.775292,16.025028,455.9,500,10.575,1.775292,1.7972836510737966,.0219916510737966,.012387,Fr 30. Jan 10:14:09 CET 2026
30,37.878509,9.0267,1.775292,16.025028,455.9,500,10.575,1.775292,1.7997933092667602,.0245013092667602,.013801,Fr 30. Jan 10:14:56 CET 2026
33,41.666360,9.0267,1.775292,16.025028,455.9,500,10.575,1.775292,1.8023169357511446,.0270249357511446,.015222,Fr 30. Jan 10:14:58 CET 2026
39,49.242062,9.0267,1.775292,16.025028,455.9,500,10.575,1.775292,1.8074052287759885,.0321132287759885,.018088,Fr 30. Jan 10:15:15 CET 2026
36,45.454211,9.0267,1.775292,16.025028,455.9,500,10.575,1.775292,1.8048543017292673,.0295623017292673,.016652,Fr 30. Jan 10:15:18 CET 2026
42,53.029913,9.0267,1.775292,16.025028,455.9,500,10.575,1.775292,1.809970926307712,.034678926307712,.019534,Fr 30. Jan 10:16:03 CET 2026
45,56.817764,9.0267,1.775292,16.025028,455.9,500,10.575,1.775292,1.8125505557320922,.0372585557320922,.020987,Fr 30. Jan 10:16:57 CET 2026
0,0,10.1000,1.647182,16.636538,455.9,500,10.575,1.647182,1.6471820000000006,.0000000000000006,0,Fr 30. Jan 10:18:46 CET 2026
3,4.082453,10.1000,1.647182,16.636538,455.9,500,10.575,1.647182,1.6494012731032803,.0022192731032803,.001347,Fr 30. Jan 10:19:12 CET 2026
9,12.247359,10.1000,1.647182,16.636538,455.9,500,10.575,1.647182,1.6538751175384963,.0066931175384963,.004063,Fr 30. Jan 10:28:46 CET 2026
6,8.164906,10.1000,1.647182,16.636538,455.9,500,10.575,1.647182,1.6516322734749431,.0044502734749431,.002701,Fr 30. Jan 10:29:26 CET 2026
12,16.329812,10.1000,1.647182,16.636538,455.9,500,10.575,1.647182,1.6561298808516114,.0089478808516114,.005432,Fr 30. Jan 10:30:42 CET 2026
15,20.412265,10.1000,1.647182,16.636538,455.9,500,10.575,1.647182,1.658396706802416,.011214706802416,.006808,Fr 30. Jan 10:32:38 CET 2026
0,0,6.8800,2.296772,15.801791,573.5,500,10.575,2.296772,2.296771999999999,-.000000000000001,0,Fr 30. Jan 10:33:04 CET 2026
3,3.683052,6.8800,2.296772,15.801791,573.5,500,10.575,2.296772,2.299866476876753,.003094476876753,.001347,Fr 30. Jan 10:33:50 CET 2026
18,24.494718,10.1000,1.647182,16.636538,455.9,500,10.575,1.647182,1.6606756779867942,.0134936779867942,.008191,Fr 30. Jan 10:34:32 CET 2026
6,7.366105,6.8800,2.296772,15.801791,573.5,500,10.575,2.296772,2.302977303851777,.006205303851777,.002701,Fr 30. Jan 10:35:07 CET 2026
9,11.049157,6.8800,2.296772,15.801791,573.5,500,10.575,2.296772,2.3061046312009363,.0093326312009363,.004063,Fr 30. Jan 10:35:15 CET 2026
21,28.577171,10.1000,1.647182,16.636538,455.9,500,10.575,1.647182,1.6629668604427927,.0157848604427927,.009582,Fr 30. Jan 10:35:24 CET 2026
24,32.659624,10.1000,1.647182,16.636538,455.9,500,10.575,1.647182,1.665270550574869,.018088550574869,.010981,Fr 30. Jan 10:35:28 CET 2026
33,44.906983,10.1000,1.647182,16.636538,455.9,500,10.575,1.647182,1.6722566979776579,.0250746979776579,.015222,Fr 30. Jan 10:37:23 CET 2026
27,36.742077,10.1000,1.647182,16.636538,455.9,500,10.575,1.647182,1.6675865351365753,.0204045351365753,.012387,Fr 30. Jan 10:38:26 CET 2026
30,40.824530,10.1000,1.647182,16.636538,455.9,500,10.575,1.647182,1.6699152887196447,.0227332887196447,.013801,Fr 30. Jan 10:39:28 CET 2026
45,61.236795,10.1000,1.647182,16.636538,455.9,500,10.575,1.647182,1.6817515842988378,.0345695842988378,.020987,Fr 30. Jan 10:39:29 CET 2026
42,57.154342,10.1000,1.647182,16.636538,455.9,500,10.575,1.647182,1.6793582743525814,.0321762743525814,.019534,Fr 30. Jan 10:40:17 CET 2026
36,48.989436,10.1000,1.647182,16.636538,455.9,500,10.575,1.647182,1.6746107800711147,.0274287800711147,.016651,Fr 30. Jan 10:40:45 CET 2026
39,53.071889,10.1000,1.647182,16.636538,455.9,500,10.575,1.647182,1.676978099203117,.029796099203117,.018089,Fr 30. Jan 10:41:35 CET 2026
12,14.732210,6.8800,2.296772,15.801791,573.5,500,10.575,2.296772,2.3092486070581253,.0124766070581253,.005432,Fr 30. Jan 10:45:50 CET 2026
15,18.415262,6.8800,2.296772,15.801791,573.5,500,10.575,2.296772,2.3124093865843927,.0156373865843927,.006808,Fr 30. Jan 10:46:27 CET 2026
18,22.098315,6.8800,2.296772,15.801791,573.5,500,10.575,2.296772,2.315587139008624,.018815139008624,.008191,Fr 30. Jan 10:47:57 CET 2026
21,25.781367,6.8800,2.296772,15.801791,573.5,500,10.575,2.296772,2.3187819415694277,.0220099415694277,.009582,Fr 30. Jan 10:49:58 CET 2026
24,29.464420,6.8800,2.296772,15.801791,573.5,500,10.575,2.296772,2.321993866171654,.025221866171654,.010981,Fr 30. Jan 10:50:11 CET 2026
27,33.147472,6.8800,2.296772,15.801791,573.5,500,10.575,2.296772,2.3252234509354084,.0284514509354084,.012387,Fr 30. Jan 10:51:03 CET 2026
42,51.562735,6.8800,2.296772,15.801791,573.5,500,10.575,2.296772,2.3416369146287606,.0448649146287606,.019533,Fr 30. Jan 10:51:36 CET 2026
36,44.196630,6.8800,2.296772,15.801791,573.5,500,10.575,2.296772,2.335017948815986,.038245948815986,.016652,Fr 30. Jan 10:51:42 CET 2026
39,47.879682,6.8800,2.296772,15.801791,573.5,500,10.575,2.296772,2.338318429334563,.041546429334563,.018089,Fr 30. Jan 10:51:50 CET 2026
30,36.830525,6.8800,2.296772,15.801791,573.5,500,10.575,2.296772,2.3284705957279335,.0316985957279335,.013801,Fr 30. Jan 10:51:55 CET 2026
33,40.513577,6.8800,2.296772,15.801791,573.5,500,10.575,2.296772,2.3317353739348885,.0349633739348885,.015222,Fr 30. Jan 10:52:17 CET 2026
45,55.245788,6.8800,2.296772,15.801791,573.5,500,10.575,2.296772,2.344974467803695,.048202467803695,.020987,Fr 30. Jan 10:53:28 CET 2026
0,0,7.9533,2.085190,16.584141,573.5,500,10.575,2.085190,2.085189999999999,-.000000000000001,0,Fr 30. Jan 11:01:46 CET 2026
6,8.113556,7.9533,2.085190,16.584141,573.5,500,10.575,2.085190,2.09082366404114,.00563366404114,.002701,Fr 30. Jan 11:03:19 CET 2026
3,4.056778,7.9533,2.085190,16.584141,573.5,500,10.575,2.085190,2.087999409502441,.002809409502441,.001347,Fr 30. Jan 11:04:05 CET 2026
15,20.283890,7.9533,2.085190,16.584141,573.5,500,10.575,2.085190,2.0993868280925096,.0141968280925096,.006808,Fr 30. Jan 11:05:18 CET 2026
9,12.170334,7.9533,2.085190,16.584141,573.5,500,10.575,2.085190,2.0936629037166883,.0084729037166883,.004063,Fr 30. Jan 11:05:39 CET 2026
12,16.227112,7.9533,2.085190,16.584141,573.5,500,10.575,2.085190,2.096517274334799,.011327274334799,.005432,Fr 30. Jan 11:05:57 CET 2026
18,24.340668,7.9533,2.085190,16.584141,573.5,500,10.575,2.085190,2.1022718253916013,.0170818253916013,.008191,Fr 30. Jan 11:11:15 CET 2026
21,28.397446,7.9533,2.085190,16.584141,573.5,500,10.575,2.085190,2.1051723148737,.0199823148737,.009582,Fr 30. Jan 11:11:30 CET 2026
24,32.454224,7.9533,2.085190,16.584141,573.5,500,10.575,2.085190,2.108088509870876,.022898509870876,.010981,Fr 30. Jan 11:13:27 CET 2026
27,36.511002,7.9533,2.085190,16.584141,573.5,500,10.575,2.085190,2.111020604817102,.025830604817102,.012387,Fr 30. Jan 11:14:07 CET 2026
30,40.567780,7.9533,2.085190,16.584141,573.5,500,10.575,2.085190,2.113968323673098,.028778323673098,.013801,Fr 30. Jan 11:14:14 CET 2026
0,0,9.0267,1.916422,17.298966,573.5,500,10.575,1.916422,1.9164219999999994,-.0000000000000006,0,Fr 30. Jan 11:14:39 CET 2026
36,48.681336,7.9533,2.085190,16.584141,573.5,500,10.575,2.085190,2.1199126367262995,.0347226367262995,.016652,Fr 30. Jan 11:15:14 CET 2026
39,52.738114,7.9533,2.085190,16.584141,573.5,500,10.575,2.085190,2.1229090066698353,.0377190066698353,.018089,Fr 30. Jan 11:15:23 CET 2026
33,44.624558,7.9533,2.085190,16.584141,573.5,500,10.575,2.085190,2.1169322524983447,.0317422524983447,.015222,Fr 30. Jan 11:15:53 CET 2026
3,4.414033,9.0267,1.916422,17.298966,573.5,500,10.575,1.916422,1.9190040244523268,.0025820244523268,.001347,Fr 30. Jan 11:16:21 CET 2026
45,60.851671,7.9533,2.085190,16.584141,573.5,500,10.575,2.085190,2.128952449645,.043762449645,.020987,Fr 30. Jan 11:16:39 CET 2026
42,56.794893,7.9533,2.085190,16.584141,573.5,500,10.575,2.085190,2.1259222615022826,.0407322615022826,.019534,Fr 30. Jan 11:16:50 CET 2026
6,8.828066,9.0267,1.916422,17.298966,573.5,500,10.575,1.916422,1.921599698142255,.005177698142255,.002701,Fr 30. Jan 11:25:10 CET 2026
9,13.242099,9.0267,1.916422,17.298966,573.5,500,10.575,1.916422,1.9242091569267266,.0077871569267266,.004063,Fr 30. Jan 11:26:25 CET 2026
12,17.656132,9.0267,1.916422,17.298966,573.5,500,10.575,1.916422,1.9268324830955381,.0104104830955381,.005432,Fr 30. Jan 11:26:58 CET 2026
15,22.070165,9.0267,1.916422,17.298966,573.5,500,10.575,1.916422,1.9294697958527058,.0130477958527058,.006808,Fr 30. Jan 11:28:09 CET 2026
18,26.484198,9.0267,1.916422,17.298966,573.5,500,10.575,1.916422,1.9321212245609,.0156992245609,.008191,Fr 30. Jan 11:28:51 CET 2026
21,30.898231,9.0267,1.916422,17.298966,573.5,500,10.575,1.916422,1.9347869988990554,.0183649988990554,.009582,Fr 30. Jan 11:29:18 CET 2026
0,0,10.1000,1.778127,17.959082,573.5,500,10.575,1.778127,1.7781269999999998,-.0000000000000002,0,Fr 30. Jan 11:31:46 CET 2026
3,4.757333,10.1000,1.778127,17.959082,573.5,500,10.575,1.778127,1.780522700263526,.002395700263526,.001347,Fr 30. Jan 11:31:53 CET 2026
6,9.514666,10.1000,1.778127,17.959082,573.5,500,10.575,1.778127,1.78293105782745,.00480405782745,.002701,Fr 30. Jan 11:32:03 CET 2026
9,14.271999,10.1000,1.778127,17.959082,573.5,500,10.575,1.778127,1.7853521947343345,.0072251947343345,.004063,Fr 30. Jan 11:32:29 CET 2026
24,35.312264,9.0267,1.916422,17.298966,573.5,500,10.575,1.916422,1.937467152576681,.021045152576681,.010981,Fr 30. Jan 11:34:24 CET 2026
27,39.726297,9.0267,1.916422,17.298966,573.5,500,10.575,1.916422,1.940161780847062,.023739780847062,.012387,Fr 30. Jan 11:34:42 CET 2026
30,44.140330,9.0267,1.916422,17.298966,573.5,500,10.575,1.916422,1.9428709530274413,.0264489530274413,.013801,Fr 30. Jan 11:36:48 CET 2026
33,48.554363,9.0267,1.916422,17.298966,573.5,500,10.575,1.916422,1.9455953225710902,.0291733225710902,.015222,Fr 30. Jan 11:37:43 CET 2026
36,52.968396,9.0267,1.916422,17.298966,573.5,500,10.575,1.916422,1.9483338970042299,.0319118970042299,.016651,Fr 30. Jan 11:38:05 CET 2026
39,57.382429,9.0267,1.916422,17.298966,573.5,500,10.575,1.916422,1.951088416659366,.034666416659366,.018089,Fr 30. Jan 11:38:16 CET 2026
42,61.796462,9.0267,1.916422,17.298966,573.5,500,10.575,1.916422,1.9538577839713795,.0374357839713795,.019534,Fr 30. Jan 11:38:28 CET 2026
45,66.210495,9.0267,1.916422,17.298966,573.5,500,10.575,1.916422,1.9566419598554603,.0402199598554603,.020987,Fr 30. Jan 11:38:37 CET 2026
12,19.029332,10.1000,1.778127,17.959082,573.5,500,10.575,1.778127,1.7877862068347383,.0096592068347383,.005432,Fr 30. Jan 11:40:09 CET 2026
15,23.786665,10.1000,1.778127,17.959082,573.5,500,10.575,1.778127,1.790233193617634,.012106193617634,.006808,Fr 30. Jan 11:41:23 CET 2026
18,28.543998,10.1000,1.778127,17.959082,573.5,500,10.575,1.778127,1.7926933791235944,.0145663791235944,.008191,Fr 30. Jan 11:42:18 CET 2026
21,33.301331,10.1000,1.778127,17.959082,573.5,500,10.575,1.778127,1.7951666651612315,.0170396651612315,.009582,Fr 30. Jan 11:43:27 CET 2026
24,38.058664,10.1000,1.778127,17.959082,573.5,500,10.575,1.778127,1.7976534572253464,.0195264572253464,.010981,Fr 30. Jan 11:43:52 CET 2026
27,42.815997,10.1000,1.778127,17.959082,573.5,500,10.575,1.778127,1.8001538070039433,.0220268070039433,.012387,Fr 30. Jan 11:44:19 CET 2026
30,47.573330,10.1000,1.778127,17.959082,573.5,500,10.575,1.778127,1.8026673773398312,.0245403773398312,.013801,Fr 30. Jan 11:46:58 CET 2026
36,57.087996,10.1000,1.778127,17.959082,573.5,500,10.575,1.778127,1.8077362089489817,.0296092089489817,.016651,Fr 30. Jan 11:47:11 CET 2026
33,52.330663,10.1000,1.778127,17.959082,573.5,500,10.575,1.778127,1.8051952076879791,.0270682076879791,.015222,Fr 30. Jan 11:47:16 CET 2026
39,61.845329,10.1000,1.778127,17.959082,573.5,500,10.575,1.778127,1.8102914161682946,.0321644161682946,.018088,Fr 30. Jan 11:47:34 CET 2026
42,66.602662,10.1000,1.778127,17.959082,573.5,500,10.575,1.778127,1.8128612661697139,.0347342661697139,.019534,Fr 30. Jan 11:49:21 CET 2026
45,71.359995,10.1000,1.778127,17.959082,573.5,500,10.575,1.778127,1.815444820150681,.037317820150681,.020987,Fr 30. Jan 11:49:38 CET 2026
0,0,7.9533,2.219060,17.648849,691.2,500,10.575,2.219060,2.2190599999999994,-.0000000000000006,0,Fr 30. Jan 12:05:22 CET 2026
3,4.594392,7.9533,2.219060,17.648849,691.2,500,10.575,2.219060,2.22204977690223,.00298977690223,.001347,Fr 30. Jan 12:05:26 CET 2026
9,12.513432,6.8800,2.444227,16.816281,691.2,500,10.575,2.444227,2.45415876897269,.00993176897269,.004063,Fr 30. Jan 12:05:59 CET 2026
0,0,6.8800,2.444227,16.816281,691.2,500,10.575,2.444227,2.4442269999999993,-.0000000000000007,0,Fr 30. Jan 12:06:18 CET 2026
6,8.342288,6.8800,2.444227,16.816281,691.2,500,10.575,2.444227,2.450830692259863,.006603692259863,.002701,Fr 30. Jan 12:12:08 CET 2026
3,4.171144,6.8800,2.444227,16.816281,691.2,500,10.575,2.444227,2.4475201455265516,.0032931455265516,.001347,Fr 30. Jan 12:12:16 CET 2026
12,16.684576,6.8800,2.444227,16.816281,691.2,500,10.575,2.444227,2.4575046350059027,.0132776350059027,.005432,Fr 30. Jan 12:12:16 CET 2026
15,20.855720,6.8800,2.444227,16.816281,691.2,500,10.575,2.444227,2.4608682952397887,.0166412952397887,.006808,Fr 30. Jan 12:12:20 CET 2026
18,25.026864,6.8800,2.444227,16.816281,691.2,500,10.575,2.444227,2.464250106119697,.020023106119697,.008191,Fr 30. Jan 12:15:29 CET 2026
21,29.198009,6.8800,2.444227,16.816281,691.2,500,10.575,2.444227,2.46764996232678,.02342296232678,.009582,Fr 30. Jan 12:16:32 CET 2026
24,33.369153,6.8800,2.444227,16.816281,691.2,500,10.575,2.444227,2.4710681923308506,.0268411923308506,.010981,Fr 30. Jan 12:16:58 CET 2026
45,62.567162,6.8800,2.444227,16.816281,691.2,500,10.575,2.444227,2.495524337126236,.051297337126236,.020987,Fr 30. Jan 12:17:10 CET 2026
30,41.711441,6.8800,2.444227,16.816281,691.2,500,10.575,2.444227,2.477960625681765,.033733625681765,.013801,Fr 30. Jan 12:17:12 CET 2026
33,45.882585,6.8800,2.444227,16.816281,691.2,500,10.575,2.444227,2.4814350003301193,.0372080003301193,.015222,Fr 30. Jan 12:17:30 CET 2026
27,37.540297,6.8800,2.444227,16.816281,691.2,500,10.575,2.444227,2.4745051446560296,.0302781446560296,.012387,Fr 30. Jan 12:17:36 CET 2026
36,50.053729,6.8800,2.444227,16.816281,691.2,500,10.575,2.444227,2.4849285510262926,.0407015510262926,.016652,Fr 30. Jan 12:18:06 CET 2026
42,58.396018,6.8800,2.444227,16.816281,691.2,500,10.575,2.444227,2.4919730101034783,.0477460101034783,.019534,Fr 30. Jan 12:18:08 CET 2026
39,54.224873,6.8800,2.444227,16.816281,691.2,500,10.575,2.444227,2.488440596028968,.044213596028968,.018088,Fr 30. Jan 12:18:15 CET 2026
12,18.377568,7.9533,2.219060,17.648849,691.2,500,10.575,2.219060,2.231114466963253,.012054466963253,.005432,Fr 30. Jan 12:19:33 CET 2026
9,13.783176,7.9533,2.219060,17.648849,691.2,500,10.575,2.219060,2.22807684958718,.00901684958718,.004063,Fr 30. Jan 12:19:33 CET 2026
15,22.971960,7.9533,2.219060,17.648849,691.2,500,10.575,2.219060,2.2341683748079255,.0151083748079255,.006808,Fr 30. Jan 12:19:38 CET 2026
6,9.188784,7.9533,2.219060,17.648849,691.2,500,10.575,2.219060,2.2250553517948326,.0059953517948326,.002701,Fr 30. Jan 12:19:39 CET 2026
18,27.566353,7.9533,2.219060,17.648849,691.2,500,10.575,2.219060,2.2372384255699176,.0181784255699176,.008191,Fr 30. Jan 12:25:58 CET 2026
21,32.160745,7.9533,2.219060,17.648849,691.2,500,10.575,2.219060,2.2403251178611487,.0212651178611487,.009582,Fr 30. Jan 12:26:01 CET 2026
27,41.349529,7.9533,2.219060,17.648849,691.2,500,10.575,2.219060,2.246548836361783,.027488836361783,.012387,Fr 30. Jan 12:26:08 CET 2026
24,36.755137,7.9533,2.219060,17.648849,691.2,500,10.575,2.219060,2.243428582183678,.024368582183678,.010981,Fr 30. Jan 12:26:11 CET 2026
30,45.943921,7.9533,2.219060,17.648849,691.2,500,10.575,2.219060,2.2496857572107722,.0306257572107722,.013801,Fr 30. Jan 12:30:30 CET 2026
33,50.538313,7.9533,2.219060,17.648849,691.2,500,10.575,2.219060,2.2528402332461557,.0337802332461557,.015222,Fr 30. Jan 12:32:12 CET 2026
0,0,9.0267,2.039457,18.409566,691.2,500,10.575,2.039457,2.039456999999999,-.000000000000001,0,Fr 30. Jan 12:32:41 CET 2026
42,64.321490,7.9533,2.219060,17.648849,691.2,500,10.575,2.219060,2.26240720085027,.04334720085027,.019534,Fr 30. Jan 12:32:43 CET 2026
39,59.727098,7.9533,2.219060,17.648849,691.2,500,10.575,2.219060,2.259201117243977,.040141117243977,.018089,Fr 30. Jan 12:32:54 CET 2026
36,55.132706,7.9533,2.219060,17.648849,691.2,500,10.575,2.219060,2.256011921541851,.036951921541851,.016652,Fr 30. Jan 12:33:00 CET 2026
45,68.915882,7.9533,2.219060,17.648849,691.2,500,10.575,2.219060,2.2656320299183346,.0465720299183346,.020987,Fr 30. Jan 12:33:19 CET 2026
3,4.998991,9.0267,2.039457,18.409566,691.2,500,10.575,2.039457,2.042204793388147,.002747793388147,.001347,Fr 30. Jan 12:33:21 CET 2026
9,14.996974,9.0267,2.039457,18.409566,691.2,500,10.575,2.039457,2.0477440608030073,.0082870608030073,.004063,Fr 30. Jan 12:33:28 CET 2026
6,9.997982,9.0267,2.039457,18.409566,691.2,500,10.575,2.039457,2.044967100988027,.005510100988027,.002701,Fr 30. Jan 12:33:41 CET 2026
12,19.995965,9.0267,2.039457,18.409566,691.2,500,10.575,2.039457,2.050535815308767,.011078815308767,.005432,Fr 30. Jan 12:34:18 CET 2026
15,24.994956,9.0267,2.039457,18.409566,691.2,500,10.575,2.039457,2.0533424806856813,.0138854806856813,.006808,Fr 30. Jan 12:34:26 CET 2026
18,29.993948,9.0267,2.039457,18.409566,691.2,500,10.575,2.039457,2.056164163886965,.016707163886965,.008191,Fr 30. Jan 12:35:05 CET 2026
21,34.992939,9.0267,2.039457,18.409566,691.2,500,10.575,2.039457,2.059001092670547,.019544092670547,.009582,Fr 30. Jan 12:35:08 CET 2026
24,39.991931,9.0267,2.039457,18.409566,691.2,500,10.575,2.039457,2.061853247861647,.022396247861647,.010981,Fr 30. Jan 12:40:54 CET 2026
27,44.990922,9.0267,2.039457,18.409566,691.2,500,10.575,2.039457,2.064721112257487,.025264112257487,.012387,Fr 30. Jan 12:41:13 CET 2026
33,54.988905,9.0267,2.039457,18.409566,691.2,500,10.575,2.039457,2.0705031654462034,.0310461654462034,.015222,Fr 30. Jan 12:41:14 CET 2026
30,49.989913,9.0267,2.039457,18.409566,691.2,500,10.575,2.039457,2.0676042717870025,.0281472717870025,.013801,Fr 30. Jan 12:41:26 CET 2026
36,59.987896,9.0267,2.039457,18.409566,691.2,500,10.575,2.039457,2.073418160969597,.033961160969597,.016652,Fr 30. Jan 12:45:39 CET 2026
39,64.986888,9.0267,2.039457,18.409566,691.2,500,10.575,2.039457,2.076349092769968,.036892092769968,.018089,Fr 30. Jan 12:47:10 CET 2026
45,74.984870,9.0267,2.039457,18.409566,691.2,500,10.575,2.039457,2.0822596386571792,.0428026386571792,.020987,Fr 30. Jan 12:47:29 CET 2026
42,69.985879,9.0267,2.039457,18.409566,691.2,500,10.575,2.039457,2.0792958320401422,.0398388320401422,.019534,Fr 30. Jan 12:47:48 CET 2026
0,0,10.1000,1.892284,19.112068,691.2,500,10.575,1.892284,1.8922840000000014,.0000000000000014,0,Fr 30. Jan 12:48:47 CET 2026
3,5.387789,10.1000,1.892284,19.112068,691.2,500,10.575,1.892284,1.894833502591303,.002549502591303,.001347,Fr 30. Jan 12:48:49 CET 2026
9,16.163369,10.1000,1.892284,19.112068,691.2,500,10.575,1.892284,1.8999730591564852,.0076890591564852,.004063,Fr 30. Jan 12:49:14 CET 2026
6,10.775579,10.1000,1.892284,19.112068,691.2,500,10.575,1.892284,1.8973964736819082,.0051124736819082,.002701,Fr 30. Jan 12:49:18 CET 2026
12,21.551159,10.1000,1.892284,19.112068,691.2,500,10.575,1.892284,1.9025633095152197,.0102793095152197,.005432,Fr 30. Jan 12:49:23 CET 2026
15,26.938949,10.1000,1.892284,19.112068,691.2,500,10.575,1.892284,1.9051674994593235,.0128834994593235,.006808,Fr 30. Jan 12:49:30 CET 2026
18,32.326739,10.1000,1.892284,19.112068,691.2,500,10.575,1.892284,1.9077854605011517,.0155014605011517,.008191,Fr 30. Jan 12:50:06 CET 2026
21,37.714529,10.1000,1.892284,19.112068,691.2,500,10.575,1.892284,1.9104178430842833,.0181338430842833,.009583,Fr 30. Jan 12:50:13 CET 2026
24,43.102319,10.1000,1.892284,19.112068,691.2,500,10.575,1.892284,1.9130640487538164,.0207800487538164,.010981,Fr 30. Jan 12:50:36 CET 2026
27,48.490109,10.1000,1.892284,19.112068,691.2,500,10.575,1.892284,1.9157246690184373,.0234406690184373,.012387,Fr 30. Jan 12:51:10 CET 2026
30,53.877899,10.1000,1.892284,19.112068,691.2,500,10.575,1.892284,1.9183999581277356,.0261159581277356,.013801,Fr 30. Jan 12:56:40 CET 2026
33,59.265688,10.1000,1.892284,19.112068,691.2,500,10.575,1.892284,1.921090034252152,.028806034252152,.015222,Fr 30. Jan 12:56:56 CET 2026
36,64.653478,10.1000,1.892284,19.112068,691.2,500,10.575,1.892284,1.9237944015825619,.0315104015825619,.016652,Fr 30. Jan 12:57:18 CET 2026
39,70.041268,10.1000,1.892284,19.112068,691.2,500,10.575,1.892284,1.92651351400808,.03422951400808,.018088,Fr 30. Jan 12:57:22 CET 2026
42,75.429058,10.1000,1.892284,19.112068,691.2,500,10.575,1.892284,1.9292483490302959,.0369643490302959,.019534,Fr 30. Jan 13:01:33 CET 2026
45,80.816848,10.1000,1.892284,19.112068,691.2,500,10.575,1.892284,1.9319981175878473,.0397141175878473,.020987,Fr 30. Jan 13:02:37 CET 2026
3,4.357359,6.8800,2.498191,17.187554,738.0,500,10.575,2.498191,2.5015568497463643,.0033658497463643,.001347,Fr 30. Jan 13:16:32 CET 2026
0,0,7.9533,2.268053,18.038505,738.0,500,10.575,2.268053,2.2680530000000014,.0000000000000014,0,Fr 30. Jan 13:16:44 CET 2026
3,4.799504,7.9533,2.268053,18.038505,738.0,500,10.575,2.268053,2.2711087849185487,.0030557849185487,.001347,Fr 30. Jan 13:18:10 CET 2026
9,13.072079,6.8800,2.498191,17.187554,738.0,500,10.575,2.498191,2.508342066957613,.010151066957613,.004063,Fr 30. Jan 13:18:40 CET 2026
15,21.786799,6.8800,2.498191,17.187554,738.0,500,10.575,2.498191,2.515199703029083,.017008703029083,.006808,Fr 30. Jan 13:23:30 CET 2026
0,0,6.8800,2.498191,17.187554,738.0,500,10.575,2.498191,2.498190999999999,-.000000000000001,0,Fr 30. Jan 13:23:50 CET 2026
6,8.714719,6.8800,2.498191,17.187554,738.0,500,10.575,2.498191,2.5049404877436343,.0067494877436343,.002701,Fr 30. Jan 13:24:19 CET 2026
21,30.501519,6.8800,2.498191,17.187554,738.0,500,10.575,2.498191,2.5221310805925796,.0239400805925796,.009582,Fr 30. Jan 13:24:30 CET 2026
30,43.573599,6.8800,2.498191,17.187554,738.0,500,10.575,2.498191,2.532669426173685,.034478426173685,.013801,Fr 30. Jan 13:24:33 CET 2026
18,26.144159,6.8800,2.498191,17.187554,738.0,500,10.575,2.498191,2.51865613873988,.02046513873988,.008191,Fr 30. Jan 13:24:33 CET 2026
12,17.429439,6.8800,2.498191,17.187554,738.0,500,10.575,2.498191,2.511761779607063,.013570779607063,.005432,Fr 30. Jan 13:24:39 CET 2026
24,34.858879,6.8800,2.498191,17.187554,738.0,500,10.575,2.498191,2.525624837860214,.027433837860214,.010981,Fr 30. Jan 13:24:44 CET 2026
33,47.930959,6.8800,2.498191,17.187554,738.0,500,10.575,2.498191,2.5362207860655195,.0380297860655195,.015222,Fr 30. Jan 13:25:13 CET 2026
39,56.645679,6.8800,2.498191,17.187554,738.0,500,10.575,2.498191,2.543381211417331,.045190211417331,.018089,Fr 30. Jan 13:25:16 CET 2026
27,39.216239,6.8800,2.498191,17.187554,738.0,500,10.575,2.498191,2.5291374700412117,.0309464700412117,.012387,Fr 30. Jan 13:25:19 CET 2026
45,65.360399,6.8800,2.498191,17.187554,738.0,500,10.575,2.498191,2.5506212136739226,.0524302136739226,.020987,Fr 30. Jan 13:25:26 CET 2026
36,52.288319,6.8800,2.498191,17.187554,738.0,500,10.575,2.498191,2.5397906545950137,.0415996545950137,.016651,Fr 30. Jan 13:25:30 CET 2026
42,61.003039,6.8800,2.498191,17.187554,738.0,500,10.575,2.498191,2.5469912131516455,.0488002131516455,.019534,Fr 30. Jan 13:25:34 CET 2026
15,23.997520,7.9533,2.268053,18.038505,738.0,500,10.575,2.268053,2.2834948233681844,.0154418233681844,.006808,Fr 30. Jan 13:34:16 CET 2026
9,14.398512,7.9533,2.268053,18.038505,738.0,500,10.575,2.268053,2.277268929573181,.009215929573181,.004063,Fr 30. Jan 13:34:18 CET 2026
6,9.599008,7.9533,2.268053,18.038505,738.0,500,10.575,2.268053,2.2741807126309665,.0061277126309665,.002701,Fr 30. Jan 13:34:21 CET 2026
12,19.198016,7.9533,2.268053,18.038505,738.0,500,10.575,2.268053,2.280373564659402,.012320564659402,.005432,Fr 30. Jan 13:34:27 CET 2026
18,28.797024,7.9533,2.268053,18.038505,738.0,500,10.575,2.268053,2.2866328271412413,.0185798271412413,.008191,Fr 30. Jan 13:38:15 CET 2026
21,33.596528,7.9533,2.268053,18.038505,738.0,500,10.575,2.268053,2.28978759508254,.02173459508254,.009582,Fr 30. Jan 13:39:11 CET 2026
30,47.995041,7.9533,2.268053,18.038505,738.0,500,10.575,2.268053,2.299355278976187,.031302278976187,.013801,Fr 30. Jan 13:39:34 CET 2026
24,38.396033,7.9533,2.268053,18.038505,738.0,500,10.575,2.268053,2.2929595671830088,.0249065671830088,.010981,Fr 30. Jan 13:39:37 CET 2026
33,52.794545,7.9533,2.268053,18.038505,738.0,500,10.575,2.268053,2.302578870827345,.034525870827345,.015222,Fr 30. Jan 13:39:48 CET 2026
27,43.195537,7.9533,2.268053,18.038505,738.0,500,10.575,2.268053,2.2961484644573558,.0280954644573558,.012387,Fr 30. Jan 13:40:03 CET 2026
39,62.393553,7.9533,2.268053,18.038505,738.0,500,10.575,2.268053,2.3090797083307284,.0410267083307284,.018088,Fr 30. Jan 13:40:13 CET 2026
36,57.594049,7.9533,2.268053,18.038505,738.0,500,10.575,2.268053,2.3058207551166916,.0377677551166916,.016652,Fr 30. Jan 13:40:24 CET 2026
3,5.222167,9.0267,2.084485,18.816020,738.0,500,10.575,2.084485,2.087293458818046,.002808458818046,.001347,Fr 30. Jan 13:40:29 CET 2026
6,10.444335,9.0267,2.084485,18.816020,738.0,500,10.575,2.084485,2.090116758530335,.005631758530335,.002701,Fr 30. Jan 13:40:42 CET 2026
0,0,9.0267,2.084485,18.816020,738.0,500,10.575,2.084485,2.0844850000000004,.0000000000000004,0,Fr 30. Jan 13:40:45 CET 2026
9,15.666503,9.0267,2.084485,18.816020,738.0,500,10.575,2.084485,2.092955026503602,.008470026503602,.004063,Fr 30. Jan 13:40:48 CET 2026
42,67.193057,7.9533,2.268053,18.038505,738.0,500,10.575,2.268053,2.3123576464059554,.0443046464059554,.019534,Fr 30. Jan 13:40:54 CET 2026
45,71.992561,7.9533,2.268053,18.038505,738.0,500,10.575,2.268053,2.3156532447169527,.0476002447169527,.020987,Fr 30. Jan 13:41:12 CET 2026
18,31.333006,9.0267,2.084485,18.816020,738.0,500,10.575,2.084485,2.101560967481179,.017075967481179,.008191,Fr 30. Jan 13:49:09 CET 2026
15,26.110838,9.0267,2.084485,18.816020,738.0,500,10.575,2.084485,2.0986770661080696,.0141920661080696,.006808,Fr 30. Jan 13:49:10 CET 2026
12,20.888671,9.0267,2.084485,18.816020,738.0,500,10.575,2.084485,2.0958083981301843,.0113233981301843,.005432,Fr 30. Jan 13:49:27 CET 2026
21,36.555174,9.0267,2.084485,18.816020,738.0,500,10.575,2.084485,2.104460667577075,.019975667577075,.009583,Fr 30. Jan 13:49:30 CET 2026
24,41.777342,9.0267,2.084485,18.816020,738.0,500,10.575,2.084485,2.1073759041977427,.0228909041977427,.010981,Fr 30. Jan 13:53:07 CET 2026
27,46.999509,9.0267,2.084485,18.816020,738.0,500,10.575,2.084485,2.110306799745805,.025821799745805,.012387,Fr 30. Jan 13:54:18 CET 2026
30,52.221677,9.0267,2.084485,18.816020,738.0,500,10.575,2.084485,2.113253655883763,.028768655883763,.013801,Fr 30. Jan 13:54:26 CET 2026
33,57.443845,9.0267,2.084485,18.816020,738.0,500,10.575,2.084485,2.1162168893678217,.0317318893678217,.015222,Fr 30. Jan 13:54:57 CET 2026
36,62.666013,9.0267,2.084485,18.816020,738.0,500,10.575,2.084485,2.1191960337658413,.0347110337658413,.016652,Fr 30. Jan 13:55:08 CET 2026
39,67.888180,9.0267,2.084485,18.816020,738.0,500,10.575,2.084485,2.1221910199529597,.0377060199529597,.018088,Fr 30. Jan 13:55:13 CET 2026
42,73.110348,9.0267,2.084485,18.816020,738.0,500,10.575,2.084485,2.125203788691425,.040718788691425,.019534,Fr 30. Jan 13:55:20 CET 2026
6,11.256652,10.1000,1.934063,19.534036,738.0,500,10.575,1.934063,1.9392883566649604,.0052253566649604,.002701,Fr 30. Jan 13:55:20 CET 2026
45,78.332516,9.0267,2.084485,18.816020,738.0,500,10.575,2.084485,2.1282326534690386,.0437476534690386,.020987,Fr 30. Jan 13:55:21 CET 2026
0,0,10.1000,1.934063,19.534036,738.0,500,10.575,1.934063,1.9340630000000012,.0000000000000012,0,Fr 30. Jan 13:55:22 CET 2026
3,5.628326,10.1000,1.934063,19.534036,738.0,500,10.575,1.934063,1.9366687943041692,.0026057943041692,.001347,Fr 30. Jan 13:55:28 CET 2026
9,16.884978,10.1000,1.934063,19.534036,738.0,500,10.575,1.934063,1.9419218185375642,.0078588185375642,.004063,Fr 30. Jan 13:55:36 CET 2026
12,22.513304,10.1000,1.934063,19.534036,738.0,500,10.575,1.934063,1.9445692449897845,.0105062449897845,.005432,Fr 30. Jan 13:55:51 CET 2026
15,28.141630,10.1000,1.934063,19.534036,738.0,500,10.575,1.934063,1.9472309703369952,.0131679703369952,.006808,Fr 30. Jan 13:56:05 CET 2026
27,50.654935,10.1000,1.934063,19.534036,738.0,500,10.575,1.934063,1.958021330511183,.023958330511183,.012387,Fr 30. Jan 14:00:37 CET 2026
24,45.026609,10.1000,1.934063,19.534036,738.0,500,10.575,1.934063,1.9553018156994286,.0212388156994286,.010981,Fr 30. Jan 14:00:45 CET 2026
18,33.769956,10.1000,1.934063,19.534036,738.0,500,10.575,1.934063,1.9499068521313005,.0158438521313005,.008192,Fr 30. Jan 14:00:49 CET 2026
21,39.398282,10.1000,1.934063,19.534036,738.0,500,10.575,1.934063,1.95259700916085,.01853400916085,.009582,Fr 30. Jan 14:00:51 CET 2026
30,56.283261,10.1000,1.934063,19.534036,738.0,500,10.575,1.934063,1.9607557429316755,.0266927429316755,.013801,Fr 30. Jan 14:02:27 CET 2026
33,61.911587,10.1000,1.934063,19.534036,738.0,500,10.575,1.934063,1.9635047671153172,.0294417671153172,.015222,Fr 30. Jan 14:02:49 CET 2026
36,67.539913,10.1000,1.934063,19.534036,738.0,500,10.575,1.934063,1.9662691320403058,.0322061320403058,.016652,Fr 30. Jan 14:02:52 CET 2026
39,73.168239,10.1000,1.934063,19.534036,738.0,500,10.575,1.934063,1.9690483934832093,.0349853934832093,.018089,Fr 30. Jan 14:03:02 CET 2026
45,84.424892,10.1000,1.934063,19.534036,738.0,500,10.575,1.934063,1.9746537064471155,.0405907064471155,.020987,Fr 30. Jan 14:03:22 CET 2026
42,78.796565,10.1000,1.934063,19.534036,738.0,500,10.575,1.934063,1.9718434360438601,.0377804360438601,.019534,Fr 30. Jan 14:03:26 CET 2026
