Force_Target_N,Force_Actual_N,Aspect_Ratio_a_b,muscle_b_cm,muscle_a_cm,Volume_cm3,Am,Rho,Initial_Length_cm,Final_Length_cm,Elongation_cm,Strain,Completed_Date
36,2.751163,6.8800,27.124289,3.942484,421.6,550,10.493,27.124289,27.575964191439496,.451675191439496,.016652,So 8. Feb 22:31:19 CET 2026
3,.208143,7.9533,29.876603,3.756504,421.6,550,10.493,29.876603,29.916856082480887,.040253082480887,.001347,So 8. Feb 22:31:20 CET 2026
15,1.146318,6.8800,27.124289,3.942484,421.6,550,10.493,27.124289,27.308962537947817,.184673537947817,.006808,So 8. Feb 22:31:21 CET 2026
30,2.292636,6.8800,27.124289,3.942484,421.6,550,10.493,27.124289,27.498640576884114,.374351576884114,.013801,So 8. Feb 22:31:27 CET 2026
27,2.063372,6.8800,27.124289,3.942484,421.6,550,10.493,27.124289,27.460293658807117,.336004658807117,.012387,So 8. Feb 22:31:27 CET 2026
33,2.521899,6.8800,27.124289,3.942484,421.6,550,10.493,27.124289,27.537196643913614,.412907643913614,.015222,So 8. Feb 22:31:30 CET 2026
0,0,6.8800,27.124289,3.942484,421.6,550,10.493,27.124289,27.124288999999987,-.000000000000013,0,So 8. Feb 22:31:32 CET 2026
9,.687790,6.8800,27.124289,3.942484,421.6,550,10.493,27.124289,27.234505031502927,.110216031502927,.004063,So 8. Feb 22:31:33 CET 2026
0,0,7.9533,29.876603,3.756504,421.6,550,10.493,29.876603,29.87660300000001,.00000000000001,0,So 8. Feb 22:31:34 CET 2026
45,3.438954,6.8800,27.124289,3.942484,421.6,550,10.493,27.124289,27.693553715492737,.569264715492737,.020987,So 8. Feb 22:31:34 CET 2026
39,2.980427,6.8800,27.124289,3.942484,421.6,550,10.493,27.124289,27.614944911086045,.490655911086045,.018089,So 8. Feb 22:31:36 CET 2026
21,1.604845,6.8800,27.124289,3.942484,421.6,550,10.493,27.124289,27.384220516751622,.259931516751622,.009582,So 8. Feb 22:31:37 CET 2026
42,3.209690,6.8800,27.124289,3.942484,421.6,550,10.493,27.124289,27.654140707999755,.529851707999755,.019534,So 8. Feb 22:31:37 CET 2026
18,1.375581,6.8800,27.124289,3.942484,421.6,550,10.493,27.124289,27.34649050193917,.22220150193917,.008191,So 8. Feb 22:31:39 CET 2026
24,1.834109,6.8800,27.124289,3.942484,421.6,550,10.493,27.124289,27.42215434616669,.29786534616669,.010981,So 8. Feb 22:31:41 CET 2026
6,.458527,6.8800,27.124289,3.942484,421.6,550,10.493,27.124289,27.197572293187747,.073283293187747,.002701,So 8. Feb 22:31:45 CET 2026
12,.917054,6.8800,27.124289,3.942484,421.6,550,10.493,27.124289,27.271635235393777,.147346235393777,.005432,So 8. Feb 22:31:45 CET 2026
3,.229263,6.8800,27.124289,3.942484,421.6,550,10.493,27.124289,27.16083386516492,.03654486516492,.001347,So 8. Feb 22:31:55 CET 2026
12,.832574,7.9533,29.876603,3.756504,421.6,550,10.493,29.876603,30.038899785042446,.162296785042446,.005432,So 8. Feb 22:48:49 CET 2026
21,1.457004,7.9533,29.876603,3.756504,421.6,550,10.493,29.876603,30.162909816307923,.286306816307923,.009582,So 8. Feb 22:48:57 CET 2026
9,.624430,7.9533,29.876603,3.756504,421.6,550,10.493,29.876603,29.998002594018555,.121399594018555,.004063,So 8. Feb 22:49:15 CET 2026
27,1.873292,7.9533,29.876603,3.756504,421.6,550,10.493,29.876603,30.24670229096607,.37009929096607,.012387,So 8. Feb 22:49:16 CET 2026
24,1.665148,7.9533,29.876603,3.756504,421.6,550,10.493,29.876603,30.20469281234182,.32808981234182,.010981,So 8. Feb 22:49:16 CET 2026
15,1.040717,7.9533,29.876603,3.756504,421.6,550,10.493,29.876603,30.080015269856823,.203412269856823,.006808,So 8. Feb 22:49:23 CET 2026
18,1.248861,7.9533,29.876603,3.756504,421.6,550,10.493,29.876603,30.121351436889018,.244748436889018,.008191,So 8. Feb 22:49:25 CET 2026
6,.382594,9.0267,32.507656,3.601278,421.6,550,10.493,32.507656,32.595483407015784,.087827407015784,.002701,So 8. Feb 22:49:27 CET 2026
30,2.081435,7.9533,29.876603,3.756504,421.6,550,10.493,29.876603,30.288940111622114,.412337111622114,.013801,So 8. Feb 22:49:29 CET 2026
42,2.914009,7.9533,29.876603,3.756504,421.6,550,10.493,29.876603,30.460218918092743,.583615918092743,.019534,So 8. Feb 22:49:29 CET 2026
6,.416287,7.9533,29.876603,3.756504,421.6,550,10.493,29.876603,29.957322130391947,.080719130391947,.002701,So 8. Feb 22:49:30 CET 2026
0,0,9.0267,32.507656,3.601278,421.6,550,10.493,32.507656,32.507656,0,0,So 8. Feb 22:49:33 CET 2026
45,3.122153,7.9533,29.876603,3.756504,421.6,550,10.493,29.876603,30.503631330589105,.627028330589105,.020987,So 8. Feb 22:49:34 CET 2026
3,.191297,9.0267,32.507656,3.601278,421.6,550,10.493,32.507656,32.551454151277156,.043798151277156,.001347,So 8. Feb 22:49:35 CET 2026
36,2.497722,7.9533,29.876603,3.756504,421.6,550,10.493,29.876603,30.374109765069797,.497506765069797,.016652,So 8. Feb 22:49:41 CET 2026
9,.573891,9.0267,32.507656,3.601278,421.6,550,10.493,32.507656,32.639746532414755,.132090532414755,.004063,So 8. Feb 22:49:43 CET 2026
39,2.705866,7.9533,29.876603,3.756504,421.6,550,10.493,29.876603,30.417045991876684,.540442991876684,.018089,So 8. Feb 22:49:46 CET 2026
33,2.289579,7.9533,29.876603,3.756504,421.6,550,10.493,29.876603,30.331408665670214,.454805665670214,.015222,So 8. Feb 22:49:51 CET 2026
12,.765188,9.0267,32.507656,3.601278,421.6,550,10.493,32.507656,32.684245161217916,.176589161217916,.005432,So 8. Feb 23:06:31 CET 2026
15,.956485,9.0267,32.507656,3.601278,421.6,550,10.493,32.507656,32.728981533498306,.221325533498306,.006808,So 8. Feb 23:06:43 CET 2026
24,1.530377,9.0267,32.507656,3.601278,421.6,550,10.493,32.507656,32.864638671728585,.356982671728585,.010981,So 8. Feb 23:06:47 CET 2026
27,1.721674,9.0267,32.507656,3.601278,421.6,550,10.493,32.507656,32.910347551148114,.402691551148114,.012387,So 8. Feb 23:06:57 CET 2026
0,0,10.1000,35.035940,3.468905,421.6,550,10.493,35.035940,35.03593999999999,-.00000000000001,0,So 8. Feb 23:07:05 CET 2026
18,1.147783,9.0267,32.507656,3.601278,421.6,550,10.493,32.507656,32.77395795447577,.26630195447577,.008191,So 8. Feb 23:07:06 CET 2026
21,1.339080,9.0267,32.507656,3.601278,421.6,550,10.493,32.507656,32.81917619014383,.31152019014383,.009582,So 8. Feb 23:07:06 CET 2026
33,2.104269,9.0267,32.507656,3.601278,421.6,550,10.493,32.507656,33.00251379495345,.49485779495345,.015222,So 8. Feb 23:07:07 CET 2026
30,1.912971,9.0267,32.507656,3.601278,421.6,550,10.493,32.507656,32.956305028196056,.448649028196056,.013801,So 8. Feb 23:07:07 CET 2026
36,2.295566,9.0267,32.507656,3.601278,421.6,550,10.493,32.507656,33.04897537037898,.54131937037898,.016652,So 8. Feb 23:07:08 CET 2026
42,2.678160,9.0267,32.507656,3.601278,421.6,550,10.493,32.507656,33.14266749167577,.63501149167577,.019534,So 8. Feb 23:07:11 CET 2026
3,.177492,10.1000,35.035940,3.468905,421.6,550,10.493,35.035940,35.083144345301385,.047204345301385,.001347,So 8. Feb 23:07:12 CET 2026
45,2.869457,9.0267,32.507656,3.601278,421.6,550,10.493,32.507656,33.18990271781482,.68224671781482,.020987,So 8. Feb 23:07:12 CET 2026
6,.354985,10.1000,35.035940,3.468905,421.6,550,10.493,35.035940,35.13059841778905,.09465841778905,.002701,So 8. Feb 23:07:22 CET 2026
39,2.486863,9.0267,32.507656,3.601278,421.6,550,10.493,32.507656,33.095692472903515,.588036472903515,.018089,So 8. Feb 23:07:22 CET 2026
12,.709970,10.1000,35.035940,3.468905,421.6,550,10.493,35.035940,35.22626337425374,.19032337425374,.005432,So 8. Feb 23:07:39 CET 2026
9,.532477,10.1000,35.035940,3.468905,421.6,550,10.493,35.035940,35.17830395323753,.14236395323753,.004063,So 8. Feb 23:07:40 CET 2026
15,.887462,10.1000,35.035940,3.468905,421.6,550,10.493,35.035940,35.27447921660677,.23853921660677,.006808,So 8. Feb 23:07:47 CET 2026
24,1.419940,10.1000,35.035940,3.468905,421.6,550,10.493,35.035940,35.42068710066062,.38474710066062,.010981,So 8. Feb 23:24:14 CET 2026
0,0,6.8800,27.840773,4.046624,455.9,550,10.493,27.840773,27.84077300000001,.00000000000001,0,So 8. Feb 23:24:16 CET 2026
18,1.064955,10.1000,35.035940,3.468905,421.6,550,10.493,35.035940,35.32295330751319,.28701330751319,.008191,So 8. Feb 23:24:19 CET 2026
21,1.242447,10.1000,35.035940,3.468905,421.6,550,10.493,35.035940,35.37168837734286,.33574837734286,.009582,So 8. Feb 23:24:28 CET 2026
3,.241535,6.8800,27.840773,4.046624,455.9,550,10.493,27.840773,27.878283316364186,.037510316364186,.001347,So 8. Feb 23:24:34 CET 2026
33,1.952417,10.1000,35.035940,3.468905,421.6,550,10.493,35.035940,35.569285128299825,.533345128299825,.015222,So 8. Feb 23:24:43 CET 2026
12,.966142,6.8800,27.840773,4.046624,455.9,550,10.493,27.840773,27.99201088795025,.15123788795025,.005432,So 8. Feb 23:24:45 CET 2026
30,1.774925,10.1000,35.035940,3.468905,421.6,550,10.493,35.035940,35.519482895444405,.483542895444405,.013801,So 8. Feb 23:24:48 CET 2026
39,2.307402,10.1000,35.035940,3.468905,421.6,550,10.493,35.035940,35.66971092301385,.63377092301385,.018089,So 8. Feb 23:24:53 CET 2026
45,2.662387,10.1000,35.035940,3.468905,421.6,550,10.493,35.035940,35.77124828351826,.73530828351826,.020987,So 8. Feb 23:24:54 CET 2026
18,1.449213,6.8800,27.840773,4.046624,455.9,550,10.493,27.840773,28.06884398516752,.22807098516752,.008191,So 8. Feb 23:24:57 CET 2026
36,2.129910,10.1000,35.035940,3.468905,421.6,550,10.493,35.035940,35.61936026270318,.58342026270318,.016652,So 8. Feb 23:24:59 CET 2026
9,.724606,6.8800,27.840773,4.046624,455.9,550,10.493,27.840773,27.953900152444454,.113127152444454,.004063,So 8. Feb 23:25:00 CET 2026
27,1.597432,10.1000,35.035940,3.468905,421.6,550,10.493,35.035940,35.46995082903745,.43401082903745,.012387,So 8. Feb 23:25:00 CET 2026
42,2.484895,10.1000,35.035940,3.468905,421.6,550,10.493,35.035940,35.720339585501826,.684399585501826,.019534,So 8. Feb 23:25:01 CET 2026
6,.483071,6.8800,27.840773,4.046624,455.9,550,10.493,27.840773,27.915991846882857,.075218846882857,.002701,So 8. Feb 23:25:04 CET 2026
21,1.690748,6.8800,27.840773,4.046624,455.9,550,10.493,27.840773,28.10757058574784,.26679758574784,.009582,So 8. Feb 23:25:15 CET 2026
15,1.207677,6.8800,27.840773,4.046624,455.9,550,10.493,27.840773,28.030324420605634,.189551420605634,.006808,So 8. Feb 23:25:26 CET 2026
27,2.173819,6.8800,27.840773,4.046624,455.9,550,10.493,27.840773,28.185653126923604,.344880126923604,.012387,So 8. Feb 23:41:26 CET 2026
33,2.656890,6.8800,27.840773,4.046624,455.9,550,10.493,27.840773,28.26458758986872,.42381458986872,.015222,So 8. Feb 23:41:56 CET 2026
24,1.932284,6.8800,27.840773,4.046624,455.9,550,10.493,27.840773,28.14650646291218,.30573346291218,.010981,So 8. Feb 23:42:00 CET 2026
36,2.898426,6.8800,27.840773,4.046624,455.9,550,10.493,27.840773,28.304379156243268,.463606156243268,.016652,So 8. Feb 23:42:01 CET 2026
30,2.415355,6.8800,27.840773,4.046624,455.9,550,10.493,27.840773,28.225012986665625,.384239986665625,.013801,So 8. Feb 23:42:03 CET 2026
39,3.139961,6.8800,27.840773,4.046624,455.9,550,10.493,27.840773,28.344389469210146,.503616469210146,.018089,So 8. Feb 23:42:08 CET 2026
45,3.623032,6.8800,27.840773,4.046624,455.9,550,10.493,27.840773,28.425074697726274,.584301697726274,.020987,So 8. Feb 23:42:24 CET 2026
3,.219285,7.9533,30.665793,3.855732,455.9,550,10.493,30.665793,30.707108810976152,.041315810976152,.001347,So 8. Feb 23:42:34 CET 2026
42,3.381497,6.8800,27.840773,4.046624,455.9,550,10.493,27.840773,28.384620672955045,.543847672955045,.019534,So 8. Feb 23:42:36 CET 2026
0,0,7.9533,30.665793,3.855732,455.9,550,10.493,30.665793,30.665793000000004,.000000000000004,0,So 8. Feb 23:42:41 CET 2026
9,.657855,7.9533,30.665793,3.855732,455.9,550,10.493,30.665793,30.790399336444228,.124606336444228,.004063,So 8. Feb 23:42:43 CET 2026
21,1.534995,7.9533,30.665793,3.855732,455.9,550,10.493,30.665793,30.959662725996438,.293869725996438,.009582,So 8. Feb 23:42:50 CET 2026
15,1.096425,7.9533,30.665793,3.855732,455.9,550,10.493,30.665793,30.874578420291254,.208785420291254,.006808,So 8. Feb 23:42:54 CET 2026
6,.438570,7.9533,30.665793,3.855732,455.9,550,10.493,30.665793,30.748644367932666,.082851367932666,.002701,So 8. Feb 23:42:59 CET 2026
12,.877140,7.9533,30.665793,3.855732,455.9,550,10.493,30.665793,30.832376935315096,.166583935315096,.005432,So 8. Feb 23:43:08 CET 2026
18,1.315710,7.9533,30.665793,3.855732,455.9,550,10.493,30.665793,30.91700642647004,.25121342647004,.008191,So 8. Feb 23:43:10 CET 2026
24,1.754280,7.9533,30.665793,3.855732,455.9,550,10.493,30.665793,31.00254940866258,.33675640866258,.010981,So 8. Feb 23:43:15 CET 2026
27,1.973565,7.9533,30.665793,3.855732,455.9,550,10.493,30.665793,31.045668401880217,.379875401880217,.012387,So 8. Feb 23:43:15 CET 2026
30,2.192850,7.9533,30.665793,3.855732,455.9,550,10.493,30.665793,31.089022128644157,.423229128644157,.013801,So 8. Feb 23:59:21 CET 2026
45,3.289275,7.9533,30.665793,3.855732,455.9,550,10.493,30.665793,31.309384250440043,.643591250440043,.020987,So 8. Feb 23:59:36 CET 2026
33,2.412135,7.9533,30.665793,3.855732,455.9,550,10.493,30.665793,31.13261225582537,.46681925582537,.015222,So 8. Feb 23:59:44 CET 2026
42,3.069990,7.9533,30.665793,3.855732,455.9,550,10.493,30.665793,31.26482509888404,.59903209888404,.019534,So 8. Feb 23:59:49 CET 2026
39,2.850705,7.9533,30.665793,3.855732,455.9,550,10.493,30.665793,31.22051184365815,.55471884365815,.018089,So 8. Feb 23:59:53 CET 2026
0,0,9.0267,33.366348,3.696406,455.9,550,10.493,33.366348,33.36634800000001,.00000000000001,0,So 8. Feb 23:59:56 CET 2026
36,2.631420,7.9533,30.665793,3.855732,455.9,550,10.493,30.665793,31.176441677733,.510648677733,.016652,Mo 9. Feb 00:00:07 CET 2026
9,.604610,9.0267,33.366348,3.696406,455.9,550,10.493,33.366348,33.50192779507087,.13557979507087,.004063,Mo 9. Feb 00:00:10 CET 2026
3,.201536,9.0267,33.366348,3.696406,455.9,550,10.493,33.366348,33.41130268148408,.04495468148408,.001347,Mo 9. Feb 00:00:13 CET 2026
6,.403073,9.0267,33.366348,3.696406,455.9,550,10.493,33.366348,33.45649506605138,.09014706605138,.002701,Mo 9. Feb 00:00:19 CET 2026
18,1.209221,9.0267,33.366348,3.696406,455.9,550,10.493,33.366348,33.63968447556639,.27333647556639,.008191,Mo 9. Feb 00:00:29 CET 2026
12,.806147,9.0267,33.366348,3.696406,455.9,550,10.493,33.366348,33.547602098189856,.181254098189856,.005432,Mo 9. Feb 00:00:29 CET 2026
15,1.007684,9.0267,33.366348,3.696406,455.9,550,10.493,33.366348,33.59351975585263,.22717175585263,.006808,Mo 9. Feb 00:00:35 CET 2026
21,1.410758,9.0267,33.366348,3.696406,455.9,550,10.493,33.366348,33.686096529244935,.319748529244935,.009582,Mo 9. Feb 00:00:47 CET 2026
27,1.813832,9.0267,33.366348,3.696406,455.9,550,10.493,33.366348,33.77967642588567,.41332842588567,.012387,Mo 9. Feb 00:00:53 CET 2026
33,2.216906,9.0267,33.366348,3.696406,455.9,550,10.493,33.366348,33.87427696636631,.50792896636631,.015222,Mo 9. Feb 00:00:57 CET 2026
24,1.612295,9.0267,33.366348,3.696406,455.9,550,10.493,33.366348,33.73276038181253,.36641238181253,.010981,Mo 9. Feb 00:01:00 CET 2026
30,2.015369,9.0267,33.366348,3.696406,455.9,550,10.493,33.366348,33.82684821673166,.46050021673166,.013801,Mo 9. Feb 00:01:23 CET 2026
36,2.418443,9.0267,33.366348,3.696406,455.9,550,10.493,33.366348,33.921966315596194,.555618315596194,.016652,Mo 9. Feb 00:17:08 CET 2026
39,2.619979,9.0267,33.366348,3.696406,455.9,550,10.493,33.366348,33.96991716766109,.60356916766109,.018089,Mo 9. Feb 00:17:20 CET 2026
42,2.821516,9.0267,33.366348,3.696406,455.9,550,10.493,33.366348,34.01813334602344,.65178534602344,.019534,Mo 9. Feb 00:17:24 CET 2026
0,0,10.1000,35.961403,3.560535,455.9,550,10.493,35.961403,35.96140300000001,.00000000000001,0,Mo 9. Feb 00:17:31 CET 2026
9,.560979,10.1000,35.961403,3.560535,455.9,550,10.493,35.961403,36.10752759588873,.14612459588873,.004063,Mo 9. Feb 00:17:44 CET 2026
3,.186993,10.1000,35.961403,3.560535,455.9,550,10.493,35.961403,36.00985449552936,.04845149552936,.001347,Mo 9. Feb 00:17:50 CET 2026
45,3.023053,9.0267,33.366348,3.696406,455.9,550,10.493,33.366348,34.06661597901295,.70026797901295,.020987,Mo 9. Feb 00:17:54 CET 2026
15,.934965,10.1000,35.961403,3.560535,455.9,550,10.493,35.961403,36.20624295898934,.24483995898934,.006808,Mo 9. Feb 00:17:55 CET 2026
6,.373986,10.1000,35.961403,3.560535,455.9,550,10.493,35.961403,36.05856163663094,.09715863663094,.002701,Mo 9. Feb 00:17:57 CET 2026
18,1.121959,10.1000,35.961403,3.560535,455.9,550,10.493,35.961403,36.25599774320075,.29459474320075,.008191,Mo 9. Feb 00:18:10 CET 2026
24,1.495945,10.1000,35.961403,3.560535,455.9,550,10.493,35.961403,36.35631350001926,.39491050001926,.010981,Mo 9. Feb 00:18:10 CET 2026
21,1.308952,10.1000,35.961403,3.560535,455.9,550,10.493,35.961403,36.30602053710102,.34461753710102,.009582,Mo 9. Feb 00:18:10 CET 2026
12,.747972,10.1000,35.961403,3.560535,455.9,550,10.493,35.961403,36.156753587500155,.195350587500155,.005432,Mo 9. Feb 00:18:18 CET 2026
36,2.243918,10.1000,35.961403,3.560535,455.9,550,10.493,35.961403,36.560234282719335,.598831282719335,.016652,Mo 9. Feb 00:18:29 CET 2026
30,1.869931,10.1000,35.961403,3.560535,455.9,550,10.493,35.961403,36.45771841812162,.49631541812162,.013801,Mo 9. Feb 00:18:36 CET 2026
33,2.056925,10.1000,35.961403,3.560535,455.9,550,10.493,35.961403,36.50883599834961,.54743299834961,.015222,Mo 9. Feb 00:18:37 CET 2026
27,1.682938,10.1000,35.961403,3.560535,455.9,550,10.493,35.961403,36.4068781709374,.4454751709374,.012387,Mo 9. Feb 00:19:00 CET 2026
39,2.430911,10.1000,35.961403,3.560535,455.9,550,10.493,35.961403,36.61191485538727,.65051185538727,.018089,Mo 9. Feb 00:19:19 CET 2026
42,2.617904,10.1000,35.961403,3.560535,455.9,550,10.493,35.961403,36.66388098441135,.70247798441135,.019534,Mo 9. Feb 00:34:34 CET 2026
9,.844393,6.8800,30.054020,4.368317,573.5,550,10.493,30.054020,30.1761404610051,.1221204610051,.004063,Mo 9. Feb 00:35:11 CET 2026
45,2.804897,10.1000,35.961403,3.560535,455.9,550,10.493,35.961403,36.716134725280064,.754731725280064,.020987,Mo 9. Feb 00:35:19 CET 2026
0,0,6.8800,30.054020,4.368317,573.5,550,10.493,30.054020,30.054020000000005,.000000000000005,0,Mo 9. Feb 00:35:24 CET 2026
3,.281464,6.8800,30.054020,4.368317,573.5,550,10.493,30.054020,30.094512051530597,.040492051530597,.001347,Mo 9. Feb 00:35:27 CET 2026
6,.562928,6.8800,30.054020,4.368317,573.5,550,10.493,30.054020,30.135218247209473,.081198247209473,.002701,Mo 9. Feb 00:35:40 CET 2026
18,1.688786,6.8800,30.054020,4.368317,573.5,550,10.493,30.054020,30.30022181050607,.24620181050607,.008191,Mo 9. Feb 00:35:47 CET 2026
12,1.125857,6.8800,30.054020,4.368317,573.5,550,10.493,30.054020,30.217280470069422,.163260470069422,.005432,Mo 9. Feb 00:35:52 CET 2026
21,1.970251,6.8800,30.054020,4.368317,573.5,550,10.493,30.054020,30.342027157000583,.288007157000583,.009582,Mo 9. Feb 00:35:53 CET 2026
39,3.659038,6.8800,30.054020,4.368317,573.5,550,10.493,30.054020,30.597672374306807,.543652374306807,.018089,Mo 9. Feb 00:36:07 CET 2026
24,2.251715,6.8800,30.054020,4.368317,573.5,550,10.493,30.054020,30.384058129556493,.330038129556493,.010981,Mo 9. Feb 00:36:08 CET 2026
30,2.814644,6.8800,30.054020,4.368317,573.5,550,10.493,30.054020,30.468805731562615,.414785731562615,.013801,Mo 9. Feb 00:36:14 CET 2026
27,2.533180,6.8800,30.054020,4.368317,573.5,550,10.493,30.054020,30.426317064352865,.372297064352865,.012387,Mo 9. Feb 00:36:16 CET 2026
15,1.407322,6.8800,30.054020,4.368317,573.5,550,10.493,30.054020,30.25864033284001,.20462033284001,.006808,Mo 9. Feb 00:36:19 CET 2026
36,3.377573,6.8800,30.054020,4.368317,573.5,550,10.493,30.054020,30.554481230763898,.500461230763898,.016652,Mo 9. Feb 00:36:28 CET 2026
33,3.096109,6.8800,30.054020,4.368317,573.5,550,10.493,30.054020,30.511526447645334,.457506447645334,.015222,Mo 9. Feb 00:36:31 CET 2026
42,3.940502,6.8800,30.054020,4.368317,573.5,550,10.493,30.054020,30.64110172529919,.58708172529919,.019534,Mo 9. Feb 00:36:48 CET 2026
45,4.221966,6.8800,30.054020,4.368317,573.5,550,10.493,30.054020,30.684771765771316,.630751765771316,.020987,Mo 9. Feb 00:37:17 CET 2026
0,0,7.9533,33.103591,4.162246,573.5,550,10.493,33.103591,33.10359100000002,.00000000000002,0,Mo 9. Feb 00:52:19 CET 2026
3,.255535,7.9533,33.103591,4.162246,573.5,550,10.493,33.103591,33.14819196150493,.04460096150493,.001347,Mo 9. Feb 00:52:36 CET 2026
6,.511070,7.9533,33.103591,4.162246,573.5,550,10.493,33.103591,33.193028632846136,.089437632846136,.002701,Mo 9. Feb 00:53:03 CET 2026
9,.766605,7.9533,33.103591,4.162246,573.5,550,10.493,33.103591,33.23810306188398,.13451206188398,.004063,Mo 9. Feb 00:53:13 CET 2026
12,1.022140,7.9533,33.103591,4.162246,573.5,550,10.493,33.103591,33.28341744164942,.17982644164942,.005432,Mo 9. Feb 00:53:16 CET 2026
15,1.277676,7.9533,33.103591,4.162246,573.5,550,10.493,33.103591,33.32897411529091,.22538311529091,.006808,Mo 9. Feb 00:53:34 CET 2026
24,2.044281,7.9533,33.103591,4.162246,573.5,550,10.493,33.103591,33.46711790607776,.36352690607776,.010981,Mo 9. Feb 00:53:42 CET 2026
27,2.299816,7.9533,33.103591,4.162246,573.5,550,10.493,33.103591,33.51366479663589,.41007379663589,.012387,Mo 9. Feb 00:53:44 CET 2026
18,1.533211,7.9533,33.103591,4.162246,573.5,550,10.493,33.103591,33.3747748716788,.2711838716788,.008191,Mo 9. Feb 00:53:46 CET 2026
33,2.810887,7.9533,33.103591,4.162246,573.5,550,10.493,33.103591,33.607520457588485,.503929457588485,.015222,Mo 9. Feb 00:53:50 CET 2026
30,2.555352,7.9533,33.103591,4.162246,573.5,550,10.493,33.103591,33.560464913168,.456873913168,.013801,Mo 9. Feb 00:53:56 CET 2026
21,1.788746,7.9533,33.103591,4.162246,573.5,550,10.493,33.103591,33.42082210648589,.31723110648589,.009582,Mo 9. Feb 00:54:00 CET 2026
36,3.066422,7.9533,33.103591,4.162246,573.5,550,10.493,33.103591,33.654833879391184,.551242879391184,.016652,Mo 9. Feb 00:54:11 CET 2026
42,3.577493,7.9533,33.103591,4.162246,573.5,550,10.493,33.103591,33.750243791872755,.646652791872755,.019534,Mo 9. Feb 00:54:17 CET 2026
39,3.321957,7.9533,33.103591,4.162246,573.5,550,10.493,33.103591,33.702407463499924,.598816463499924,.018089,Mo 9. Feb 00:54:17 CET 2026
45,3.833028,7.9533,33.103591,4.162246,573.5,550,10.493,33.103591,33.79834498784846,.69475398784846,.020987,Mo 9. Feb 00:54:27 CET 2026
0,0,9.0267,36.018861,3.990258,573.5,550,10.493,36.018861,36.01886100000001,.00000000000001,0,Mo 9. Feb 00:54:50 CET 2026
3,.234853,9.0267,36.018861,3.990258,573.5,550,10.493,36.018861,36.067389769309564,.048528769309564,.001347,Mo 9. Feb 00:55:10 CET 2026
9,.704560,9.0267,36.018861,3.990258,573.5,550,10.493,36.018861,36.16521892208642,.14635792208642,.004063,Mo 9. Feb 01:10:10 CET 2026
6,.469707,9.0267,36.018861,3.990258,573.5,550,10.493,36.018861,36.11617473600505,.09731373600505,.002701,Mo 9. Feb 01:10:10 CET 2026
12,.939414,9.0267,36.018861,3.990258,573.5,550,10.493,36.018861,36.21452388452135,.19566288452135,.005432,Mo 9. Feb 01:10:54 CET 2026
15,1.174267,9.0267,36.018861,3.990258,573.5,550,10.493,36.018861,36.26409223939058,.24523123939058,.006808,Mo 9. Feb 01:10:55 CET 2026
18,1.409121,9.0267,36.018861,3.990258,573.5,550,10.493,36.018861,36.31392656947211,.29506556947211,.008191,Mo 9. Feb 01:11:02 CET 2026
24,1.878828,9.0267,36.018861,3.990258,573.5,550,10.493,36.018861,36.41440192731226,.39554092731226,.010981,Mo 9. Feb 01:11:17 CET 2026
36,2.818243,9.0267,36.018861,3.990258,573.5,550,10.493,36.018861,36.61864911021316,.59978811021316,.016652,Mo 9. Feb 01:11:24 CET 2026
21,1.643975,9.0267,36.018861,3.990258,573.5,550,10.493,36.018861,36.364029028359575,.345168028359575,.009582,Mo 9. Feb 01:11:30 CET 2026
30,2.348535,9.0267,36.018861,3.990258,573.5,550,10.493,36.018861,36.51596928226285,.49710828226285,.013801,Mo 9. Feb 01:11:37 CET 2026
0,0,10.1000,38.820218,3.843586,573.5,550,10.493,38.820218,38.82021799999998,-.00000000000002,0,Mo 9. Feb 01:11:53 CET 2026
33,2.583389,9.0267,36.018861,3.990258,573.5,550,10.493,36.018861,36.56716877083528,.54830777083528,.015222,Mo 9. Feb 01:11:54 CET 2026
27,2.113682,9.0267,36.018861,3.990258,573.5,550,10.493,36.018861,36.4650480339898,.4461870339898,.012387,Mo 9. Feb 01:11:55 CET 2026
45,3.522803,9.0267,36.018861,3.990258,573.5,550,10.493,36.018861,36.77479835923728,.75593735923728,.020987,Mo 9. Feb 01:12:04 CET 2026
39,3.053096,9.0267,36.018861,3.990258,573.5,550,10.493,36.018861,36.670411984836676,.651550984836676,.018089,Mo 9. Feb 01:12:07 CET 2026
42,3.287950,9.0267,36.018861,3.990258,573.5,550,10.493,36.018861,36.72246106945817,.70360006945817,.019534,Mo 9. Feb 01:12:09 CET 2026
6,.435811,10.1000,38.820218,3.843586,573.5,550,10.493,38.820218,38.925100652885156,.104882652885156,.002701,Mo 9. Feb 01:12:18 CET 2026
3,.217905,10.1000,38.820218,3.843586,573.5,550,10.493,38.820218,38.87252027909179,.05230227909179,.001347,Mo 9. Feb 01:12:18 CET 2026
9,.653716,10.1000,38.820218,3.843586,573.5,550,10.493,38.820218,38.977958899357965,.157740899357965,.004063,Mo 9. Feb 01:12:48 CET 2026
15,1.089528,10.1000,38.820218,3.843586,573.5,550,10.493,38.820218,39.084522233614706,.264304233614706,.006808,Mo 9. Feb 01:27:36 CET 2026
12,.871622,10.1000,38.820218,3.843586,573.5,550,10.493,38.820218,39.03109854751916,.21088054751916,.005432,Mo 9. Feb 01:27:40 CET 2026
18,1.307433,10.1000,38.820218,3.843586,573.5,550,10.493,38.820218,39.13823191162171,.31801391162171,.008191,Mo 9. Feb 01:28:27 CET 2026
21,1.525339,10.1000,38.820218,3.843586,573.5,550,10.493,38.820218,39.19223112341731,.37201312341731,.009582,Mo 9. Feb 01:28:35 CET 2026
30,2.179056,10.1000,38.820218,3.843586,573.5,550,10.493,38.820218,39.355989007108576,.535771007108576,.013801,Mo 9. Feb 01:28:55 CET 2026
24,1.743245,10.1000,38.820218,3.843586,573.5,550,10.493,38.820218,39.246522178545355,.426304178545355,.010981,Mo 9. Feb 01:29:04 CET 2026
36,2.614867,10.1000,38.820218,3.843586,573.5,550,10.493,38.820218,39.466654552778735,.646436552778735,.016652,Mo 9. Feb 01:29:12 CET 2026
27,1.961150,10.1000,38.820218,3.843586,573.5,550,10.493,38.820218,39.30110698975589,.48088898975589,.012387,Mo 9. Feb 01:29:18 CET 2026
33,2.396962,10.1000,38.820218,3.843586,573.5,550,10.493,38.820218,39.4111706027554,.5909526027554,.015222,Mo 9. Feb 01:29:25 CET 2026
42,3.050679,10.1000,38.820218,3.843586,573.5,550,10.493,38.820218,39.57854063848195,.75832263848195,.019534,Mo 9. Feb 01:29:31 CET 2026
45,3.268584,10.1000,38.820218,3.843586,573.5,550,10.493,38.820218,39.634948365539024,.814730365539024,.020987,Mo 9. Feb 01:29:44 CET 2026
39,2.832773,10.1000,38.820218,3.843586,573.5,550,10.493,38.820218,39.522443595685566,.702225595685566,.018089,Mo 9. Feb 01:29:55 CET 2026
0,0,6.8800,31.983510,4.648766,691.2,550,10.493,31.983510,31.983510000000013,.000000000000013,0,Mo 9. Feb 01:35:54 CET 2026
6,.637530,6.8800,31.983510,4.648766,691.2,550,10.493,31.983510,32.06992149105918,.08641149105918,.002701,Mo 9. Feb 01:36:13 CET 2026
9,.956295,6.8800,31.983510,4.648766,691.2,550,10.493,31.983510,32.11347083359007,.12996083359007,.004063,Mo 9. Feb 01:36:23 CET 2026
3,.318765,6.8800,31.983510,4.648766,691.2,550,10.493,31.983510,32.02660181352589,.04309181352589,.001347,Mo 9. Feb 01:36:34 CET 2026
15,1.593825,6.8800,31.983510,4.648766,691.2,550,10.493,31.983510,32.20126720061892,.21775720061892,.006808,Mo 9. Feb 01:36:46 CET 2026
12,1.275060,6.8800,31.983510,4.648766,691.2,550,10.493,31.983510,32.15725206324725,.17374206324725,.005432,Mo 9. Feb 01:36:51 CET 2026
3,.289399,7.9533,35.228863,4.429465,691.2,550,10.493,35.228863,35.27632729796137,.04746429796137,.001347,Mo 9. Feb 01:47:34 CET 2026
0,0,7.9533,35.228863,4.429465,691.2,550,10.493,35.228863,35.22886300000002,.00000000000002,0,Mo 9. Feb 01:47:34 CET 2026
21,2.231355,6.8800,31.983510,4.648766,691.2,550,10.493,31.983510,32.29000742353685,.30649742353685,.009582,Mo 9. Feb 01:51:46 CET 2026
18,1.912590,6.8800,31.983510,4.648766,691.2,550,10.493,31.983510,32.245518151082486,.262008151082486,.008191,Mo 9. Feb 01:51:53 CET 2026
24,2.550120,6.8800,31.983510,4.648766,691.2,550,10.493,31.983510,32.3347368081812,.3512268081812,.010981,Mo 9. Feb 01:52:28 CET 2026
27,2.868885,6.8800,31.983510,4.648766,691.2,550,10.493,31.983510,32.37970877448223,.39619877448223,.012387,Mo 9. Feb 01:53:05 CET 2026
39,4.143945,6.8800,31.983510,4.648766,691.2,550,10.493,31.983510,32.56206513180296,.57855513180296,.018089,Mo 9. Feb 01:53:17 CET 2026
30,3.187650,6.8800,31.983510,4.648766,691.2,550,10.493,31.983510,32.42492524816122,.44141524816122,.013801,Mo 9. Feb 01:53:29 CET 2026
33,3.506415,6.8800,31.983510,4.648766,691.2,550,10.493,31.983510,32.47038875427551,.48687875427551,.015222,Mo 9. Feb 01:53:32 CET 2026
36,3.825180,6.8800,31.983510,4.648766,691.2,550,10.493,31.983510,32.516101321336286,.532591321336286,.016652,Mo 9. Feb 01:53:33 CET 2026
6,.578799,7.9533,35.228863,4.429465,691.2,550,10.493,35.228863,35.32404257689655,.09517957689655,.002701,Mo 9. Feb 01:53:53 CET 2026
42,4.462710,6.8800,31.983510,4.648766,691.2,550,10.493,31.983510,32.60828284655827,.62477284655827,.019534,Mo 9. Feb 01:53:56 CET 2026
9,.868198,7.9533,35.228863,4.429465,691.2,550,10.493,35.228863,35.372010871339825,.143147871339825,.004063,Mo 9. Feb 01:54:04 CET 2026
45,4.781475,6.8800,31.983510,4.648766,691.2,550,10.493,31.983510,32.654756669949286,.671246669949286,.020987,Mo 9. Feb 01:54:07 CET 2026
12,1.157598,7.9533,35.228863,4.429465,691.2,550,10.493,35.228863,35.420234555431556,.191371555431556,.005432,Mo 9. Feb 01:54:13 CET 2026
15,1.446997,7.9533,35.228863,4.429465,691.2,550,10.493,35.228863,35.468715792143335,.239852792143335,.006808,Mo 9. Feb 01:54:18 CET 2026
21,2.025796,7.9533,35.228863,4.429465,691.2,550,10.493,35.228863,35.56646047760927,.33759747760927,.009582,Mo 9. Feb 01:54:39 CET 2026
18,1.736397,7.9533,35.228863,4.429465,691.2,550,10.493,35.228863,35.51745702027863,.28859402027863,.008191,Mo 9. Feb 01:54:42 CET 2026
24,2.315196,7.9533,35.228863,4.429465,691.2,550,10.493,35.228863,35.61572866421331,.38686566421331,.010981,Mo 9. Feb 02:05:20 CET 2026
27,2.604595,7.9533,35.228863,4.429465,691.2,550,10.493,35.228863,35.66526386550677,.43640086550677,.012387,Mo 9. Feb 02:05:41 CET 2026
33,3.183394,7.9533,35.228863,4.429465,691.2,550,10.493,35.228863,35.765145454266474,.536282454266474,.015222,Mo 9. Feb 02:09:39 CET 2026
30,2.893995,7.9533,35.228863,4.429465,691.2,550,10.493,35.228863,35.715068398295486,.486205398295486,.013801,Mo 9. Feb 02:09:48 CET 2026
36,3.472794,7.9533,35.228863,4.429465,691.2,550,10.493,35.228863,35.81549598164725,.58663298164725,.016652,Mo 9. Feb 02:10:42 CET 2026
39,3.762193,7.9533,35.228863,4.429465,691.2,550,10.493,35.228863,35.866123890422706,.637260890422706,.018089,Mo 9. Feb 02:10:50 CET 2026
42,4.051593,7.9533,35.228863,4.429465,691.2,550,10.493,35.228863,35.91703132416326,.68816832416326,.019534,Mo 9. Feb 02:11:13 CET 2026
6,.531953,9.0267,38.331258,4.246431,691.2,550,10.493,38.331258,38.43481926995623,.10356126995623,.002701,Mo 9. Feb 02:11:20 CET 2026
0,0,9.0267,38.331258,4.246431,691.2,550,10.493,38.331258,38.33125800000002,.00000000000002,0,Mo 9. Feb 02:11:24 CET 2026
3,.265976,9.0267,38.331258,4.246431,691.2,550,10.493,38.331258,38.38290228396006,.05164428396006,.001347,Mo 9. Feb 02:11:26 CET 2026
45,4.340993,7.9533,35.228863,4.429465,691.2,550,10.493,35.228863,35.96822054483412,.73935754483412,.020987,Mo 9. Feb 02:11:26 CET 2026
12,1.063906,9.0267,38.331258,4.246431,691.2,550,10.493,38.331258,38.539482510284245,.208224510284245,.005432,Mo 9. Feb 02:11:32 CET 2026
9,.797929,9.0267,38.331258,4.246431,691.2,550,10.493,38.331258,38.48701196256181,.15575396256181,.004063,Mo 9. Feb 02:11:41 CET 2026
21,1.861836,9.0267,38.331258,4.246431,691.2,550,10.493,38.331258,38.698585558523106,.367327558523106,.009582,Mo 9. Feb 02:11:56 CET 2026
15,1.329882,9.0267,38.331258,4.246431,691.2,550,10.493,38.331258,38.5922331089951,.2609751089951,.006808,Mo 9. Feb 02:11:58 CET 2026
24,2.127812,9.0267,38.331258,4.246431,691.2,550,10.493,38.331258,38.75219250938118,.42093450938118,.010981,Mo 9. Feb 02:12:11 CET 2026
18,1.595859,9.0267,38.331258,4.246431,691.2,550,10.493,38.331258,38.64526674865861,.31400874865861,.008191,Mo 9. Feb 02:12:12 CET 2026
27,2.393789,9.0267,38.331258,4.246431,691.2,550,10.493,38.331258,38.80609002578845,.47483202578845,.012387,Mo 9. Feb 02:12:37 CET 2026
30,2.659765,9.0267,38.331258,4.246431,691.2,550,10.493,38.331258,38.8602805654644,.5290225654644,.013801,Mo 9. Feb 02:23:09 CET 2026
33,2.925742,9.0267,38.331258,4.246431,691.2,550,10.493,38.331258,38.91476694507413,.58350894507413,.015222,Mo 9. Feb 02:23:19 CET 2026
39,3.457695,9.0267,38.331258,4.246431,691.2,550,10.493,38.331258,39.02463865004056,.69338065004056,.018089,Mo 9. Feb 02:27:27 CET 2026
36,3.191719,9.0267,38.331258,4.246431,691.2,550,10.493,38.331258,38.969552348424685,.638294348424685,.016652,Mo 9. Feb 02:27:37 CET 2026
45,3.989648,9.0267,38.331258,4.246431,691.2,550,10.493,38.331258,39.135725886137195,.804467886137195,.020987,Mo 9. Feb 02:28:25 CET 2026
42,3.723672,9.0267,38.331258,4.246431,691.2,550,10.493,38.331258,39.080029133690324,.748771133690324,.019534,Mo 9. Feb 02:28:46 CET 2026
0,0,10.1000,41.312504,4.090347,691.2,550,10.493,41.312504,41.312504,0,0,Mo 9. Feb 02:28:46 CET 2026
3,.246783,10.1000,41.312504,4.090347,691.2,550,10.493,41.312504,41.368164904819565,.055660904819565,.001347,Mo 9. Feb 02:29:01 CET 2026
9,.740349,10.1000,41.312504,4.090347,691.2,550,10.493,41.312504,41.480371578078,.167867578078,.004063,Mo 9. Feb 02:29:08 CET 2026
6,.493566,10.1000,41.312504,4.090347,691.2,550,10.493,41.312504,41.42411999031379,.11161599031379,.002701,Mo 9. Feb 02:29:20 CET 2026
21,1.727482,10.1000,41.312504,4.090347,691.2,550,10.493,41.312504,41.70840103556188,.39589703556188,.009582,Mo 9. Feb 02:29:23 CET 2026
18,1.480699,10.1000,41.312504,4.090347,691.2,550,10.493,41.312504,41.65093517534962,.33843117534962,.008191,Mo 9. Feb 02:29:23 CET 2026
12,.987132,10.1000,41.312504,4.090347,691.2,550,10.493,41.312504,41.536923122306256,.224419122306256,.005432,Mo 9. Feb 02:29:24 CET 2026
15,1.233915,10.1000,41.312504,4.090347,691.2,550,10.493,41.312504,41.59377665235281,.28127265235281,.006808,Mo 9. Feb 02:29:26 CET 2026
27,2.221048,10.1000,41.312504,4.090347,691.2,550,10.493,41.312504,41.82426632859772,.51176232859772,.012387,Mo 9. Feb 02:29:39 CET 2026
30,2.467831,10.1000,41.312504,4.090347,691.2,550,10.493,41.312504,41.882671612054516,.570167612054516,.013801,Mo 9. Feb 02:29:58 CET 2026
24,1.974265,10.1000,41.312504,4.090347,691.2,550,10.493,41.312504,41.766177165871404,.453673165871404,.010981,Mo 9. Feb 02:30:05 CET 2026
33,2.714615,10.1000,41.312504,4.090347,691.2,550,10.493,41.312504,41.94139615248545,.62889215248545,.015222,Mo 9. Feb 02:30:32 CET 2026
36,2.961398,10.1000,41.312504,4.090347,691.2,550,10.493,41.312504,42.00044223644057,.68793823644057,.016652,Mo 9. Feb 02:40:52 CET 2026
39,3.208181,10.1000,41.312504,4.090347,691.2,550,10.493,41.312504,42.0598128111578,.7473088111578,.018089,Mo 9. Feb 02:41:14 CET 2026
42,3.454964,10.1000,41.312504,4.090347,691.2,550,10.493,41.312504,42.119511348228485,.807007348228485,.019534,Mo 9. Feb 02:45:15 CET 2026
45,3.701747,10.1000,41.312504,4.090347,691.2,550,10.493,41.312504,42.17954048830118,.86703648830118,.020987,Mo 9. Feb 02:45:16 CET 2026
0,0,6.8800,32.689652,4.751403,738.0,550,10.493,32.689652,32.68965200000002,.00000000000002,0,Mo 9. Feb 02:45:59 CET 2026
3,.332995,6.8800,32.689652,4.751403,738.0,550,10.493,32.689652,32.73369455174917,.04404255174917,.001347,Mo 9. Feb 02:46:38 CET 2026
6,.665991,6.8800,32.689652,4.751403,738.0,550,10.493,32.689652,32.77797061702548,.08831861702548,.002701,Mo 9. Feb 02:46:45 CET 2026
9,.998987,6.8800,32.689652,4.751403,738.0,550,10.493,32.689652,32.82248209801781,.13283009801781,.004063,Mo 9. Feb 02:47:00 CET 2026
24,2.663967,6.8800,32.689652,4.751403,738.0,550,10.493,32.689652,33.048633280669286,.358981280669286,.010981,Mo 9. Feb 02:47:01 CET 2026
15,1.664979,6.8800,32.689652,4.751403,738.0,550,10.493,32.689652,32.91221668424845,.22256468424845,.006808,Mo 9. Feb 02:47:04 CET 2026
18,1.997975,6.8800,32.689652,4.751403,738.0,550,10.493,32.689652,32.95744487777987,.26779287777987,.008191,Mo 9. Feb 02:47:07 CET 2026
21,2.330971,6.8800,32.689652,4.751403,738.0,550,10.493,32.689652,33.00291625983881,.31326425983881,.009582,Mo 9. Feb 02:47:08 CET 2026
12,1.331983,6.8800,32.689652,4.751403,738.0,550,10.493,32.689652,32.867229857136174,.177577857136174,.005432,Mo 9. Feb 02:47:10 CET 2026
30,3.329959,6.8800,32.689652,4.751403,738.0,550,10.493,32.689652,33.14081292057992,.45116092057992,.013801,Mo 9. Feb 02:47:19 CET 2026
27,2.996963,6.8800,32.689652,4.751403,738.0,550,10.493,32.689652,33.094598030989765,.404946030989765,.012387,Mo 9. Feb 02:47:26 CET 2026
33,3.662955,6.8800,32.689652,4.751403,738.0,550,10.493,32.689652,33.18728008277144,.49762808277144,.015222,Mo 9. Feb 02:47:44 CET 2026
36,3.995951,6.8800,32.689652,4.751403,738.0,550,10.493,32.689652,33.23400182504145,.54434982504145,.016652,Mo 9. Feb 02:48:01 CET 2026
39,4.328947,6.8800,32.689652,4.751403,738.0,550,10.493,32.689652,33.2809806399833,.5913286399833,.018089,Mo 9. Feb 02:48:14 CET 2026
42,4.661943,6.8800,32.689652,4.751403,738.0,550,10.493,32.689652,33.3282187036245,.6385667036245,.019534,Mo 9. Feb 02:58:39 CET 2026
45,4.994939,6.8800,32.689652,4.751403,738.0,550,10.493,32.689652,33.37571851469457,.68606651469457,.020987,Mo 9. Feb 02:58:58 CET 2026
0,0,7.9533,36.006656,4.527260,738.0,550,10.493,36.006656,36.006656000000014,.000000000000014,0,Mo 9. Feb 03:02:34 CET 2026
3,.302319,7.9533,36.006656,4.527260,738.0,550,10.493,36.006656,36.05516814084856,.04851214084856,.001347,Mo 9. Feb 03:03:12 CET 2026
6,.604638,7.9533,36.006656,4.527260,738.0,550,10.493,36.006656,36.10393682606786,.09728082606786,.002701,Mo 9. Feb 03:04:01 CET 2026
12,1.209277,7.9533,36.006656,4.527260,738.0,550,10.493,36.006656,36.2022527084205,.1955967084205,.005432,Mo 9. Feb 03:04:30 CET 2026
9,.906958,7.9533,36.006656,4.527260,738.0,550,10.493,36.006656,36.15296420848261,.14630820848261,.004063,Mo 9. Feb 03:04:34 CET 2026
21,2.116236,7.9533,36.006656,4.527260,738.0,550,10.493,36.006656,36.35170725806623,.34505125806623,.009582,Mo 9. Feb 03:04:37 CET 2026
15,1.511597,7.9533,36.006656,4.527260,738.0,550,10.493,36.006656,36.25180443005513,.24514843005513,.006808,Mo 9. Feb 03:04:39 CET 2026
33,3.325514,7.9533,36.006656,4.527260,738.0,550,10.493,36.006656,36.5547778882916,.5481218882916,.015222,Mo 9. Feb 03:04:44 CET 2026
30,3.023194,7.9533,36.006656,4.527260,738.0,550,10.493,36.006656,36.503595896664564,.496939896664564,.013801,Mo 9. Feb 03:04:45 CET 2026
18,1.813916,7.9533,36.006656,4.527260,738.0,550,10.493,36.006656,36.301621434081966,.294965434081966,.008191,Mo 9. Feb 03:04:49 CET 2026
24,2.418555,7.9533,36.006656,4.527260,738.0,550,10.493,36.006656,36.402062886427416,.395406886427416,.010981,Mo 9. Feb 03:05:06 CET 2026
27,2.720875,7.9533,36.006656,4.527260,738.0,550,10.493,36.006656,36.45269185850526,.44603585850526,.012387,Mo 9. Feb 03:05:12 CET 2026
36,3.627833,7.9533,36.006656,4.527260,738.0,550,10.493,36.006656,36.60624071545979,.59958471545979,.016652,Mo 9. Feb 03:05:30 CET 2026
39,3.930153,7.9533,36.006656,4.527260,738.0,550,10.493,36.006656,36.65798644997289,.65133044997289,.018089,Mo 9. Feb 03:05:45 CET 2026
45,4.534792,7.9533,36.006656,4.527260,738.0,550,10.493,36.006656,36.762337425132166,.755681425132166,.020987,Mo 9. Feb 03:06:04 CET 2026
42,4.232472,7.9533,36.006656,4.527260,738.0,550,10.493,36.006656,36.71001769211046,.70336169211046,.019534,Mo 9. Feb 03:06:06 CET 2026
0,0,9.0267,39.177547,4.340185,738.0,550,10.493,39.177547,39.177547,0,0,Mo 9. Feb 03:16:40 CET 2026
3,.277850,9.0267,39.177547,4.340185,738.0,550,10.493,39.177547,39.23033130653558,.05278430653558,.001347,Mo 9. Feb 03:16:44 CET 2026
6,.555701,9.0267,39.177547,4.340185,738.0,550,10.493,39.177547,39.28339483583275,.10584783583275,.002701,Mo 9. Feb 03:20:20 CET 2026
9,.833552,9.0267,39.177547,4.340185,738.0,550,10.493,39.177547,39.33673969318566,.15919269318566,.004063,Mo 9. Feb 03:21:10 CET 2026
12,1.111403,9.0267,39.177547,4.340185,738.0,550,10.493,39.177547,39.39036831917337,.21282131917337,.005432,Mo 9. Feb 03:21:31 CET 2026
18,1.667105,9.0267,39.177547,4.340185,738.0,550,10.493,39.177547,39.49848864326682,.32094164326682,.008191,Mo 9. Feb 03:22:24 CET 2026
15,1.389254,9.0267,39.177547,4.340185,738.0,550,10.493,39.177547,39.44428414323537,.26673714323537,.006808,Mo 9. Feb 03:22:25 CET 2026
30,2.778508,9.0267,39.177547,4.340185,738.0,550,10.493,39.177547,39.718249598924096,.540702598924096,.013801,Mo 9. Feb 03:22:29 CET 2026
27,2.500657,9.0267,39.177547,4.340185,738.0,550,10.493,39.177547,39.66286246559585,.48531546559585,.012387,Mo 9. Feb 03:22:32 CET 2026
21,1.944956,9.0267,39.177547,4.340185,738.0,550,10.493,39.177547,39.55298481578049,.37543781578049,.009582,Mo 9. Feb 03:22:39 CET 2026
33,3.056359,9.0267,39.177547,4.340185,738.0,550,10.493,39.177547,39.77393911607858,.59639211607858,.015222,Mo 9. Feb 03:22:40 CET 2026
24,2.222806,9.0267,39.177547,4.340185,738.0,550,10.493,39.177547,39.60777497435512,.43022797435512,.010981,Mo 9. Feb 03:22:53 CET 2026
36,3.334210,9.0267,39.177547,4.340185,738.0,550,10.493,39.177547,39.82993375628913,.65238675628913,.016652,Mo 9. Feb 03:22:57 CET 2026
42,3.889912,9.0267,39.177547,4.340185,738.0,550,10.493,39.177547,39.94284978890194,.76530278890194,.019534,Mo 9. Feb 03:23:13 CET 2026
39,3.612061,9.0267,39.177547,4.340185,738.0,550,10.493,39.177547,39.88623638851508,.70868938851508,.018089,Mo 9. Feb 03:23:21 CET 2026
0,0,10.1000,42.224615,4.180655,738.0,550,10.493,42.224615,42.224614999999986,-.000000000000014,0,Mo 9. Feb 03:23:27 CET 2026
45,4.167762,9.0267,39.177547,4.340185,738.0,550,10.493,39.177547,39.99977664773826,.82222964773826,.020987,Mo 9. Feb 03:23:35 CET 2026
3,.257800,10.1000,42.224615,4.180655,738.0,550,10.493,42.224615,42.281504723713226,.056889723713226,.001347,Mo 9. Feb 03:23:37 CET 2026
9,.773401,10.1000,42.224615,4.180655,738.0,550,10.493,42.224615,42.39618890675485,.17157390675485,.004063,Mo 9. Feb 03:34:14 CET 2026
6,.515601,10.1000,42.224615,4.180655,738.0,550,10.493,42.224615,42.33869532688328,.11408032688328,.002701,Mo 9. Feb 03:34:25 CET 2026
12,1.031202,10.1000,42.224615,4.180655,738.0,550,10.493,42.224615,42.45398911436856,.22937411436856,.005432,Mo 9. Feb 03:37:50 CET 2026
15,1.289003,10.1000,42.224615,4.180655,738.0,550,10.493,42.224615,42.51209790670842,.28748290670842,.006808,Mo 9. Feb 03:39:24 CET 2026
18,1.546803,10.1000,42.224615,4.180655,738.0,550,10.493,42.224615,42.570518418116905,.345903418116905,.008191,Mo 9. Feb 03:39:28 CET 2026
30,2.578006,10.1000,42.224615,4.180655,738.0,550,10.493,42.224615,42.80737132376161,.58275632376161,.013801,Mo 9. Feb 03:40:13 CET 2026
21,1.804604,10.1000,42.224615,4.180655,738.0,550,10.493,42.224615,42.62925277500979,.40463777500979,.009582,Mo 9. Feb 03:40:21 CET 2026
24,2.062404,10.1000,42.224615,4.180655,738.0,550,10.493,42.224615,42.688304478226286,.463689478226286,.010981,Mo 9. Feb 03:40:23 CET 2026
27,2.320205,10.1000,42.224615,4.180655,738.0,550,10.493,42.224615,42.747676474784555,.523061474784555,.012387,Mo 9. Feb 03:40:25 CET 2026
33,2.835806,10.1000,42.224615,4.180655,738.0,550,10.493,42.224615,42.86739196102479,.64277696102479,.015222,Mo 9. Feb 03:40:26 CET 2026
39,3.351407,10.1000,42.224615,4.180655,738.0,550,10.493,42.224615,42.98842312998294,.76380812998294,.018089,Mo 9. Feb 03:40:36 CET 2026
36,3.093607,10.1000,42.224615,4.180655,738.0,550,10.493,42.224615,42.927741761578815,.703126761578815,.016652,Mo 9. Feb 03:40:42 CET 2026
42,3.609208,10.1000,42.224615,4.180655,738.0,550,10.493,42.224615,43.04943982112673,.82482482112673,.019534,Mo 9. Feb 03:40:57 CET 2026
45,3.867009,10.1000,42.224615,4.180655,738.0,550,10.493,42.224615,43.11079439443843,.88617939443843,.020987,Mo 9. Feb 03:40:57 CET 2026
0,0,6.8800,27.124289,3.942484,421.6,450,10.534,27.124289,27.124288999999987,-.000000000000013,0,Mo 9. Feb 03:41:01 CET 2026
3,.229263,6.8800,27.124289,3.942484,421.6,450,10.534,27.124289,27.16083386516492,.03654486516492,.001347,Mo 9. Feb 03:41:13 CET 2026
6,.458527,6.8800,27.124289,3.942484,421.6,450,10.534,27.124289,27.197572293187747,.073283293187747,.002701,Mo 9. Feb 03:41:19 CET 2026
9,.687790,6.8800,27.124289,3.942484,421.6,450,10.534,27.124289,27.234505031502927,.110216031502927,.004063,Mo 9. Feb 03:41:19 CET 2026
12,.917054,6.8800,27.124289,3.942484,421.6,450,10.534,27.124289,27.271635235393777,.147346235393777,.005432,Mo 9. Feb 03:52:14 CET 2026
15,1.146318,6.8800,27.124289,3.942484,421.6,450,10.534,27.124289,27.308962537947817,.184673537947817,.006808,Mo 9. Feb 03:52:39 CET 2026
18,1.375581,6.8800,27.124289,3.942484,421.6,450,10.534,27.124289,27.34649050193917,.22220150193917,.008191,Mo 9. Feb 03:55:29 CET 2026
21,1.604845,6.8800,27.124289,3.942484,421.6,450,10.534,27.124289,27.384220516751622,.259931516751622,.009582,Mo 9. Feb 03:57:02 CET 2026
24,1.834109,6.8800,27.124289,3.942484,421.6,450,10.534,27.124289,27.42215434616669,.29786534616669,.010981,Mo 9. Feb 03:57:09 CET 2026
33,2.521899,6.8800,27.124289,3.942484,421.6,450,10.534,27.124289,27.537196643913614,.412907643913614,.015222,Mo 9. Feb 03:57:49 CET 2026
30,2.292636,6.8800,27.124289,3.942484,421.6,450,10.534,27.124289,27.498640576884114,.374351576884114,.013801,Mo 9. Feb 03:57:51 CET 2026
27,2.063372,6.8800,27.124289,3.942484,421.6,450,10.534,27.124289,27.460293658807117,.336004658807117,.012387,Mo 9. Feb 03:57:53 CET 2026
36,2.751163,6.8800,27.124289,3.942484,421.6,450,10.534,27.124289,27.575964191439496,.451675191439496,.016652,Mo 9. Feb 03:58:10 CET 2026
39,2.980427,6.8800,27.124289,3.942484,421.6,450,10.534,27.124289,27.614944911086045,.490655911086045,.018089,Mo 9. Feb 03:58:23 CET 2026
45,3.438954,6.8800,27.124289,3.942484,421.6,450,10.534,27.124289,27.693553715492737,.569264715492737,.020987,Mo 9. Feb 03:58:30 CET 2026
42,3.209690,6.8800,27.124289,3.942484,421.6,450,10.534,27.124289,27.654140707999755,.529851707999755,.019534,Mo 9. Feb 03:58:32 CET 2026
9,.624430,7.9533,29.876603,3.756504,421.6,450,10.534,29.876603,29.998002594018555,.121399594018555,.004063,Mo 9. Feb 03:58:54 CET 2026
3,.208143,7.9533,29.876603,3.756504,421.6,450,10.534,29.876603,29.916856082480887,.040253082480887,.001347,Mo 9. Feb 03:59:02 CET 2026
0,0,7.9533,29.876603,3.756504,421.6,450,10.534,29.876603,29.87660300000001,.00000000000001,0,Mo 9. Feb 03:59:10 CET 2026
12,.832574,7.9533,29.876603,3.756504,421.6,450,10.534,29.876603,30.038899785042446,.162296785042446,.005432,Mo 9. Feb 03:59:17 CET 2026
15,1.040717,7.9533,29.876603,3.756504,421.6,450,10.534,29.876603,30.080015269856823,.203412269856823,.006808,Mo 9. Feb 03:59:20 CET 2026
6,.416287,7.9533,29.876603,3.756504,421.6,450,10.534,29.876603,29.957322130391947,.080719130391947,.002701,Mo 9. Feb 03:59:22 CET 2026
18,1.248861,7.9533,29.876603,3.756504,421.6,450,10.534,29.876603,30.121351436889018,.244748436889018,.008191,Mo 9. Feb 04:10:06 CET 2026
21,1.457004,7.9533,29.876603,3.756504,421.6,450,10.534,29.876603,30.162909816307923,.286306816307923,.009582,Mo 9. Feb 04:10:24 CET 2026
24,1.665148,7.9533,29.876603,3.756504,421.6,450,10.534,29.876603,30.20469281234182,.32808981234182,.010981,Mo 9. Feb 04:13:25 CET 2026
30,2.081435,7.9533,29.876603,3.756504,421.6,450,10.534,29.876603,30.288940111622114,.412337111622114,.013801,Mo 9. Feb 04:14:58 CET 2026
27,1.873292,7.9533,29.876603,3.756504,421.6,450,10.534,29.876603,30.24670229096607,.37009929096607,.012387,Mo 9. Feb 04:15:05 CET 2026
33,2.289579,7.9533,29.876603,3.756504,421.6,450,10.534,29.876603,30.331408665670214,.454805665670214,.015222,Mo 9. Feb 04:15:13 CET 2026
36,2.497722,7.9533,29.876603,3.756504,421.6,450,10.534,29.876603,30.374109765069797,.497506765069797,.016652,Mo 9. Feb 04:15:43 CET 2026
39,2.705866,7.9533,29.876603,3.756504,421.6,450,10.534,29.876603,30.417045991876684,.540442991876684,.018089,Mo 9. Feb 04:15:48 CET 2026
42,2.914009,7.9533,29.876603,3.756504,421.6,450,10.534,29.876603,30.460218918092743,.583615918092743,.019534,Mo 9. Feb 04:16:02 CET 2026
3,.191297,9.0267,32.507656,3.601278,421.6,450,10.534,32.507656,32.551454151277156,.043798151277156,.001347,Mo 9. Feb 04:16:21 CET 2026
0,0,9.0267,32.507656,3.601278,421.6,450,10.534,32.507656,32.507656,0,0,Mo 9. Feb 04:16:23 CET 2026
45,3.122153,7.9533,29.876603,3.756504,421.6,450,10.534,29.876603,30.503631330589105,.627028330589105,.020987,Mo 9. Feb 04:16:31 CET 2026
9,.573891,9.0267,32.507656,3.601278,421.6,450,10.534,32.507656,32.639746532414755,.132090532414755,.004063,Mo 9. Feb 04:16:48 CET 2026
6,.382594,9.0267,32.507656,3.601278,421.6,450,10.534,32.507656,32.595483407015784,.087827407015784,.002701,Mo 9. Feb 04:16:50 CET 2026
12,.765188,9.0267,32.507656,3.601278,421.6,450,10.534,32.507656,32.684245161217916,.176589161217916,.005432,Mo 9. Feb 04:17:02 CET 2026
15,.956485,9.0267,32.507656,3.601278,421.6,450,10.534,32.507656,32.728981533498306,.221325533498306,.006808,Mo 9. Feb 04:17:04 CET 2026
21,1.339080,9.0267,32.507656,3.601278,421.6,450,10.534,32.507656,32.81917619014383,.31152019014383,.009582,Mo 9. Feb 04:17:09 CET 2026
18,1.147783,9.0267,32.507656,3.601278,421.6,450,10.534,32.507656,32.77395795447577,.26630195447577,.008191,Mo 9. Feb 04:17:10 CET 2026
24,1.530377,9.0267,32.507656,3.601278,421.6,450,10.534,32.507656,32.864638671728585,.356982671728585,.010981,Mo 9. Feb 04:27:23 CET 2026
27,1.721674,9.0267,32.507656,3.601278,421.6,450,10.534,32.507656,32.910347551148114,.402691551148114,.012387,Mo 9. Feb 04:28:31 CET 2026
30,1.912971,9.0267,32.507656,3.601278,421.6,450,10.534,32.507656,32.956305028196056,.448649028196056,.013801,Mo 9. Feb 04:31:16 CET 2026
36,2.295566,9.0267,32.507656,3.601278,421.6,450,10.534,32.507656,33.04897537037898,.54131937037898,.016652,Mo 9. Feb 04:32:27 CET 2026
33,2.104269,9.0267,32.507656,3.601278,421.6,450,10.534,32.507656,33.00251379495345,.49485779495345,.015222,Mo 9. Feb 04:32:46 CET 2026
39,2.486863,9.0267,32.507656,3.601278,421.6,450,10.534,32.507656,33.095692472903515,.588036472903515,.018089,Mo 9. Feb 04:33:07 CET 2026
0,0,10.1000,35.035940,3.468905,421.6,450,10.534,35.035940,35.03593999999999,-.00000000000001,0,Mo 9. Feb 04:33:25 CET 2026
42,2.678160,9.0267,32.507656,3.601278,421.6,450,10.534,32.507656,33.14266749167577,.63501149167577,.019534,Mo 9. Feb 04:33:28 CET 2026
3,.177492,10.1000,35.035940,3.468905,421.6,450,10.534,35.035940,35.083144345301385,.047204345301385,.001347,Mo 9. Feb 04:33:47 CET 2026
45,2.869457,9.0267,32.507656,3.601278,421.6,450,10.534,32.507656,33.18990271781482,.68224671781482,.020987,Mo 9. Feb 04:33:50 CET 2026
9,.532477,10.1000,35.035940,3.468905,421.6,450,10.534,35.035940,35.17830395323753,.14236395323753,.004063,Mo 9. Feb 04:33:59 CET 2026
6,.354985,10.1000,35.035940,3.468905,421.6,450,10.534,35.035940,35.13059841778905,.09465841778905,.002701,Mo 9. Feb 04:34:18 CET 2026
12,.709970,10.1000,35.035940,3.468905,421.6,450,10.534,35.035940,35.22626337425374,.19032337425374,.005432,Mo 9. Feb 04:34:24 CET 2026
18,1.064955,10.1000,35.035940,3.468905,421.6,450,10.534,35.035940,35.32295330751319,.28701330751319,.008191,Mo 9. Feb 04:34:46 CET 2026
24,1.419940,10.1000,35.035940,3.468905,421.6,450,10.534,35.035940,35.42068710066062,.38474710066062,.010981,Mo 9. Feb 04:34:48 CET 2026
27,1.597432,10.1000,35.035940,3.468905,421.6,450,10.534,35.035940,35.46995082903745,.43401082903745,.012387,Mo 9. Feb 04:34:49 CET 2026
15,.887462,10.1000,35.035940,3.468905,421.6,450,10.534,35.035940,35.27447921660677,.23853921660677,.006808,Mo 9. Feb 04:34:52 CET 2026
21,1.242447,10.1000,35.035940,3.468905,421.6,450,10.534,35.035940,35.37168837734286,.33574837734286,.009582,Mo 9. Feb 04:35:14 CET 2026
30,1.774925,10.1000,35.035940,3.468905,421.6,450,10.534,35.035940,35.519482895444405,.483542895444405,.013801,Mo 9. Feb 04:45:08 CET 2026
33,1.952417,10.1000,35.035940,3.468905,421.6,450,10.534,35.035940,35.569285128299825,.533345128299825,.015222,Mo 9. Feb 04:46:07 CET 2026
36,2.129910,10.1000,35.035940,3.468905,421.6,450,10.534,35.035940,35.61936026270318,.58342026270318,.016652,Mo 9. Feb 04:49:19 CET 2026
39,2.307402,10.1000,35.035940,3.468905,421.6,450,10.534,35.035940,35.66971092301385,.63377092301385,.018089,Mo 9. Feb 04:50:10 CET 2026
42,2.484895,10.1000,35.035940,3.468905,421.6,450,10.534,35.035940,35.720339585501826,.684399585501826,.019534,Mo 9. Feb 04:50:20 CET 2026
45,2.662387,10.1000,35.035940,3.468905,421.6,450,10.534,35.035940,35.77124828351826,.73530828351826,.020987,Mo 9. Feb 04:50:51 CET 2026
0,0,6.8800,27.840773,4.046624,455.9,450,10.534,27.840773,27.84077300000001,.00000000000001,0,Mo 9. Feb 04:51:10 CET 2026
3,.241535,6.8800,27.840773,4.046624,455.9,450,10.534,27.840773,27.878283316364186,.037510316364186,.001347,Mo 9. Feb 04:51:12 CET 2026
12,.966142,6.8800,27.840773,4.046624,455.9,450,10.534,27.840773,27.99201088795025,.15123788795025,.005432,Mo 9. Feb 04:51:25 CET 2026
6,.483071,6.8800,27.840773,4.046624,455.9,450,10.534,27.840773,27.915991846882857,.075218846882857,.002701,Mo 9. Feb 04:51:42 CET 2026
9,.724606,6.8800,27.840773,4.046624,455.9,450,10.534,27.840773,27.953900152444454,.113127152444454,.004063,Mo 9. Feb 04:51:43 CET 2026
15,1.207677,6.8800,27.840773,4.046624,455.9,450,10.534,27.840773,28.030324420605634,.189551420605634,.006808,Mo 9. Feb 04:51:43 CET 2026
30,2.415355,6.8800,27.840773,4.046624,455.9,450,10.534,27.840773,28.225012986665625,.384239986665625,.013801,Mo 9. Feb 04:52:03 CET 2026
18,1.449213,6.8800,27.840773,4.046624,455.9,450,10.534,27.840773,28.06884398516752,.22807098516752,.008191,Mo 9. Feb 04:52:07 CET 2026
21,1.690748,6.8800,27.840773,4.046624,455.9,450,10.534,27.840773,28.10757058574784,.26679758574784,.009582,Mo 9. Feb 04:52:21 CET 2026
24,1.932284,6.8800,27.840773,4.046624,455.9,450,10.534,27.840773,28.14650646291218,.30573346291218,.010981,Mo 9. Feb 04:52:29 CET 2026
27,2.173819,6.8800,27.840773,4.046624,455.9,450,10.534,27.840773,28.185653126923604,.344880126923604,.012387,Mo 9. Feb 04:52:48 CET 2026
33,2.656890,6.8800,27.840773,4.046624,455.9,450,10.534,27.840773,28.26458758986872,.42381458986872,.015222,Mo 9. Feb 04:53:03 CET 2026
36,2.898426,6.8800,27.840773,4.046624,455.9,450,10.534,27.840773,28.304379156243268,.463606156243268,.016652,Mo 9. Feb 05:02:43 CET 2026
39,3.139961,6.8800,27.840773,4.046624,455.9,450,10.534,27.840773,28.344389469210146,.503616469210146,.018089,Mo 9. Feb 05:03:47 CET 2026
42,3.381497,6.8800,27.840773,4.046624,455.9,450,10.534,27.840773,28.384620672955045,.543847672955045,.019534,Mo 9. Feb 05:07:13 CET 2026
45,3.623032,6.8800,27.840773,4.046624,455.9,450,10.534,27.840773,28.425074697726274,.584301697726274,.020987,Mo 9. Feb 05:07:57 CET 2026
0,0,7.9533,30.665793,3.855732,455.9,450,10.534,30.665793,30.665793000000004,.000000000000004,0,Mo 9. Feb 05:08:28 CET 2026
3,.219285,7.9533,30.665793,3.855732,455.9,450,10.534,30.665793,30.707108810976152,.041315810976152,.001347,Mo 9. Feb 05:08:51 CET 2026
6,.438570,7.9533,30.665793,3.855732,455.9,450,10.534,30.665793,30.748644367932666,.082851367932666,.002701,Mo 9. Feb 05:09:06 CET 2026
9,.657855,7.9533,30.665793,3.855732,455.9,450,10.534,30.665793,30.790399336444228,.124606336444228,.004063,Mo 9. Feb 05:09:15 CET 2026
12,.877140,7.9533,30.665793,3.855732,455.9,450,10.534,30.665793,30.832376935315096,.166583935315096,.005432,Mo 9. Feb 05:09:18 CET 2026
18,1.315710,7.9533,30.665793,3.855732,455.9,450,10.534,30.665793,30.91700642647004,.25121342647004,.008191,Mo 9. Feb 05:09:21 CET 2026
15,1.096425,7.9533,30.665793,3.855732,455.9,450,10.534,30.665793,30.874578420291254,.208785420291254,.006808,Mo 9. Feb 05:09:28 CET 2026
21,1.534995,7.9533,30.665793,3.855732,455.9,450,10.534,30.665793,30.959662725996438,.293869725996438,.009582,Mo 9. Feb 05:09:29 CET 2026
24,1.754280,7.9533,30.665793,3.855732,455.9,450,10.534,30.665793,31.00254940866258,.33675640866258,.010981,Mo 9. Feb 05:09:52 CET 2026
27,1.973565,7.9533,30.665793,3.855732,455.9,450,10.534,30.665793,31.045668401880217,.379875401880217,.012387,Mo 9. Feb 05:09:55 CET 2026
30,2.192850,7.9533,30.665793,3.855732,455.9,450,10.534,30.665793,31.089022128644157,.423229128644157,.013801,Mo 9. Feb 05:09:55 CET 2026
33,2.412135,7.9533,30.665793,3.855732,455.9,450,10.534,30.665793,31.13261225582537,.46681925582537,.015222,Mo 9. Feb 05:10:35 CET 2026
39,2.850705,7.9533,30.665793,3.855732,455.9,450,10.534,30.665793,31.22051184365815,.55471884365815,.018089,Mo 9. Feb 05:10:35 CET 2026
36,2.631420,7.9533,30.665793,3.855732,455.9,450,10.534,30.665793,31.176441677733,.510648677733,.016652,Mo 9. Feb 05:10:54 CET 2026
42,3.069990,7.9533,30.665793,3.855732,455.9,450,10.534,30.665793,31.26482509888404,.59903209888404,.019534,Mo 9. Feb 05:20:42 CET 2026
45,3.289275,7.9533,30.665793,3.855732,455.9,450,10.534,30.665793,31.309384250440043,.643591250440043,.020987,Mo 9. Feb 05:21:41 CET 2026
0,0,9.0267,33.366348,3.696406,455.9,450,10.534,33.366348,33.36634800000001,.00000000000001,0,Mo 9. Feb 05:24:57 CET 2026
3,.201536,9.0267,33.366348,3.696406,455.9,450,10.534,33.366348,33.41130268148408,.04495468148408,.001347,Mo 9. Feb 05:25:38 CET 2026
6,.403073,9.0267,33.366348,3.696406,455.9,450,10.534,33.366348,33.45649506605138,.09014706605138,.002701,Mo 9. Feb 05:26:08 CET 2026
9,.604610,9.0267,33.366348,3.696406,455.9,450,10.534,33.366348,33.50192779507087,.13557979507087,.004063,Mo 9. Feb 05:26:36 CET 2026
12,.806147,9.0267,33.366348,3.696406,455.9,450,10.534,33.366348,33.547602098189856,.181254098189856,.005432,Mo 9. Feb 05:26:43 CET 2026
21,1.410758,9.0267,33.366348,3.696406,455.9,450,10.534,33.366348,33.686096529244935,.319748529244935,.009582,Mo 9. Feb 05:27:00 CET 2026
18,1.209221,9.0267,33.366348,3.696406,455.9,450,10.534,33.366348,33.63968447556639,.27333647556639,.008191,Mo 9. Feb 05:27:00 CET 2026
15,1.007684,9.0267,33.366348,3.696406,455.9,450,10.534,33.366348,33.59351975585263,.22717175585263,.006808,Mo 9. Feb 05:27:08 CET 2026
27,1.813832,9.0267,33.366348,3.696406,455.9,450,10.534,33.366348,33.77967642588567,.41332842588567,.012387,Mo 9. Feb 05:27:25 CET 2026
33,2.216906,9.0267,33.366348,3.696406,455.9,450,10.534,33.366348,33.87427696636631,.50792896636631,.015222,Mo 9. Feb 05:27:34 CET 2026
24,1.612295,9.0267,33.366348,3.696406,455.9,450,10.534,33.366348,33.73276038181253,.36641238181253,.010981,Mo 9. Feb 05:27:35 CET 2026
36,2.418443,9.0267,33.366348,3.696406,455.9,450,10.534,33.366348,33.921966315596194,.555618315596194,.016652,Mo 9. Feb 05:27:40 CET 2026
30,2.015369,9.0267,33.366348,3.696406,455.9,450,10.534,33.366348,33.82684821673166,.46050021673166,.013801,Mo 9. Feb 05:27:46 CET 2026
42,2.821516,9.0267,33.366348,3.696406,455.9,450,10.534,33.366348,34.01813334602344,.65178534602344,.019534,Mo 9. Feb 05:28:09 CET 2026
45,3.023053,9.0267,33.366348,3.696406,455.9,450,10.534,33.366348,34.06661597901295,.70026797901295,.020987,Mo 9. Feb 05:28:20 CET 2026
39,2.619979,9.0267,33.366348,3.696406,455.9,450,10.534,33.366348,33.96991716766109,.60356916766109,.018089,Mo 9. Feb 05:28:26 CET 2026
0,0,10.1000,35.961403,3.560535,455.9,450,10.534,35.961403,35.96140300000001,.00000000000001,0,Mo 9. Feb 05:38:44 CET 2026
3,.186993,10.1000,35.961403,3.560535,455.9,450,10.534,35.961403,36.00985449552936,.04845149552936,.001347,Mo 9. Feb 05:38:56 CET 2026
6,.373986,10.1000,35.961403,3.560535,455.9,450,10.534,35.961403,36.05856163663094,.09715863663094,.002701,Mo 9. Feb 05:42:36 CET 2026
9,.560979,10.1000,35.961403,3.560535,455.9,450,10.534,35.961403,36.10752759588873,.14612459588873,.004063,Mo 9. Feb 05:43:27 CET 2026
12,.747972,10.1000,35.961403,3.560535,455.9,450,10.534,35.961403,36.156753587500155,.195350587500155,.005432,Mo 9. Feb 05:43:50 CET 2026
15,.934965,10.1000,35.961403,3.560535,455.9,450,10.534,35.961403,36.20624295898934,.24483995898934,.006808,Mo 9. Feb 05:44:26 CET 2026
18,1.121959,10.1000,35.961403,3.560535,455.9,450,10.534,35.961403,36.25599774320075,.29459474320075,.008191,Mo 9. Feb 05:44:29 CET 2026
24,1.495945,10.1000,35.961403,3.560535,455.9,450,10.534,35.961403,36.35631350001926,.39491050001926,.010981,Mo 9. Feb 05:44:48 CET 2026
36,2.243918,10.1000,35.961403,3.560535,455.9,450,10.534,35.961403,36.560234282719335,.598831282719335,.016652,Mo 9. Feb 05:44:49 CET 2026
21,1.308952,10.1000,35.961403,3.560535,455.9,450,10.534,35.961403,36.30602053710102,.34461753710102,.009582,Mo 9. Feb 05:44:54 CET 2026
30,1.869931,10.1000,35.961403,3.560535,455.9,450,10.534,35.961403,36.45771841812162,.49631541812162,.013801,Mo 9. Feb 05:44:57 CET 2026
27,1.682938,10.1000,35.961403,3.560535,455.9,450,10.534,35.961403,36.4068781709374,.4454751709374,.012387,Mo 9. Feb 05:44:59 CET 2026
39,2.430911,10.1000,35.961403,3.560535,455.9,450,10.534,35.961403,36.61191485538727,.65051185538727,.018089,Mo 9. Feb 05:45:15 CET 2026
33,2.056925,10.1000,35.961403,3.560535,455.9,450,10.534,35.961403,36.50883599834961,.54743299834961,.015222,Mo 9. Feb 05:45:17 CET 2026
42,2.617904,10.1000,35.961403,3.560535,455.9,450,10.534,35.961403,36.66388098441135,.70247798441135,.019534,Mo 9. Feb 05:45:39 CET 2026
45,2.804897,10.1000,35.961403,3.560535,455.9,450,10.534,35.961403,36.716134725280064,.754731725280064,.020987,Mo 9. Feb 05:45:57 CET 2026
3,.281464,6.8800,30.054020,4.368317,573.5,450,10.534,30.054020,30.094512051530597,.040492051530597,.001347,Mo 9. Feb 05:46:19 CET 2026
0,0,6.8800,30.054020,4.368317,573.5,450,10.534,30.054020,30.054020000000005,.000000000000005,0,Mo 9. Feb 05:46:26 CET 2026
6,.562928,6.8800,30.054020,4.368317,573.5,450,10.534,30.054020,30.135218247209473,.081198247209473,.002701,Mo 9. Feb 05:56:37 CET 2026
9,.844393,6.8800,30.054020,4.368317,573.5,450,10.534,30.054020,30.1761404610051,.1221204610051,.004063,Mo 9. Feb 05:56:49 CET 2026
12,1.125857,6.8800,30.054020,4.368317,573.5,450,10.534,30.054020,30.217280470069422,.163260470069422,.005432,Mo 9. Feb 06:00:18 CET 2026
15,1.407322,6.8800,30.054020,4.368317,573.5,450,10.534,30.054020,30.25864033284001,.20462033284001,.006808,Mo 9. Feb 06:01:35 CET 2026
18,1.688786,6.8800,30.054020,4.368317,573.5,450,10.534,30.054020,30.30022181050607,.24620181050607,.008191,Mo 9. Feb 06:01:40 CET 2026
24,2.251715,6.8800,30.054020,4.368317,573.5,450,10.534,30.054020,30.384058129556493,.330038129556493,.010981,Mo 9. Feb 06:01:58 CET 2026
27,2.533180,6.8800,30.054020,4.368317,573.5,450,10.534,30.054020,30.426317064352865,.372297064352865,.012387,Mo 9. Feb 06:02:33 CET 2026
30,2.814644,6.8800,30.054020,4.368317,573.5,450,10.534,30.054020,30.468805731562615,.414785731562615,.013801,Mo 9. Feb 06:02:40 CET 2026
21,1.970251,6.8800,30.054020,4.368317,573.5,450,10.534,30.054020,30.342027157000583,.288007157000583,.009582,Mo 9. Feb 06:02:45 CET 2026
36,3.377573,6.8800,30.054020,4.368317,573.5,450,10.534,30.054020,30.554481230763898,.500461230763898,.016652,Mo 9. Feb 06:02:55 CET 2026
33,3.096109,6.8800,30.054020,4.368317,573.5,450,10.534,30.054020,30.511526447645334,.457506447645334,.015222,Mo 9. Feb 06:02:59 CET 2026
39,3.659038,6.8800,30.054020,4.368317,573.5,450,10.534,30.054020,30.597672374306807,.543652374306807,.018089,Mo 9. Feb 06:03:00 CET 2026
45,4.221966,6.8800,30.054020,4.368317,573.5,450,10.534,30.054020,30.684771765771316,.630751765771316,.020987,Mo 9. Feb 06:03:02 CET 2026
42,3.940502,6.8800,30.054020,4.368317,573.5,450,10.534,30.054020,30.64110172529919,.58708172529919,.019534,Mo 9. Feb 06:03:14 CET 2026
0,0,7.9533,33.103591,4.162246,573.5,450,10.534,33.103591,33.10359100000002,.00000000000002,0,Mo 9. Feb 06:03:29 CET 2026
3,.255535,7.9533,33.103591,4.162246,573.5,450,10.534,33.103591,33.14819196150493,.04460096150493,.001347,Mo 9. Feb 06:03:55 CET 2026
9,.766605,7.9533,33.103591,4.162246,573.5,450,10.534,33.103591,33.23810306188398,.13451206188398,.004063,Mo 9. Feb 06:04:14 CET 2026
6,.511070,7.9533,33.103591,4.162246,573.5,450,10.534,33.103591,33.193028632846136,.089437632846136,.002701,Mo 9. Feb 06:04:21 CET 2026
12,1.022140,7.9533,33.103591,4.162246,573.5,450,10.534,33.103591,33.28341744164942,.17982644164942,.005432,Mo 9. Feb 06:14:42 CET 2026
15,1.277676,7.9533,33.103591,4.162246,573.5,450,10.534,33.103591,33.32897411529091,.22538311529091,.006808,Mo 9. Feb 06:14:46 CET 2026
18,1.533211,7.9533,33.103591,4.162246,573.5,450,10.534,33.103591,33.3747748716788,.2711838716788,.008191,Mo 9. Feb 06:18:32 CET 2026
21,1.788746,7.9533,33.103591,4.162246,573.5,450,10.534,33.103591,33.42082210648589,.31723110648589,.009582,Mo 9. Feb 06:19:13 CET 2026
24,2.044281,7.9533,33.103591,4.162246,573.5,450,10.534,33.103591,33.46711790607776,.36352690607776,.010981,Mo 9. Feb 06:19:34 CET 2026
27,2.299816,7.9533,33.103591,4.162246,573.5,450,10.534,33.103591,33.51366479663589,.41007379663589,.012387,Mo 9. Feb 06:19:51 CET 2026
30,2.555352,7.9533,33.103591,4.162246,573.5,450,10.534,33.103591,33.560464913168,.456873913168,.013801,Mo 9. Feb 06:20:05 CET 2026
33,2.810887,7.9533,33.103591,4.162246,573.5,450,10.534,33.103591,33.607520457588485,.503929457588485,.015222,Mo 9. Feb 06:20:27 CET 2026
42,3.577493,7.9533,33.103591,4.162246,573.5,450,10.534,33.103591,33.750243791872755,.646652791872755,.019534,Mo 9. Feb 06:20:31 CET 2026
0,0,9.0267,36.018861,3.990258,573.5,450,10.534,36.018861,36.01886100000001,.00000000000001,0,Mo 9. Feb 06:20:33 CET 2026
45,3.833028,7.9533,33.103591,4.162246,573.5,450,10.534,33.103591,33.79834498784846,.69475398784846,.020987,Mo 9. Feb 06:20:37 CET 2026
3,.234853,9.0267,36.018861,3.990258,573.5,450,10.534,36.018861,36.067389769309564,.048528769309564,.001347,Mo 9. Feb 06:20:37 CET 2026
36,3.066422,7.9533,33.103591,4.162246,573.5,450,10.534,33.103591,33.654833879391184,.551242879391184,.016652,Mo 9. Feb 06:20:40 CET 2026
39,3.321957,7.9533,33.103591,4.162246,573.5,450,10.534,33.103591,33.702407463499924,.598816463499924,.018089,Mo 9. Feb 06:20:47 CET 2026
6,.469707,9.0267,36.018861,3.990258,573.5,450,10.534,36.018861,36.11617473600505,.09731373600505,.002701,Mo 9. Feb 06:21:15 CET 2026
9,.704560,9.0267,36.018861,3.990258,573.5,450,10.534,36.018861,36.16521892208642,.14635792208642,.004063,Mo 9. Feb 06:21:49 CET 2026
15,1.174267,9.0267,36.018861,3.990258,573.5,450,10.534,36.018861,36.26409223939058,.24523123939058,.006808,Mo 9. Feb 06:22:12 CET 2026
12,.939414,9.0267,36.018861,3.990258,573.5,450,10.534,36.018861,36.21452388452135,.19566288452135,.005432,Mo 9. Feb 06:22:17 CET 2026
21,1.643975,9.0267,36.018861,3.990258,573.5,450,10.534,36.018861,36.364029028359575,.345168028359575,.009582,Mo 9. Feb 06:32:31 CET 2026
18,1.409121,9.0267,36.018861,3.990258,573.5,450,10.534,36.018861,36.31392656947211,.29506556947211,.008191,Mo 9. Feb 06:32:31 CET 2026
24,1.878828,9.0267,36.018861,3.990258,573.5,450,10.534,36.018861,36.41440192731226,.39554092731226,.010981,Mo 9. Feb 06:36:26 CET 2026
30,2.348535,9.0267,36.018861,3.990258,573.5,450,10.534,36.018861,36.51596928226285,.49710828226285,.013801,Mo 9. Feb 06:36:53 CET 2026
27,2.113682,9.0267,36.018861,3.990258,573.5,450,10.534,36.018861,36.4650480339898,.4461870339898,.012387,Mo 9. Feb 06:37:02 CET 2026
33,2.583389,9.0267,36.018861,3.990258,573.5,450,10.534,36.018861,36.56716877083528,.54830777083528,.015222,Mo 9. Feb 06:37:27 CET 2026
36,2.818243,9.0267,36.018861,3.990258,573.5,450,10.534,36.018861,36.61864911021316,.59978811021316,.016652,Mo 9. Feb 06:37:55 CET 2026
42,3.287950,9.0267,36.018861,3.990258,573.5,450,10.534,36.018861,36.72246106945817,.70360006945817,.019534,Mo 9. Feb 06:38:02 CET 2026
0,0,10.1000,38.820218,3.843586,573.5,450,10.534,38.820218,38.82021799999998,-.00000000000002,0,Mo 9. Feb 06:38:20 CET 2026
45,3.522803,9.0267,36.018861,3.990258,573.5,450,10.534,36.018861,36.77479835923728,.75593735923728,.020987,Mo 9. Feb 06:38:22 CET 2026
3,.217905,10.1000,38.820218,3.843586,573.5,450,10.534,38.820218,38.87252027909179,.05230227909179,.001347,Mo 9. Feb 06:38:22 CET 2026
39,3.053096,9.0267,36.018861,3.990258,573.5,450,10.534,36.018861,36.670411984836676,.651550984836676,.018089,Mo 9. Feb 06:38:43 CET 2026
6,.435811,10.1000,38.820218,3.843586,573.5,450,10.534,38.820218,38.925100652885156,.104882652885156,.002701,Mo 9. Feb 06:38:46 CET 2026
9,.653716,10.1000,38.820218,3.843586,573.5,450,10.534,38.820218,38.977958899357965,.157740899357965,.004063,Mo 9. Feb 06:38:53 CET 2026
12,.871622,10.1000,38.820218,3.843586,573.5,450,10.534,38.820218,39.03109854751916,.21088054751916,.005432,Mo 9. Feb 06:38:53 CET 2026
21,1.525339,10.1000,38.820218,3.843586,573.5,450,10.534,38.820218,39.19223112341731,.37201312341731,.009582,Mo 9. Feb 06:39:41 CET 2026
15,1.089528,10.1000,38.820218,3.843586,573.5,450,10.534,38.820218,39.084522233614706,.264304233614706,.006808,Mo 9. Feb 06:39:41 CET 2026
18,1.307433,10.1000,38.820218,3.843586,573.5,450,10.534,38.820218,39.13823191162171,.31801391162171,.008191,Mo 9. Feb 06:39:58 CET 2026
27,1.961150,10.1000,38.820218,3.843586,573.5,450,10.534,38.820218,39.30110698975589,.48088898975589,.012387,Mo 9. Feb 06:50:18 CET 2026
24,1.743245,10.1000,38.820218,3.843586,573.5,450,10.534,38.820218,39.246522178545355,.426304178545355,.010981,Mo 9. Feb 06:50:21 CET 2026
30,2.179056,10.1000,38.820218,3.843586,573.5,450,10.534,38.820218,39.355989007108576,.535771007108576,.013801,Mo 9. Feb 06:54:29 CET 2026
33,2.396962,10.1000,38.820218,3.843586,573.5,450,10.534,38.820218,39.4111706027554,.5909526027554,.015222,Mo 9. Feb 06:54:41 CET 2026
39,2.832773,10.1000,38.820218,3.843586,573.5,450,10.534,38.820218,39.522443595685566,.702225595685566,.018089,Mo 9. Feb 06:55:06 CET 2026
36,2.614867,10.1000,38.820218,3.843586,573.5,450,10.534,38.820218,39.466654552778735,.646436552778735,.016652,Mo 9. Feb 06:55:14 CET 2026
45,3.268584,10.1000,38.820218,3.843586,573.5,450,10.534,38.820218,39.634948365539024,.814730365539024,.020987,Mo 9. Feb 06:55:52 CET 2026
42,3.050679,10.1000,38.820218,3.843586,573.5,450,10.534,38.820218,39.57854063848195,.75832263848195,.019534,Mo 9. Feb 06:56:08 CET 2026
0,0,6.8800,31.983510,4.648766,691.2,450,10.534,31.983510,31.983510000000013,.000000000000013,0,Mo 9. Feb 07:02:16 CET 2026
6,.637530,6.8800,31.983510,4.648766,691.2,450,10.534,31.983510,32.06992149105918,.08641149105918,.002701,Mo 9. Feb 07:02:29 CET 2026
3,.318765,6.8800,31.983510,4.648766,691.2,450,10.534,31.983510,32.02660181352589,.04309181352589,.001347,Mo 9. Feb 07:02:36 CET 2026
9,.956295,6.8800,31.983510,4.648766,691.2,450,10.534,31.983510,32.11347083359007,.12996083359007,.004063,Mo 9. Feb 07:02:38 CET 2026
18,1.912590,6.8800,31.983510,4.648766,691.2,450,10.534,31.983510,32.245518151082486,.262008151082486,.008191,Mo 9. Feb 07:02:44 CET 2026
15,1.593825,6.8800,31.983510,4.648766,691.2,450,10.534,31.983510,32.20126720061892,.21775720061892,.006808,Mo 9. Feb 07:02:52 CET 2026
12,1.275060,6.8800,31.983510,4.648766,691.2,450,10.534,31.983510,32.15725206324725,.17374206324725,.005432,Mo 9. Feb 07:03:00 CET 2026
21,2.231355,6.8800,31.983510,4.648766,691.2,450,10.534,31.983510,32.29000742353685,.30649742353685,.009582,Mo 9. Feb 07:03:36 CET 2026
24,2.550120,6.8800,31.983510,4.648766,691.2,450,10.534,31.983510,32.3347368081812,.3512268081812,.010981,Mo 9. Feb 07:03:42 CET 2026
27,2.868885,6.8800,31.983510,4.648766,691.2,450,10.534,31.983510,32.37970877448223,.39619877448223,.012387,Mo 9. Feb 07:04:16 CET 2026
0,0,7.9533,35.228863,4.429465,691.2,450,10.534,35.228863,35.22886300000002,.00000000000002,0,Mo 9. Feb 07:13:57 CET 2026
33,3.506415,6.8800,31.983510,4.648766,691.2,450,10.534,31.983510,32.47038875427551,.48687875427551,.015222,Mo 9. Feb 07:14:15 CET 2026
3,.289399,7.9533,35.228863,4.429465,691.2,450,10.534,35.228863,35.27632729796137,.04746429796137,.001347,Mo 9. Feb 07:14:17 CET 2026
30,3.187650,6.8800,31.983510,4.648766,691.2,450,10.534,31.983510,32.42492524816122,.44141524816122,.013801,Mo 9. Feb 07:14:28 CET 2026
36,3.825180,6.8800,31.983510,4.648766,691.2,450,10.534,31.983510,32.516101321336286,.532591321336286,.016652,Mo 9. Feb 07:18:38 CET 2026
39,4.143945,6.8800,31.983510,4.648766,691.2,450,10.534,31.983510,32.56206513180296,.57855513180296,.018089,Mo 9. Feb 07:18:40 CET 2026
42,4.462710,6.8800,31.983510,4.648766,691.2,450,10.534,31.983510,32.60828284655827,.62477284655827,.019534,Mo 9. Feb 07:19:15 CET 2026
45,4.781475,6.8800,31.983510,4.648766,691.2,450,10.534,31.983510,32.654756669949286,.671246669949286,.020987,Mo 9. Feb 07:19:38 CET 2026
6,.578799,7.9533,35.228863,4.429465,691.2,450,10.534,35.228863,35.32404257689655,.09517957689655,.002701,Mo 9. Feb 07:20:06 CET 2026
9,.868198,7.9533,35.228863,4.429465,691.2,450,10.534,35.228863,35.372010871339825,.143147871339825,.004063,Mo 9. Feb 07:20:14 CET 2026
12,1.157598,7.9533,35.228863,4.429465,691.2,450,10.534,35.228863,35.420234555431556,.191371555431556,.005432,Mo 9. Feb 07:20:16 CET 2026
15,1.446997,7.9533,35.228863,4.429465,691.2,450,10.534,35.228863,35.468715792143335,.239852792143335,.006808,Mo 9. Feb 07:20:29 CET 2026
18,1.736397,7.9533,35.228863,4.429465,691.2,450,10.534,35.228863,35.51745702027863,.28859402027863,.008191,Mo 9. Feb 07:20:33 CET 2026
24,2.315196,7.9533,35.228863,4.429465,691.2,450,10.534,35.228863,35.61572866421331,.38686566421331,.010981,Mo 9. Feb 07:20:43 CET 2026
21,2.025796,7.9533,35.228863,4.429465,691.2,450,10.534,35.228863,35.56646047760927,.33759747760927,.009582,Mo 9. Feb 07:20:48 CET 2026
27,2.604595,7.9533,35.228863,4.429465,691.2,450,10.534,35.228863,35.66526386550677,.43640086550677,.012387,Mo 9. Feb 07:21:21 CET 2026
30,2.893995,7.9533,35.228863,4.429465,691.2,450,10.534,35.228863,35.715068398295486,.486205398295486,.013801,Mo 9. Feb 07:21:33 CET 2026
33,3.183394,7.9533,35.228863,4.429465,691.2,450,10.534,35.228863,35.765145454266474,.536282454266474,.015222,Mo 9. Feb 07:22:25 CET 2026
36,3.472794,7.9533,35.228863,4.429465,691.2,450,10.534,35.228863,35.81549598164725,.58663298164725,.016652,Mo 9. Feb 07:32:03 CET 2026
39,3.762193,7.9533,35.228863,4.429465,691.2,450,10.534,35.228863,35.866123890422706,.637260890422706,.018089,Mo 9. Feb 07:32:13 CET 2026
42,4.051593,7.9533,35.228863,4.429465,691.2,450,10.534,35.228863,35.91703132416326,.68816832416326,.019534,Mo 9. Feb 07:32:17 CET 2026
45,4.340993,7.9533,35.228863,4.429465,691.2,450,10.534,35.228863,35.96822054483412,.73935754483412,.020987,Mo 9. Feb 07:32:21 CET 2026
0,0,9.0267,38.331258,4.246431,691.2,450,10.534,38.331258,38.33125800000002,.00000000000002,0,Mo 9. Feb 07:36:04 CET 2026
3,.265976,9.0267,38.331258,4.246431,691.2,450,10.534,38.331258,38.38290228396006,.05164428396006,.001347,Mo 9. Feb 07:36:50 CET 2026
6,.531953,9.0267,38.331258,4.246431,691.2,450,10.534,38.331258,38.43481926995623,.10356126995623,.002701,Mo 9. Feb 07:37:04 CET 2026
9,.797929,9.0267,38.331258,4.246431,691.2,450,10.534,38.331258,38.48701196256181,.15575396256181,.004063,Mo 9. Feb 07:37:09 CET 2026
12,1.063906,9.0267,38.331258,4.246431,691.2,450,10.534,38.331258,38.539482510284245,.208224510284245,.005432,Mo 9. Feb 07:37:55 CET 2026
18,1.595859,9.0267,38.331258,4.246431,691.2,450,10.534,38.331258,38.64526674865861,.31400874865861,.008191,Mo 9. Feb 07:37:59 CET 2026
15,1.329882,9.0267,38.331258,4.246431,691.2,450,10.534,38.331258,38.5922331089951,.2609751089951,.006808,Mo 9. Feb 07:38:08 CET 2026
24,2.127812,9.0267,38.331258,4.246431,691.2,450,10.534,38.331258,38.75219250938118,.42093450938118,.010981,Mo 9. Feb 07:38:14 CET 2026
21,1.861836,9.0267,38.331258,4.246431,691.2,450,10.534,38.331258,38.698585558523106,.367327558523106,.009582,Mo 9. Feb 07:38:14 CET 2026
27,2.393789,9.0267,38.331258,4.246431,691.2,450,10.534,38.331258,38.80609002578845,.47483202578845,.012387,Mo 9. Feb 07:38:46 CET 2026
30,2.659765,9.0267,38.331258,4.246431,691.2,450,10.534,38.331258,38.8602805654644,.5290225654644,.013801,Mo 9. Feb 07:38:50 CET 2026
36,3.191719,9.0267,38.331258,4.246431,691.2,450,10.534,38.331258,38.969552348424685,.638294348424685,.016652,Mo 9. Feb 07:39:00 CET 2026
33,2.925742,9.0267,38.331258,4.246431,691.2,450,10.534,38.331258,38.91476694507413,.58350894507413,.015222,Mo 9. Feb 07:39:32 CET 2026
39,3.457695,9.0267,38.331258,4.246431,691.2,450,10.534,38.331258,39.02463865004056,.69338065004056,.018089,Mo 9. Feb 07:40:11 CET 2026
42,3.723672,9.0267,38.331258,4.246431,691.2,450,10.534,38.331258,39.080029133690324,.748771133690324,.019534,Mo 9. Feb 07:50:02 CET 2026
45,3.989648,9.0267,38.331258,4.246431,691.2,450,10.534,38.331258,39.135725886137195,.804467886137195,.020987,Mo 9. Feb 07:50:03 CET 2026
0,0,10.1000,41.312504,4.090347,691.2,450,10.534,41.312504,41.312504,0,0,Mo 9. Feb 07:50:05 CET 2026
3,.246783,10.1000,41.312504,4.090347,691.2,450,10.534,41.312504,41.368164904819565,.055660904819565,.001347,Mo 9. Feb 07:50:08 CET 2026
6,.493566,10.1000,41.312504,4.090347,691.2,450,10.534,41.312504,41.42411999031379,.11161599031379,.002701,Mo 9. Feb 07:53:38 CET 2026
12,.987132,10.1000,41.312504,4.090347,691.2,450,10.534,41.312504,41.536923122306256,.224419122306256,.005432,Mo 9. Feb 07:54:45 CET 2026
9,.740349,10.1000,41.312504,4.090347,691.2,450,10.534,41.312504,41.480371578078,.167867578078,.004063,Mo 9. Feb 07:54:51 CET 2026
15,1.233915,10.1000,41.312504,4.090347,691.2,450,10.534,41.312504,41.59377665235281,.28127265235281,.006808,Mo 9. Feb 07:55:01 CET 2026
30,2.467831,10.1000,41.312504,4.090347,691.2,450,10.534,41.312504,41.882671612054516,.570167612054516,.013801,Mo 9. Feb 07:55:49 CET 2026
24,1.974265,10.1000,41.312504,4.090347,691.2,450,10.534,41.312504,41.766177165871404,.453673165871404,.010981,Mo 9. Feb 07:55:51 CET 2026
21,1.727482,10.1000,41.312504,4.090347,691.2,450,10.534,41.312504,41.70840103556188,.39589703556188,.009582,Mo 9. Feb 07:55:52 CET 2026
18,1.480699,10.1000,41.312504,4.090347,691.2,450,10.534,41.312504,41.65093517534962,.33843117534962,.008191,Mo 9. Feb 07:56:03 CET 2026
27,2.221048,10.1000,41.312504,4.090347,691.2,450,10.534,41.312504,41.82426632859772,.51176232859772,.012387,Mo 9. Feb 07:56:07 CET 2026
33,2.714615,10.1000,41.312504,4.090347,691.2,450,10.534,41.312504,41.94139615248545,.62889215248545,.015222,Mo 9. Feb 07:56:40 CET 2026
39,3.208181,10.1000,41.312504,4.090347,691.2,450,10.534,41.312504,42.0598128111578,.7473088111578,.018089,Mo 9. Feb 07:56:41 CET 2026
36,2.961398,10.1000,41.312504,4.090347,691.2,450,10.534,41.312504,42.00044223644057,.68793823644057,.016652,Mo 9. Feb 07:56:43 CET 2026
42,3.454964,10.1000,41.312504,4.090347,691.2,450,10.534,41.312504,42.119511348228485,.807007348228485,.019534,Mo 9. Feb 07:56:54 CET 2026
45,3.701747,10.1000,41.312504,4.090347,691.2,450,10.534,41.312504,42.17954048830118,.86703648830118,.020987,Mo 9. Feb 07:58:01 CET 2026
0,0,6.8800,32.689652,4.751403,738.0,450,10.534,32.689652,32.68965200000002,.00000000000002,0,Mo 9. Feb 08:07:31 CET 2026
3,.332995,6.8800,32.689652,4.751403,738.0,450,10.534,32.689652,32.73369455174917,.04404255174917,.001347,Mo 9. Feb 08:07:49 CET 2026
6,.665991,6.8800,32.689652,4.751403,738.0,450,10.534,32.689652,32.77797061702548,.08831861702548,.002701,Mo 9. Feb 08:07:55 CET 2026
9,.998987,6.8800,32.689652,4.751403,738.0,450,10.534,32.689652,32.82248209801781,.13283009801781,.004063,Mo 9. Feb 08:08:16 CET 2026
12,1.331983,6.8800,32.689652,4.751403,738.0,450,10.534,32.689652,32.867229857136174,.177577857136174,.005432,Mo 9. Feb 08:11:27 CET 2026
15,1.664979,6.8800,32.689652,4.751403,738.0,450,10.534,32.689652,32.91221668424845,.22256468424845,.006808,Mo 9. Feb 08:12:29 CET 2026
18,1.997975,6.8800,32.689652,4.751403,738.0,450,10.534,32.689652,32.95744487777987,.26779287777987,.008191,Mo 9. Feb 08:12:54 CET 2026
21,2.330971,6.8800,32.689652,4.751403,738.0,450,10.534,32.689652,33.00291625983881,.31326425983881,.009582,Mo 9. Feb 08:13:29 CET 2026
24,2.663967,6.8800,32.689652,4.751403,738.0,450,10.534,32.689652,33.048633280669286,.358981280669286,.010981,Mo 9. Feb 08:13:33 CET 2026
27,2.996963,6.8800,32.689652,4.751403,738.0,450,10.534,32.689652,33.094598030989765,.404946030989765,.012387,Mo 9. Feb 08:13:33 CET 2026
30,3.329959,6.8800,32.689652,4.751403,738.0,450,10.534,32.689652,33.14081292057992,.45116092057992,.013801,Mo 9. Feb 08:13:44 CET 2026
36,3.995951,6.8800,32.689652,4.751403,738.0,450,10.534,32.689652,33.23400182504145,.54434982504145,.016652,Mo 9. Feb 08:13:50 CET 2026
33,3.662955,6.8800,32.689652,4.751403,738.0,450,10.534,32.689652,33.18728008277144,.49762808277144,.015222,Mo 9. Feb 08:14:06 CET 2026
42,4.661943,6.8800,32.689652,4.751403,738.0,450,10.534,32.689652,33.3282187036245,.6385667036245,.019534,Mo 9. Feb 08:14:25 CET 2026
45,4.994939,6.8800,32.689652,4.751403,738.0,450,10.534,32.689652,33.37571851469457,.68606651469457,.020987,Mo 9. Feb 08:14:27 CET 2026
0,0,7.9533,36.006656,4.527260,738.0,450,10.534,36.006656,36.006656000000014,.000000000000014,0,Mo 9. Feb 08:14:56 CET 2026
39,4.328947,6.8800,32.689652,4.751403,738.0,450,10.534,32.689652,33.2809806399833,.5913286399833,.018089,Mo 9. Feb 08:15:03 CET 2026
3,.302319,7.9533,36.006656,4.527260,738.0,450,10.534,36.006656,36.05516814084856,.04851214084856,.001347,Mo 9. Feb 08:16:03 CET 2026
12,1.209277,7.9533,36.006656,4.527260,738.0,450,10.534,36.006656,36.2022527084205,.1955967084205,.005432,Mo 9. Feb 08:25:09 CET 2026
6,.604638,7.9533,36.006656,4.527260,738.0,450,10.534,36.006656,36.10393682606786,.09728082606786,.002701,Mo 9. Feb 08:25:28 CET 2026
9,.906958,7.9533,36.006656,4.527260,738.0,450,10.534,36.006656,36.15296420848261,.14630820848261,.004063,Mo 9. Feb 08:25:32 CET 2026
15,1.511597,7.9533,36.006656,4.527260,738.0,450,10.534,36.006656,36.25180443005513,.24514843005513,.006808,Mo 9. Feb 08:26:05 CET 2026
18,1.813916,7.9533,36.006656,4.527260,738.0,450,10.534,36.006656,36.301621434081966,.294965434081966,.008191,Mo 9. Feb 08:29:46 CET 2026
21,2.116236,7.9533,36.006656,4.527260,738.0,450,10.534,36.006656,36.35170725806623,.34505125806623,.009582,Mo 9. Feb 08:30:03 CET 2026
24,2.418555,7.9533,36.006656,4.527260,738.0,450,10.534,36.006656,36.402062886427416,.395406886427416,.010981,Mo 9. Feb 08:30:44 CET 2026
27,2.720875,7.9533,36.006656,4.527260,738.0,450,10.534,36.006656,36.45269185850526,.44603585850526,.012387,Mo 9. Feb 08:31:13 CET 2026
39,3.930153,7.9533,36.006656,4.527260,738.0,450,10.534,36.006656,36.65798644997289,.65133044997289,.018089,Mo 9. Feb 08:31:23 CET 2026
30,3.023194,7.9533,36.006656,4.527260,738.0,450,10.534,36.006656,36.503595896664564,.496939896664564,.013801,Mo 9. Feb 08:31:31 CET 2026
36,3.627833,7.9533,36.006656,4.527260,738.0,450,10.534,36.006656,36.60624071545979,.59958471545979,.016652,Mo 9. Feb 08:31:35 CET 2026
33,3.325514,7.9533,36.006656,4.527260,738.0,450,10.534,36.006656,36.5547778882916,.5481218882916,.015222,Mo 9. Feb 08:31:43 CET 2026
42,4.232472,7.9533,36.006656,4.527260,738.0,450,10.534,36.006656,36.71001769211046,.70336169211046,.019534,Mo 9. Feb 08:31:55 CET 2026
45,4.534792,7.9533,36.006656,4.527260,738.0,450,10.534,36.006656,36.762337425132166,.755681425132166,.020987,Mo 9. Feb 08:32:13 CET 2026
0,0,9.0267,39.177547,4.340185,738.0,450,10.534,39.177547,39.177547,0,0,Mo 9. Feb 08:32:26 CET 2026
6,.555701,9.0267,39.177547,4.340185,738.0,450,10.534,39.177547,39.28339483583275,.10584783583275,.002701,Mo 9. Feb 08:32:41 CET 2026
3,.277850,9.0267,39.177547,4.340185,738.0,450,10.534,39.177547,39.23033130653558,.05278430653558,.001347,Mo 9. Feb 08:33:03 CET 2026
9,.833552,9.0267,39.177547,4.340185,738.0,450,10.534,39.177547,39.33673969318566,.15919269318566,.004063,Mo 9. Feb 08:33:58 CET 2026
12,1.111403,9.0267,39.177547,4.340185,738.0,450,10.534,39.177547,39.39036831917337,.21282131917337,.005432,Mo 9. Feb 08:42:56 CET 2026
15,1.389254,9.0267,39.177547,4.340185,738.0,450,10.534,39.177547,39.44428414323537,.26673714323537,.006808,Mo 9. Feb 08:43:25 CET 2026
18,1.667105,9.0267,39.177547,4.340185,738.0,450,10.534,39.177547,39.49848864326682,.32094164326682,.008191,Mo 9. Feb 08:43:32 CET 2026
21,1.944956,9.0267,39.177547,4.340185,738.0,450,10.534,39.177547,39.55298481578049,.37543781578049,.009582,Mo 9. Feb 08:44:05 CET 2026
24,2.222806,9.0267,39.177547,4.340185,738.0,450,10.534,39.177547,39.60777497435512,.43022797435512,.010981,Mo 9. Feb 08:47:27 CET 2026
27,2.500657,9.0267,39.177547,4.340185,738.0,450,10.534,39.177547,39.66286246559585,.48531546559585,.012387,Mo 9. Feb 08:47:50 CET 2026
30,2.778508,9.0267,39.177547,4.340185,738.0,450,10.534,39.177547,39.718249598924096,.540702598924096,.013801,Mo 9. Feb 08:48:49 CET 2026
39,3.612061,9.0267,39.177547,4.340185,738.0,450,10.534,39.177547,39.88623638851508,.70868938851508,.018089,Mo 9. Feb 08:49:01 CET 2026
33,3.056359,9.0267,39.177547,4.340185,738.0,450,10.534,39.177547,39.77393911607858,.59639211607858,.015222,Mo 9. Feb 08:49:05 CET 2026
36,3.334210,9.0267,39.177547,4.340185,738.0,450,10.534,39.177547,39.82993375628913,.65238675628913,.016652,Mo 9. Feb 08:49:16 CET 2026
42,3.889912,9.0267,39.177547,4.340185,738.0,450,10.534,39.177547,39.94284978890194,.76530278890194,.019534,Mo 9. Feb 08:49:25 CET 2026
45,4.167762,9.0267,39.177547,4.340185,738.0,450,10.534,39.177547,39.99977664773826,.82222964773826,.020987,Mo 9. Feb 08:49:29 CET 2026
0,0,10.1000,42.224615,4.180655,738.0,450,10.534,42.224615,42.224614999999986,-.000000000000014,0,Mo 9. Feb 08:49:38 CET 2026
3,.257800,10.1000,42.224615,4.180655,738.0,450,10.534,42.224615,42.281504723713226,.056889723713226,.001347,Mo 9. Feb 08:50:13 CET 2026
6,.515601,10.1000,42.224615,4.180655,738.0,450,10.534,42.224615,42.33869532688328,.11408032688328,.002701,Mo 9. Feb 08:50:20 CET 2026
9,.773401,10.1000,42.224615,4.180655,738.0,450,10.534,42.224615,42.39618890675485,.17157390675485,.004063,Mo 9. Feb 08:50:36 CET 2026
12,1.031202,10.1000,42.224615,4.180655,738.0,450,10.534,42.224615,42.45398911436856,.22937411436856,.005432,Mo 9. Feb 08:50:39 CET 2026
15,1.289003,10.1000,42.224615,4.180655,738.0,450,10.534,42.224615,42.51209790670842,.28748290670842,.006808,Mo 9. Feb 08:51:30 CET 2026
18,1.546803,10.1000,42.224615,4.180655,738.0,450,10.534,42.224615,42.570518418116905,.345903418116905,.008191,Mo 9. Feb 09:01:16 CET 2026
24,2.062404,10.1000,42.224615,4.180655,738.0,450,10.534,42.224615,42.688304478226286,.463689478226286,.010981,Mo 9. Feb 09:01:26 CET 2026
21,1.804604,10.1000,42.224615,4.180655,738.0,450,10.534,42.224615,42.62925277500979,.40463777500979,.009582,Mo 9. Feb 09:01:44 CET 2026
27,2.320205,10.1000,42.224615,4.180655,738.0,450,10.534,42.224615,42.747676474784555,.523061474784555,.012387,Mo 9. Feb 09:01:46 CET 2026
30,2.578006,10.1000,42.224615,4.180655,738.0,450,10.534,42.224615,42.80737132376161,.58275632376161,.013801,Mo 9. Feb 09:05:33 CET 2026
33,2.835806,10.1000,42.224615,4.180655,738.0,450,10.534,42.224615,42.86739196102479,.64277696102479,.015222,Mo 9. Feb 09:06:07 CET 2026
36,3.093607,10.1000,42.224615,4.180655,738.0,450,10.534,42.224615,42.927741761578815,.703126761578815,.016652,Mo 9. Feb 09:06:38 CET 2026
42,3.609208,10.1000,42.224615,4.180655,738.0,450,10.534,42.224615,43.04943982112673,.82482482112673,.019534,Mo 9. Feb 09:06:53 CET 2026
6,.458527,6.8800,27.124289,3.942484,421.6,500,10.575,27.124289,27.197572293187747,.073283293187747,.002701,Mo 9. Feb 09:06:58 CET 2026
39,3.351407,10.1000,42.224615,4.180655,738.0,450,10.534,42.224615,42.98842312998294,.76380812998294,.018089,Mo 9. Feb 09:06:58 CET 2026
45,3.867009,10.1000,42.224615,4.180655,738.0,450,10.534,42.224615,43.11079439443843,.88617939443843,.020987,Mo 9. Feb 09:07:02 CET 2026
3,.229263,6.8800,27.124289,3.942484,421.6,500,10.575,27.124289,27.16083386516492,.03654486516492,.001347,Mo 9. Feb 09:07:15 CET 2026
0,0,6.8800,27.124289,3.942484,421.6,500,10.575,27.124289,27.124288999999987,-.000000000000013,0,Mo 9. Feb 09:07:33 CET 2026
9,.687790,6.8800,27.124289,3.942484,421.6,500,10.575,27.124289,27.234505031502927,.110216031502927,.004063,Mo 9. Feb 09:07:54 CET 2026
12,.917054,6.8800,27.124289,3.942484,421.6,500,10.575,27.124289,27.271635235393777,.147346235393777,.005432,Mo 9. Feb 09:08:13 CET 2026
15,1.146318,6.8800,27.124289,3.942484,421.6,500,10.575,27.124289,27.308962537947817,.184673537947817,.006808,Mo 9. Feb 09:08:21 CET 2026
18,1.375581,6.8800,27.124289,3.942484,421.6,500,10.575,27.124289,27.34649050193917,.22220150193917,.008191,Mo 9. Feb 09:08:28 CET 2026
21,1.604845,6.8800,27.124289,3.942484,421.6,500,10.575,27.124289,27.384220516751622,.259931516751622,.009582,Mo 9. Feb 09:09:27 CET 2026
27,2.063372,6.8800,27.124289,3.942484,421.6,500,10.575,27.124289,27.460293658807117,.336004658807117,.012387,Mo 9. Feb 09:18:56 CET 2026
24,1.834109,6.8800,27.124289,3.942484,421.6,500,10.575,27.124289,27.42215434616669,.29786534616669,.010981,Mo 9. Feb 09:19:02 CET 2026
33,2.521899,6.8800,27.124289,3.942484,421.6,500,10.575,27.124289,27.537196643913614,.412907643913614,.015222,Mo 9. Feb 09:19:40 CET 2026
30,2.292636,6.8800,27.124289,3.942484,421.6,500,10.575,27.124289,27.498640576884114,.374351576884114,.013801,Mo 9. Feb 09:19:41 CET 2026
36,2.751163,6.8800,27.124289,3.942484,421.6,500,10.575,27.124289,27.575964191439496,.451675191439496,.016652,Mo 9. Feb 09:23:23 CET 2026
39,2.980427,6.8800,27.124289,3.942484,421.6,500,10.575,27.124289,27.614944911086045,.490655911086045,.018089,Mo 9. Feb 09:23:56 CET 2026
42,3.209690,6.8800,27.124289,3.942484,421.6,500,10.575,27.124289,27.654140707999755,.529851707999755,.019534,Mo 9. Feb 09:24:13 CET 2026
3,.208143,7.9533,29.876603,3.756504,421.6,500,10.575,29.876603,29.916856082480887,.040253082480887,.001347,Mo 9. Feb 09:24:58 CET 2026
0,0,7.9533,29.876603,3.756504,421.6,500,10.575,29.876603,29.87660300000001,.00000000000001,0,Mo 9. Feb 09:25:01 CET 2026
9,.624430,7.9533,29.876603,3.756504,421.6,500,10.575,29.876603,29.998002594018555,.121399594018555,.004063,Mo 9. Feb 09:25:02 CET 2026
6,.416287,7.9533,29.876603,3.756504,421.6,500,10.575,29.876603,29.957322130391947,.080719130391947,.002701,Mo 9. Feb 09:25:02 CET 2026
45,3.438954,6.8800,27.124289,3.942484,421.6,500,10.575,27.124289,27.693553715492737,.569264715492737,.020987,Mo 9. Feb 09:25:03 CET 2026
12,.832574,7.9533,29.876603,3.756504,421.6,500,10.575,29.876603,30.038899785042446,.162296785042446,.005432,Mo 9. Feb 09:25:38 CET 2026
21,1.457004,7.9533,29.876603,3.756504,421.6,500,10.575,29.876603,30.162909816307923,.286306816307923,.009582,Mo 9. Feb 09:26:03 CET 2026
15,1.040717,7.9533,29.876603,3.756504,421.6,500,10.575,29.876603,30.080015269856823,.203412269856823,.006808,Mo 9. Feb 09:26:05 CET 2026
24,1.665148,7.9533,29.876603,3.756504,421.6,500,10.575,29.876603,30.20469281234182,.32808981234182,.010981,Mo 9. Feb 09:26:07 CET 2026
18,1.248861,7.9533,29.876603,3.756504,421.6,500,10.575,29.876603,30.121351436889018,.244748436889018,.008191,Mo 9. Feb 09:26:19 CET 2026
27,1.873292,7.9533,29.876603,3.756504,421.6,500,10.575,29.876603,30.24670229096607,.37009929096607,.012387,Mo 9. Feb 09:27:03 CET 2026
33,2.289579,7.9533,29.876603,3.756504,421.6,500,10.575,29.876603,30.331408665670214,.454805665670214,.015222,Mo 9. Feb 09:37:01 CET 2026
30,2.081435,7.9533,29.876603,3.756504,421.6,500,10.575,29.876603,30.288940111622114,.412337111622114,.013801,Mo 9. Feb 09:37:07 CET 2026
39,2.705866,7.9533,29.876603,3.756504,421.6,500,10.575,29.876603,30.417045991876684,.540442991876684,.018089,Mo 9. Feb 09:37:27 CET 2026
36,2.497722,7.9533,29.876603,3.756504,421.6,500,10.575,29.876603,30.374109765069797,.497506765069797,.016652,Mo 9. Feb 09:37:51 CET 2026
42,2.914009,7.9533,29.876603,3.756504,421.6,500,10.575,29.876603,30.460218918092743,.583615918092743,.019534,Mo 9. Feb 09:41:11 CET 2026
45,3.122153,7.9533,29.876603,3.756504,421.6,500,10.575,29.876603,30.503631330589105,.627028330589105,.020987,Mo 9. Feb 09:41:42 CET 2026
0,0,9.0267,32.507656,3.601278,421.6,500,10.575,32.507656,32.507656,0,0,Mo 9. Feb 09:42:09 CET 2026
15,.956485,9.0267,32.507656,3.601278,421.6,500,10.575,32.507656,32.728981533498306,.221325533498306,.006808,Mo 9. Feb 09:42:26 CET 2026
3,.191297,9.0267,32.507656,3.601278,421.6,500,10.575,32.507656,32.551454151277156,.043798151277156,.001347,Mo 9. Feb 09:42:28 CET 2026
12,.765188,9.0267,32.507656,3.601278,421.6,500,10.575,32.507656,32.684245161217916,.176589161217916,.005432,Mo 9. Feb 09:42:44 CET 2026
6,.382594,9.0267,32.507656,3.601278,421.6,500,10.575,32.507656,32.595483407015784,.087827407015784,.002701,Mo 9. Feb 09:42:48 CET 2026
9,.573891,9.0267,32.507656,3.601278,421.6,500,10.575,32.507656,32.639746532414755,.132090532414755,.004063,Mo 9. Feb 09:43:06 CET 2026
18,1.147783,9.0267,32.507656,3.601278,421.6,500,10.575,32.507656,32.77395795447577,.26630195447577,.008191,Mo 9. Feb 09:43:12 CET 2026
21,1.339080,9.0267,32.507656,3.601278,421.6,500,10.575,32.507656,32.81917619014383,.31152019014383,.009582,Mo 9. Feb 09:43:43 CET 2026
30,1.912971,9.0267,32.507656,3.601278,421.6,500,10.575,32.507656,32.956305028196056,.448649028196056,.013801,Mo 9. Feb 09:43:45 CET 2026
27,1.721674,9.0267,32.507656,3.601278,421.6,500,10.575,32.507656,32.910347551148114,.402691551148114,.012387,Mo 9. Feb 09:43:52 CET 2026
24,1.530377,9.0267,32.507656,3.601278,421.6,500,10.575,32.507656,32.864638671728585,.356982671728585,.010981,Mo 9. Feb 09:44:00 CET 2026
33,2.104269,9.0267,32.507656,3.601278,421.6,500,10.575,32.507656,33.00251379495345,.49485779495345,.015222,Mo 9. Feb 09:44:33 CET 2026
39,2.486863,9.0267,32.507656,3.601278,421.6,500,10.575,32.507656,33.095692472903515,.588036472903515,.018089,Mo 9. Feb 09:54:46 CET 2026
36,2.295566,9.0267,32.507656,3.601278,421.6,500,10.575,32.507656,33.04897537037898,.54131937037898,.016652,Mo 9. Feb 09:54:48 CET 2026
42,2.678160,9.0267,32.507656,3.601278,421.6,500,10.575,32.507656,33.14266749167577,.63501149167577,.019534,Mo 9. Feb 09:55:28 CET 2026
45,2.869457,9.0267,32.507656,3.601278,421.6,500,10.575,32.507656,33.18990271781482,.68224671781482,.020987,Mo 9. Feb 09:55:41 CET 2026
0,0,10.1000,35.035940,3.468905,421.6,500,10.575,35.035940,35.03593999999999,-.00000000000001,0,Mo 9. Feb 09:59:00 CET 2026
3,.177492,10.1000,35.035940,3.468905,421.6,500,10.575,35.035940,35.083144345301385,.047204345301385,.001347,Mo 9. Feb 09:59:17 CET 2026
6,.354985,10.1000,35.035940,3.468905,421.6,500,10.575,35.035940,35.13059841778905,.09465841778905,.002701,Mo 9. Feb 09:59:49 CET 2026
12,.709970,10.1000,35.035940,3.468905,421.6,500,10.575,35.035940,35.22626337425374,.19032337425374,.005432,Mo 9. Feb 10:00:01 CET 2026
9,.532477,10.1000,35.035940,3.468905,421.6,500,10.575,35.035940,35.17830395323753,.14236395323753,.004063,Mo 9. Feb 10:00:28 CET 2026
18,1.064955,10.1000,35.035940,3.468905,421.6,500,10.575,35.035940,35.32295330751319,.28701330751319,.008191,Mo 9. Feb 10:00:32 CET 2026
24,1.419940,10.1000,35.035940,3.468905,421.6,500,10.575,35.035940,35.42068710066062,.38474710066062,.010981,Mo 9. Feb 10:00:47 CET 2026
21,1.242447,10.1000,35.035940,3.468905,421.6,500,10.575,35.035940,35.37168837734286,.33574837734286,.009582,Mo 9. Feb 10:00:51 CET 2026
15,.887462,10.1000,35.035940,3.468905,421.6,500,10.575,35.035940,35.27447921660677,.23853921660677,.006808,Mo 9. Feb 10:00:57 CET 2026
27,1.597432,10.1000,35.035940,3.468905,421.6,500,10.575,35.035940,35.46995082903745,.43401082903745,.012387,Mo 9. Feb 10:01:09 CET 2026
36,2.129910,10.1000,35.035940,3.468905,421.6,500,10.575,35.035940,35.61936026270318,.58342026270318,.016652,Mo 9. Feb 10:01:28 CET 2026
30,1.774925,10.1000,35.035940,3.468905,421.6,500,10.575,35.035940,35.519482895444405,.483542895444405,.013801,Mo 9. Feb 10:01:34 CET 2026
33,1.952417,10.1000,35.035940,3.468905,421.6,500,10.575,35.035940,35.569285128299825,.533345128299825,.015222,Mo 9. Feb 10:01:41 CET 2026
39,2.307402,10.1000,35.035940,3.468905,421.6,500,10.575,35.035940,35.66971092301385,.63377092301385,.018089,Mo 9. Feb 10:02:18 CET 2026
42,2.484895,10.1000,35.035940,3.468905,421.6,500,10.575,35.035940,35.720339585501826,.684399585501826,.019534,Mo 9. Feb 10:12:37 CET 2026
0,0,6.8800,27.840773,4.046624,455.9,500,10.575,27.840773,27.84077300000001,.00000000000001,0,Mo 9. Feb 10:12:51 CET 2026
45,2.662387,10.1000,35.035940,3.468905,421.6,500,10.575,35.035940,35.77124828351826,.73530828351826,.020987,Mo 9. Feb 10:12:52 CET 2026
3,.241535,6.8800,27.840773,4.046624,455.9,500,10.575,27.840773,27.878283316364186,.037510316364186,.001347,Mo 9. Feb 10:13:23 CET 2026
6,.483071,6.8800,27.840773,4.046624,455.9,500,10.575,27.840773,27.915991846882857,.075218846882857,.002701,Mo 9. Feb 10:16:38 CET 2026
9,.724606,6.8800,27.840773,4.046624,455.9,500,10.575,27.840773,27.953900152444454,.113127152444454,.004063,Mo 9. Feb 10:17:02 CET 2026
12,.966142,6.8800,27.840773,4.046624,455.9,500,10.575,27.840773,27.99201088795025,.15123788795025,.005432,Mo 9. Feb 10:17:16 CET 2026
15,1.207677,6.8800,27.840773,4.046624,455.9,500,10.575,27.840773,28.030324420605634,.189551420605634,.006808,Mo 9. Feb 10:17:20 CET 2026
21,1.690748,6.8800,27.840773,4.046624,455.9,500,10.575,27.840773,28.10757058574784,.26679758574784,.009582,Mo 9. Feb 10:18:09 CET 2026
24,1.932284,6.8800,27.840773,4.046624,455.9,500,10.575,27.840773,28.14650646291218,.30573346291218,.010981,Mo 9. Feb 10:18:11 CET 2026
18,1.449213,6.8800,27.840773,4.046624,455.9,500,10.575,27.840773,28.06884398516752,.22807098516752,.008191,Mo 9. Feb 10:18:11 CET 2026
27,2.173819,6.8800,27.840773,4.046624,455.9,500,10.575,27.840773,28.185653126923604,.344880126923604,.012387,Mo 9. Feb 10:18:23 CET 2026
30,2.415355,6.8800,27.840773,4.046624,455.9,500,10.575,27.840773,28.225012986665625,.384239986665625,.013801,Mo 9. Feb 10:18:28 CET 2026
33,2.656890,6.8800,27.840773,4.046624,455.9,500,10.575,27.840773,28.26458758986872,.42381458986872,.015222,Mo 9. Feb 10:18:49 CET 2026
36,2.898426,6.8800,27.840773,4.046624,455.9,500,10.575,27.840773,28.304379156243268,.463606156243268,.016652,Mo 9. Feb 10:19:02 CET 2026
39,3.139961,6.8800,27.840773,4.046624,455.9,500,10.575,27.840773,28.344389469210146,.503616469210146,.018089,Mo 9. Feb 10:19:04 CET 2026
42,3.381497,6.8800,27.840773,4.046624,455.9,500,10.575,27.840773,28.384620672955045,.543847672955045,.019534,Mo 9. Feb 10:19:30 CET 2026
45,3.623032,6.8800,27.840773,4.046624,455.9,500,10.575,27.840773,28.425074697726274,.584301697726274,.020987,Mo 9. Feb 10:19:59 CET 2026
0,0,7.9533,30.665793,3.855732,455.9,500,10.575,30.665793,30.665793000000004,.000000000000004,0,Mo 9. Feb 10:30:33 CET 2026
3,.219285,7.9533,30.665793,3.855732,455.9,500,10.575,30.665793,30.707108810976152,.041315810976152,.001347,Mo 9. Feb 10:30:39 CET 2026
6,.438570,7.9533,30.665793,3.855732,455.9,500,10.575,30.665793,30.748644367932666,.082851367932666,.002701,Mo 9. Feb 10:30:58 CET 2026
9,.657855,7.9533,30.665793,3.855732,455.9,500,10.575,30.665793,30.790399336444228,.124606336444228,.004063,Mo 9. Feb 10:31:01 CET 2026
12,.877140,7.9533,30.665793,3.855732,455.9,500,10.575,30.665793,30.832376935315096,.166583935315096,.005432,Mo 9. Feb 10:34:39 CET 2026
15,1.096425,7.9533,30.665793,3.855732,455.9,500,10.575,30.665793,30.874578420291254,.208785420291254,.006808,Mo 9. Feb 10:35:07 CET 2026
21,1.534995,7.9533,30.665793,3.855732,455.9,500,10.575,30.665793,30.959662725996438,.293869725996438,.009582,Mo 9. Feb 10:35:14 CET 2026
18,1.315710,7.9533,30.665793,3.855732,455.9,500,10.575,30.665793,30.91700642647004,.25121342647004,.008191,Mo 9. Feb 10:35:15 CET 2026
24,1.754280,7.9533,30.665793,3.855732,455.9,500,10.575,30.665793,31.00254940866258,.33675640866258,.010981,Mo 9. Feb 10:35:49 CET 2026
27,1.973565,7.9533,30.665793,3.855732,455.9,500,10.575,30.665793,31.045668401880217,.379875401880217,.012387,Mo 9. Feb 10:35:54 CET 2026
33,2.412135,7.9533,30.665793,3.855732,455.9,500,10.575,30.665793,31.13261225582537,.46681925582537,.015222,Mo 9. Feb 10:36:06 CET 2026
30,2.192850,7.9533,30.665793,3.855732,455.9,500,10.575,30.665793,31.089022128644157,.423229128644157,.013801,Mo 9. Feb 10:36:12 CET 2026
42,3.069990,7.9533,30.665793,3.855732,455.9,500,10.575,30.665793,31.26482509888404,.59903209888404,.019534,Mo 9. Feb 10:36:42 CET 2026
45,3.289275,7.9533,30.665793,3.855732,455.9,500,10.575,30.665793,31.309384250440043,.643591250440043,.020987,Mo 9. Feb 10:36:47 CET 2026
39,2.850705,7.9533,30.665793,3.855732,455.9,500,10.575,30.665793,31.22051184365815,.55471884365815,.018089,Mo 9. Feb 10:36:48 CET 2026
36,2.631420,7.9533,30.665793,3.855732,455.9,500,10.575,30.665793,31.176441677733,.510648677733,.016652,Mo 9. Feb 10:36:55 CET 2026
0,0,9.0267,33.366348,3.696406,455.9,500,10.575,33.366348,33.36634800000001,.00000000000001,0,Mo 9. Feb 10:36:56 CET 2026
3,.201536,9.0267,33.366348,3.696406,455.9,500,10.575,33.366348,33.41130268148408,.04495468148408,.001347,Mo 9. Feb 10:37:26 CET 2026
9,.604610,9.0267,33.366348,3.696406,455.9,500,10.575,33.366348,33.50192779507087,.13557979507087,.004063,Mo 9. Feb 10:48:03 CET 2026
6,.403073,9.0267,33.366348,3.696406,455.9,500,10.575,33.366348,33.45649506605138,.09014706605138,.002701,Mo 9. Feb 10:48:18 CET 2026
15,1.007684,9.0267,33.366348,3.696406,455.9,500,10.575,33.366348,33.59351975585263,.22717175585263,.006808,Mo 9. Feb 10:48:24 CET 2026
12,.806147,9.0267,33.366348,3.696406,455.9,500,10.575,33.366348,33.547602098189856,.181254098189856,.005432,Mo 9. Feb 10:48:46 CET 2026
18,1.209221,9.0267,33.366348,3.696406,455.9,500,10.575,33.366348,33.63968447556639,.27333647556639,.008191,Mo 9. Feb 10:52:36 CET 2026
21,1.410758,9.0267,33.366348,3.696406,455.9,500,10.575,33.366348,33.686096529244935,.319748529244935,.009582,Mo 9. Feb 10:52:59 CET 2026
27,1.813832,9.0267,33.366348,3.696406,455.9,500,10.575,33.366348,33.77967642588567,.41332842588567,.012387,Mo 9. Feb 10:53:05 CET 2026
24,1.612295,9.0267,33.366348,3.696406,455.9,500,10.575,33.366348,33.73276038181253,.36641238181253,.010981,Mo 9. Feb 10:53:20 CET 2026
33,2.216906,9.0267,33.366348,3.696406,455.9,500,10.575,33.366348,33.87427696636631,.50792896636631,.015222,Mo 9. Feb 10:53:32 CET 2026
36,2.418443,9.0267,33.366348,3.696406,455.9,500,10.575,33.366348,33.921966315596194,.555618315596194,.016652,Mo 9. Feb 10:53:48 CET 2026
30,2.015369,9.0267,33.366348,3.696406,455.9,500,10.575,33.366348,33.82684821673166,.46050021673166,.013801,Mo 9. Feb 10:54:03 CET 2026
39,2.619979,9.0267,33.366348,3.696406,455.9,500,10.575,33.366348,33.96991716766109,.60356916766109,.018089,Mo 9. Feb 10:54:14 CET 2026
0,0,10.1000,35.961403,3.560535,455.9,500,10.575,35.961403,35.96140300000001,.00000000000001,0,Mo 9. Feb 10:54:23 CET 2026
42,2.821516,9.0267,33.366348,3.696406,455.9,500,10.575,33.366348,34.01813334602344,.65178534602344,.019534,Mo 9. Feb 10:54:25 CET 2026
6,.373986,10.1000,35.961403,3.560535,455.9,500,10.575,35.961403,36.05856163663094,.09715863663094,.002701,Mo 9. Feb 10:54:40 CET 2026
3,.186993,10.1000,35.961403,3.560535,455.9,500,10.575,35.961403,36.00985449552936,.04845149552936,.001347,Mo 9. Feb 10:54:40 CET 2026
45,3.023053,9.0267,33.366348,3.696406,455.9,500,10.575,33.366348,34.06661597901295,.70026797901295,.020987,Mo 9. Feb 10:54:48 CET 2026
9,.560979,10.1000,35.961403,3.560535,455.9,500,10.575,35.961403,36.10752759588873,.14612459588873,.004063,Mo 9. Feb 10:55:15 CET 2026
15,.934965,10.1000,35.961403,3.560535,455.9,500,10.575,35.961403,36.20624295898934,.24483995898934,.006808,Mo 9. Feb 11:05:38 CET 2026
12,.747972,10.1000,35.961403,3.560535,455.9,500,10.575,35.961403,36.156753587500155,.195350587500155,.005432,Mo 9. Feb 11:05:40 CET 2026
21,1.308952,10.1000,35.961403,3.560535,455.9,500,10.575,35.961403,36.30602053710102,.34461753710102,.009582,Mo 9. Feb 11:06:12 CET 2026
18,1.121959,10.1000,35.961403,3.560535,455.9,500,10.575,35.961403,36.25599774320075,.29459474320075,.008191,Mo 9. Feb 11:06:30 CET 2026
24,1.495945,10.1000,35.961403,3.560535,455.9,500,10.575,35.961403,36.35631350001926,.39491050001926,.010981,Mo 9. Feb 11:10:08 CET 2026
27,1.682938,10.1000,35.961403,3.560535,455.9,500,10.575,35.961403,36.4068781709374,.4454751709374,.012387,Mo 9. Feb 11:10:36 CET 2026
30,1.869931,10.1000,35.961403,3.560535,455.9,500,10.575,35.961403,36.45771841812162,.49631541812162,.013801,Mo 9. Feb 11:10:52 CET 2026
36,2.243918,10.1000,35.961403,3.560535,455.9,500,10.575,35.961403,36.560234282719335,.598831282719335,.016652,Mo 9. Feb 11:10:58 CET 2026
33,2.056925,10.1000,35.961403,3.560535,455.9,500,10.575,35.961403,36.50883599834961,.54743299834961,.015222,Mo 9. Feb 11:11:23 CET 2026
39,2.430911,10.1000,35.961403,3.560535,455.9,500,10.575,35.961403,36.61191485538727,.65051185538727,.018089,Mo 9. Feb 11:11:28 CET 2026
42,2.617904,10.1000,35.961403,3.560535,455.9,500,10.575,35.961403,36.66388098441135,.70247798441135,.019534,Mo 9. Feb 11:11:49 CET 2026
45,2.804897,10.1000,35.961403,3.560535,455.9,500,10.575,35.961403,36.716134725280064,.754731725280064,.020987,Mo 9. Feb 11:12:09 CET 2026
3,.281464,6.8800,30.054020,4.368317,573.5,500,10.575,30.054020,30.094512051530597,.040492051530597,.001347,Mo 9. Feb 11:12:20 CET 2026
12,1.125857,6.8800,30.054020,4.368317,573.5,500,10.575,30.054020,30.217280470069422,.163260470069422,.005432,Mo 9. Feb 11:12:31 CET 2026
9,.844393,6.8800,30.054020,4.368317,573.5,500,10.575,30.054020,30.1761404610051,.1221204610051,.004063,Mo 9. Feb 11:12:39 CET 2026
0,0,6.8800,30.054020,4.368317,573.5,500,10.575,30.054020,30.054020000000005,.000000000000005,0,Mo 9. Feb 11:12:45 CET 2026
6,.562928,6.8800,30.054020,4.368317,573.5,500,10.575,30.054020,30.135218247209473,.081198247209473,.002701,Mo 9. Feb 11:12:52 CET 2026
15,1.407322,6.8800,30.054020,4.368317,573.5,500,10.575,30.054020,30.25864033284001,.20462033284001,.006808,Mo 9. Feb 11:13:14 CET 2026
21,1.970251,6.8800,30.054020,4.368317,573.5,500,10.575,30.054020,30.342027157000583,.288007157000583,.009582,Mo 9. Feb 11:23:27 CET 2026
18,1.688786,6.8800,30.054020,4.368317,573.5,500,10.575,30.054020,30.30022181050607,.24620181050607,.008191,Mo 9. Feb 11:23:29 CET 2026
24,2.251715,6.8800,30.054020,4.368317,573.5,500,10.575,30.054020,30.384058129556493,.330038129556493,.010981,Mo 9. Feb 11:24:09 CET 2026
27,2.533180,6.8800,30.054020,4.368317,573.5,500,10.575,30.054020,30.426317064352865,.372297064352865,.012387,Mo 9. Feb 11:24:31 CET 2026
30,2.814644,6.8800,30.054020,4.368317,573.5,500,10.575,30.054020,30.468805731562615,.414785731562615,.013801,Mo 9. Feb 11:27:50 CET 2026
33,3.096109,6.8800,30.054020,4.368317,573.5,500,10.575,30.054020,30.511526447645334,.457506447645334,.015222,Mo 9. Feb 11:28:33 CET 2026
39,3.659038,6.8800,30.054020,4.368317,573.5,500,10.575,30.054020,30.597672374306807,.543652374306807,.018089,Mo 9. Feb 11:28:43 CET 2026
36,3.377573,6.8800,30.054020,4.368317,573.5,500,10.575,30.054020,30.554481230763898,.500461230763898,.016652,Mo 9. Feb 11:28:44 CET 2026
45,4.221966,6.8800,30.054020,4.368317,573.5,500,10.575,30.054020,30.684771765771316,.630751765771316,.020987,Mo 9. Feb 11:29:22 CET 2026
42,3.940502,6.8800,30.054020,4.368317,573.5,500,10.575,30.054020,30.64110172529919,.58708172529919,.019534,Mo 9. Feb 11:29:22 CET 2026
0,0,7.9533,33.103591,4.162246,573.5,500,10.575,33.103591,33.10359100000002,.00000000000002,0,Mo 9. Feb 11:29:31 CET 2026
3,.255535,7.9533,33.103591,4.162246,573.5,500,10.575,33.103591,33.14819196150493,.04460096150493,.001347,Mo 9. Feb 11:29:53 CET 2026
9,.766605,7.9533,33.103591,4.162246,573.5,500,10.575,33.103591,33.23810306188398,.13451206188398,.004063,Mo 9. Feb 11:30:21 CET 2026
6,.511070,7.9533,33.103591,4.162246,573.5,500,10.575,33.103591,33.193028632846136,.089437632846136,.002701,Mo 9. Feb 11:30:21 CET 2026
12,1.022140,7.9533,33.103591,4.162246,573.5,500,10.575,33.103591,33.28341744164942,.17982644164942,.005432,Mo 9. Feb 11:30:25 CET 2026
18,1.533211,7.9533,33.103591,4.162246,573.5,500,10.575,33.103591,33.3747748716788,.2711838716788,.008191,Mo 9. Feb 11:30:46 CET 2026
15,1.277676,7.9533,33.103591,4.162246,573.5,500,10.575,33.103591,33.32897411529091,.22538311529091,.006808,Mo 9. Feb 11:30:50 CET 2026
21,1.788746,7.9533,33.103591,4.162246,573.5,500,10.575,33.103591,33.42082210648589,.31723110648589,.009582,Mo 9. Feb 11:31:12 CET 2026
27,2.299816,7.9533,33.103591,4.162246,573.5,500,10.575,33.103591,33.51366479663589,.41007379663589,.012387,Mo 9. Feb 11:41:09 CET 2026
24,2.044281,7.9533,33.103591,4.162246,573.5,500,10.575,33.103591,33.46711790607776,.36352690607776,.010981,Mo 9. Feb 11:41:18 CET 2026
30,2.555352,7.9533,33.103591,4.162246,573.5,500,10.575,33.103591,33.560464913168,.456873913168,.013801,Mo 9. Feb 11:42:09 CET 2026
33,2.810887,7.9533,33.103591,4.162246,573.5,500,10.575,33.103591,33.607520457588485,.503929457588485,.015222,Mo 9. Feb 11:42:19 CET 2026
36,3.066422,7.9533,33.103591,4.162246,573.5,500,10.575,33.103591,33.654833879391184,.551242879391184,.016652,Mo 9. Feb 11:45:44 CET 2026
39,3.321957,7.9533,33.103591,4.162246,573.5,500,10.575,33.103591,33.702407463499924,.598816463499924,.018089,Mo 9. Feb 11:46:09 CET 2026
45,3.833028,7.9533,33.103591,4.162246,573.5,500,10.575,33.103591,33.79834498784846,.69475398784846,.020987,Mo 9. Feb 11:46:29 CET 2026
42,3.577493,7.9533,33.103591,4.162246,573.5,500,10.575,33.103591,33.750243791872755,.646652791872755,.019534,Mo 9. Feb 11:46:32 CET 2026
3,.234853,9.0267,36.018861,3.990258,573.5,500,10.575,36.018861,36.067389769309564,.048528769309564,.001347,Mo 9. Feb 11:46:51 CET 2026
0,0,9.0267,36.018861,3.990258,573.5,500,10.575,36.018861,36.01886100000001,.00000000000001,0,Mo 9. Feb 11:47:22 CET 2026
9,.704560,9.0267,36.018861,3.990258,573.5,500,10.575,36.018861,36.16521892208642,.14635792208642,.004063,Mo 9. Feb 11:47:25 CET 2026
6,.469707,9.0267,36.018861,3.990258,573.5,500,10.575,36.018861,36.11617473600505,.09731373600505,.002701,Mo 9. Feb 11:47:27 CET 2026
12,.939414,9.0267,36.018861,3.990258,573.5,500,10.575,36.018861,36.21452388452135,.19566288452135,.005432,Mo 9. Feb 11:47:59 CET 2026
18,1.409121,9.0267,36.018861,3.990258,573.5,500,10.575,36.018861,36.31392656947211,.29506556947211,.008191,Mo 9. Feb 11:48:09 CET 2026
21,1.643975,9.0267,36.018861,3.990258,573.5,500,10.575,36.018861,36.364029028359575,.345168028359575,.009582,Mo 9. Feb 11:48:23 CET 2026
15,1.174267,9.0267,36.018861,3.990258,573.5,500,10.575,36.018861,36.26409223939058,.24523123939058,.006808,Mo 9. Feb 11:48:28 CET 2026
24,1.878828,9.0267,36.018861,3.990258,573.5,500,10.575,36.018861,36.41440192731226,.39554092731226,.010981,Mo 9. Feb 11:48:50 CET 2026
27,2.113682,9.0267,36.018861,3.990258,573.5,500,10.575,36.018861,36.4650480339898,.4461870339898,.012387,Mo 9. Feb 11:48:55 CET 2026
30,2.348535,9.0267,36.018861,3.990258,573.5,500,10.575,36.018861,36.51596928226285,.49710828226285,.013801,Mo 9. Feb 11:59:01 CET 2026
33,2.583389,9.0267,36.018861,3.990258,573.5,500,10.575,36.018861,36.56716877083528,.54830777083528,.015222,Mo 9. Feb 11:59:17 CET 2026
39,3.053096,9.0267,36.018861,3.990258,573.5,500,10.575,36.018861,36.670411984836676,.651550984836676,.018089,Mo 9. Feb 11:59:54 CET 2026
36,2.818243,9.0267,36.018861,3.990258,573.5,500,10.575,36.018861,36.61864911021316,.59978811021316,.016652,Mo 9. Feb 12:00:09 CET 2026
42,3.287950,9.0267,36.018861,3.990258,573.5,500,10.575,36.018861,36.72246106945817,.70360006945817,.019534,Mo 9. Feb 12:03:31 CET 2026
45,3.522803,9.0267,36.018861,3.990258,573.5,500,10.575,36.018861,36.77479835923728,.75593735923728,.020987,Mo 9. Feb 12:03:51 CET 2026
3,.217905,10.1000,38.820218,3.843586,573.5,500,10.575,38.820218,38.87252027909179,.05230227909179,.001347,Mo 9. Feb 12:04:24 CET 2026
0,0,10.1000,38.820218,3.843586,573.5,500,10.575,38.820218,38.82021799999998,-.00000000000002,0,Mo 9. Feb 12:04:27 CET 2026
6,.435811,10.1000,38.820218,3.843586,573.5,500,10.575,38.820218,38.925100652885156,.104882652885156,.002701,Mo 9. Feb 12:04:28 CET 2026
9,.653716,10.1000,38.820218,3.843586,573.5,500,10.575,38.820218,38.977958899357965,.157740899357965,.004063,Mo 9. Feb 12:05:07 CET 2026
15,1.089528,10.1000,38.820218,3.843586,573.5,500,10.575,38.820218,39.084522233614706,.264304233614706,.006808,Mo 9. Feb 12:05:11 CET 2026
12,.871622,10.1000,38.820218,3.843586,573.5,500,10.575,38.820218,39.03109854751916,.21088054751916,.005432,Mo 9. Feb 12:05:26 CET 2026
18,1.307433,10.1000,38.820218,3.843586,573.5,500,10.575,38.820218,39.13823191162171,.31801391162171,.008191,Mo 9. Feb 12:05:49 CET 2026
21,1.525339,10.1000,38.820218,3.843586,573.5,500,10.575,38.820218,39.19223112341731,.37201312341731,.009582,Mo 9. Feb 12:05:54 CET 2026
24,1.743245,10.1000,38.820218,3.843586,573.5,500,10.575,38.820218,39.246522178545355,.426304178545355,.010981,Mo 9. Feb 12:06:20 CET 2026
30,2.179056,10.1000,38.820218,3.843586,573.5,500,10.575,38.820218,39.355989007108576,.535771007108576,.013801,Mo 9. Feb 12:06:24 CET 2026
27,1.961150,10.1000,38.820218,3.843586,573.5,500,10.575,38.820218,39.30110698975589,.48088898975589,.012387,Mo 9. Feb 12:06:26 CET 2026
33,2.396962,10.1000,38.820218,3.843586,573.5,500,10.575,38.820218,39.4111706027554,.5909526027554,.015222,Mo 9. Feb 12:06:50 CET 2026
36,2.614867,10.1000,38.820218,3.843586,573.5,500,10.575,38.820218,39.466654552778735,.646436552778735,.016652,Mo 9. Feb 12:16:37 CET 2026
39,2.832773,10.1000,38.820218,3.843586,573.5,500,10.575,38.820218,39.522443595685566,.702225595685566,.018089,Mo 9. Feb 12:17:02 CET 2026
42,3.050679,10.1000,38.820218,3.843586,573.5,500,10.575,38.820218,39.57854063848195,.75832263848195,.019534,Mo 9. Feb 12:17:21 CET 2026
45,3.268584,10.1000,38.820218,3.843586,573.5,500,10.575,38.820218,39.634948365539024,.814730365539024,.020987,Mo 9. Feb 12:17:48 CET 2026
0,0,6.8800,31.983510,4.648766,691.2,500,10.575,31.983510,31.983510000000013,.000000000000013,0,Mo 9. Feb 12:27:25 CET 2026
3,.318765,6.8800,31.983510,4.648766,691.2,500,10.575,31.983510,32.02660181352589,.04309181352589,.001347,Mo 9. Feb 12:28:10 CET 2026
6,.637530,6.8800,31.983510,4.648766,691.2,500,10.575,31.983510,32.06992149105918,.08641149105918,.002701,Mo 9. Feb 12:28:19 CET 2026
9,.956295,6.8800,31.983510,4.648766,691.2,500,10.575,31.983510,32.11347083359007,.12996083359007,.004063,Mo 9. Feb 12:28:38 CET 2026
12,1.275060,6.8800,31.983510,4.648766,691.2,500,10.575,31.983510,32.15725206324725,.17374206324725,.005432,Mo 9. Feb 12:28:41 CET 2026
15,1.593825,6.8800,31.983510,4.648766,691.2,500,10.575,31.983510,32.20126720061892,.21775720061892,.006808,Mo 9. Feb 12:29:09 CET 2026
18,1.912590,6.8800,31.983510,4.648766,691.2,500,10.575,31.983510,32.245518151082486,.262008151082486,.008191,Mo 9. Feb 12:29:29 CET 2026
21,2.231355,6.8800,31.983510,4.648766,691.2,500,10.575,31.983510,32.29000742353685,.30649742353685,.009582,Mo 9. Feb 12:29:54 CET 2026
27,2.868885,6.8800,31.983510,4.648766,691.2,500,10.575,31.983510,32.37970877448223,.39619877448223,.012387,Mo 9. Feb 12:29:56 CET 2026
24,2.550120,6.8800,31.983510,4.648766,691.2,500,10.575,31.983510,32.3347368081812,.3512268081812,.010981,Mo 9. Feb 12:30:09 CET 2026
30,3.187650,6.8800,31.983510,4.648766,691.2,500,10.575,31.983510,32.42492524816122,.44141524816122,.013801,Mo 9. Feb 12:30:31 CET 2026
33,3.506415,6.8800,31.983510,4.648766,691.2,500,10.575,31.983510,32.47038875427551,.48687875427551,.015222,Mo 9. Feb 12:30:46 CET 2026
39,4.143945,6.8800,31.983510,4.648766,691.2,500,10.575,31.983510,32.56206513180296,.57855513180296,.018089,Mo 9. Feb 12:30:50 CET 2026
36,3.825180,6.8800,31.983510,4.648766,691.2,500,10.575,31.983510,32.516101321336286,.532591321336286,.016652,Mo 9. Feb 12:31:04 CET 2026
0,0,7.9533,35.228863,4.429465,691.2,500,10.575,35.228863,35.22886300000002,.00000000000002,0,Mo 9. Feb 12:35:35 CET 2026
3,.289399,7.9533,35.228863,4.429465,691.2,500,10.575,35.228863,35.27632729796137,.04746429796137,.001347,Mo 9. Feb 12:35:43 CET 2026
42,4.462710,6.8800,31.983510,4.648766,691.2,500,10.575,31.983510,32.60828284655827,.62477284655827,.019534,Mo 9. Feb 12:41:21 CET 2026
45,4.781475,6.8800,31.983510,4.648766,691.2,500,10.575,31.983510,32.654756669949286,.671246669949286,.020987,Mo 9. Feb 12:41:40 CET 2026
6,.578799,7.9533,35.228863,4.429465,691.2,500,10.575,35.228863,35.32404257689655,.09517957689655,.002701,Mo 9. Feb 12:45:16 CET 2026
9,.868198,7.9533,35.228863,4.429465,691.2,500,10.575,35.228863,35.372010871339825,.143147871339825,.004063,Mo 9. Feb 12:46:01 CET 2026
15,1.446997,7.9533,35.228863,4.429465,691.2,500,10.575,35.228863,35.468715792143335,.239852792143335,.006808,Mo 9. Feb 12:46:13 CET 2026
12,1.157598,7.9533,35.228863,4.429465,691.2,500,10.575,35.228863,35.420234555431556,.191371555431556,.005432,Mo 9. Feb 12:46:14 CET 2026
18,1.736397,7.9533,35.228863,4.429465,691.2,500,10.575,35.228863,35.51745702027863,.28859402027863,.008191,Mo 9. Feb 12:46:20 CET 2026
21,2.025796,7.9533,35.228863,4.429465,691.2,500,10.575,35.228863,35.56646047760927,.33759747760927,.009582,Mo 9. Feb 12:47:05 CET 2026
30,2.893995,7.9533,35.228863,4.429465,691.2,500,10.575,35.228863,35.715068398295486,.486205398295486,.013801,Mo 9. Feb 12:47:24 CET 2026
24,2.315196,7.9533,35.228863,4.429465,691.2,500,10.575,35.228863,35.61572866421331,.38686566421331,.010981,Mo 9. Feb 12:47:30 CET 2026
27,2.604595,7.9533,35.228863,4.429465,691.2,500,10.575,35.228863,35.66526386550677,.43640086550677,.012387,Mo 9. Feb 12:47:51 CET 2026
33,3.183394,7.9533,35.228863,4.429465,691.2,500,10.575,35.228863,35.765145454266474,.536282454266474,.015222,Mo 9. Feb 12:47:58 CET 2026
36,3.472794,7.9533,35.228863,4.429465,691.2,500,10.575,35.228863,35.81549598164725,.58663298164725,.016652,Mo 9. Feb 12:48:23 CET 2026
42,4.051593,7.9533,35.228863,4.429465,691.2,500,10.575,35.228863,35.91703132416326,.68816832416326,.019534,Mo 9. Feb 12:48:37 CET 2026
45,4.340993,7.9533,35.228863,4.429465,691.2,500,10.575,35.228863,35.96822054483412,.73935754483412,.020987,Mo 9. Feb 12:48:59 CET 2026
39,3.762193,7.9533,35.228863,4.429465,691.2,500,10.575,35.228863,35.866123890422706,.637260890422706,.018089,Mo 9. Feb 12:49:16 CET 2026
0,0,9.0267,38.331258,4.246431,691.2,500,10.575,38.331258,38.33125800000002,.00000000000002,0,Mo 9. Feb 12:53:20 CET 2026
3,.265976,9.0267,38.331258,4.246431,691.2,500,10.575,38.331258,38.38290228396006,.05164428396006,.001347,Mo 9. Feb 12:53:42 CET 2026
6,.531953,9.0267,38.331258,4.246431,691.2,500,10.575,38.331258,38.43481926995623,.10356126995623,.002701,Mo 9. Feb 12:59:16 CET 2026
9,.797929,9.0267,38.331258,4.246431,691.2,500,10.575,38.331258,38.48701196256181,.15575396256181,.004063,Mo 9. Feb 12:59:43 CET 2026
12,1.063906,9.0267,38.331258,4.246431,691.2,500,10.575,38.331258,38.539482510284245,.208224510284245,.005432,Mo 9. Feb 13:03:09 CET 2026
18,1.595859,9.0267,38.331258,4.246431,691.2,500,10.575,38.331258,38.64526674865861,.31400874865861,.008191,Mo 9. Feb 13:03:40 CET 2026
15,1.329882,9.0267,38.331258,4.246431,691.2,500,10.575,38.331258,38.5922331089951,.2609751089951,.006808,Mo 9. Feb 13:03:44 CET 2026
21,1.861836,9.0267,38.331258,4.246431,691.2,500,10.575,38.331258,38.698585558523106,.367327558523106,.009582,Mo 9. Feb 13:03:53 CET 2026
24,2.127812,9.0267,38.331258,4.246431,691.2,500,10.575,38.331258,38.75219250938118,.42093450938118,.010981,Mo 9. Feb 13:04:37 CET 2026
27,2.393789,9.0267,38.331258,4.246431,691.2,500,10.575,38.331258,38.80609002578845,.47483202578845,.012387,Mo 9. Feb 13:05:00 CET 2026
33,2.925742,9.0267,38.331258,4.246431,691.2,500,10.575,38.331258,38.91476694507413,.58350894507413,.015222,Mo 9. Feb 13:05:16 CET 2026
30,2.659765,9.0267,38.331258,4.246431,691.2,500,10.575,38.331258,38.8602805654644,.5290225654644,.013801,Mo 9. Feb 13:05:21 CET 2026
36,3.191719,9.0267,38.331258,4.246431,691.2,500,10.575,38.331258,38.969552348424685,.638294348424685,.016652,Mo 9. Feb 13:05:36 CET 2026
39,3.457695,9.0267,38.331258,4.246431,691.2,500,10.575,38.331258,39.02463865004056,.69338065004056,.018089,Mo 9. Feb 13:05:49 CET 2026
42,3.723672,9.0267,38.331258,4.246431,691.2,500,10.575,38.331258,39.080029133690324,.748771133690324,.019534,Mo 9. Feb 13:05:59 CET 2026
45,3.989648,9.0267,38.331258,4.246431,691.2,500,10.575,38.331258,39.135725886137195,.804467886137195,.020987,Mo 9. Feb 13:06:24 CET 2026
0,0,10.1000,41.312504,4.090347,691.2,500,10.575,41.312504,41.312504,0,0,Mo 9. Feb 13:06:33 CET 2026
3,.246783,10.1000,41.312504,4.090347,691.2,500,10.575,41.312504,41.368164904819565,.055660904819565,.001347,Mo 9. Feb 13:06:48 CET 2026
6,.493566,10.1000,41.312504,4.090347,691.2,500,10.575,41.312504,41.42411999031379,.11161599031379,.002701,Mo 9. Feb 13:11:26 CET 2026
9,.740349,10.1000,41.312504,4.090347,691.2,500,10.575,41.312504,41.480371578078,.167867578078,.004063,Mo 9. Feb 13:11:42 CET 2026
12,.987132,10.1000,41.312504,4.090347,691.2,500,10.575,41.312504,41.536923122306256,.224419122306256,.005432,Mo 9. Feb 13:17:05 CET 2026
15,1.233915,10.1000,41.312504,4.090347,691.2,500,10.575,41.312504,41.59377665235281,.28127265235281,.006808,Mo 9. Feb 13:17:24 CET 2026
18,1.480699,10.1000,41.312504,4.090347,691.2,500,10.575,41.312504,41.65093517534962,.33843117534962,.008191,Mo 9. Feb 13:21:11 CET 2026
21,1.727482,10.1000,41.312504,4.090347,691.2,500,10.575,41.312504,41.70840103556188,.39589703556188,.009582,Mo 9. Feb 13:21:31 CET 2026
24,1.974265,10.1000,41.312504,4.090347,691.2,500,10.575,41.312504,41.766177165871404,.453673165871404,.010981,Mo 9. Feb 13:21:38 CET 2026
27,2.221048,10.1000,41.312504,4.090347,691.2,500,10.575,41.312504,41.82426632859772,.51176232859772,.012387,Mo 9. Feb 13:21:46 CET 2026
30,2.467831,10.1000,41.312504,4.090347,691.2,500,10.575,41.312504,41.882671612054516,.570167612054516,.013801,Mo 9. Feb 13:22:29 CET 2026
33,2.714615,10.1000,41.312504,4.090347,691.2,500,10.575,41.312504,41.94139615248545,.62889215248545,.015222,Mo 9. Feb 13:23:02 CET 2026
42,3.454964,10.1000,41.312504,4.090347,691.2,500,10.575,41.312504,42.119511348228485,.807007348228485,.019534,Mo 9. Feb 13:23:05 CET 2026
36,2.961398,10.1000,41.312504,4.090347,691.2,500,10.575,41.312504,42.00044223644057,.68793823644057,.016652,Mo 9. Feb 13:23:09 CET 2026
39,3.208181,10.1000,41.312504,4.090347,691.2,500,10.575,41.312504,42.0598128111578,.7473088111578,.018089,Mo 9. Feb 13:23:27 CET 2026
45,3.701747,10.1000,41.312504,4.090347,691.2,500,10.575,41.312504,42.17954048830118,.86703648830118,.020987,Mo 9. Feb 13:23:34 CET 2026
0,0,6.8800,32.689652,4.751403,738.0,500,10.575,32.689652,32.68965200000002,.00000000000002,0,Mo 9. Feb 13:23:48 CET 2026
3,.332995,6.8800,32.689652,4.751403,738.0,500,10.575,32.689652,32.73369455174917,.04404255174917,.001347,Mo 9. Feb 13:24:03 CET 2026
6,.665991,6.8800,32.689652,4.751403,738.0,500,10.575,32.689652,32.77797061702548,.08831861702548,.002701,Mo 9. Feb 13:24:09 CET 2026
9,.998987,6.8800,32.689652,4.751403,738.0,500,10.575,32.689652,32.82248209801781,.13283009801781,.004063,Mo 9. Feb 13:24:37 CET 2026
12,1.331983,6.8800,32.689652,4.751403,738.0,500,10.575,32.689652,32.867229857136174,.177577857136174,.005432,Mo 9. Feb 13:28:59 CET 2026
15,1.664979,6.8800,32.689652,4.751403,738.0,500,10.575,32.689652,32.91221668424845,.22256468424845,.006808,Mo 9. Feb 13:29:34 CET 2026
18,1.997975,6.8800,32.689652,4.751403,738.0,500,10.575,32.689652,32.95744487777987,.26779287777987,.008191,Mo 9. Feb 13:34:52 CET 2026
21,2.330971,6.8800,32.689652,4.751403,738.0,500,10.575,32.689652,33.00291625983881,.31326425983881,.009582,Mo 9. Feb 13:35:30 CET 2026
30,3.329959,6.8800,32.689652,4.751403,738.0,500,10.575,32.689652,33.14081292057992,.45116092057992,.013801,Mo 9. Feb 13:39:05 CET 2026
24,2.663967,6.8800,32.689652,4.751403,738.0,500,10.575,32.689652,33.048633280669286,.358981280669286,.010981,Mo 9. Feb 13:39:18 CET 2026
27,2.996963,6.8800,32.689652,4.751403,738.0,500,10.575,32.689652,33.094598030989765,.404946030989765,.012387,Mo 9. Feb 13:39:29 CET 2026
33,3.662955,6.8800,32.689652,4.751403,738.0,500,10.575,32.689652,33.18728008277144,.49762808277144,.015222,Mo 9. Feb 13:39:52 CET 2026
36,3.995951,6.8800,32.689652,4.751403,738.0,500,10.575,32.689652,33.23400182504145,.54434982504145,.016652,Mo 9. Feb 13:40:30 CET 2026
39,4.328947,6.8800,32.689652,4.751403,738.0,500,10.575,32.689652,33.2809806399833,.5913286399833,.018089,Mo 9. Feb 13:40:48 CET 2026
42,4.661943,6.8800,32.689652,4.751403,738.0,500,10.575,32.689652,33.3282187036245,.6385667036245,.019534,Mo 9. Feb 13:40:52 CET 2026
0,0,7.9533,36.006656,4.527260,738.0,500,10.575,36.006656,36.006656000000014,.000000000000014,0,Mo 9. Feb 13:41:01 CET 2026
45,4.994939,6.8800,32.689652,4.751403,738.0,500,10.575,32.689652,33.37571851469457,.68606651469457,.020987,Mo 9. Feb 13:41:09 CET 2026
3,.302319,7.9533,36.006656,4.527260,738.0,500,10.575,36.006656,36.05516814084856,.04851214084856,.001347,Mo 9. Feb 13:41:10 CET 2026
9,.906958,7.9533,36.006656,4.527260,738.0,500,10.575,36.006656,36.15296420848261,.14630820848261,.004063,Mo 9. Feb 13:41:46 CET 2026
6,.604638,7.9533,36.006656,4.527260,738.0,500,10.575,36.006656,36.10393682606786,.09728082606786,.002701,Mo 9. Feb 13:41:50 CET 2026
12,1.209277,7.9533,36.006656,4.527260,738.0,500,10.575,36.006656,36.2022527084205,.1955967084205,.005432,Mo 9. Feb 13:42:19 CET 2026
15,1.511597,7.9533,36.006656,4.527260,738.0,500,10.575,36.006656,36.25180443005513,.24514843005513,.006808,Mo 9. Feb 13:42:26 CET 2026
18,1.813916,7.9533,36.006656,4.527260,738.0,500,10.575,36.006656,36.301621434081966,.294965434081966,.008191,Mo 9. Feb 13:46:56 CET 2026
21,2.116236,7.9533,36.006656,4.527260,738.0,500,10.575,36.006656,36.35170725806623,.34505125806623,.009582,Mo 9. Feb 13:47:15 CET 2026
24,2.418555,7.9533,36.006656,4.527260,738.0,500,10.575,36.006656,36.402062886427416,.395406886427416,.010981,Mo 9. Feb 13:52:31 CET 2026
27,2.720875,7.9533,36.006656,4.527260,738.0,500,10.575,36.006656,36.45269185850526,.44603585850526,.012387,Mo 9. Feb 13:53:18 CET 2026
30,3.023194,7.9533,36.006656,4.527260,738.0,500,10.575,36.006656,36.503595896664564,.496939896664564,.013801,Mo 9. Feb 13:56:52 CET 2026
33,3.325514,7.9533,36.006656,4.527260,738.0,500,10.575,36.006656,36.5547778882916,.5481218882916,.015222,Mo 9. Feb 13:56:57 CET 2026
36,3.627833,7.9533,36.006656,4.527260,738.0,500,10.575,36.006656,36.60624071545979,.59958471545979,.016652,Mo 9. Feb 13:57:29 CET 2026
39,3.930153,7.9533,36.006656,4.527260,738.0,500,10.575,36.006656,36.65798644997289,.65133044997289,.018089,Mo 9. Feb 13:57:49 CET 2026
42,4.232472,7.9533,36.006656,4.527260,738.0,500,10.575,36.006656,36.71001769211046,.70336169211046,.019534,Mo 9. Feb 13:58:18 CET 2026
0,0,9.0267,39.177547,4.340185,738.0,500,10.575,39.177547,39.177547,0,0,Mo 9. Feb 13:58:48 CET 2026
45,4.534792,7.9533,36.006656,4.527260,738.0,500,10.575,36.006656,36.762337425132166,.755681425132166,.020987,Mo 9. Feb 13:58:55 CET 2026
3,.277850,9.0267,39.177547,4.340185,738.0,500,10.575,39.177547,39.23033130653558,.05278430653558,.001347,Mo 9. Feb 13:58:59 CET 2026
9,.833552,9.0267,39.177547,4.340185,738.0,500,10.575,39.177547,39.33673969318566,.15919269318566,.004063,Mo 9. Feb 13:59:13 CET 2026
6,.555701,9.0267,39.177547,4.340185,738.0,500,10.575,39.177547,39.28339483583275,.10584783583275,.002701,Mo 9. Feb 13:59:15 CET 2026
12,1.111403,9.0267,39.177547,4.340185,738.0,500,10.575,39.177547,39.39036831917337,.21282131917337,.005432,Mo 9. Feb 13:59:21 CET 2026
15,1.389254,9.0267,39.177547,4.340185,738.0,500,10.575,39.177547,39.44428414323537,.26673714323537,.006808,Mo 9. Feb 13:59:35 CET 2026
21,1.944956,9.0267,39.177547,4.340185,738.0,500,10.575,39.177547,39.55298481578049,.37543781578049,.009582,Mo 9. Feb 14:00:12 CET 2026
18,1.667105,9.0267,39.177547,4.340185,738.0,500,10.575,39.177547,39.49848864326682,.32094164326682,.008191,Mo 9. Feb 14:00:22 CET 2026
24,2.222806,9.0267,39.177547,4.340185,738.0,500,10.575,39.177547,39.60777497435512,.43022797435512,.010981,Mo 9. Feb 14:04:55 CET 2026
27,2.500657,9.0267,39.177547,4.340185,738.0,500,10.575,39.177547,39.66286246559585,.48531546559585,.012387,Mo 9. Feb 14:05:03 CET 2026
30,2.778508,9.0267,39.177547,4.340185,738.0,500,10.575,39.177547,39.718249598924096,.540702598924096,.013801,Mo 9. Feb 14:10:29 CET 2026
33,3.056359,9.0267,39.177547,4.340185,738.0,500,10.575,39.177547,39.77393911607858,.59639211607858,.015222,Mo 9. Feb 14:11:16 CET 2026
36,3.334210,9.0267,39.177547,4.340185,738.0,500,10.575,39.177547,39.82993375628913,.65238675628913,.016652,Mo 9. Feb 14:14:36 CET 2026
39,3.612061,9.0267,39.177547,4.340185,738.0,500,10.575,39.177547,39.88623638851508,.70868938851508,.018089,Mo 9. Feb 14:14:53 CET 2026
42,3.889912,9.0267,39.177547,4.340185,738.0,500,10.575,39.177547,39.94284978890194,.76530278890194,.019534,Mo 9. Feb 14:15:04 CET 2026
45,4.167762,9.0267,39.177547,4.340185,738.0,500,10.575,39.177547,39.99977664773826,.82222964773826,.020987,Mo 9. Feb 14:15:55 CET 2026
0,0,10.1000,42.224615,4.180655,738.0,500,10.575,42.224615,42.224614999999986,-.000000000000014,0,Mo 9. Feb 14:16:10 CET 2026
6,.515601,10.1000,42.224615,4.180655,738.0,500,10.575,42.224615,42.33869532688328,.11408032688328,.002701,Mo 9. Feb 14:16:32 CET 2026
9,.773401,10.1000,42.224615,4.180655,738.0,500,10.575,42.224615,42.39618890675485,.17157390675485,.004063,Mo 9. Feb 14:16:32 CET 2026
12,1.031202,10.1000,42.224615,4.180655,738.0,500,10.575,42.224615,42.45398911436856,.22937411436856,.005432,Mo 9. Feb 14:16:41 CET 2026
15,1.289003,10.1000,42.224615,4.180655,738.0,500,10.575,42.224615,42.51209790670842,.28748290670842,.006808,Mo 9. Feb 14:16:42 CET 2026
3,.257800,10.1000,42.224615,4.180655,738.0,500,10.575,42.224615,42.281504723713226,.056889723713226,.001347,Mo 9. Feb 14:16:49 CET 2026
18,1.546803,10.1000,42.224615,4.180655,738.0,500,10.575,42.224615,42.570518418116905,.345903418116905,.008191,Mo 9. Feb 14:16:51 CET 2026
21,1.804604,10.1000,42.224615,4.180655,738.0,500,10.575,42.224615,42.62925277500979,.40463777500979,.009582,Mo 9. Feb 14:17:01 CET 2026
27,2.320205,10.1000,42.224615,4.180655,738.0,500,10.575,42.224615,42.747676474784555,.523061474784555,.012387,Mo 9. Feb 14:17:17 CET 2026
24,2.062404,10.1000,42.224615,4.180655,738.0,500,10.575,42.224615,42.688304478226286,.463689478226286,.010981,Mo 9. Feb 14:17:25 CET 2026
33,2.835806,10.1000,42.224615,4.180655,738.0,500,10.575,42.224615,42.86739196102479,.64277696102479,.015222,Mo 9. Feb 14:19:26 CET 2026
30,2.578006,10.1000,42.224615,4.180655,738.0,500,10.575,42.224615,42.80737132376161,.58275632376161,.013801,Mo 9. Feb 14:19:31 CET 2026
36,3.093607,10.1000,42.224615,4.180655,738.0,500,10.575,42.224615,42.927741761578815,.703126761578815,.016652,Mo 9. Feb 14:22:00 CET 2026
39,3.351407,10.1000,42.224615,4.180655,738.0,500,10.575,42.224615,42.98842312998294,.76380812998294,.018089,Mo 9. Feb 14:22:02 CET 2026
45,3.867009,10.1000,42.224615,4.180655,738.0,500,10.575,42.224615,43.11079439443843,.88617939443843,.020987,Mo 9. Feb 14:23:37 CET 2026
42,3.609208,10.1000,42.224615,4.180655,738.0,500,10.575,42.224615,43.04943982112673,.82482482112673,.019534,Mo 9. Feb 14:23:40 CET 2026
