Force_Target_N,Force_Actual_N,Aspect_Ratio_a_b,muscle_b_cm,muscle_a_cm,Volume_cm3,Am,Rho,Initial_Length_cm,Final_Length_cm,Elongation_cm,Strain,Completed_Date
42,54.247956,6.8800,27.124289,3.942484,421.6,550,10.493,27.124289,44.94972166315087,17.82543266315087,.657176,Mo 9. Feb 15:54:04 CET 2026
18,23.249124,6.8800,27.124289,3.942484,421.6,550,10.493,27.124289,32.21187538431598,5.08758638431598,.187565,Mo 9. Feb 15:54:04 CET 2026
24,30.998832,6.8800,27.124289,3.942484,421.6,550,10.493,27.124289,34.86775613195964,7.74346713195964,.285480,Mo 9. Feb 15:54:05 CET 2026
45,58.122810,6.8800,27.124289,3.942484,421.6,550,10.493,27.124289,46.29373689409372,19.16944789409372,.706726,Mo 9. Feb 15:54:10 CET 2026
27,34.873686,6.8800,27.124289,3.942484,421.6,550,10.493,27.124289,36.446956132377025,9.322667132377025,.343701,Mo 9. Feb 15:54:16 CET 2026
21,27.123978,6.8800,27.124289,3.942484,421.6,550,10.493,27.124289,33.458103003409875,6.333814003409875,.233510,Mo 9. Feb 15:54:17 CET 2026
21,24.625281,7.9533,29.876603,3.756504,421.6,550,10.493,29.876603,36.85311102944402,6.97650802944402,.233510,Mo 9. Feb 15:54:17 CET 2026
18,21.107384,7.9533,29.876603,3.756504,421.6,550,10.493,29.876603,35.48042890931641,5.60382590931641,.187565,Mo 9. Feb 15:54:17 CET 2026
39,50.373102,6.8800,27.124289,3.942484,421.6,550,10.493,27.124289,43.43691847219704,16.31262947219704,.601403,Mo 9. Feb 15:54:18 CET 2026
12,15.499416,6.8800,27.124289,3.942484,421.6,550,10.493,27.124289,30.133585894440845,3.009296894440845,.110944,Mo 9. Feb 15:54:19 CET 2026
3,3.874854,6.8800,27.124289,3.942484,421.6,550,10.493,27.124289,27.769095985182467,.644806985182467,.023772,Mo 9. Feb 15:54:22 CET 2026
36,46.498248,6.8800,27.124289,3.942484,421.6,550,10.493,27.124289,41.763333361596644,14.639044361596644,.539702,Mo 9. Feb 15:54:22 CET 2026
33,42.623394,6.8800,27.124289,3.942484,421.6,550,10.493,27.124289,39.978119107252695,12.853830107252695,.473886,Mo 9. Feb 15:54:24 CET 2026
9,11.624562,6.8800,27.124289,3.942484,421.6,550,10.493,27.124289,29.261426964718122,2.137137964718122,.078790,Mo 9. Feb 15:54:26 CET 2026
12,14.071589,7.9533,29.876603,3.756504,421.6,550,10.493,29.876603,33.19125730513927,3.31465430513927,.110944,Mo 9. Feb 15:54:27 CET 2026
3,3.517897,7.9533,29.876603,3.756504,421.6,550,10.493,29.876603,30.58683862855047,.71023562855047,.023772,Mo 9. Feb 15:54:28 CET 2026
6,7.749708,6.8800,27.124289,3.942484,421.6,550,10.493,27.124289,28.477780462169648,1.353491462169648,.049899,Mo 9. Feb 15:54:28 CET 2026
6,7.035794,7.9533,29.876603,3.756504,421.6,550,10.493,29.876603,31.367433629232725,1.490830629232725,.049899,Mo 9. Feb 15:54:32 CET 2026
0,0,6.8800,27.124289,3.942484,421.6,550,10.493,27.124289,27.124288999999987,-.000000000000013,0,Mo 9. Feb 15:54:33 CET 2026
15,19.374270,6.8800,27.124289,3.942484,421.6,550,10.493,27.124289,31.11066158274576,3.98637258274576,.146966,Mo 9. Feb 15:54:33 CET 2026
30,38.748540,6.8800,27.124289,3.942484,421.6,550,10.493,27.124289,38.172692191003264,11.048403191003264,.407325,Mo 9. Feb 15:54:40 CET 2026
15,17.589487,7.9533,29.876603,3.756504,421.6,550,10.493,29.876603,34.26747458438478,4.39087158438478,.146966,Mo 9. Feb 15:54:40 CET 2026
9,10.553692,7.9533,29.876603,3.756504,421.6,550,10.493,29.876603,32.23059693887276,2.35399393887276,.078790,Mo 9. Feb 15:54:42 CET 2026
0,0,7.9533,29.876603,3.756504,421.6,550,10.493,29.876603,29.87660300000001,.00000000000001,0,Mo 9. Feb 15:54:48 CET 2026
21,22.632201,9.0267,32.507656,3.601278,421.6,550,10.493,32.507656,40.09854367717728,7.59088767717728,.233510,Mo 9. Feb 16:17:26 CET 2026
33,38.696871,7.9533,29.876603,3.756504,421.6,550,10.493,29.876603,44.03471809034016,14.15811509034016,.473886,Mo 9. Feb 16:17:30 CET 2026
45,52.768461,7.9533,29.876603,3.756504,421.6,550,10.493,29.876603,50.99119668140377,21.11459368140377,.706726,Mo 9. Feb 16:17:32 CET 2026
30,35.178974,7.9533,29.876603,3.756504,421.6,550,10.493,29.876603,42.046092711250765,12.169489711250765,.407325,Mo 9. Feb 16:17:35 CET 2026
27,31.661076,7.9533,29.876603,3.756504,421.6,550,10.493,29.876603,40.14524400780695,10.26864100780695,.343701,Mo 9. Feb 16:17:39 CET 2026
42,49.250563,7.9533,29.876603,3.756504,421.6,550,10.493,29.876603,49.51079133848074,19.63418833848074,.657176,Mo 9. Feb 16:17:42 CET 2026
9,9.699514,9.0267,32.507656,3.601278,421.6,550,10.493,32.507656,35.06895200224737,2.56129600224737,.078790,Mo 9. Feb 16:17:45 CET 2026
18,19.399029,9.0267,32.507656,3.601278,421.6,550,10.493,32.507656,38.604977823206916,6.097321823206916,.187565,Mo 9. Feb 16:17:46 CET 2026
15,16.165858,9.0267,32.507656,3.601278,421.6,550,10.493,32.507656,37.28520536634293,4.77754936634293,.146966,Mo 9. Feb 16:17:49 CET 2026
12,12.932686,9.0267,32.507656,3.601278,421.6,550,10.493,32.507656,36.114212024920626,3.606556024920626,.110944,Mo 9. Feb 16:17:52 CET 2026
0,0,9.0267,32.507656,3.601278,421.6,550,10.493,32.507656,32.507656,0,0,Mo 9. Feb 16:17:53 CET 2026
36,42.214769,7.9533,29.876603,3.756504,421.6,550,10.493,29.876603,46.00108271606724,16.12447971606724,.539702,Mo 9. Feb 16:17:56 CET 2026
39,45.732666,7.9533,29.876603,3.756504,421.6,550,10.493,29.876603,47.84448168928959,17.96787868928959,.601403,Mo 9. Feb 16:17:56 CET 2026
24,28.143179,7.9533,29.876603,3.756504,421.6,550,10.493,29.876603,38.405803009296264,8.529200009296264,.285480,Mo 9. Feb 16:17:59 CET 2026
30,32.331716,9.0267,32.507656,3.601278,421.6,550,10.493,32.507656,45.74883818928175,13.24118218928175,.407325,Mo 9. Feb 16:18:00 CET 2026
3,3.233171,9.0267,32.507656,3.601278,421.6,550,10.493,32.507656,33.28043769079413,.77278169079413,.023772,Mo 9. Feb 16:18:03 CET 2026
24,25.865372,9.0267,32.507656,3.601278,421.6,550,10.493,32.507656,41.78797073681805,9.28031473681805,.285480,Mo 9. Feb 16:18:03 CET 2026
27,29.098544,9.0267,32.507656,3.601278,421.6,550,10.493,32.507656,43.68059539770313,11.17293939770313,.343701,Mo 9. Feb 16:18:06 CET 2026
6,6.466343,9.0267,32.507656,3.601278,421.6,550,10.493,32.507656,34.12977477018537,1.62211877018537,.049899,Mo 9. Feb 16:18:07 CET 2026
36,38.798059,9.0267,32.507656,3.601278,421.6,550,10.493,32.507656,50.05211581142663,17.54445981142663,.539702,Mo 9. Feb 16:18:09 CET 2026
42,45.264402,9.0267,32.507656,3.601278,421.6,550,10.493,32.507656,53.87090824474399,21.36325224474399,.657176,Mo 9. Feb 16:18:17 CET 2026
33,35.564887,9.0267,32.507656,3.601278,421.6,550,10.493,32.507656,47.912589518207625,15.404933518207625,.473886,Mo 9. Feb 16:18:23 CET 2026
39,42.031231,9.0267,32.507656,3.601278,421.6,550,10.493,32.507656,52.05785837930661,19.55020237930661,.601403,Mo 9. Feb 16:18:25 CET 2026
45,48.497574,9.0267,32.507656,3.601278,421.6,550,10.493,32.507656,55.48166832328974,22.97401232328974,.706726,Mo 9. Feb 16:18:36 CET 2026
3,2.999854,10.1000,35.035940,3.468905,421.6,550,10.493,35.035940,35.868824829254464,.832884829254464,.023772,Mo 9. Feb 17:01:55 CET 2026
6,8.164529,6.8800,27.840773,4.046624,455.9,550,10.493,27.840773,29.230016522355733,1.389243522355733,.049899,Mo 9. Feb 17:02:00 CET 2026
30,29.998549,10.1000,35.035940,3.468905,421.6,550,10.493,35.035940,49.3069532406668,14.2710132406668,.407324,Mo 9. Feb 17:02:06 CET 2026
21,20.998984,10.1000,35.035940,3.468905,421.6,550,10.493,35.035940,43.21720906255312,8.18126906255312,.233510,Mo 9. Feb 17:02:07 CET 2026
39,38.998113,10.1000,35.035940,3.468905,421.6,550,10.493,35.035940,56.1066576377625,21.0707176377625,.601402,Mo 9. Feb 17:02:08 CET 2026
6,5.999709,10.1000,35.035940,3.468905,421.6,550,10.493,35.035940,36.78421926230515,1.74827926230515,.049899,Mo 9. Feb 17:02:12 CET 2026
24,23.998839,10.1000,35.035940,3.468905,421.6,550,10.493,35.035940,45.03803109692035,10.00209109692035,.285480,Mo 9. Feb 17:02:12 CET 2026
3,4.082264,6.8800,27.840773,4.046624,455.9,550,10.493,27.840773,28.502612359153442,.661839359153442,.023772,Mo 9. Feb 17:02:15 CET 2026
12,11.999419,10.1000,35.035940,3.468905,421.6,550,10.493,35.035940,38.92299276690591,3.88705276690591,.110944,Mo 9. Feb 17:02:16 CET 2026
0,0,10.1000,35.035940,3.468905,421.6,550,10.493,35.035940,35.03593999999999,-.00000000000001,0,Mo 9. Feb 17:02:20 CET 2026
9,8.999564,10.1000,35.035940,3.468905,421.6,550,10.493,35.035940,37.796440219827446,2.760500219827446,.078790,Mo 9. Feb 17:02:21 CET 2026
15,14.999274,10.1000,35.035940,3.468905,421.6,550,10.493,35.035940,40.18506280731912,5.14912280731912,.146966,Mo 9. Feb 17:02:24 CET 2026
42,41.997968,10.1000,35.035940,3.468905,421.6,550,10.493,35.035940,58.060716476220534,23.024776476220534,.657175,Mo 9. Feb 17:02:25 CET 2026
33,32.998404,10.1000,35.035940,3.468905,421.6,550,10.493,35.035940,51.63899211650784,16.60305211650784,.473886,Mo 9. Feb 17:02:25 CET 2026
36,35.998258,10.1000,35.035940,3.468905,421.6,550,10.493,35.035940,53.944913875585996,18.908973875585996,.539702,Mo 9. Feb 17:02:25 CET 2026
18,17.999129,10.1000,35.035940,3.468905,421.6,550,10.493,35.035940,41.60748034570246,6.57154034570246,.187565,Mo 9. Feb 17:02:26 CET 2026
27,26.998694,10.1000,35.035940,3.468905,421.6,550,10.493,35.035940,47.07785415093353,12.04191415093353,.343701,Mo 9. Feb 17:02:28 CET 2026
18,24.493587,6.8800,27.840773,4.046624,455.9,550,10.493,27.840773,33.062746954139335,5.221973954139335,.187565,Mo 9. Feb 17:02:29 CET 2026
45,44.997823,10.1000,35.035940,3.468905,421.6,550,10.493,35.035940,59.79676256569872,24.76082256569872,.706726,Mo 9. Feb 17:02:31 CET 2026
0,0,6.8800,27.840773,4.046624,455.9,550,10.493,27.840773,27.84077300000001,.00000000000001,0,Mo 9. Feb 17:02:32 CET 2026
21,28.575852,6.8800,27.840773,4.046624,455.9,550,10.493,27.840773,34.341893093684675,6.501120093684675,.233510,Mo 9. Feb 17:02:34 CET 2026
9,12.246793,6.8800,27.840773,4.046624,455.9,550,10.493,27.840773,30.034362065109686,2.193589065109686,.078790,Mo 9. Feb 17:02:36 CET 2026
15,20.411323,6.8800,27.840773,4.046624,455.9,550,10.493,27.840773,31.93244476920432,4.09167176920432,.146966,Mo 9. Feb 17:02:40 CET 2026
12,16.329058,6.8800,27.840773,4.046624,455.9,550,10.493,27.840773,30.929562054989606,3.088789054989606,.110944,Mo 9. Feb 17:02:47 CET 2026
42,57.151704,6.8800,27.840773,4.046624,455.9,550,10.493,27.840773,46.13705626835463,18.29628326835463,.657175,Mo 9. Feb 17:25:14 CET 2026
24,32.658117,6.8800,27.840773,4.046624,455.9,550,10.493,27.840773,35.78878291191828,7.94800991191828,.285480,Mo 9. Feb 17:25:14 CET 2026
45,61.233969,6.8800,27.840773,4.046624,455.9,550,10.493,27.840773,47.516581935702085,19.675808935702085,.706726,Mo 9. Feb 17:25:19 CET 2026
27,36.740381,6.8800,27.840773,4.046624,455.9,550,10.493,27.840773,37.40969772056044,9.56892472056044,.343701,Mo 9. Feb 17:25:30 CET 2026
33,44.904910,6.8800,27.840773,4.046624,455.9,550,10.493,27.840773,41.034133908021175,13.193360908021175,.473886,Mo 9. Feb 17:25:31 CET 2026
39,53.069440,6.8800,27.840773,4.046624,455.9,550,10.493,27.840773,44.5842972674574,16.7435242674574,.601402,Mo 9. Feb 17:25:31 CET 2026
30,40.822646,6.8800,27.840773,4.046624,455.9,550,10.493,27.840773,39.18102434709837,11.34025134709837,.407325,Mo 9. Feb 17:25:36 CET 2026
9,11.118607,7.9533,30.665793,3.855732,455.9,550,10.493,30.665793,33.081967749832344,2.416174749832344,.078790,Mo 9. Feb 17:25:50 CET 2026
36,48.987175,6.8800,27.840773,4.046624,455.9,550,10.493,27.840773,42.86650445598298,15.02573145598298,.539702,Mo 9. Feb 17:25:54 CET 2026
0,0,7.9533,30.665793,3.855732,455.9,550,10.493,30.665793,30.665793000000004,.000000000000004,0,Mo 9. Feb 17:25:55 CET 2026
12,14.824809,7.9533,30.665793,3.855732,455.9,550,10.493,30.665793,34.068003787453165,3.402210787453165,.110944,Mo 9. Feb 17:25:56 CET 2026
18,22.237214,7.9533,30.665793,3.855732,455.9,550,10.493,30.665793,36.41764511860679,5.75185211860679,.187565,Mo 9. Feb 17:26:01 CET 2026
24,29.649619,7.9533,30.665793,3.855732,455.9,550,10.493,30.665793,39.420291184111036,8.754498184111036,.285480,Mo 9. Feb 17:26:07 CET 2026
27,33.355822,7.9533,30.665793,3.855732,455.9,550,10.493,30.665793,41.20568097874563,10.53988797874563,.343701,Mo 9. Feb 17:26:18 CET 2026
3,3.706202,7.9533,30.665793,3.855732,455.9,550,10.493,30.665793,31.39478966112357,.72899666112357,.023772,Mo 9. Feb 17:26:19 CET 2026
36,44.474429,7.9533,30.665793,3.855732,455.9,550,10.493,30.665793,47.2161951238493,16.5504021238493,.539702,Mo 9. Feb 17:26:20 CET 2026
30,37.062024,7.9533,30.665793,3.855732,455.9,550,10.493,30.665793,43.156738057273905,12.490945057273905,.407325,Mo 9. Feb 17:26:21 CET 2026
21,25.943417,7.9533,30.665793,3.855732,455.9,550,10.493,30.665793,37.82658585409283,7.16079285409283,.233510,Mo 9. Feb 17:26:22 CET 2026
6,7.412404,7.9533,30.665793,3.855732,455.9,550,10.493,30.665793,32.196003884967986,1.530210884967986,.049899,Mo 9. Feb 17:26:23 CET 2026
33,40.768227,7.9533,30.665793,3.855732,455.9,550,10.493,30.665793,45.197894312170384,14.532101312170384,.473886,Mo 9. Feb 17:26:28 CET 2026
42,51.886834,7.9533,30.665793,3.855732,455.9,550,10.493,30.665793,50.81861859273231,20.15282559273231,.657176,Mo 9. Feb 17:26:31 CET 2026
15,18.531012,7.9533,30.665793,3.855732,455.9,550,10.493,30.665793,35.172649289173144,4.506856289173144,.146966,Mo 9. Feb 17:26:33 CET 2026
39,48.180632,7.9533,30.665793,3.855732,455.9,550,10.493,30.665793,49.108293461921406,18.442500461921406,.601403,Mo 9. Feb 17:26:34 CET 2026
45,55.593037,7.9533,30.665793,3.855732,455.9,550,10.493,30.665793,52.338118950731456,21.672325950731456,.706726,Mo 9. Feb 17:27:06 CET 2026
3,3.406236,9.0267,33.366348,3.696406,455.9,550,10.493,33.366348,34.15954302087629,.79319502087629,.023772,Mo 9. Feb 17:48:48 CET 2026
0,0,9.0267,33.366348,3.696406,455.9,550,10.493,33.366348,33.36634800000001,.00000000000001,0,Mo 9. Feb 17:48:48 CET 2026
12,13.624945,9.0267,33.366348,3.696406,455.9,550,10.493,33.366348,37.068171328354346,3.701823328354346,.110944,Mo 9. Feb 17:49:00 CET 2026
18,20.437418,9.0267,33.366348,3.696406,455.9,550,10.493,33.366348,39.62473041671534,6.25838241671534,.187565,Mo 9. Feb 17:49:11 CET 2026
6,6.812472,9.0267,33.366348,3.696406,455.9,550,10.493,33.366348,35.03131538984805,1.66496738984805,.049899,Mo 9. Feb 17:49:11 CET 2026
9,10.218709,9.0267,33.366348,3.696406,455.9,550,10.493,33.366348,35.99530094105586,2.62895294105586,.078790,Mo 9. Feb 17:49:18 CET 2026
15,17.031182,9.0267,33.366348,3.696406,455.9,550,10.493,33.366348,38.27009636362379,4.90374836362379,.146966,Mo 9. Feb 17:49:20 CET 2026
27,30.656128,9.0267,33.366348,3.696406,455.9,550,10.493,33.366348,44.834423739307724,11.468075739307724,.343701,Mo 9. Feb 17:49:26 CET 2026
24,27.249891,9.0267,33.366348,3.696406,455.9,550,10.493,33.366348,42.89180407252135,9.52545607252135,.285480,Mo 9. Feb 17:49:26 CET 2026
21,23.843655,9.0267,33.366348,3.696406,455.9,550,10.493,33.366348,41.157750505853016,7.791402505853016,.233510,Mo 9. Feb 17:49:30 CET 2026
33,37.468601,9.0267,33.366348,3.696406,455.9,550,10.493,33.366348,49.17820434034657,15.81185634034657,.473886,Mo 9. Feb 17:49:33 CET 2026
30,34.062364,9.0267,33.366348,3.696406,455.9,550,10.493,33.366348,46.957296692686214,13.590948692686214,.407325,Mo 9. Feb 17:49:34 CET 2026
6,6.320857,10.1000,35.961403,3.560535,455.9,550,10.493,35.961403,37.75586287098555,1.79445987098555,.049899,Mo 9. Feb 17:49:38 CET 2026
36,40.874837,9.0267,33.366348,3.696406,455.9,550,10.493,33.366348,51.37423814268611,18.00789014268611,.539702,Mo 9. Feb 17:49:50 CET 2026
3,3.160428,10.1000,35.961403,3.560535,455.9,550,10.493,35.961403,36.81628843500835,.85488543500835,.023772,Mo 9. Feb 17:49:58 CET 2026
39,44.281073,9.0267,33.366348,3.696406,455.9,550,10.493,33.366348,53.43296972593808,20.06662172593808,.601402,Mo 9. Feb 17:50:00 CET 2026
12,12.641714,10.1000,35.961403,3.560535,455.9,550,10.493,35.961403,39.95113429216176,3.98973129216176,.110944,Mo 9. Feb 17:50:01 CET 2026
42,47.687310,9.0267,33.366348,3.696406,455.9,550,10.493,33.366348,55.29390550006922,21.92755750006922,.657175,Mo 9. Feb 17:50:01 CET 2026
45,51.093546,9.0267,33.366348,3.696406,455.9,550,10.493,33.366348,56.947225934052106,23.580877934052106,.706726,Mo 9. Feb 17:50:02 CET 2026
9,9.481285,10.1000,35.961403,3.560535,455.9,550,10.493,35.961403,38.794821621491636,2.833418621491636,.078790,Mo 9. Feb 17:50:04 CET 2026
15,15.802142,10.1000,35.961403,3.560535,455.9,550,10.493,35.961403,41.246538232512,5.285135232512,.146966,Mo 9. Feb 17:50:10 CET 2026
18,18.962571,10.1000,35.961403,3.560535,455.9,550,10.493,35.961403,42.70652883917186,6.74512583917186,.187565,Mo 9. Feb 17:50:15 CET 2026
0,0,10.1000,35.961403,3.560535,455.9,550,10.493,35.961403,35.96140300000001,.00000000000001,0,Mo 9. Feb 17:50:16 CET 2026
21,22.122999,10.1000,35.961403,3.560535,455.9,550,10.493,35.961403,44.358779166049715,8.397376166049715,.233510,Mo 9. Feb 17:50:20 CET 2026
24,25.283428,10.1000,35.961403,3.560535,455.9,550,10.493,35.961403,46.227696714685436,10.266293714685436,.285480,Mo 9. Feb 18:12:15 CET 2026
27,28.443856,10.1000,35.961403,3.560535,455.9,550,10.493,35.961403,48.32140935048194,12.36000635048194,.343702,Mo 9. Feb 18:12:24 CET 2026
30,31.604285,10.1000,35.961403,3.560535,455.9,550,10.493,35.961403,50.609385505703685,14.647982505703685,.407325,Mo 9. Feb 18:12:28 CET 2026
33,34.764713,10.1000,35.961403,3.560535,455.9,550,10.493,35.961403,53.00301954088431,17.04161654088431,.473886,Mo 9. Feb 18:12:35 CET 2026
42,44.245999,10.1000,35.961403,3.560535,455.9,550,10.493,35.961403,59.594376243111135,23.632973243111135,.657176,Mo 9. Feb 18:12:42 CET 2026
45,47.406427,10.1000,35.961403,3.560535,455.9,550,10.493,35.961403,61.37627551775989,25.41487251775989,.706726,Mo 9. Feb 18:12:44 CET 2026
36,37.925142,10.1000,35.961403,3.560535,455.9,550,10.493,35.961403,55.36984693805769,19.40844393805769,.539702,Mo 9. Feb 18:12:44 CET 2026
39,41.085570,10.1000,35.961403,3.560535,455.9,550,10.493,35.961403,57.58869709162902,21.62729409162902,.601402,Mo 9. Feb 18:12:50 CET 2026
3,4.757116,6.8800,30.054020,4.368317,573.5,550,10.493,30.054020,30.768473443376315,.714453443376315,.023772,Mo 9. Feb 18:13:06 CET 2026
0,0,6.8800,30.054020,4.368317,573.5,550,10.493,30.054020,30.054020000000005,.000000000000005,0,Mo 9. Feb 18:13:13 CET 2026
9,14.271348,6.8800,30.054020,4.368317,573.5,550,10.493,30.054020,32.421992381197505,2.367972381197505,.078790,Mo 9. Feb 18:13:18 CET 2026
12,19.028464,6.8800,30.054020,4.368317,573.5,550,10.493,30.054020,33.38835728213983,3.33433728213983,.110944,Mo 9. Feb 18:13:21 CET 2026
6,9.514232,6.8800,30.054020,4.368317,573.5,550,10.493,30.054020,31.553704070063066,1.499684070063066,.049899,Mo 9. Feb 18:13:29 CET 2026
18,28.542696,6.8800,30.054020,4.368317,573.5,550,10.493,30.054020,35.69112326763926,5.63710326763926,.187565,Mo 9. Feb 18:13:32 CET 2026
27,42.814045,6.8800,30.054020,4.368317,573.5,550,10.493,30.054020,40.383640783133565,10.329620783133565,.343701,Mo 9. Feb 18:13:38 CET 2026
30,47.571161,6.8800,30.054020,4.368317,573.5,550,10.493,30.054020,42.29577394254193,12.24175394254193,.407325,Mo 9. Feb 18:13:40 CET 2026
42,66.599625,6.8800,30.054020,4.368317,573.5,550,10.493,30.054020,49.80480158286098,19.75078158286098,.657176,Mo 9. Feb 18:13:45 CET 2026
36,57.085393,6.8800,30.054020,4.368317,573.5,550,10.493,30.054020,46.27424670560276,16.22022670560276,.539702,Mo 9. Feb 18:13:49 CET 2026
15,23.785580,6.8800,30.054020,4.368317,573.5,550,10.493,30.054020,34.470965894973006,4.416945894973006,.146966,Mo 9. Feb 18:13:54 CET 2026
39,61.842509,6.8800,30.054020,4.368317,573.5,550,10.493,30.054020,48.12859805282288,18.07457805282288,.601403,Mo 9. Feb 18:13:55 CET 2026
33,52.328277,6.8800,30.054020,4.368317,573.5,550,10.493,30.054020,44.29620921786165,14.24218921786165,.473886,Mo 9. Feb 18:13:56 CET 2026
21,33.299812,6.8800,30.054020,4.368317,573.5,550,10.493,30.054020,37.0719576362873,7.0179376362873,.233510,Mo 9. Feb 18:13:57 CET 2026
24,38.056929,6.8800,30.054020,4.368317,573.5,550,10.493,30.054020,38.63387013956915,8.57985013956915,.285480,Mo 9. Feb 18:14:05 CET 2026
45,71.356742,6.8800,30.054020,4.368317,573.5,550,10.493,30.054020,51.293989014486314,21.239969014486314,.706726,Mo 9. Feb 18:14:13 CET 2026
0,0,7.9533,33.103591,4.162246,573.5,550,10.493,33.103591,33.10359100000002,.00000000000002,0,Mo 9. Feb 18:36:07 CET 2026
18,25.913268,7.9533,33.103591,4.162246,573.5,550,10.493,33.103591,39.31268924631886,6.20909824631886,.187565,Mo 9. Feb 18:36:11 CET 2026
12,17.275512,7.9533,33.103591,4.162246,573.5,550,10.493,33.103591,36.77626295204233,3.67267195204233,.110944,Mo 9. Feb 18:36:12 CET 2026
3,4.318878,7.9533,33.103591,4.162246,573.5,550,10.493,33.103591,33.89053953605778,.78694853605778,.023772,Mo 9. Feb 18:36:13 CET 2026
6,8.637756,7.9533,33.103591,4.162246,573.5,550,10.493,33.103591,34.75544722379773,1.65185622379773,.049899,Mo 9. Feb 18:36:19 CET 2026
9,12.956634,7.9533,33.103591,4.162246,573.5,550,10.493,33.103591,35.711839845335696,2.608248845335696,.078790,Mo 9. Feb 18:36:26 CET 2026
15,21.594390,7.9533,33.103591,4.162246,573.5,550,10.493,33.103591,37.968722842663425,4.865131842663425,.146966,Mo 9. Feb 18:36:39 CET 2026
21,30.232146,7.9533,33.103591,4.162246,573.5,550,10.493,33.103591,40.83363625750971,7.73004525750971,.233510,Mo 9. Feb 18:36:44 CET 2026
24,34.551024,7.9533,33.103591,4.162246,573.5,550,10.493,33.103591,42.55403537640697,9.45044437640697,.285480,Mo 9. Feb 18:36:55 CET 2026
30,43.188780,7.9533,33.103591,4.162246,573.5,550,10.493,33.103591,46.58751370713539,13.48392270713539,.407325,Mo 9. Feb 18:36:58 CET 2026
39,56.145414,7.9533,33.103591,4.162246,573.5,550,10.493,33.103591,53.012186642074255,19.908595642074255,.601402,Mo 9. Feb 18:36:59 CET 2026
33,47.507658,7.9533,33.103591,4.162246,573.5,550,10.493,33.103591,48.790929640343414,15.687338640343414,.473886,Mo 9. Feb 18:37:01 CET 2026
36,51.826536,7.9533,33.103591,4.162246,573.5,550,10.493,33.103591,50.96967806485143,17.86608706485143,.539702,Mo 9. Feb 18:37:09 CET 2026
27,38.869902,7.9533,33.103591,4.162246,573.5,550,10.493,33.103591,44.481354069651545,11.377763069651545,.343701,Mo 9. Feb 18:37:13 CET 2026
6,7.938663,9.0267,36.018861,3.990258,573.5,550,10.493,36.018861,37.816187612329266,1.797326612329266,.049899,Mo 9. Feb 18:37:14 CET 2026
0,0,9.0267,36.018861,3.990258,573.5,550,10.493,36.018861,36.01886100000001,.00000000000001,0,Mo 9. Feb 18:37:26 CET 2026
45,64.783170,7.9533,33.103591,4.162246,573.5,550,10.493,33.103591,56.498772748909396,23.395181748909396,.706726,Mo 9. Feb 18:37:30 CET 2026
9,11.907995,9.0267,36.018861,3.990258,573.5,550,10.493,36.018861,38.85680558448914,2.83794458448914,.078790,Mo 9. Feb 18:37:33 CET 2026
42,60.464292,7.9533,33.103591,4.162246,573.5,550,10.493,33.103591,54.85847836926001,21.75488736926001,.657176,Mo 9. Feb 18:37:34 CET 2026
18,23.815990,9.0267,36.018861,3.990258,573.5,550,10.493,36.018861,42.774763760163566,6.755902760163566,.187565,Mo 9. Feb 18:37:36 CET 2026
12,15.877327,9.0267,36.018861,3.990258,573.5,550,10.493,36.018861,40.01496469254964,3.99610369254964,.110944,Mo 9. Feb 18:37:36 CET 2026
3,3.969331,9.0267,36.018861,3.990258,573.5,550,10.493,36.018861,36.875112234321406,.856251234321406,.023772,Mo 9. Feb 18:37:45 CET 2026
15,19.846658,9.0267,36.018861,3.990258,573.5,550,10.493,36.018861,41.31244064616667,5.29357964616667,.146966,Mo 9. Feb 18:37:46 CET 2026
21,27.785322,9.0267,36.018861,3.990258,573.5,550,10.493,36.018861,44.42965275296954,8.41079175296954,.233510,Mo 9. Feb 18:37:51 CET 2026
33,43.662649,9.0267,36.018861,3.990258,573.5,550,10.493,36.018861,53.08770595028026,17.06884495028026,.473886,Mo 9. Feb 18:59:29 CET 2026
24,31.754654,9.0267,36.018861,3.990258,573.5,550,10.493,36.018861,46.30155894140157,10.28269794140157,.285480,Mo 9. Feb 18:59:38 CET 2026
27,35.723985,9.0267,36.018861,3.990258,573.5,550,10.493,36.018861,48.39860648342197,12.37974548342197,.343701,Mo 9. Feb 18:59:41 CET 2026
36,47.631981,9.0267,36.018861,3.990258,573.5,550,10.493,36.018861,55.4583260686534,19.4394650686534,.539702,Mo 9. Feb 18:59:48 CET 2026
39,51.601312,9.0267,36.018861,3.990258,573.5,550,10.493,36.018861,57.68071127581704,21.66185027581704,.601402,Mo 9. Feb 18:59:51 CET 2026
30,39.693317,9.0267,36.018861,3.990258,573.5,550,10.493,36.018861,50.6902418324932,14.6713808324932,.407324,Mo 9. Feb 18:59:55 CET 2026
45,59.539976,9.0267,36.018861,3.990258,573.5,550,10.493,36.018861,61.474341540986245,25.455480540986245,.706726,Mo 9. Feb 19:00:08 CET 2026
42,55.570644,9.0267,36.018861,3.990258,573.5,550,10.493,36.018861,59.68960038642312,23.67073938642312,.657176,Mo 9. Feb 19:00:11 CET 2026
0,0,10.1000,38.820218,3.843586,573.5,550,10.493,38.820218,38.82021799999998,-.00000000000002,0,Mo 9. Feb 19:00:21 CET 2026
6,7.365778,10.1000,38.820218,3.843586,573.5,550,10.493,38.820218,40.75733146677441,1.93711346677441,.049899,Mo 9. Feb 19:00:27 CET 2026
18,22.097335,10.1000,38.820218,3.843586,573.5,550,10.493,38.820218,46.10155908076217,7.28134108076217,.187565,Mo 9. Feb 19:00:43 CET 2026
3,3.682889,10.1000,38.820218,3.843586,573.5,550,10.493,38.820218,39.743063937279935,.922845937279935,.023772,Mo 9. Feb 19:00:49 CET 2026
12,14.731557,10.1000,38.820218,3.843586,573.5,550,10.493,38.820218,43.1271199036088,4.3069019036088,.110944,Mo 9. Feb 19:00:51 CET 2026
15,18.414446,10.1000,38.820218,3.843586,573.5,550,10.493,38.820218,44.52550471428257,5.70528671428257,.146966,Mo 9. Feb 19:00:52 CET 2026
9,11.048667,10.1000,38.820218,3.843586,573.5,550,10.493,38.820218,41.87888428997411,3.05866628997411,.078790,Mo 9. Feb 19:00:52 CET 2026
30,36.828893,10.1000,38.820218,3.843586,573.5,550,10.493,38.820218,54.63266484225865,15.81244684225865,.407325,Mo 9. Feb 19:01:07 CET 2026
24,29.463114,10.1000,38.820218,3.843586,573.5,550,10.493,38.820218,49.90264891434173,11.08243091434173,.285480,Mo 9. Feb 19:01:07 CET 2026
36,44.194671,10.1000,38.820218,3.843586,573.5,550,10.493,38.820218,59.77158258494254,20.95136458494254,.539702,Mo 9. Feb 19:01:12 CET 2026
33,40.511782,10.1000,38.820218,3.843586,573.5,550,10.493,38.820218,57.21658874129516,18.39637074129516,.473886,Mo 9. Feb 19:01:16 CET 2026
21,25.780225,10.1000,38.820218,3.843586,573.5,550,10.493,38.820218,47.88515690700133,9.06493890700133,.233510,Mo 9. Feb 19:01:19 CET 2026
42,51.560450,10.1000,38.820218,3.843586,573.5,550,10.493,38.820218,64.3319363999153,25.5117183999153,.657176,Mo 9. Feb 19:01:23 CET 2026
39,47.877560,10.1000,38.820218,3.843586,573.5,550,10.493,38.820218,62.16681365655368,23.34659565655368,.601403,Mo 9. Feb 19:01:23 CET 2026
27,33.146003,10.1000,38.820218,3.843586,573.5,550,10.493,38.820218,52.16279594316392,13.34257794316392,.343701,Mo 9. Feb 19:01:32 CET 2026
45,55.243339,10.1000,38.820218,3.843586,573.5,550,10.493,38.820218,66.2554909918495,27.4352729918495,.706726,Mo 9. Feb 19:01:47 CET 2026
3,4.891229,7.9533,35.228863,4.429465,691.2,550,10.493,35.228863,36.06633421047357,.83747121047357,.023772,Mo 9. Feb 22:14:24 CET 2026
0,0,7.9533,35.228863,4.429465,691.2,550,10.493,35.228863,35.22886300000002,.00000000000002,0,Mo 9. Feb 22:14:28 CET 2026
12,19.564916,7.9533,35.228863,4.429465,691.2,550,10.493,35.228863,39.13732276077071,3.90845976077071,.110944,Mo 9. Feb 22:14:28 CET 2026
6,9.782458,7.9533,35.228863,4.429465,691.2,550,10.493,35.228863,36.986769445730744,1.757906445730744,.049899,Mo 9. Feb 22:14:32 CET 2026
15,24.456146,7.9533,35.228863,4.429465,691.2,550,10.493,35.228863,40.40633969637809,5.17747669637809,.146966,Mo 9. Feb 22:14:33 CET 2026
18,29.347375,7.9533,35.228863,4.429465,691.2,550,10.493,35.228863,41.836589066759394,6.607726066759394,.187565,Mo 9. Feb 22:14:38 CET 2026
9,14.673687,7.9533,35.228863,4.429465,691.2,550,10.493,35.228863,38.00456446380814,2.77570146380814,.078790,Mo 9. Feb 22:14:44 CET 2026
21,34.238604,7.9533,35.228863,4.429465,691.2,550,10.493,35.228863,43.45518518669304,8.22632218669304,.233510,Mo 9. Feb 22:14:45 CET 2026
0,0,6.8800,31.983510,4.648766,691.2,550,10.493,31.983510,31.983510000000013,.000000000000013,0,Mo 9. Feb 22:22:36 CET 2026
3,5.387544,6.8800,31.983510,4.648766,691.2,550,10.493,31.983510,32.743831862791595,.760321862791595,.023772,Mo 9. Feb 22:22:53 CET 2026
9,16.162632,6.8800,31.983510,4.648766,691.2,550,10.493,31.983510,34.50350896270924,2.51999896270924,.078790,Mo 9. Feb 22:23:39 CET 2026
6,10.775088,6.8800,31.983510,4.648766,691.2,550,10.493,31.983510,33.57947515548381,1.59596515548381,.049899,Mo 9. Feb 22:23:44 CET 2026
12,21.550176,6.8800,31.983510,4.648766,691.2,550,10.493,31.983510,35.5319149099986,3.5484049099986,.110944,Mo 9. Feb 22:24:06 CET 2026
45,80.813161,6.8800,31.983510,4.648766,691.2,550,10.493,31.983510,54.5871014418132,22.6035914418132,.706726,Mo 9. Feb 22:24:30 CET 2026
42,75.425616,6.8800,31.983510,4.648766,691.2,550,10.493,31.983510,53.002307292902124,21.018797292902124,.657176,Mo 9. Feb 22:24:31 CET 2026
39,70.038072,6.8800,31.983510,4.648766,691.2,550,10.493,31.983510,51.21848932925916,19.23497932925916,.601403,Mo 9. Feb 22:24:42 CET 2026
21,37.712808,6.8800,31.983510,4.648766,691.2,550,10.493,31.983510,39.452004693035946,7.468494693035946,.233510,Mo 9. Feb 22:25:04 CET 2026
24,43.100352,6.8800,31.983510,4.648766,691.2,550,10.493,31.983510,41.11419054173659,9.13068054173659,.285480,Mo 9. Feb 22:25:15 CET 2026
18,32.325264,6.8800,31.983510,4.648766,691.2,550,10.493,31.983510,37.982519555747665,5.999009555747665,.187565,Mo 9. Feb 22:25:17 CET 2026
15,26.937720,6.8800,31.983510,4.648766,691.2,550,10.493,31.983510,36.68402708872713,4.70051708872713,.146966,Mo 9. Feb 22:25:51 CET 2026
33,59.262984,6.8800,31.983510,4.648766,691.2,550,10.493,31.983510,47.14005811560051,15.15654811560051,.473886,Mo 9. Feb 22:27:00 CET 2026
36,64.650528,6.8800,31.983510,4.648766,691.2,550,10.493,31.983510,49.2450864093378,17.2615764093378,.539702,Mo 9. Feb 22:27:00 CET 2026
30,53.875440,6.8800,31.983510,4.648766,691.2,550,10.493,31.983510,45.01119484474281,13.02768484474281,.407325,Mo 9. Feb 22:29:38 CET 2026
27,48.487896,6.8800,31.983510,4.648766,691.2,550,10.493,31.983510,42.97630020920317,10.99279020920317,.343701,Mo 9. Feb 22:29:46 CET 2026
24,39.129833,7.9533,35.228863,4.429465,691.2,550,10.493,35.228863,45.28603707398495,10.05717407398495,.285481,Mo 9. Feb 22:38:02 CET 2026
30,48.912292,7.9533,35.228863,4.429465,691.2,550,10.493,35.228863,49.57845866621934,14.34959566621934,.407324,Mo 9. Feb 22:38:07 CET 2026
39,63.585979,7.9533,35.228863,4.429465,691.2,550,10.493,35.228863,56.41560478098433,21.18674178098433,.601402,Mo 9. Feb 22:38:08 CET 2026
33,53.803521,7.9533,35.228863,4.429465,691.2,550,10.493,35.228863,51.92333832931602,16.69447532931602,.473886,Mo 9. Feb 22:38:10 CET 2026
27,44.021062,7.9533,35.228863,4.429465,691.2,550,10.493,35.228863,47.33709331262636,12.10823031262636,.343701,Mo 9. Feb 22:38:13 CET 2026
42,68.477208,7.9533,35.228863,4.429465,691.2,550,10.493,35.228863,58.38042901175978,23.15156601175978,.657176,Mo 9. Feb 22:38:34 CET 2026
36,58.694750,7.9533,35.228863,4.429465,691.2,550,10.493,35.228863,54.24196531161666,19.01310231161666,.539702,Mo 9. Feb 22:38:36 CET 2026
45,73.368438,7.9533,35.228863,4.429465,691.2,550,10.493,35.228863,60.12603122055952,24.89716822055952,.706726,Mo 9. Feb 22:38:51 CET 2026
3,4.495351,9.0267,38.331258,4.246431,691.2,550,10.493,38.331258,39.24248051559648,.91122251559648,.023772,Mo 9. Feb 22:46:28 CET 2026
0,0,9.0267,38.331258,4.246431,691.2,550,10.493,38.331258,38.33125800000002,.00000000000002,0,Mo 9. Feb 22:46:30 CET 2026
6,8.990702,9.0267,38.331258,4.246431,691.2,550,10.493,38.331258,40.243972752658834,1.912714752658834,.049899,Mo 9. Feb 22:46:59 CET 2026
9,13.486053,9.0267,38.331258,4.246431,691.2,550,10.493,38.331258,41.351399013297254,3.020141013297254,.078790,Mo 9. Feb 22:47:28 CET 2026
12,17.981404,9.0267,38.331258,4.246431,691.2,550,10.493,38.331258,42.58391301387135,4.25265501387135,.110944,Mo 9. Feb 22:47:38 CET 2026
15,22.476755,9.0267,38.331258,4.246431,691.2,550,10.493,38.331258,43.96468394519103,5.63342594519103,.146966,Mo 9. Feb 22:48:26 CET 2026
18,26.972106,9.0267,38.331258,4.246431,691.2,550,10.493,38.331258,45.52088626786599,7.18962826786599,.187565,Mo 9. Feb 22:48:31 CET 2026
21,31.467457,9.0267,38.331258,4.246431,691.2,550,10.493,38.331258,47.282019624186596,8.950761624186596,.233510,Mo 9. Feb 22:48:49 CET 2026
30,44.953510,9.0267,38.331258,4.246431,691.2,550,10.493,38.331258,53.94453937228672,15.61328137228672,.407325,Mo 9. Feb 22:48:52 CET 2026
24,35.962808,9.0267,38.331258,4.246431,691.2,550,10.493,38.331258,49.27410041119811,10.94284241119811,.285480,Mo 9. Feb 22:49:14 CET 2026
27,40.458159,9.0267,38.331258,4.246431,691.2,550,10.493,38.331258,51.50578030763541,13.17452230763541,.343701,Mo 9. Feb 22:49:31 CET 2026
33,49.448861,9.0267,38.331258,4.246431,691.2,550,10.493,38.331258,56.49591757434957,18.16465957434957,.473886,Mo 9. Feb 22:49:39 CET 2026
36,53.944212,9.0267,38.331258,4.246431,691.2,550,10.493,38.331258,59.01872900734381,20.68747100734381,.539702,Mo 9. Feb 22:50:24 CET 2026
39,58.439563,9.0267,38.331258,4.246431,691.2,550,10.493,38.331258,61.38379146195451,23.05253346195451,.601402,Mo 9. Feb 22:50:58 CET 2026
42,62.934914,9.0267,38.331258,4.246431,691.2,550,10.493,38.331258,63.521643552292886,25.190385552292886,.657176,Mo 9. Feb 22:53:31 CET 2026
45,67.430265,9.0267,38.331258,4.246431,691.2,550,10.493,38.331258,65.42097070443853,27.08971270443853,.706726,Mo 9. Feb 22:53:34 CET 2026
0,0,10.1000,41.312504,4.090347,691.2,550,10.493,41.312504,41.312504,0,0,Mo 9. Feb 23:01:33 CET 2026
9,12.512872,10.1000,41.312504,4.090347,691.2,550,10.493,41.312504,44.56753890802215,3.25503490802215,.078790,Mo 9. Feb 23:01:52 CET 2026
12,16.683829,10.1000,41.312504,4.090347,691.2,550,10.493,41.312504,45.895911975828604,4.583407975828604,.110944,Mo 9. Feb 23:01:53 CET 2026
3,4.170957,10.1000,41.312504,4.090347,691.2,550,10.493,41.312504,42.294597594382324,.982093594382324,.023772,Mo 9. Feb 23:01:56 CET 2026
6,8.341914,10.1000,41.312504,4.090347,691.2,550,10.493,41.312504,43.37398136557844,2.06147736557844,.049899,Mo 9. Feb 23:02:13 CET 2026
15,20.854787,10.1000,41.312504,4.090347,691.2,550,10.493,41.312504,47.38407504205349,6.07157104205349,.146966,Mo 9. Feb 23:02:22 CET 2026
18,25.025744,10.1000,41.312504,4.090347,691.2,550,10.493,41.312504,49.061312320118496,7.748808320118496,.187565,Mo 9. Feb 23:02:29 CET 2026
21,29.196702,10.1000,41.312504,4.090347,691.2,550,10.493,41.312504,50.95942026214301,9.64691626214301,.233510,Mo 9. Feb 23:02:42 CET 2026
27,37.538617,10.1000,41.312504,4.090347,691.2,550,10.493,41.312504,55.511685283935094,14.199181283935094,.343701,Mo 9. Feb 23:10:22 CET 2026
24,33.367659,10.1000,41.312504,4.090347,691.2,550,10.493,41.312504,53.106434634205606,11.793930634205606,.285480,Mo 9. Feb 23:10:41 CET 2026
30,41.709574,10.1000,41.312504,4.090347,691.2,550,10.493,41.312504,58.14012069799434,16.82761669799434,.407325,Mo 9. Feb 23:11:14 CET 2026
33,45.880531,10.1000,41.312504,4.090347,691.2,550,10.493,41.312504,60.88993411922215,19.57743011922215,.473886,Mo 9. Feb 23:11:57 CET 2026
0,0,6.8800,32.689652,4.751403,738.0,550,10.493,32.689652,32.68965200000002,.00000000000002,0,Mo 9. Feb 23:12:14 CET 2026
36,50.051489,10.1000,41.312504,4.090347,691.2,550,10.493,41.312504,63.60896118857227,22.29645718857227,.539702,Mo 9. Feb 23:12:27 CET 2026
3,5.628066,6.8800,32.689652,4.751403,738.0,550,10.493,32.689652,33.46676044810586,.77710844810586,.023772,Mo 9. Feb 23:12:52 CET 2026
39,54.222446,10.1000,41.312504,4.090347,691.2,550,10.493,41.312504,66.15795844536461,24.84545444536461,.601402,Mo 9. Feb 23:13:13 CET 2026
6,11.256132,6.8800,32.689652,4.751403,738.0,550,10.493,32.689652,34.32085251896258,1.63120051896258,.049899,Mo 9. Feb 23:13:20 CET 2026
9,16.884198,6.8800,32.689652,4.751403,738.0,550,10.493,32.689652,35.26528597226284,2.57563397226284,.078790,Mo 9. Feb 23:13:21 CET 2026
42,58.393404,10.1000,41.312504,4.090347,691.2,550,10.493,41.312504,68.46216525273492,27.14966125273492,.657177,Mo 9. Feb 23:13:30 CET 2026
45,62.564361,10.1000,41.312504,4.090347,691.2,550,10.493,41.312504,70.50914102783987,29.19663702783987,.706726,Mo 9. Feb 23:13:53 CET 2026
12,22.512264,6.8800,32.689652,4.751403,738.0,550,10.493,32.689652,36.31639733886215,3.62674533886215,.110944,Mo 9. Feb 23:14:12 CET 2026
15,28.140330,6.8800,32.689652,4.751403,738.0,550,10.493,32.689652,37.493948477576964,4.804296477576964,.146966,Mo 9. Feb 23:14:53 CET 2026
18,33.768397,6.8800,32.689652,4.751403,738.0,550,10.493,32.689652,38.82110964270148,6.13145764270148,.187565,Mo 9. Feb 23:17:19 CET 2026
21,39.396463,6.8800,32.689652,4.751403,738.0,550,10.493,32.689652,40.323037796944156,7.633385796944156,.233510,Mo 9. Feb 23:17:32 CET 2026
24,45.024529,6.8800,32.689652,4.751403,738.0,550,10.493,32.689652,42.021923730329426,9.332271730329426,.285480,Mo 9. Feb 23:25:18 CET 2026
33,61.908728,6.8800,32.689652,4.751403,738.0,550,10.493,32.689652,48.18083158255793,15.49117958255793,.473886,Mo 9. Feb 23:25:34 CET 2026
30,56.280661,6.8800,32.689652,4.751403,738.0,550,10.493,32.689652,46.004966375690174,13.315314375690174,.407325,Mo 9. Feb 23:25:48 CET 2026
27,50.652595,6.8800,32.689652,4.751403,738.0,550,10.493,32.689652,43.92514498185755,11.23549298185755,.343701,Mo 9. Feb 23:25:57 CET 2026
39,73.164860,6.8800,32.689652,4.751403,738.0,550,10.493,32.689652,52.349307237090926,19.659655237090926,.601403,Mo 9. Feb 23:26:01 CET 2026
36,67.536794,6.8800,32.689652,4.751403,738.0,550,10.493,32.689652,50.33233576288317,17.64268376288317,.539702,Mo 9. Feb 23:26:03 CET 2026
42,78.792926,6.8800,32.689652,4.751403,738.0,550,10.493,32.689652,54.17254349743323,21.48289149743323,.657177,Mo 9. Feb 23:26:26 CET 2026
45,84.420992,6.8800,32.689652,4.751403,738.0,550,10.493,32.689652,55.7922908665339,23.1026388665339,.706726,Mo 9. Feb 23:26:57 CET 2026
3,5.109593,7.9533,36.006656,4.527260,738.0,550,10.493,36.006656,36.86261741473706,.85596141473706,.023772,Mo 9. Feb 23:34:11 CET 2026
0,0,7.9533,36.006656,4.527260,738.0,550,10.493,36.006656,36.006656000000014,.000000000000014,0,Mo 9. Feb 23:34:15 CET 2026
6,10.219186,7.9533,36.006656,4.527260,738.0,550,10.493,36.006656,37.80337387806191,1.79671787806191,.049899,Mo 9. Feb 23:35:10 CET 2026
9,15.328780,7.9533,36.006656,4.527260,738.0,550,10.493,36.006656,38.843640414660875,2.836984414660875,.078790,Mo 9. Feb 23:35:36 CET 2026
15,25.547966,7.9533,36.006656,4.527260,738.0,550,10.493,36.006656,41.29844213780198,5.29178613780198,.146966,Mo 9. Feb 23:36:09 CET 2026
12,20.438373,7.9533,36.006656,4.527260,738.0,550,10.493,36.006656,40.001408135983205,3.994752135983205,.110944,Mo 9. Feb 23:36:11 CET 2026
18,30.657560,7.9533,36.006656,4.527260,738.0,550,10.493,36.006656,42.760271748141605,6.753615748141605,.187565,Mo 9. Feb 23:36:40 CET 2026
21,35.767153,7.9533,36.006656,4.527260,738.0,550,10.493,36.006656,44.414597957263325,8.407941957263325,.233510,Mo 9. Feb 23:36:52 CET 2026
24,40.876747,7.9533,36.006656,4.527260,738.0,550,10.493,36.006656,46.28586915596584,10.27921315596584,.285480,Mo 9. Feb 23:37:07 CET 2026
30,51.095933,7.9533,36.006656,4.527260,738.0,550,10.493,36.006656,50.673071507107444,14.666415507107444,.407325,Mo 9. Feb 23:37:07 CET 2026
27,45.986340,7.9533,36.006656,4.527260,738.0,550,10.493,36.006656,48.3822083524235,12.3755523524235,.343701,Mo 9. Feb 23:37:25 CET 2026
33,56.205527,7.9533,36.006656,4.527260,738.0,550,10.493,36.006656,53.06971807635419,17.06306207635419,.473886,Mo 9. Feb 23:37:34 CET 2026
36,61.315120,7.9533,36.006656,4.527260,738.0,550,10.493,36.006656,55.43953518116048,19.43287918116048,.539702,Mo 9. Feb 23:37:35 CET 2026
39,66.424714,7.9533,36.006656,4.527260,738.0,550,10.493,36.006656,57.66116555939377,21.65450955939377,.601402,Mo 9. Feb 23:38:35 CET 2026
42,71.534307,7.9533,36.006656,4.527260,738.0,550,10.493,36.006656,59.669369092932456,23.662713092932456,.657176,Mo 9. Feb 23:41:17 CET 2026
45,76.643900,7.9533,36.006656,4.527260,738.0,550,10.493,36.006656,61.453510933432234,25.446854933432234,.706726,Mo 9. Feb 23:41:19 CET 2026
0,0,9.0267,39.177547,4.340185,738.0,550,10.493,39.177547,39.177547,0,0,Mo 9. Feb 23:49:10 CET 2026
6,9.392083,9.0267,39.177547,4.340185,738.0,550,10.493,39.177547,41.13249113164135,1.95494413164135,.049899,Mo 9. Feb 23:49:15 CET 2026
3,4.696041,9.0267,39.177547,4.340185,738.0,550,10.493,39.177547,40.10888778511461,.93134078511461,.023772,Mo 9. Feb 23:49:36 CET 2026
15,23.480207,9.0267,39.177547,4.340185,738.0,550,10.493,39.177547,44.93534667086097,5.75779967086097,.146966,Mo 9. Feb 23:49:41 CET 2026
12,18.784166,9.0267,39.177547,4.340185,738.0,550,10.493,39.177547,43.52409285997461,4.34654585997461,.110944,Mo 9. Feb 23:49:53 CET 2026
9,14.088124,9.0267,39.177547,4.340185,738.0,550,10.493,39.177547,42.26436745381638,3.08682045381638,.078790,Mo 9. Feb 23:49:54 CET 2026
18,28.176249,9.0267,39.177547,4.340185,738.0,550,10.493,39.177547,46.52591316141161,7.34836616141161,.187565,Mo 9. Feb 23:50:32 CET 2026
21,32.872291,9.0267,39.177547,4.340185,738.0,550,10.493,39.177547,48.32592583367948,9.14837883367948,.233510,Mo 9. Feb 23:50:47 CET 2026
24,37.568332,9.0267,39.177547,4.340185,738.0,550,10.493,39.177547,50.361988077637925,11.184441077637925,.285480,Mo 9. Feb 23:57:37 CET 2026
27,42.264374,9.0267,39.177547,4.340185,738.0,550,10.493,39.177547,52.64293959030866,13.46539259030866,.343701,Mo 9. Feb 23:57:53 CET 2026
30,46.960415,9.0267,39.177547,4.340185,738.0,550,10.493,39.177547,55.13554191992921,15.95799491992921,.407325,Mo 9. Feb 23:58:48 CET 2026
33,51.656457,9.0267,39.177547,4.340185,738.0,550,10.493,39.177547,57.74325032886184,18.56570332886184,.473886,Mo 9. Feb 23:59:03 CET 2026
36,56.352499,9.0267,39.177547,4.340185,738.0,550,10.493,39.177547,60.32176234410965,21.14421534410965,.539702,Di 10. Feb 00:00:09 CET 2026
39,61.048540,9.0267,39.177547,4.340185,738.0,550,10.493,39.177547,62.73904084369022,23.56149384369022,.601402,Di 10. Feb 00:00:14 CET 2026
0,0,10.1000,42.224615,4.180655,738.0,550,10.493,42.224615,42.224614999999986,-.000000000000014,0,Di 10. Feb 00:00:35 CET 2026
42,65.744582,9.0267,39.177547,4.340185,738.0,550,10.493,39.177547,64.9240929960626,25.7465459960626,.657176,Di 10. Feb 00:00:37 CET 2026
3,4.357166,10.1000,42.224615,4.180655,738.0,550,10.493,42.224615,43.228391585606595,1.003776585606595,.023772,Di 10. Feb 00:01:00 CET 2026
6,8.714332,10.1000,42.224615,4.180655,738.0,550,10.493,42.224615,44.3316066310257,2.1069916310257,.049899,Di 10. Feb 00:01:17 CET 2026
45,70.440623,9.0267,39.177547,4.340185,738.0,550,10.493,39.177547,66.865353345472,27.687806345472,.706726,Di 10. Feb 00:01:23 CET 2026
9,13.071498,10.1000,42.224615,4.180655,738.0,550,10.493,42.224615,45.55151607531534,3.32690107531534,.078790,Di 10. Feb 00:01:25 CET 2026
12,17.428664,10.1000,42.224615,4.180655,738.0,550,10.493,42.224615,46.90921565286527,4.68460065286527,.110944,Di 10. Feb 00:01:36 CET 2026
15,21.785830,10.1000,42.224615,4.180655,738.0,550,10.493,42.224615,48.43023534336937,6.20562034336937,.146966,Di 10. Feb 00:02:30 CET 2026
18,26.142997,10.1000,42.224615,4.180655,738.0,550,10.493,42.224615,50.144504699962674,7.919889699962674,.187565,Di 10. Feb 00:05:27 CET 2026
21,30.500163,10.1000,42.224615,4.180655,738.0,550,10.493,42.224615,52.084517394730035,9.859902394730035,.233510,Di 10. Feb 00:05:29 CET 2026
24,34.857329,10.1000,42.224615,4.180655,738.0,550,10.493,42.224615,54.27893656002373,12.05432156002373,.285480,Di 10. Feb 00:13:32 CET 2026
27,39.214495,10.1000,42.224615,4.180655,738.0,550,10.493,42.224615,56.73729081027379,14.51267581027379,.343701,Di 10. Feb 00:14:03 CET 2026
30,43.571661,10.1000,42.224615,4.180655,738.0,550,10.493,42.224615,59.42376188621432,17.19914688621432,.407325,Di 10. Feb 00:14:11 CET 2026
33,47.928827,10.1000,42.224615,4.180655,738.0,550,10.493,42.224615,62.234282584839086,20.009667584839086,.473886,Di 10. Feb 00:14:39 CET 2026
39,56.643160,10.1000,42.224615,4.180655,738.0,550,10.493,42.224615,67.61862600734246,25.39401100734246,.601403,Di 10. Feb 00:15:10 CET 2026
36,52.285994,10.1000,42.224615,4.180655,738.0,550,10.493,42.224615,65.01334170145044,22.78872670145044,.539702,Di 10. Feb 00:15:18 CET 2026
42,61.000326,10.1000,42.224615,4.180655,738.0,550,10.493,42.224615,69.97362189132501,27.74900689132501,.657176,Di 10. Feb 00:15:31 CET 2026
45,65.357492,10.1000,42.224615,4.180655,738.0,550,10.493,42.224615,72.06586565412204,29.84125065412204,.706726,Di 10. Feb 00:16:05 CET 2026
0,0,6.8800,27.124289,3.942484,421.6,450,10.534,27.124289,27.124288999999987,-.000000000000013,0,Di 10. Feb 00:21:35 CET 2026
3,3.874854,6.8800,27.124289,3.942484,421.6,450,10.534,27.124289,27.769095985182467,.644806985182467,.023772,Di 10. Feb 00:21:47 CET 2026
6,7.749708,6.8800,27.124289,3.942484,421.6,450,10.534,27.124289,28.477780462169648,1.353491462169648,.049899,Di 10. Feb 00:22:32 CET 2026
9,11.624562,6.8800,27.124289,3.942484,421.6,450,10.534,27.124289,29.261426964718122,2.137137964718122,.078790,Di 10. Feb 00:22:33 CET 2026
15,19.374270,6.8800,27.124289,3.942484,421.6,450,10.534,27.124289,31.11066158274576,3.98637258274576,.146966,Di 10. Feb 00:23:34 CET 2026
12,15.499416,6.8800,27.124289,3.942484,421.6,450,10.534,27.124289,30.133585894440845,3.009296894440845,.110944,Di 10. Feb 00:23:46 CET 2026
21,27.123978,6.8800,27.124289,3.942484,421.6,450,10.534,27.124289,33.458103003409875,6.333814003409875,.233510,Di 10. Feb 00:24:07 CET 2026
18,23.249124,6.8800,27.124289,3.942484,421.6,450,10.534,27.124289,32.21187538431598,5.08758638431598,.187565,Di 10. Feb 00:24:23 CET 2026
27,34.873686,6.8800,27.124289,3.942484,421.6,450,10.534,27.124289,36.446956132377025,9.322667132377025,.343701,Di 10. Feb 00:24:47 CET 2026
24,30.998832,6.8800,27.124289,3.942484,421.6,450,10.534,27.124289,34.86775613195964,7.74346713195964,.285480,Di 10. Feb 00:24:50 CET 2026
33,42.623394,6.8800,27.124289,3.942484,421.6,450,10.534,27.124289,39.978119107252695,12.853830107252695,.473886,Di 10. Feb 00:24:53 CET 2026
30,38.748540,6.8800,27.124289,3.942484,421.6,450,10.534,27.124289,38.172692191003264,11.048403191003264,.407325,Di 10. Feb 00:25:13 CET 2026
36,46.498248,6.8800,27.124289,3.942484,421.6,450,10.534,27.124289,41.763333361596644,14.639044361596644,.539702,Di 10. Feb 00:25:28 CET 2026
39,50.373102,6.8800,27.124289,3.942484,421.6,450,10.534,27.124289,43.43691847219704,16.31262947219704,.601403,Di 10. Feb 00:26:28 CET 2026
42,54.247956,6.8800,27.124289,3.942484,421.6,450,10.534,27.124289,44.94972166315087,17.82543266315087,.657176,Di 10. Feb 00:28:51 CET 2026
45,58.122810,6.8800,27.124289,3.942484,421.6,450,10.534,27.124289,46.29373689409372,19.16944789409372,.706726,Di 10. Feb 00:29:09 CET 2026
0,0,7.9533,29.876603,3.756504,421.6,450,10.534,29.876603,29.87660300000001,.00000000000001,0,Di 10. Feb 00:37:33 CET 2026
3,3.517897,7.9533,29.876603,3.756504,421.6,450,10.534,29.876603,30.58683862855047,.71023562855047,.023772,Di 10. Feb 00:37:42 CET 2026
6,7.035794,7.9533,29.876603,3.756504,421.6,450,10.534,29.876603,31.367433629232725,1.490830629232725,.049899,Di 10. Feb 00:38:09 CET 2026
9,10.553692,7.9533,29.876603,3.756504,421.6,450,10.534,29.876603,32.23059693887276,2.35399393887276,.078790,Di 10. Feb 00:38:28 CET 2026
12,14.071589,7.9533,29.876603,3.756504,421.6,450,10.534,29.876603,33.19125730513927,3.31465430513927,.110944,Di 10. Feb 00:39:01 CET 2026
15,17.589487,7.9533,29.876603,3.756504,421.6,450,10.534,29.876603,34.26747458438478,4.39087158438478,.146966,Di 10. Feb 00:39:11 CET 2026
18,21.107384,7.9533,29.876603,3.756504,421.6,450,10.534,29.876603,35.48042890931641,5.60382590931641,.187565,Di 10. Feb 00:39:22 CET 2026
21,24.625281,7.9533,29.876603,3.756504,421.6,450,10.534,29.876603,36.85311102944402,6.97650802944402,.233510,Di 10. Feb 00:39:49 CET 2026
24,28.143179,7.9533,29.876603,3.756504,421.6,450,10.534,29.876603,38.405803009296264,8.529200009296264,.285480,Di 10. Feb 00:45:19 CET 2026
27,31.661076,7.9533,29.876603,3.756504,421.6,450,10.534,29.876603,40.14524400780695,10.26864100780695,.343701,Di 10. Feb 00:45:42 CET 2026
33,38.696871,7.9533,29.876603,3.756504,421.6,450,10.534,29.876603,44.03471809034016,14.15811509034016,.473886,Di 10. Feb 00:46:03 CET 2026
30,35.178974,7.9533,29.876603,3.756504,421.6,450,10.534,29.876603,42.046092711250765,12.169489711250765,.407325,Di 10. Feb 00:46:21 CET 2026
39,45.732666,7.9533,29.876603,3.756504,421.6,450,10.534,29.876603,47.84448168928959,17.96787868928959,.601403,Di 10. Feb 00:47:29 CET 2026
36,42.214769,7.9533,29.876603,3.756504,421.6,450,10.534,29.876603,46.00108271606724,16.12447971606724,.539702,Di 10. Feb 00:47:31 CET 2026
42,49.250563,7.9533,29.876603,3.756504,421.6,450,10.534,29.876603,49.51079133848074,19.63418833848074,.657176,Di 10. Feb 00:47:45 CET 2026
45,52.768461,7.9533,29.876603,3.756504,421.6,450,10.534,29.876603,50.99119668140377,21.11459368140377,.706726,Di 10. Feb 00:48:06 CET 2026
6,6.466343,9.0267,32.507656,3.601278,421.6,450,10.534,32.507656,34.12977477018537,1.62211877018537,.049899,Di 10. Feb 00:48:17 CET 2026
0,0,9.0267,32.507656,3.601278,421.6,450,10.534,32.507656,32.507656,0,0,Di 10. Feb 00:48:26 CET 2026
3,3.233171,9.0267,32.507656,3.601278,421.6,450,10.534,32.507656,33.28043769079413,.77278169079413,.023772,Di 10. Feb 00:48:27 CET 2026
9,9.699514,9.0267,32.507656,3.601278,421.6,450,10.534,32.507656,35.06895200224737,2.56129600224737,.078790,Di 10. Feb 00:48:39 CET 2026
12,12.932686,9.0267,32.507656,3.601278,421.6,450,10.534,32.507656,36.114212024920626,3.606556024920626,.110944,Di 10. Feb 00:48:49 CET 2026
15,16.165858,9.0267,32.507656,3.601278,421.6,450,10.534,32.507656,37.28520536634293,4.77754936634293,.146966,Di 10. Feb 00:49:57 CET 2026
18,19.399029,9.0267,32.507656,3.601278,421.6,450,10.534,32.507656,38.604977823206916,6.097321823206916,.187565,Di 10. Feb 00:51:57 CET 2026
21,22.632201,9.0267,32.507656,3.601278,421.6,450,10.534,32.507656,40.09854367717728,7.59088767717728,.233510,Di 10. Feb 00:52:42 CET 2026
24,25.865372,9.0267,32.507656,3.601278,421.6,450,10.534,32.507656,41.78797073681805,9.28031473681805,.285480,Di 10. Feb 01:01:15 CET 2026
27,29.098544,9.0267,32.507656,3.601278,421.6,450,10.534,32.507656,43.68059539770313,11.17293939770313,.343701,Di 10. Feb 01:01:35 CET 2026
33,35.564887,9.0267,32.507656,3.601278,421.6,450,10.534,32.507656,47.912589518207625,15.404933518207625,.473886,Di 10. Feb 01:02:11 CET 2026
30,32.331716,9.0267,32.507656,3.601278,421.6,450,10.534,32.507656,45.74883818928175,13.24118218928175,.407325,Di 10. Feb 01:02:12 CET 2026
42,45.264402,9.0267,32.507656,3.601278,421.6,450,10.534,32.507656,53.87090824474399,21.36325224474399,.657176,Di 10. Feb 01:03:00 CET 2026
36,38.798059,9.0267,32.507656,3.601278,421.6,450,10.534,32.507656,50.05211581142663,17.54445981142663,.539702,Di 10. Feb 01:03:02 CET 2026
39,42.031231,9.0267,32.507656,3.601278,421.6,450,10.534,32.507656,52.05785837930661,19.55020237930661,.601403,Di 10. Feb 01:03:15 CET 2026
45,48.497574,9.0267,32.507656,3.601278,421.6,450,10.534,32.507656,55.48166832328974,22.97401232328974,.706726,Di 10. Feb 01:03:26 CET 2026
0,0,10.1000,35.035940,3.468905,421.6,450,10.534,35.035940,35.03593999999999,-.00000000000001,0,Di 10. Feb 01:09:08 CET 2026
3,2.999854,10.1000,35.035940,3.468905,421.6,450,10.534,35.035940,35.868824829254464,.832884829254464,.023772,Di 10. Feb 01:09:19 CET 2026
6,5.999709,10.1000,35.035940,3.468905,421.6,450,10.534,35.035940,36.78421926230515,1.74827926230515,.049899,Di 10. Feb 01:09:56 CET 2026
9,8.999564,10.1000,35.035940,3.468905,421.6,450,10.534,35.035940,37.796440219827446,2.760500219827446,.078790,Di 10. Feb 01:09:57 CET 2026
12,11.999419,10.1000,35.035940,3.468905,421.6,450,10.534,35.035940,38.92299276690591,3.88705276690591,.110944,Di 10. Feb 01:11:00 CET 2026
18,17.999129,10.1000,35.035940,3.468905,421.6,450,10.534,35.035940,41.60748034570246,6.57154034570246,.187565,Di 10. Feb 01:11:03 CET 2026
15,14.999274,10.1000,35.035940,3.468905,421.6,450,10.534,35.035940,40.18506280731912,5.14912280731912,.146966,Di 10. Feb 01:11:30 CET 2026
30,29.998549,10.1000,35.035940,3.468905,421.6,450,10.534,35.035940,49.3069532406668,14.2710132406668,.407324,Di 10. Feb 01:11:51 CET 2026
24,23.998839,10.1000,35.035940,3.468905,421.6,450,10.534,35.035940,45.03803109692035,10.00209109692035,.285480,Di 10. Feb 01:11:54 CET 2026
21,20.998984,10.1000,35.035940,3.468905,421.6,450,10.534,35.035940,43.21720906255312,8.18126906255312,.233510,Di 10. Feb 01:12:01 CET 2026
27,26.998694,10.1000,35.035940,3.468905,421.6,450,10.534,35.035940,47.07785415093353,12.04191415093353,.343701,Di 10. Feb 01:12:09 CET 2026
33,32.998404,10.1000,35.035940,3.468905,421.6,450,10.534,35.035940,51.63899211650784,16.60305211650784,.473886,Di 10. Feb 01:12:14 CET 2026
36,35.998258,10.1000,35.035940,3.468905,421.6,450,10.534,35.035940,53.944913875585996,18.908973875585996,.539702,Di 10. Feb 01:12:21 CET 2026
39,38.998113,10.1000,35.035940,3.468905,421.6,450,10.534,35.035940,56.1066576377625,21.0707176377625,.601402,Di 10. Feb 01:13:21 CET 2026
42,41.997968,10.1000,35.035940,3.468905,421.6,450,10.534,35.035940,58.060716476220534,23.024776476220534,.657175,Di 10. Feb 01:15:02 CET 2026
45,44.997823,10.1000,35.035940,3.468905,421.6,450,10.534,35.035940,59.79676256569872,24.76082256569872,.706726,Di 10. Feb 01:15:53 CET 2026
0,0,6.8800,27.840773,4.046624,455.9,450,10.534,27.840773,27.84077300000001,.00000000000001,0,Di 10. Feb 01:24:52 CET 2026
3,4.082264,6.8800,27.840773,4.046624,455.9,450,10.534,27.840773,28.502612359153442,.661839359153442,.023772,Di 10. Feb 01:25:40 CET 2026
9,12.246793,6.8800,27.840773,4.046624,455.9,450,10.534,27.840773,30.034362065109686,2.193589065109686,.078790,Di 10. Feb 01:25:53 CET 2026
6,8.164529,6.8800,27.840773,4.046624,455.9,450,10.534,27.840773,29.230016522355733,1.389243522355733,.049899,Di 10. Feb 01:25:57 CET 2026
12,16.329058,6.8800,27.840773,4.046624,455.9,450,10.534,27.840773,30.929562054989606,3.088789054989606,.110944,Di 10. Feb 01:26:27 CET 2026
15,20.411323,6.8800,27.840773,4.046624,455.9,450,10.534,27.840773,31.93244476920432,4.09167176920432,.146966,Di 10. Feb 01:26:34 CET 2026
21,28.575852,6.8800,27.840773,4.046624,455.9,450,10.534,27.840773,34.341893093684675,6.501120093684675,.233510,Di 10. Feb 01:27:02 CET 2026
18,24.493587,6.8800,27.840773,4.046624,455.9,450,10.534,27.840773,33.062746954139335,5.221973954139335,.187565,Di 10. Feb 01:27:06 CET 2026
24,32.658117,6.8800,27.840773,4.046624,455.9,450,10.534,27.840773,35.78878291191828,7.94800991191828,.285480,Di 10. Feb 01:32:47 CET 2026
27,36.740381,6.8800,27.840773,4.046624,455.9,450,10.534,27.840773,37.40969772056044,9.56892472056044,.343701,Di 10. Feb 01:32:59 CET 2026
33,44.904910,6.8800,27.840773,4.046624,455.9,450,10.534,27.840773,41.034133908021175,13.193360908021175,.473886,Di 10. Feb 01:33:26 CET 2026
30,40.822646,6.8800,27.840773,4.046624,455.9,450,10.534,27.840773,39.18102434709837,11.34025134709837,.407325,Di 10. Feb 01:33:27 CET 2026
36,48.987175,6.8800,27.840773,4.046624,455.9,450,10.534,27.840773,42.86650445598298,15.02573145598298,.539702,Di 10. Feb 01:34:27 CET 2026
39,53.069440,6.8800,27.840773,4.046624,455.9,450,10.534,27.840773,44.5842972674574,16.7435242674574,.601402,Di 10. Feb 01:34:38 CET 2026
42,57.151704,6.8800,27.840773,4.046624,455.9,450,10.534,27.840773,46.13705626835463,18.29628326835463,.657175,Di 10. Feb 01:35:08 CET 2026
45,61.233969,6.8800,27.840773,4.046624,455.9,450,10.534,27.840773,47.516581935702085,19.675808935702085,.706726,Di 10. Feb 01:35:11 CET 2026
3,3.706202,7.9533,30.665793,3.855732,455.9,450,10.534,30.665793,31.39478966112357,.72899666112357,.023772,Di 10. Feb 01:35:42 CET 2026
0,0,7.9533,30.665793,3.855732,455.9,450,10.534,30.665793,30.665793000000004,.000000000000004,0,Di 10. Feb 01:35:54 CET 2026
6,7.412404,7.9533,30.665793,3.855732,455.9,450,10.534,30.665793,32.196003884967986,1.530210884967986,.049899,Di 10. Feb 01:35:55 CET 2026
9,11.118607,7.9533,30.665793,3.855732,455.9,450,10.534,30.665793,33.081967749832344,2.416174749832344,.078790,Di 10. Feb 01:36:15 CET 2026
12,14.824809,7.9533,30.665793,3.855732,455.9,450,10.534,30.665793,34.068003787453165,3.402210787453165,.110944,Di 10. Feb 01:36:26 CET 2026
15,18.531012,7.9533,30.665793,3.855732,455.9,450,10.534,30.665793,35.172649289173144,4.506856289173144,.146966,Di 10. Feb 01:37:36 CET 2026
18,22.237214,7.9533,30.665793,3.855732,455.9,450,10.534,30.665793,36.41764511860679,5.75185211860679,.187565,Di 10. Feb 01:38:59 CET 2026
21,25.943417,7.9533,30.665793,3.855732,455.9,450,10.534,30.665793,37.82658585409283,7.16079285409283,.233510,Di 10. Feb 01:39:46 CET 2026
24,29.649619,7.9533,30.665793,3.855732,455.9,450,10.534,30.665793,39.420291184111036,8.754498184111036,.285480,Di 10. Feb 01:49:07 CET 2026
27,33.355822,7.9533,30.665793,3.855732,455.9,450,10.534,30.665793,41.20568097874563,10.53988797874563,.343701,Di 10. Feb 01:49:36 CET 2026
30,37.062024,7.9533,30.665793,3.855732,455.9,450,10.534,30.665793,43.156738057273905,12.490945057273905,.407325,Di 10. Feb 01:49:37 CET 2026
33,40.768227,7.9533,30.665793,3.855732,455.9,450,10.534,30.665793,45.197894312170384,14.532101312170384,.473886,Di 10. Feb 01:50:27 CET 2026
39,48.180632,7.9533,30.665793,3.855732,455.9,450,10.534,30.665793,49.108293461921406,18.442500461921406,.601403,Di 10. Feb 01:50:54 CET 2026
36,44.474429,7.9533,30.665793,3.855732,455.9,450,10.534,30.665793,47.2161951238493,16.5504021238493,.539702,Di 10. Feb 01:51:27 CET 2026
42,51.886834,7.9533,30.665793,3.855732,455.9,450,10.534,30.665793,50.81861859273231,20.15282559273231,.657176,Di 10. Feb 01:51:51 CET 2026
45,55.593037,7.9533,30.665793,3.855732,455.9,450,10.534,30.665793,52.338118950731456,21.672325950731456,.706726,Di 10. Feb 01:51:53 CET 2026
3,3.406236,9.0267,33.366348,3.696406,455.9,450,10.534,33.366348,34.15954302087629,.79319502087629,.023772,Di 10. Feb 01:56:29 CET 2026
0,0,9.0267,33.366348,3.696406,455.9,450,10.534,33.366348,33.36634800000001,.00000000000001,0,Di 10. Feb 01:56:32 CET 2026
6,6.812472,9.0267,33.366348,3.696406,455.9,450,10.534,33.366348,35.03131538984805,1.66496738984805,.049899,Di 10. Feb 01:56:58 CET 2026
9,10.218709,9.0267,33.366348,3.696406,455.9,450,10.534,33.366348,35.99530094105586,2.62895294105586,.078790,Di 10. Feb 01:57:21 CET 2026
12,13.624945,9.0267,33.366348,3.696406,455.9,450,10.534,33.366348,37.068171328354346,3.701823328354346,.110944,Di 10. Feb 01:58:10 CET 2026
15,17.031182,9.0267,33.366348,3.696406,455.9,450,10.534,33.366348,38.27009636362379,4.90374836362379,.146966,Di 10. Feb 01:58:37 CET 2026
18,20.437418,9.0267,33.366348,3.696406,455.9,450,10.534,33.366348,39.62473041671534,6.25838241671534,.187565,Di 10. Feb 01:58:53 CET 2026
21,23.843655,9.0267,33.366348,3.696406,455.9,450,10.534,33.366348,41.157750505853016,7.791402505853016,.233510,Di 10. Feb 01:59:03 CET 2026
27,30.656128,9.0267,33.366348,3.696406,455.9,450,10.534,33.366348,44.834423739307724,11.468075739307724,.343701,Di 10. Feb 01:59:18 CET 2026
24,27.249891,9.0267,33.366348,3.696406,455.9,450,10.534,33.366348,42.89180407252135,9.52545607252135,.285480,Di 10. Feb 01:59:32 CET 2026
30,34.062364,9.0267,33.366348,3.696406,455.9,450,10.534,33.366348,46.957296692686214,13.590948692686214,.407325,Di 10. Feb 01:59:35 CET 2026
33,37.468601,9.0267,33.366348,3.696406,455.9,450,10.534,33.366348,49.17820434034657,15.81185634034657,.473886,Di 10. Feb 01:59:51 CET 2026
36,40.874837,9.0267,33.366348,3.696406,455.9,450,10.534,33.366348,51.37423814268611,18.00789014268611,.539702,Di 10. Feb 02:00:05 CET 2026
39,44.281073,9.0267,33.366348,3.696406,455.9,450,10.534,33.366348,53.43296972593808,20.06662172593808,.601402,Di 10. Feb 02:01:20 CET 2026
42,47.687310,9.0267,33.366348,3.696406,455.9,450,10.534,33.366348,55.29390550006922,21.92755750006922,.657175,Di 10. Feb 02:02:35 CET 2026
45,51.093546,9.0267,33.366348,3.696406,455.9,450,10.534,33.366348,56.947225934052106,23.580877934052106,.706726,Di 10. Feb 02:03:34 CET 2026
0,0,10.1000,35.961403,3.560535,455.9,450,10.534,35.961403,35.96140300000001,.00000000000001,0,Di 10. Feb 02:12:25 CET 2026
6,6.320857,10.1000,35.961403,3.560535,455.9,450,10.534,35.961403,37.75586287098555,1.79445987098555,.049899,Di 10. Feb 02:13:30 CET 2026
3,3.160428,10.1000,35.961403,3.560535,455.9,450,10.534,35.961403,36.81628843500835,.85488543500835,.023772,Di 10. Feb 02:13:38 CET 2026
9,9.481285,10.1000,35.961403,3.560535,455.9,450,10.534,35.961403,38.794821621491636,2.833418621491636,.078790,Di 10. Feb 02:14:15 CET 2026
12,12.641714,10.1000,35.961403,3.560535,455.9,450,10.534,35.961403,39.95113429216176,3.98973129216176,.110944,Di 10. Feb 02:14:33 CET 2026
15,15.802142,10.1000,35.961403,3.560535,455.9,450,10.534,35.961403,41.246538232512,5.285135232512,.146966,Di 10. Feb 02:15:10 CET 2026
21,22.122999,10.1000,35.961403,3.560535,455.9,450,10.534,35.961403,44.358779166049715,8.397376166049715,.233510,Di 10. Feb 02:15:32 CET 2026
18,18.962571,10.1000,35.961403,3.560535,455.9,450,10.534,35.961403,42.70652883917186,6.74512583917186,.187565,Di 10. Feb 02:15:43 CET 2026
27,28.443856,10.1000,35.961403,3.560535,455.9,450,10.534,35.961403,48.32140935048194,12.36000635048194,.343702,Di 10. Feb 02:19:53 CET 2026
24,25.283428,10.1000,35.961403,3.560535,455.9,450,10.534,35.961403,46.227696714685436,10.266293714685436,.285480,Di 10. Feb 02:19:57 CET 2026
30,31.604285,10.1000,35.961403,3.560535,455.9,450,10.534,35.961403,50.609385505703685,14.647982505703685,.407325,Di 10. Feb 02:20:15 CET 2026
33,34.764713,10.1000,35.961403,3.560535,455.9,450,10.534,35.961403,53.00301954088431,17.04161654088431,.473886,Di 10. Feb 02:20:46 CET 2026
36,37.925142,10.1000,35.961403,3.560535,455.9,450,10.534,35.961403,55.36984693805769,19.40844393805769,.539702,Di 10. Feb 02:21:45 CET 2026
42,44.245999,10.1000,35.961403,3.560535,455.9,450,10.534,35.961403,59.594376243111135,23.632973243111135,.657176,Di 10. Feb 02:22:17 CET 2026
39,41.085570,10.1000,35.961403,3.560535,455.9,450,10.534,35.961403,57.58869709162902,21.62729409162902,.601402,Di 10. Feb 02:22:24 CET 2026
45,47.406427,10.1000,35.961403,3.560535,455.9,450,10.534,35.961403,61.37627551775989,25.41487251775989,.706726,Di 10. Feb 02:22:36 CET 2026
0,0,6.8800,30.054020,4.368317,573.5,450,10.534,30.054020,30.054020000000005,.000000000000005,0,Di 10. Feb 02:23:03 CET 2026
3,4.757116,6.8800,30.054020,4.368317,573.5,450,10.534,30.054020,30.768473443376315,.714453443376315,.023772,Di 10. Feb 02:23:20 CET 2026
6,9.514232,6.8800,30.054020,4.368317,573.5,450,10.534,30.054020,31.553704070063066,1.499684070063066,.049899,Di 10. Feb 02:23:26 CET 2026
9,14.271348,6.8800,30.054020,4.368317,573.5,450,10.534,30.054020,32.421992381197505,2.367972381197505,.078790,Di 10. Feb 02:23:51 CET 2026
12,19.028464,6.8800,30.054020,4.368317,573.5,450,10.534,30.054020,33.38835728213983,3.33433728213983,.110944,Di 10. Feb 02:24:03 CET 2026
15,23.785580,6.8800,30.054020,4.368317,573.5,450,10.534,30.054020,34.470965894973006,4.416945894973006,.146966,Di 10. Feb 02:25:19 CET 2026
18,28.542696,6.8800,30.054020,4.368317,573.5,450,10.534,30.054020,35.69112326763926,5.63710326763926,.187565,Di 10. Feb 02:26:32 CET 2026
21,33.299812,6.8800,30.054020,4.368317,573.5,450,10.534,30.054020,37.0719576362873,7.0179376362873,.233510,Di 10. Feb 02:27:36 CET 2026
24,38.056929,6.8800,30.054020,4.368317,573.5,450,10.534,30.054020,38.63387013956915,8.57985013956915,.285480,Di 10. Feb 02:36:01 CET 2026
27,42.814045,6.8800,30.054020,4.368317,573.5,450,10.534,30.054020,40.383640783133565,10.329620783133565,.343701,Di 10. Feb 02:37:33 CET 2026
30,47.571161,6.8800,30.054020,4.368317,573.5,450,10.534,30.054020,42.29577394254193,12.24175394254193,.407325,Di 10. Feb 02:37:37 CET 2026
33,52.328277,6.8800,30.054020,4.368317,573.5,450,10.534,30.054020,44.29620921786165,14.24218921786165,.473886,Di 10. Feb 02:38:18 CET 2026
36,57.085393,6.8800,30.054020,4.368317,573.5,450,10.534,30.054020,46.27424670560276,16.22022670560276,.539702,Di 10. Feb 02:38:25 CET 2026
39,61.842509,6.8800,30.054020,4.368317,573.5,450,10.534,30.054020,48.12859805282288,18.07457805282288,.601403,Di 10. Feb 02:38:40 CET 2026
42,66.599625,6.8800,30.054020,4.368317,573.5,450,10.534,30.054020,49.80480158286098,19.75078158286098,.657176,Di 10. Feb 02:39:19 CET 2026
45,71.356742,6.8800,30.054020,4.368317,573.5,450,10.534,30.054020,51.293989014486314,21.239969014486314,.706726,Di 10. Feb 02:39:33 CET 2026
3,4.318878,7.9533,33.103591,4.162246,573.5,450,10.534,33.103591,33.89053953605778,.78694853605778,.023772,Di 10. Feb 02:43:47 CET 2026
0,0,7.9533,33.103591,4.162246,573.5,450,10.534,33.103591,33.10359100000002,.00000000000002,0,Di 10. Feb 02:43:47 CET 2026
6,8.637756,7.9533,33.103591,4.162246,573.5,450,10.534,33.103591,34.75544722379773,1.65185622379773,.049899,Di 10. Feb 02:43:52 CET 2026
9,12.956634,7.9533,33.103591,4.162246,573.5,450,10.534,33.103591,35.711839845335696,2.608248845335696,.078790,Di 10. Feb 02:44:25 CET 2026
12,17.275512,7.9533,33.103591,4.162246,573.5,450,10.534,33.103591,36.77626295204233,3.67267195204233,.110944,Di 10. Feb 02:45:37 CET 2026
15,21.594390,7.9533,33.103591,4.162246,573.5,450,10.534,33.103591,37.968722842663425,4.865131842663425,.146966,Di 10. Feb 02:45:45 CET 2026
18,25.913268,7.9533,33.103591,4.162246,573.5,450,10.534,33.103591,39.31268924631886,6.20909824631886,.187565,Di 10. Feb 02:46:13 CET 2026
21,30.232146,7.9533,33.103591,4.162246,573.5,450,10.534,33.103591,40.83363625750971,7.73004525750971,.233510,Di 10. Feb 02:46:32 CET 2026
24,34.551024,7.9533,33.103591,4.162246,573.5,450,10.534,33.103591,42.55403537640697,9.45044437640697,.285480,Di 10. Feb 02:46:57 CET 2026
30,43.188780,7.9533,33.103591,4.162246,573.5,450,10.534,33.103591,46.58751370713539,13.48392270713539,.407325,Di 10. Feb 02:47:11 CET 2026
27,38.869902,7.9533,33.103591,4.162246,573.5,450,10.534,33.103591,44.481354069651545,11.377763069651545,.343701,Di 10. Feb 02:47:25 CET 2026
36,51.826536,7.9533,33.103591,4.162246,573.5,450,10.534,33.103591,50.96967806485143,17.86608706485143,.539702,Di 10. Feb 02:47:52 CET 2026
33,47.507658,7.9533,33.103591,4.162246,573.5,450,10.534,33.103591,48.790929640343414,15.687338640343414,.473886,Di 10. Feb 02:47:52 CET 2026
39,56.145414,7.9533,33.103591,4.162246,573.5,450,10.534,33.103591,53.012186642074255,19.908595642074255,.601402,Di 10. Feb 02:48:56 CET 2026
42,60.464292,7.9533,33.103591,4.162246,573.5,450,10.534,33.103591,54.85847836926001,21.75488736926001,.657176,Di 10. Feb 02:50:21 CET 2026
45,64.783170,7.9533,33.103591,4.162246,573.5,450,10.534,33.103591,56.498772748909396,23.395181748909396,.706726,Di 10. Feb 02:51:27 CET 2026
0,0,9.0267,36.018861,3.990258,573.5,450,10.534,36.018861,36.01886100000001,.00000000000001,0,Di 10. Feb 02:59:51 CET 2026
3,3.969331,9.0267,36.018861,3.990258,573.5,450,10.534,36.018861,36.875112234321406,.856251234321406,.023772,Di 10. Feb 03:01:12 CET 2026
6,7.938663,9.0267,36.018861,3.990258,573.5,450,10.534,36.018861,37.816187612329266,1.797326612329266,.049899,Di 10. Feb 03:01:24 CET 2026
15,19.846658,9.0267,36.018861,3.990258,573.5,450,10.534,36.018861,41.31244064616667,5.29357964616667,.146966,Di 10. Feb 03:02:08 CET 2026
12,15.877327,9.0267,36.018861,3.990258,573.5,450,10.534,36.018861,40.01496469254964,3.99610369254964,.110944,Di 10. Feb 03:02:11 CET 2026
9,11.907995,9.0267,36.018861,3.990258,573.5,450,10.534,36.018861,38.85680558448914,2.83794458448914,.078790,Di 10. Feb 03:02:14 CET 2026
18,23.815990,9.0267,36.018861,3.990258,573.5,450,10.534,36.018861,42.774763760163566,6.755902760163566,.187565,Di 10. Feb 03:02:54 CET 2026
21,27.785322,9.0267,36.018861,3.990258,573.5,450,10.534,36.018861,44.42965275296954,8.41079175296954,.233510,Di 10. Feb 03:03:27 CET 2026
27,35.723985,9.0267,36.018861,3.990258,573.5,450,10.534,36.018861,48.39860648342197,12.37974548342197,.343701,Di 10. Feb 03:07:16 CET 2026
24,31.754654,9.0267,36.018861,3.990258,573.5,450,10.534,36.018861,46.30155894140157,10.28269794140157,.285480,Di 10. Feb 03:07:17 CET 2026
30,39.693317,9.0267,36.018861,3.990258,573.5,450,10.534,36.018861,50.6902418324932,14.6713808324932,.407324,Di 10. Feb 03:07:25 CET 2026
33,43.662649,9.0267,36.018861,3.990258,573.5,450,10.534,36.018861,53.08770595028026,17.06884495028026,.473886,Di 10. Feb 03:08:11 CET 2026
36,47.631981,9.0267,36.018861,3.990258,573.5,450,10.534,36.018861,55.4583260686534,19.4394650686534,.539702,Di 10. Feb 03:09:03 CET 2026
42,55.570644,9.0267,36.018861,3.990258,573.5,450,10.534,36.018861,59.68960038642312,23.67073938642312,.657176,Di 10. Feb 03:09:28 CET 2026
39,51.601312,9.0267,36.018861,3.990258,573.5,450,10.534,36.018861,57.68071127581704,21.66185027581704,.601402,Di 10. Feb 03:09:38 CET 2026
45,59.539976,9.0267,36.018861,3.990258,573.5,450,10.534,36.018861,61.474341540986245,25.455480540986245,.706726,Di 10. Feb 03:10:14 CET 2026
0,0,10.1000,38.820218,3.843586,573.5,450,10.534,38.820218,38.82021799999998,-.00000000000002,0,Di 10. Feb 03:10:31 CET 2026
3,3.682889,10.1000,38.820218,3.843586,573.5,450,10.534,38.820218,39.743063937279935,.922845937279935,.023772,Di 10. Feb 03:10:33 CET 2026
6,7.365778,10.1000,38.820218,3.843586,573.5,450,10.534,38.820218,40.75733146677441,1.93711346677441,.049899,Di 10. Feb 03:11:08 CET 2026
9,11.048667,10.1000,38.820218,3.843586,573.5,450,10.534,38.820218,41.87888428997411,3.05866628997411,.078790,Di 10. Feb 03:11:26 CET 2026
12,14.731557,10.1000,38.820218,3.843586,573.5,450,10.534,38.820218,43.1271199036088,4.3069019036088,.110944,Di 10. Feb 03:11:59 CET 2026
15,18.414446,10.1000,38.820218,3.843586,573.5,450,10.534,38.820218,44.52550471428257,5.70528671428257,.146966,Di 10. Feb 03:12:43 CET 2026
18,22.097335,10.1000,38.820218,3.843586,573.5,450,10.534,38.820218,46.10155908076217,7.28134108076217,.187565,Di 10. Feb 03:14:21 CET 2026
21,25.780225,10.1000,38.820218,3.843586,573.5,450,10.534,38.820218,47.88515690700133,9.06493890700133,.233510,Di 10. Feb 03:15:16 CET 2026
24,29.463114,10.1000,38.820218,3.843586,573.5,450,10.534,38.820218,49.90264891434173,11.08243091434173,.285480,Di 10. Feb 03:23:42 CET 2026
27,33.146003,10.1000,38.820218,3.843586,573.5,450,10.534,38.820218,52.16279594316392,13.34257794316392,.343701,Di 10. Feb 03:24:57 CET 2026
30,36.828893,10.1000,38.820218,3.843586,573.5,450,10.534,38.820218,54.63266484225865,15.81244684225865,.407325,Di 10. Feb 03:25:07 CET 2026
33,40.511782,10.1000,38.820218,3.843586,573.5,450,10.534,38.820218,57.21658874129516,18.39637074129516,.473886,Di 10. Feb 03:25:49 CET 2026
36,44.194671,10.1000,38.820218,3.843586,573.5,450,10.534,38.820218,59.77158258494254,20.95136458494254,.539702,Di 10. Feb 03:26:19 CET 2026
39,47.877560,10.1000,38.820218,3.843586,573.5,450,10.534,38.820218,62.16681365655368,23.34659565655368,.601403,Di 10. Feb 03:26:19 CET 2026
42,51.560450,10.1000,38.820218,3.843586,573.5,450,10.534,38.820218,64.3319363999153,25.5117183999153,.657176,Di 10. Feb 03:26:58 CET 2026
45,55.243339,10.1000,38.820218,3.843586,573.5,450,10.534,38.820218,66.2554909918495,27.4352729918495,.706726,Di 10. Feb 03:27:42 CET 2026
3,5.387544,6.8800,31.983510,4.648766,691.2,450,10.534,31.983510,32.743831862791595,.760321862791595,.023772,Di 10. Feb 03:39:23 CET 2026
0,0,6.8800,31.983510,4.648766,691.2,450,10.534,31.983510,31.983510000000013,.000000000000013,0,Di 10. Feb 03:39:27 CET 2026
6,10.775088,6.8800,31.983510,4.648766,691.2,450,10.534,31.983510,33.57947515548381,1.59596515548381,.049899,Di 10. Feb 03:40:14 CET 2026
9,16.162632,6.8800,31.983510,4.648766,691.2,450,10.534,31.983510,34.50350896270924,2.51999896270924,.078790,Di 10. Feb 03:41:24 CET 2026
12,21.550176,6.8800,31.983510,4.648766,691.2,450,10.534,31.983510,35.5319149099986,3.5484049099986,.110944,Di 10. Feb 03:42:27 CET 2026
18,32.325264,6.8800,31.983510,4.648766,691.2,450,10.534,31.983510,37.982519555747665,5.999009555747665,.187565,Di 10. Feb 03:43:11 CET 2026
15,26.937720,6.8800,31.983510,4.648766,691.2,450,10.534,31.983510,36.68402708872713,4.70051708872713,.146966,Di 10. Feb 03:43:21 CET 2026
21,37.712808,6.8800,31.983510,4.648766,691.2,450,10.534,31.983510,39.452004693035946,7.468494693035946,.233510,Di 10. Feb 03:44:22 CET 2026
24,43.100352,6.8800,31.983510,4.648766,691.2,450,10.534,31.983510,41.11419054173659,9.13068054173659,.285480,Di 10. Feb 03:44:51 CET 2026
39,70.038072,6.8800,31.983510,4.648766,691.2,450,10.534,31.983510,51.21848932925916,19.23497932925916,.601403,Di 10. Feb 03:46:52 CET 2026
0,0,7.9533,35.228863,4.429465,691.2,450,10.534,35.228863,35.22886300000002,.00000000000002,0,Di 10. Feb 03:47:45 CET 2026
27,48.487896,6.8800,31.983510,4.648766,691.2,450,10.534,31.983510,42.97630020920317,10.99279020920317,.343701,Di 10. Feb 03:47:56 CET 2026
3,4.891229,7.9533,35.228863,4.429465,691.2,450,10.534,35.228863,36.06633421047357,.83747121047357,.023772,Di 10. Feb 03:48:55 CET 2026
42,75.425616,6.8800,31.983510,4.648766,691.2,450,10.534,31.983510,53.002307292902124,21.018797292902124,.657176,Di 10. Feb 03:49:02 CET 2026
6,9.782458,7.9533,35.228863,4.429465,691.2,450,10.534,35.228863,36.986769445730744,1.757906445730744,.049899,Di 10. Feb 03:49:03 CET 2026
45,80.813161,6.8800,31.983510,4.648766,691.2,450,10.534,31.983510,54.5871014418132,22.6035914418132,.706726,Di 10. Feb 03:49:21 CET 2026
9,14.673687,7.9533,35.228863,4.429465,691.2,450,10.534,35.228863,38.00456446380814,2.77570146380814,.078790,Di 10. Feb 03:49:49 CET 2026
33,59.262984,6.8800,31.983510,4.648766,691.2,450,10.534,31.983510,47.14005811560051,15.15654811560051,.473886,Di 10. Feb 03:50:00 CET 2026
15,24.456146,7.9533,35.228863,4.429465,691.2,450,10.534,35.228863,40.40633969637809,5.17747669637809,.146966,Di 10. Feb 03:50:22 CET 2026
12,19.564916,7.9533,35.228863,4.429465,691.2,450,10.534,35.228863,39.13732276077071,3.90845976077071,.110944,Di 10. Feb 03:50:24 CET 2026
18,29.347375,7.9533,35.228863,4.429465,691.2,450,10.534,35.228863,41.836589066759394,6.607726066759394,.187565,Di 10. Feb 03:50:59 CET 2026
36,64.650528,6.8800,31.983510,4.648766,691.2,450,10.534,31.983510,49.2450864093378,17.2615764093378,.539702,Di 10. Feb 03:51:20 CET 2026
21,34.238604,7.9533,35.228863,4.429465,691.2,450,10.534,35.228863,43.45518518669304,8.22632218669304,.233510,Di 10. Feb 03:51:29 CET 2026
30,53.875440,6.8800,31.983510,4.648766,691.2,450,10.534,31.983510,45.01119484474281,13.02768484474281,.407325,Di 10. Feb 03:51:35 CET 2026
27,44.021062,7.9533,35.228863,4.429465,691.2,450,10.534,35.228863,47.33709331262636,12.10823031262636,.343701,Di 10. Feb 04:03:06 CET 2026
24,39.129833,7.9533,35.228863,4.429465,691.2,450,10.534,35.228863,45.28603707398495,10.05717407398495,.285481,Di 10. Feb 04:03:22 CET 2026
30,48.912292,7.9533,35.228863,4.429465,691.2,450,10.534,35.228863,49.57845866621934,14.34959566621934,.407324,Di 10. Feb 04:04:16 CET 2026
33,53.803521,7.9533,35.228863,4.429465,691.2,450,10.534,35.228863,51.92333832931602,16.69447532931602,.473886,Di 10. Feb 04:05:05 CET 2026
36,58.694750,7.9533,35.228863,4.429465,691.2,450,10.534,35.228863,54.24196531161666,19.01310231161666,.539702,Di 10. Feb 04:06:25 CET 2026
39,63.585979,7.9533,35.228863,4.429465,691.2,450,10.534,35.228863,56.41560478098433,21.18674178098433,.601402,Di 10. Feb 04:07:07 CET 2026
42,68.477208,7.9533,35.228863,4.429465,691.2,450,10.534,35.228863,58.38042901175978,23.15156601175978,.657176,Di 10. Feb 04:07:32 CET 2026
45,73.368438,7.9533,35.228863,4.429465,691.2,450,10.534,35.228863,60.12603122055952,24.89716822055952,.706726,Di 10. Feb 04:08:31 CET 2026
0,0,9.0267,38.331258,4.246431,691.2,450,10.534,38.331258,38.33125800000002,.00000000000002,0,Di 10. Feb 04:08:53 CET 2026
3,4.495351,9.0267,38.331258,4.246431,691.2,450,10.534,38.331258,39.24248051559648,.91122251559648,.023772,Di 10. Feb 04:10:52 CET 2026
6,8.990702,9.0267,38.331258,4.246431,691.2,450,10.534,38.331258,40.243972752658834,1.912714752658834,.049899,Di 10. Feb 04:11:27 CET 2026
9,13.486053,9.0267,38.331258,4.246431,691.2,450,10.534,38.331258,41.351399013297254,3.020141013297254,.078790,Di 10. Feb 04:11:52 CET 2026
21,31.467457,9.0267,38.331258,4.246431,691.2,450,10.534,38.331258,47.282019624186596,8.950761624186596,.233510,Di 10. Feb 04:12:47 CET 2026
18,26.972106,9.0267,38.331258,4.246431,691.2,450,10.534,38.331258,45.52088626786599,7.18962826786599,.187565,Di 10. Feb 04:12:49 CET 2026
12,17.981404,9.0267,38.331258,4.246431,691.2,450,10.534,38.331258,42.58391301387135,4.25265501387135,.110944,Di 10. Feb 04:12:49 CET 2026
15,22.476755,9.0267,38.331258,4.246431,691.2,450,10.534,38.331258,43.96468394519103,5.63342594519103,.146966,Di 10. Feb 04:13:05 CET 2026
27,40.458159,9.0267,38.331258,4.246431,691.2,450,10.534,38.331258,51.50578030763541,13.17452230763541,.343701,Di 10. Feb 04:13:18 CET 2026
24,35.962808,9.0267,38.331258,4.246431,691.2,450,10.534,38.331258,49.27410041119811,10.94284241119811,.285480,Di 10. Feb 04:13:19 CET 2026
30,44.953510,9.0267,38.331258,4.246431,691.2,450,10.534,38.331258,53.94453937228672,15.61328137228672,.407325,Di 10. Feb 04:13:41 CET 2026
33,49.448861,9.0267,38.331258,4.246431,691.2,450,10.534,38.331258,56.49591757434957,18.16465957434957,.473886,Di 10. Feb 04:14:04 CET 2026
36,53.944212,9.0267,38.331258,4.246431,691.2,450,10.534,38.331258,59.01872900734381,20.68747100734381,.539702,Di 10. Feb 04:14:39 CET 2026
39,58.439563,9.0267,38.331258,4.246431,691.2,450,10.534,38.331258,61.38379146195451,23.05253346195451,.601402,Di 10. Feb 04:15:24 CET 2026
42,62.934914,9.0267,38.331258,4.246431,691.2,450,10.534,38.331258,63.521643552292886,25.190385552292886,.657176,Di 10. Feb 04:15:26 CET 2026
45,67.430265,9.0267,38.331258,4.246431,691.2,450,10.534,38.331258,65.42097070443853,27.08971270443853,.706726,Di 10. Feb 04:15:45 CET 2026
0,0,10.1000,41.312504,4.090347,691.2,450,10.534,41.312504,41.312504,0,0,Di 10. Feb 04:26:50 CET 2026
3,4.170957,10.1000,41.312504,4.090347,691.2,450,10.534,41.312504,42.294597594382324,.982093594382324,.023772,Di 10. Feb 04:27:29 CET 2026
6,8.341914,10.1000,41.312504,4.090347,691.2,450,10.534,41.312504,43.37398136557844,2.06147736557844,.049899,Di 10. Feb 04:27:57 CET 2026
9,12.512872,10.1000,41.312504,4.090347,691.2,450,10.534,41.312504,44.56753890802215,3.25503490802215,.078790,Di 10. Feb 04:28:54 CET 2026
12,16.683829,10.1000,41.312504,4.090347,691.2,450,10.534,41.312504,45.895911975828604,4.583407975828604,.110944,Di 10. Feb 04:30:16 CET 2026
15,20.854787,10.1000,41.312504,4.090347,691.2,450,10.534,41.312504,47.38407504205349,6.07157104205349,.146966,Di 10. Feb 04:31:03 CET 2026
18,25.025744,10.1000,41.312504,4.090347,691.2,450,10.534,41.312504,49.061312320118496,7.748808320118496,.187565,Di 10. Feb 04:31:29 CET 2026
21,29.196702,10.1000,41.312504,4.090347,691.2,450,10.534,41.312504,50.95942026214301,9.64691626214301,.233510,Di 10. Feb 04:32:14 CET 2026
24,33.367659,10.1000,41.312504,4.090347,691.2,450,10.534,41.312504,53.106434634205606,11.793930634205606,.285480,Di 10. Feb 04:32:55 CET 2026
27,37.538617,10.1000,41.312504,4.090347,691.2,450,10.534,41.312504,55.511685283935094,14.199181283935094,.343701,Di 10. Feb 04:35:06 CET 2026
30,41.709574,10.1000,41.312504,4.090347,691.2,450,10.534,41.312504,58.14012069799434,16.82761669799434,.407325,Di 10. Feb 04:35:29 CET 2026
33,45.880531,10.1000,41.312504,4.090347,691.2,450,10.534,41.312504,60.88993411922215,19.57743011922215,.473886,Di 10. Feb 04:36:36 CET 2026
0,0,6.8800,32.689652,4.751403,738.0,450,10.534,32.689652,32.68965200000002,.00000000000002,0,Di 10. Feb 04:37:11 CET 2026
3,5.628066,6.8800,32.689652,4.751403,738.0,450,10.534,32.689652,33.46676044810586,.77710844810586,.023772,Di 10. Feb 04:37:16 CET 2026
39,54.222446,10.1000,41.312504,4.090347,691.2,450,10.534,41.312504,66.15795844536461,24.84545444536461,.601402,Di 10. Feb 04:37:37 CET 2026
6,11.256132,6.8800,32.689652,4.751403,738.0,450,10.534,32.689652,34.32085251896258,1.63120051896258,.049899,Di 10. Feb 04:37:38 CET 2026
36,50.051489,10.1000,41.312504,4.090347,691.2,450,10.534,41.312504,63.60896118857227,22.29645718857227,.539702,Di 10. Feb 04:37:46 CET 2026
9,16.884198,6.8800,32.689652,4.751403,738.0,450,10.534,32.689652,35.26528597226284,2.57563397226284,.078790,Di 10. Feb 04:37:58 CET 2026
45,62.564361,10.1000,41.312504,4.090347,691.2,450,10.534,41.312504,70.50914102783987,29.19663702783987,.706726,Di 10. Feb 04:38:04 CET 2026
42,58.393404,10.1000,41.312504,4.090347,691.2,450,10.534,41.312504,68.46216525273492,27.14966125273492,.657177,Di 10. Feb 04:38:13 CET 2026
12,22.512264,6.8800,32.689652,4.751403,738.0,450,10.534,32.689652,36.31639733886215,3.62674533886215,.110944,Di 10. Feb 04:38:30 CET 2026
18,33.768397,6.8800,32.689652,4.751403,738.0,450,10.534,32.689652,38.82110964270148,6.13145764270148,.187565,Di 10. Feb 04:39:20 CET 2026
15,28.140330,6.8800,32.689652,4.751403,738.0,450,10.534,32.689652,37.493948477576964,4.804296477576964,.146966,Di 10. Feb 04:39:22 CET 2026
21,39.396463,6.8800,32.689652,4.751403,738.0,450,10.534,32.689652,40.323037796944156,7.633385796944156,.233510,Di 10. Feb 04:39:25 CET 2026
24,45.024529,6.8800,32.689652,4.751403,738.0,450,10.534,32.689652,42.021923730329426,9.332271730329426,.285480,Di 10. Feb 04:50:41 CET 2026
27,50.652595,6.8800,32.689652,4.751403,738.0,450,10.534,32.689652,43.92514498185755,11.23549298185755,.343701,Di 10. Feb 04:51:05 CET 2026
30,56.280661,6.8800,32.689652,4.751403,738.0,450,10.534,32.689652,46.004966375690174,13.315314375690174,.407325,Di 10. Feb 04:51:44 CET 2026
33,61.908728,6.8800,32.689652,4.751403,738.0,450,10.534,32.689652,48.18083158255793,15.49117958255793,.473886,Di 10. Feb 04:52:33 CET 2026
36,67.536794,6.8800,32.689652,4.751403,738.0,450,10.534,32.689652,50.33233576288317,17.64268376288317,.539702,Di 10. Feb 04:54:05 CET 2026
39,73.164860,6.8800,32.689652,4.751403,738.0,450,10.534,32.689652,52.349307237090926,19.659655237090926,.601403,Di 10. Feb 04:54:50 CET 2026
42,78.792926,6.8800,32.689652,4.751403,738.0,450,10.534,32.689652,54.17254349743323,21.48289149743323,.657177,Di 10. Feb 04:55:38 CET 2026
45,84.420992,6.8800,32.689652,4.751403,738.0,450,10.534,32.689652,55.7922908665339,23.1026388665339,.706726,Di 10. Feb 04:56:25 CET 2026
0,0,7.9533,36.006656,4.527260,738.0,450,10.534,36.006656,36.006656000000014,.000000000000014,0,Di 10. Feb 04:56:56 CET 2026
6,10.219186,7.9533,36.006656,4.527260,738.0,450,10.534,36.006656,37.80337387806191,1.79671787806191,.049899,Di 10. Feb 04:59:05 CET 2026
3,5.109593,7.9533,36.006656,4.527260,738.0,450,10.534,36.006656,36.86261741473706,.85596141473706,.023772,Di 10. Feb 04:59:15 CET 2026
9,15.328780,7.9533,36.006656,4.527260,738.0,450,10.534,36.006656,38.843640414660875,2.836984414660875,.078790,Di 10. Feb 05:00:30 CET 2026
12,20.438373,7.9533,36.006656,4.527260,738.0,450,10.534,36.006656,40.001408135983205,3.994752135983205,.110944,Di 10. Feb 05:00:56 CET 2026
15,25.547966,7.9533,36.006656,4.527260,738.0,450,10.534,36.006656,41.29844213780198,5.29178613780198,.146966,Di 10. Feb 05:01:02 CET 2026
21,35.767153,7.9533,36.006656,4.527260,738.0,450,10.534,36.006656,44.414597957263325,8.407941957263325,.233510,Di 10. Feb 05:01:27 CET 2026
18,30.657560,7.9533,36.006656,4.527260,738.0,450,10.534,36.006656,42.760271748141605,6.753615748141605,.187565,Di 10. Feb 05:01:35 CET 2026
30,51.095933,7.9533,36.006656,4.527260,738.0,450,10.534,36.006656,50.673071507107444,14.666415507107444,.407325,Di 10. Feb 05:01:39 CET 2026
33,56.205527,7.9533,36.006656,4.527260,738.0,450,10.534,36.006656,53.06971807635419,17.06306207635419,.473886,Di 10. Feb 05:01:49 CET 2026
27,45.986340,7.9533,36.006656,4.527260,738.0,450,10.534,36.006656,48.3822083524235,12.3755523524235,.343701,Di 10. Feb 05:01:54 CET 2026
24,40.876747,7.9533,36.006656,4.527260,738.0,450,10.534,36.006656,46.28586915596584,10.27921315596584,.285480,Di 10. Feb 05:01:57 CET 2026
36,61.315120,7.9533,36.006656,4.527260,738.0,450,10.534,36.006656,55.43953518116048,19.43287918116048,.539702,Di 10. Feb 05:02:14 CET 2026
45,76.643900,7.9533,36.006656,4.527260,738.0,450,10.534,36.006656,61.453510933432234,25.446854933432234,.706726,Di 10. Feb 05:02:56 CET 2026
42,71.534307,7.9533,36.006656,4.527260,738.0,450,10.534,36.006656,59.669369092932456,23.662713092932456,.657176,Di 10. Feb 05:02:58 CET 2026
39,66.424714,7.9533,36.006656,4.527260,738.0,450,10.534,36.006656,57.66116555939377,21.65450955939377,.601402,Di 10. Feb 05:03:15 CET 2026
0,0,9.0267,39.177547,4.340185,738.0,450,10.534,39.177547,39.177547,0,0,Di 10. Feb 05:14:33 CET 2026
3,4.696041,9.0267,39.177547,4.340185,738.0,450,10.534,39.177547,40.10888778511461,.93134078511461,.023772,Di 10. Feb 05:15:10 CET 2026
6,9.392083,9.0267,39.177547,4.340185,738.0,450,10.534,39.177547,41.13249113164135,1.95494413164135,.049899,Di 10. Feb 05:15:36 CET 2026
9,14.088124,9.0267,39.177547,4.340185,738.0,450,10.534,39.177547,42.26436745381638,3.08682045381638,.078790,Di 10. Feb 05:15:55 CET 2026
12,18.784166,9.0267,39.177547,4.340185,738.0,450,10.534,39.177547,43.52409285997461,4.34654585997461,.110944,Di 10. Feb 05:17:50 CET 2026
15,23.480207,9.0267,39.177547,4.340185,738.0,450,10.534,39.177547,44.93534667086097,5.75779967086097,.146966,Di 10. Feb 05:18:27 CET 2026
18,28.176249,9.0267,39.177547,4.340185,738.0,450,10.534,39.177547,46.52591316141161,7.34836616141161,.187565,Di 10. Feb 05:19:27 CET 2026
21,32.872291,9.0267,39.177547,4.340185,738.0,450,10.534,39.177547,48.32592583367948,9.14837883367948,.233510,Di 10. Feb 05:20:19 CET 2026
24,37.568332,9.0267,39.177547,4.340185,738.0,450,10.534,39.177547,50.361988077637925,11.184441077637925,.285480,Di 10. Feb 05:20:47 CET 2026
27,42.264374,9.0267,39.177547,4.340185,738.0,450,10.534,39.177547,52.64293959030866,13.46539259030866,.343701,Di 10. Feb 05:22:50 CET 2026
30,46.960415,9.0267,39.177547,4.340185,738.0,450,10.534,39.177547,55.13554191992921,15.95799491992921,.407325,Di 10. Feb 05:22:56 CET 2026
33,51.656457,9.0267,39.177547,4.340185,738.0,450,10.534,39.177547,57.74325032886184,18.56570332886184,.473886,Di 10. Feb 05:24:05 CET 2026
39,61.048540,9.0267,39.177547,4.340185,738.0,450,10.534,39.177547,62.73904084369022,23.56149384369022,.601402,Di 10. Feb 05:25:05 CET 2026
36,56.352499,9.0267,39.177547,4.340185,738.0,450,10.534,39.177547,60.32176234410965,21.14421534410965,.539702,Di 10. Feb 05:25:08 CET 2026
0,0,10.1000,42.224615,4.180655,738.0,450,10.534,42.224615,42.224614999999986,-.000000000000014,0,Di 10. Feb 05:25:22 CET 2026
3,4.357166,10.1000,42.224615,4.180655,738.0,450,10.534,42.224615,43.228391585606595,1.003776585606595,.023772,Di 10. Feb 05:25:45 CET 2026
9,13.071498,10.1000,42.224615,4.180655,738.0,450,10.534,42.224615,45.55151607531534,3.32690107531534,.078790,Di 10. Feb 05:25:54 CET 2026
42,65.744582,9.0267,39.177547,4.340185,738.0,450,10.534,39.177547,64.9240929960626,25.7465459960626,.657176,Di 10. Feb 05:25:55 CET 2026
6,8.714332,10.1000,42.224615,4.180655,738.0,450,10.534,42.224615,44.3316066310257,2.1069916310257,.049899,Di 10. Feb 05:26:00 CET 2026
12,17.428664,10.1000,42.224615,4.180655,738.0,450,10.534,42.224615,46.90921565286527,4.68460065286527,.110944,Di 10. Feb 05:26:21 CET 2026
45,70.440623,9.0267,39.177547,4.340185,738.0,450,10.534,39.177547,66.865353345472,27.687806345472,.706726,Di 10. Feb 05:26:30 CET 2026
18,26.142997,10.1000,42.224615,4.180655,738.0,450,10.534,42.224615,50.144504699962674,7.919889699962674,.187565,Di 10. Feb 05:27:00 CET 2026
15,21.785830,10.1000,42.224615,4.180655,738.0,450,10.534,42.224615,48.43023534336937,6.20562034336937,.146966,Di 10. Feb 05:27:11 CET 2026
21,30.500163,10.1000,42.224615,4.180655,738.0,450,10.534,42.224615,52.084517394730035,9.859902394730035,.233510,Di 10. Feb 05:27:22 CET 2026
24,34.857329,10.1000,42.224615,4.180655,738.0,450,10.534,42.224615,54.27893656002373,12.05432156002373,.285480,Di 10. Feb 05:39:09 CET 2026
27,39.214495,10.1000,42.224615,4.180655,738.0,450,10.534,42.224615,56.73729081027379,14.51267581027379,.343701,Di 10. Feb 05:39:36 CET 2026
30,43.571661,10.1000,42.224615,4.180655,738.0,450,10.534,42.224615,59.42376188621432,17.19914688621432,.407325,Di 10. Feb 05:40:06 CET 2026
33,47.928827,10.1000,42.224615,4.180655,738.0,450,10.534,42.224615,62.234282584839086,20.009667584839086,.473886,Di 10. Feb 05:40:47 CET 2026
36,52.285994,10.1000,42.224615,4.180655,738.0,450,10.534,42.224615,65.01334170145044,22.78872670145044,.539702,Di 10. Feb 05:43:08 CET 2026
39,56.643160,10.1000,42.224615,4.180655,738.0,450,10.534,42.224615,67.61862600734246,25.39401100734246,.601403,Di 10. Feb 05:43:45 CET 2026
42,61.000326,10.1000,42.224615,4.180655,738.0,450,10.534,42.224615,69.97362189132501,27.74900689132501,.657176,Di 10. Feb 05:44:39 CET 2026
0,0,6.8800,27.124289,3.942484,421.6,500,10.575,27.124289,27.124288999999987,-.000000000000013,0,Di 10. Feb 05:44:50 CET 2026
45,65.357492,10.1000,42.224615,4.180655,738.0,450,10.534,42.224615,72.06586565412204,29.84125065412204,.706726,Di 10. Feb 05:45:44 CET 2026
3,3.874854,6.8800,27.124289,3.942484,421.6,500,10.575,27.124289,27.769095985182467,.644806985182467,.023772,Di 10. Feb 05:46:41 CET 2026
6,7.749708,6.8800,27.124289,3.942484,421.6,500,10.575,27.124289,28.477780462169648,1.353491462169648,.049899,Di 10. Feb 05:46:58 CET 2026
9,11.624562,6.8800,27.124289,3.942484,421.6,500,10.575,27.124289,29.261426964718122,2.137137964718122,.078790,Di 10. Feb 05:48:10 CET 2026
12,15.499416,6.8800,27.124289,3.942484,421.6,500,10.575,27.124289,30.133585894440845,3.009296894440845,.110944,Di 10. Feb 05:48:55 CET 2026
18,23.249124,6.8800,27.124289,3.942484,421.6,500,10.575,27.124289,32.21187538431598,5.08758638431598,.187565,Di 10. Feb 05:49:05 CET 2026
15,19.374270,6.8800,27.124289,3.942484,421.6,500,10.575,27.124289,31.11066158274576,3.98637258274576,.146966,Di 10. Feb 05:49:10 CET 2026
30,38.748540,6.8800,27.124289,3.942484,421.6,500,10.575,27.124289,38.172692191003264,11.048403191003264,.407325,Di 10. Feb 05:49:17 CET 2026
24,30.998832,6.8800,27.124289,3.942484,421.6,500,10.575,27.124289,34.86775613195964,7.74346713195964,.285480,Di 10. Feb 05:49:23 CET 2026
21,27.123978,6.8800,27.124289,3.942484,421.6,500,10.575,27.124289,33.458103003409875,6.333814003409875,.233510,Di 10. Feb 05:49:32 CET 2026
27,34.873686,6.8800,27.124289,3.942484,421.6,500,10.575,27.124289,36.446956132377025,9.322667132377025,.343701,Di 10. Feb 05:49:36 CET 2026
33,42.623394,6.8800,27.124289,3.942484,421.6,500,10.575,27.124289,39.978119107252695,12.853830107252695,.473886,Di 10. Feb 05:50:23 CET 2026
36,46.498248,6.8800,27.124289,3.942484,421.6,500,10.575,27.124289,41.763333361596644,14.639044361596644,.539702,Di 10. Feb 05:50:27 CET 2026
45,58.122810,6.8800,27.124289,3.942484,421.6,500,10.575,27.124289,46.29373689409372,19.16944789409372,.706726,Di 10. Feb 05:50:31 CET 2026
42,54.247956,6.8800,27.124289,3.942484,421.6,500,10.575,27.124289,44.94972166315087,17.82543266315087,.657176,Di 10. Feb 05:50:42 CET 2026
39,50.373102,6.8800,27.124289,3.942484,421.6,500,10.575,27.124289,43.43691847219704,16.31262947219704,.601403,Di 10. Feb 05:50:43 CET 2026
0,0,7.9533,29.876603,3.756504,421.6,500,10.575,29.876603,29.87660300000001,.00000000000001,0,Di 10. Feb 06:02:59 CET 2026
3,3.517897,7.9533,29.876603,3.756504,421.6,500,10.575,29.876603,30.58683862855047,.71023562855047,.023772,Di 10. Feb 06:03:28 CET 2026
6,7.035794,7.9533,29.876603,3.756504,421.6,500,10.575,29.876603,31.367433629232725,1.490830629232725,.049899,Di 10. Feb 06:03:28 CET 2026
9,10.553692,7.9533,29.876603,3.756504,421.6,500,10.575,29.876603,32.23059693887276,2.35399393887276,.078790,Di 10. Feb 06:04:55 CET 2026
12,14.071589,7.9533,29.876603,3.756504,421.6,500,10.575,29.876603,33.19125730513927,3.31465430513927,.110944,Di 10. Feb 06:06:56 CET 2026
15,17.589487,7.9533,29.876603,3.756504,421.6,500,10.575,29.876603,34.26747458438478,4.39087158438478,.146966,Di 10. Feb 06:07:54 CET 2026
18,21.107384,7.9533,29.876603,3.756504,421.6,500,10.575,29.876603,35.48042890931641,5.60382590931641,.187565,Di 10. Feb 06:08:24 CET 2026
21,24.625281,7.9533,29.876603,3.756504,421.6,500,10.575,29.876603,36.85311102944402,6.97650802944402,.233510,Di 10. Feb 06:08:42 CET 2026
24,28.143179,7.9533,29.876603,3.756504,421.6,500,10.575,29.876603,38.405803009296264,8.529200009296264,.285480,Di 10. Feb 06:09:49 CET 2026
27,31.661076,7.9533,29.876603,3.756504,421.6,500,10.575,29.876603,40.14524400780695,10.26864100780695,.343701,Di 10. Feb 06:10:19 CET 2026
30,35.178974,7.9533,29.876603,3.756504,421.6,500,10.575,29.876603,42.046092711250765,12.169489711250765,.407325,Di 10. Feb 06:10:42 CET 2026
33,38.696871,7.9533,29.876603,3.756504,421.6,500,10.575,29.876603,44.03471809034016,14.15811509034016,.473886,Di 10. Feb 06:11:58 CET 2026
42,49.250563,7.9533,29.876603,3.756504,421.6,500,10.575,29.876603,49.51079133848074,19.63418833848074,.657176,Di 10. Feb 06:12:33 CET 2026
39,45.732666,7.9533,29.876603,3.756504,421.6,500,10.575,29.876603,47.84448168928959,17.96787868928959,.601403,Di 10. Feb 06:12:41 CET 2026
36,42.214769,7.9533,29.876603,3.756504,421.6,500,10.575,29.876603,46.00108271606724,16.12447971606724,.539702,Di 10. Feb 06:12:44 CET 2026
45,52.768461,7.9533,29.876603,3.756504,421.6,500,10.575,29.876603,50.99119668140377,21.11459368140377,.706726,Di 10. Feb 06:12:49 CET 2026
0,0,9.0267,32.507656,3.601278,421.6,500,10.575,32.507656,32.507656,0,0,Di 10. Feb 06:12:55 CET 2026
3,3.233171,9.0267,32.507656,3.601278,421.6,500,10.575,32.507656,33.28043769079413,.77278169079413,.023772,Di 10. Feb 06:13:10 CET 2026
6,6.466343,9.0267,32.507656,3.601278,421.6,500,10.575,32.507656,34.12977477018537,1.62211877018537,.049899,Di 10. Feb 06:13:16 CET 2026
9,9.699514,9.0267,32.507656,3.601278,421.6,500,10.575,32.507656,35.06895200224737,2.56129600224737,.078790,Di 10. Feb 06:13:37 CET 2026
15,16.165858,9.0267,32.507656,3.601278,421.6,500,10.575,32.507656,37.28520536634293,4.77754936634293,.146966,Di 10. Feb 06:13:41 CET 2026
12,12.932686,9.0267,32.507656,3.601278,421.6,500,10.575,32.507656,36.114212024920626,3.606556024920626,.110944,Di 10. Feb 06:13:43 CET 2026
18,19.399029,9.0267,32.507656,3.601278,421.6,500,10.575,32.507656,38.604977823206916,6.097321823206916,.187565,Di 10. Feb 06:13:48 CET 2026
21,22.632201,9.0267,32.507656,3.601278,421.6,500,10.575,32.507656,40.09854367717728,7.59088767717728,.233510,Di 10. Feb 06:14:15 CET 2026
24,25.865372,9.0267,32.507656,3.601278,421.6,500,10.575,32.507656,41.78797073681805,9.28031473681805,.285480,Di 10. Feb 06:26:13 CET 2026
27,29.098544,9.0267,32.507656,3.601278,421.6,500,10.575,32.507656,43.68059539770313,11.17293939770313,.343701,Di 10. Feb 06:27:16 CET 2026
30,32.331716,9.0267,32.507656,3.601278,421.6,500,10.575,32.507656,45.74883818928175,13.24118218928175,.407325,Di 10. Feb 06:27:22 CET 2026
33,35.564887,9.0267,32.507656,3.601278,421.6,500,10.575,32.507656,47.912589518207625,15.404933518207625,.473886,Di 10. Feb 06:28:56 CET 2026
36,38.798059,9.0267,32.507656,3.601278,421.6,500,10.575,32.507656,50.05211581142663,17.54445981142663,.539702,Di 10. Feb 06:30:21 CET 2026
39,42.031231,9.0267,32.507656,3.601278,421.6,500,10.575,32.507656,52.05785837930661,19.55020237930661,.601403,Di 10. Feb 06:31:26 CET 2026
42,45.264402,9.0267,32.507656,3.601278,421.6,500,10.575,32.507656,53.87090824474399,21.36325224474399,.657176,Di 10. Feb 06:32:11 CET 2026
45,48.497574,9.0267,32.507656,3.601278,421.6,500,10.575,32.507656,55.48166832328974,22.97401232328974,.706726,Di 10. Feb 06:32:21 CET 2026
0,0,10.1000,35.035940,3.468905,421.6,500,10.575,35.035940,35.03593999999999,-.00000000000001,0,Di 10. Feb 06:33:27 CET 2026
3,2.999854,10.1000,35.035940,3.468905,421.6,500,10.575,35.035940,35.868824829254464,.832884829254464,.023772,Di 10. Feb 06:33:58 CET 2026
6,5.999709,10.1000,35.035940,3.468905,421.6,500,10.575,35.035940,36.78421926230515,1.74827926230515,.049899,Di 10. Feb 06:34:44 CET 2026
9,8.999564,10.1000,35.035940,3.468905,421.6,500,10.575,35.035940,37.796440219827446,2.760500219827446,.078790,Di 10. Feb 06:35:24 CET 2026
12,11.999419,10.1000,35.035940,3.468905,421.6,500,10.575,35.035940,38.92299276690591,3.88705276690591,.110944,Di 10. Feb 06:36:11 CET 2026
15,14.999274,10.1000,35.035940,3.468905,421.6,500,10.575,35.035940,40.18506280731912,5.14912280731912,.146966,Di 10. Feb 06:36:19 CET 2026
18,17.999129,10.1000,35.035940,3.468905,421.6,500,10.575,35.035940,41.60748034570246,6.57154034570246,.187565,Di 10. Feb 06:36:26 CET 2026
21,20.998984,10.1000,35.035940,3.468905,421.6,500,10.575,35.035940,43.21720906255312,8.18126906255312,.233510,Di 10. Feb 06:36:27 CET 2026
24,23.998839,10.1000,35.035940,3.468905,421.6,500,10.575,35.035940,45.03803109692035,10.00209109692035,.285480,Di 10. Feb 06:36:33 CET 2026
30,29.998549,10.1000,35.035940,3.468905,421.6,500,10.575,35.035940,49.3069532406668,14.2710132406668,.407324,Di 10. Feb 06:36:43 CET 2026
27,26.998694,10.1000,35.035940,3.468905,421.6,500,10.575,35.035940,47.07785415093353,12.04191415093353,.343701,Di 10. Feb 06:36:47 CET 2026
33,32.998404,10.1000,35.035940,3.468905,421.6,500,10.575,35.035940,51.63899211650784,16.60305211650784,.473886,Di 10. Feb 06:37:00 CET 2026
36,35.998258,10.1000,35.035940,3.468905,421.6,500,10.575,35.035940,53.944913875585996,18.908973875585996,.539702,Di 10. Feb 06:37:03 CET 2026
42,41.997968,10.1000,35.035940,3.468905,421.6,500,10.575,35.035940,58.060716476220534,23.024776476220534,.657175,Di 10. Feb 06:37:04 CET 2026
39,38.998113,10.1000,35.035940,3.468905,421.6,500,10.575,35.035940,56.1066576377625,21.0707176377625,.601402,Di 10. Feb 06:37:23 CET 2026
45,44.997823,10.1000,35.035940,3.468905,421.6,500,10.575,35.035940,59.79676256569872,24.76082256569872,.706726,Di 10. Feb 06:37:42 CET 2026
0,0,6.8800,27.840773,4.046624,455.9,500,10.575,27.840773,27.84077300000001,.00000000000001,0,Di 10. Feb 06:49:36 CET 2026
6,8.164529,6.8800,27.840773,4.046624,455.9,500,10.575,27.840773,29.230016522355733,1.389243522355733,.049899,Di 10. Feb 06:50:54 CET 2026
3,4.082264,6.8800,27.840773,4.046624,455.9,500,10.575,27.840773,28.502612359153442,.661839359153442,.023772,Di 10. Feb 06:51:00 CET 2026
9,12.246793,6.8800,27.840773,4.046624,455.9,500,10.575,27.840773,30.034362065109686,2.193589065109686,.078790,Di 10. Feb 06:52:52 CET 2026
12,16.329058,6.8800,27.840773,4.046624,455.9,500,10.575,27.840773,30.929562054989606,3.088789054989606,.110944,Di 10. Feb 06:54:14 CET 2026
15,20.411323,6.8800,27.840773,4.046624,455.9,500,10.575,27.840773,31.93244476920432,4.09167176920432,.146966,Di 10. Feb 06:55:24 CET 2026
18,24.493587,6.8800,27.840773,4.046624,455.9,500,10.575,27.840773,33.062746954139335,5.221973954139335,.187565,Di 10. Feb 06:55:41 CET 2026
21,28.575852,6.8800,27.840773,4.046624,455.9,500,10.575,27.840773,34.341893093684675,6.501120093684675,.233510,Di 10. Feb 06:56:00 CET 2026
24,32.658117,6.8800,27.840773,4.046624,455.9,500,10.575,27.840773,35.78878291191828,7.94800991191828,.285480,Di 10. Feb 06:57:13 CET 2026
27,36.740381,6.8800,27.840773,4.046624,455.9,500,10.575,27.840773,37.40969772056044,9.56892472056044,.343701,Di 10. Feb 06:57:29 CET 2026
30,40.822646,6.8800,27.840773,4.046624,455.9,500,10.575,27.840773,39.18102434709837,11.34025134709837,.407325,Di 10. Feb 06:58:08 CET 2026
33,44.904910,6.8800,27.840773,4.046624,455.9,500,10.575,27.840773,41.034133908021175,13.193360908021175,.473886,Di 10. Feb 06:58:45 CET 2026
45,61.233969,6.8800,27.840773,4.046624,455.9,500,10.575,27.840773,47.516581935702085,19.675808935702085,.706726,Di 10. Feb 06:59:38 CET 2026
39,53.069440,6.8800,27.840773,4.046624,455.9,500,10.575,27.840773,44.5842972674574,16.7435242674574,.601402,Di 10. Feb 06:59:43 CET 2026
42,57.151704,6.8800,27.840773,4.046624,455.9,500,10.575,27.840773,46.13705626835463,18.29628326835463,.657175,Di 10. Feb 06:59:51 CET 2026
36,48.987175,6.8800,27.840773,4.046624,455.9,500,10.575,27.840773,42.86650445598298,15.02573145598298,.539702,Di 10. Feb 06:59:53 CET 2026
0,0,7.9533,30.665793,3.855732,455.9,500,10.575,30.665793,30.665793000000004,.000000000000004,0,Di 10. Feb 07:00:38 CET 2026
3,3.706202,7.9533,30.665793,3.855732,455.9,500,10.575,30.665793,31.39478966112357,.72899666112357,.023772,Di 10. Feb 07:00:40 CET 2026
6,7.412404,7.9533,30.665793,3.855732,455.9,500,10.575,30.665793,32.196003884967986,1.530210884967986,.049899,Di 10. Feb 07:00:41 CET 2026
12,14.824809,7.9533,30.665793,3.855732,455.9,500,10.575,30.665793,34.068003787453165,3.402210787453165,.110944,Di 10. Feb 07:00:46 CET 2026
15,18.531012,7.9533,30.665793,3.855732,455.9,500,10.575,30.665793,35.172649289173144,4.506856289173144,.146966,Di 10. Feb 07:00:56 CET 2026
9,11.118607,7.9533,30.665793,3.855732,455.9,500,10.575,30.665793,33.081967749832344,2.416174749832344,.078790,Di 10. Feb 07:01:04 CET 2026
18,22.237214,7.9533,30.665793,3.855732,455.9,500,10.575,30.665793,36.41764511860679,5.75185211860679,.187565,Di 10. Feb 07:01:27 CET 2026
21,25.943417,7.9533,30.665793,3.855732,455.9,500,10.575,30.665793,37.82658585409283,7.16079285409283,.233510,Di 10. Feb 07:01:35 CET 2026
24,29.649619,7.9533,30.665793,3.855732,455.9,500,10.575,30.665793,39.420291184111036,8.754498184111036,.285480,Di 10. Feb 07:13:29 CET 2026
30,37.062024,7.9533,30.665793,3.855732,455.9,500,10.575,30.665793,43.156738057273905,12.490945057273905,.407325,Di 10. Feb 07:14:41 CET 2026
27,33.355822,7.9533,30.665793,3.855732,455.9,500,10.575,30.665793,41.20568097874563,10.53988797874563,.343701,Di 10. Feb 07:15:00 CET 2026
33,40.768227,7.9533,30.665793,3.855732,455.9,500,10.575,30.665793,45.197894312170384,14.532101312170384,.473886,Di 10. Feb 07:17:01 CET 2026
36,44.474429,7.9533,30.665793,3.855732,455.9,500,10.575,30.665793,47.2161951238493,16.5504021238493,.539702,Di 10. Feb 07:18:06 CET 2026
42,51.886834,7.9533,30.665793,3.855732,455.9,500,10.575,30.665793,50.81861859273231,20.15282559273231,.657176,Di 10. Feb 07:20:03 CET 2026
39,48.180632,7.9533,30.665793,3.855732,455.9,500,10.575,30.665793,49.108293461921406,18.442500461921406,.601403,Di 10. Feb 07:20:06 CET 2026
0,0,9.0267,33.366348,3.696406,455.9,500,10.575,33.366348,33.36634800000001,.00000000000001,0,Di 10. Feb 07:20:44 CET 2026
45,55.593037,7.9533,30.665793,3.855732,455.9,500,10.575,30.665793,52.338118950731456,21.672325950731456,.706726,Di 10. Feb 07:20:46 CET 2026
3,3.406236,9.0267,33.366348,3.696406,455.9,500,10.575,33.366348,34.15954302087629,.79319502087629,.023772,Di 10. Feb 07:21:14 CET 2026
6,6.812472,9.0267,33.366348,3.696406,455.9,500,10.575,33.366348,35.03131538984805,1.66496738984805,.049899,Di 10. Feb 07:21:49 CET 2026
9,10.218709,9.0267,33.366348,3.696406,455.9,500,10.575,33.366348,35.99530094105586,2.62895294105586,.078790,Di 10. Feb 07:22:23 CET 2026
12,13.624945,9.0267,33.366348,3.696406,455.9,500,10.575,33.366348,37.068171328354346,3.701823328354346,.110944,Di 10. Feb 07:23:06 CET 2026
15,17.031182,9.0267,33.366348,3.696406,455.9,500,10.575,33.366348,38.27009636362379,4.90374836362379,.146966,Di 10. Feb 07:23:08 CET 2026
18,20.437418,9.0267,33.366348,3.696406,455.9,500,10.575,33.366348,39.62473041671534,6.25838241671534,.187565,Di 10. Feb 07:23:31 CET 2026
21,23.843655,9.0267,33.366348,3.696406,455.9,500,10.575,33.366348,41.157750505853016,7.791402505853016,.233510,Di 10. Feb 07:23:46 CET 2026
27,30.656128,9.0267,33.366348,3.696406,455.9,500,10.575,33.366348,44.834423739307724,11.468075739307724,.343701,Di 10. Feb 07:24:15 CET 2026
33,37.468601,9.0267,33.366348,3.696406,455.9,500,10.575,33.366348,49.17820434034657,15.81185634034657,.473886,Di 10. Feb 07:24:22 CET 2026
24,27.249891,9.0267,33.366348,3.696406,455.9,500,10.575,33.366348,42.89180407252135,9.52545607252135,.285480,Di 10. Feb 07:24:26 CET 2026
30,34.062364,9.0267,33.366348,3.696406,455.9,500,10.575,33.366348,46.957296692686214,13.590948692686214,.407325,Di 10. Feb 07:24:27 CET 2026
36,40.874837,9.0267,33.366348,3.696406,455.9,500,10.575,33.366348,51.37423814268611,18.00789014268611,.539702,Di 10. Feb 07:24:50 CET 2026
39,44.281073,9.0267,33.366348,3.696406,455.9,500,10.575,33.366348,53.43296972593808,20.06662172593808,.601402,Di 10. Feb 07:24:59 CET 2026
45,51.093546,9.0267,33.366348,3.696406,455.9,500,10.575,33.366348,56.947225934052106,23.580877934052106,.706726,Di 10. Feb 07:25:02 CET 2026
42,47.687310,9.0267,33.366348,3.696406,455.9,500,10.575,33.366348,55.29390550006922,21.92755750006922,.657175,Di 10. Feb 07:25:04 CET 2026
0,0,10.1000,35.961403,3.560535,455.9,500,10.575,35.961403,35.96140300000001,.00000000000001,0,Di 10. Feb 07:37:13 CET 2026
3,3.160428,10.1000,35.961403,3.560535,455.9,500,10.575,35.961403,36.81628843500835,.85488543500835,.023772,Di 10. Feb 07:38:17 CET 2026
6,6.320857,10.1000,35.961403,3.560535,455.9,500,10.575,35.961403,37.75586287098555,1.79445987098555,.049899,Di 10. Feb 07:38:29 CET 2026
9,9.481285,10.1000,35.961403,3.560535,455.9,500,10.575,35.961403,38.794821621491636,2.833418621491636,.078790,Di 10. Feb 07:41:00 CET 2026
12,12.641714,10.1000,35.961403,3.560535,455.9,500,10.575,35.961403,39.95113429216176,3.98973129216176,.110944,Di 10. Feb 07:41:43 CET 2026
15,15.802142,10.1000,35.961403,3.560535,455.9,500,10.575,35.961403,41.246538232512,5.285135232512,.146966,Di 10. Feb 07:43:38 CET 2026
18,18.962571,10.1000,35.961403,3.560535,455.9,500,10.575,35.961403,42.70652883917186,6.74512583917186,.187565,Di 10. Feb 07:43:50 CET 2026
24,25.283428,10.1000,35.961403,3.560535,455.9,500,10.575,35.961403,46.227696714685436,10.266293714685436,.285480,Di 10. Feb 07:44:15 CET 2026
21,22.122999,10.1000,35.961403,3.560535,455.9,500,10.575,35.961403,44.358779166049715,8.397376166049715,.233510,Di 10. Feb 07:44:29 CET 2026
27,28.443856,10.1000,35.961403,3.560535,455.9,500,10.575,35.961403,48.32140935048194,12.36000635048194,.343702,Di 10. Feb 07:44:50 CET 2026
30,31.604285,10.1000,35.961403,3.560535,455.9,500,10.575,35.961403,50.609385505703685,14.647982505703685,.407325,Di 10. Feb 07:45:32 CET 2026
33,34.764713,10.1000,35.961403,3.560535,455.9,500,10.575,35.961403,53.00301954088431,17.04161654088431,.473886,Di 10. Feb 07:45:58 CET 2026
39,41.085570,10.1000,35.961403,3.560535,455.9,500,10.575,35.961403,57.58869709162902,21.62729409162902,.601402,Di 10. Feb 07:46:23 CET 2026
36,37.925142,10.1000,35.961403,3.560535,455.9,500,10.575,35.961403,55.36984693805769,19.40844393805769,.539702,Di 10. Feb 07:46:32 CET 2026
45,47.406427,10.1000,35.961403,3.560535,455.9,500,10.575,35.961403,61.37627551775989,25.41487251775989,.706726,Di 10. Feb 07:46:49 CET 2026
42,44.245999,10.1000,35.961403,3.560535,455.9,500,10.575,35.961403,59.594376243111135,23.632973243111135,.657176,Di 10. Feb 07:47:09 CET 2026
3,4.757116,6.8800,30.054020,4.368317,573.5,500,10.575,30.054020,30.768473443376315,.714453443376315,.023772,Di 10. Feb 07:47:42 CET 2026
9,14.271348,6.8800,30.054020,4.368317,573.5,500,10.575,30.054020,32.421992381197505,2.367972381197505,.078790,Di 10. Feb 07:48:23 CET 2026
0,0,6.8800,30.054020,4.368317,573.5,500,10.575,30.054020,30.054020000000005,.000000000000005,0,Di 10. Feb 07:48:34 CET 2026
6,9.514232,6.8800,30.054020,4.368317,573.5,500,10.575,30.054020,31.553704070063066,1.499684070063066,.049899,Di 10. Feb 07:48:38 CET 2026
12,19.028464,6.8800,30.054020,4.368317,573.5,500,10.575,30.054020,33.38835728213983,3.33433728213983,.110944,Di 10. Feb 07:48:41 CET 2026
18,28.542696,6.8800,30.054020,4.368317,573.5,500,10.575,30.054020,35.69112326763926,5.63710326763926,.187565,Di 10. Feb 07:48:58 CET 2026
21,33.299812,6.8800,30.054020,4.368317,573.5,500,10.575,30.054020,37.0719576362873,7.0179376362873,.233510,Di 10. Feb 07:49:03 CET 2026
15,23.785580,6.8800,30.054020,4.368317,573.5,500,10.575,30.054020,34.470965894973006,4.416945894973006,.146966,Di 10. Feb 07:49:04 CET 2026
24,38.056929,6.8800,30.054020,4.368317,573.5,500,10.575,30.054020,38.63387013956915,8.57985013956915,.285480,Di 10. Feb 08:01:09 CET 2026
27,42.814045,6.8800,30.054020,4.368317,573.5,500,10.575,30.054020,40.383640783133565,10.329620783133565,.343701,Di 10. Feb 08:01:49 CET 2026
30,47.571161,6.8800,30.054020,4.368317,573.5,500,10.575,30.054020,42.29577394254193,12.24175394254193,.407325,Di 10. Feb 08:02:41 CET 2026
33,52.328277,6.8800,30.054020,4.368317,573.5,500,10.575,30.054020,44.29620921786165,14.24218921786165,.473886,Di 10. Feb 08:05:03 CET 2026
36,57.085393,6.8800,30.054020,4.368317,573.5,500,10.575,30.054020,46.27424670560276,16.22022670560276,.539702,Di 10. Feb 08:05:33 CET 2026
42,66.599625,6.8800,30.054020,4.368317,573.5,500,10.575,30.054020,49.80480158286098,19.75078158286098,.657176,Di 10. Feb 08:07:16 CET 2026
39,61.842509,6.8800,30.054020,4.368317,573.5,500,10.575,30.054020,48.12859805282288,18.07457805282288,.601403,Di 10. Feb 08:07:17 CET 2026
45,71.356742,6.8800,30.054020,4.368317,573.5,500,10.575,30.054020,51.293989014486314,21.239969014486314,.706726,Di 10. Feb 08:07:51 CET 2026
3,4.318878,7.9533,33.103591,4.162246,573.5,500,10.575,33.103591,33.89053953605778,.78694853605778,.023772,Di 10. Feb 08:08:22 CET 2026
0,0,7.9533,33.103591,4.162246,573.5,500,10.575,33.103591,33.10359100000002,.00000000000002,0,Di 10. Feb 08:08:37 CET 2026
6,8.637756,7.9533,33.103591,4.162246,573.5,500,10.575,33.103591,34.75544722379773,1.65185622379773,.049899,Di 10. Feb 08:09:20 CET 2026
9,12.956634,7.9533,33.103591,4.162246,573.5,500,10.575,33.103591,35.711839845335696,2.608248845335696,.078790,Di 10. Feb 08:10:10 CET 2026
12,17.275512,7.9533,33.103591,4.162246,573.5,500,10.575,33.103591,36.77626295204233,3.67267195204233,.110944,Di 10. Feb 08:10:12 CET 2026
15,21.594390,7.9533,33.103591,4.162246,573.5,500,10.575,33.103591,37.968722842663425,4.865131842663425,.146966,Di 10. Feb 08:10:14 CET 2026
18,25.913268,7.9533,33.103591,4.162246,573.5,500,10.575,33.103591,39.31268924631886,6.20909824631886,.187565,Di 10. Feb 08:10:54 CET 2026
21,30.232146,7.9533,33.103591,4.162246,573.5,500,10.575,33.103591,40.83363625750971,7.73004525750971,.233510,Di 10. Feb 08:11:10 CET 2026
24,34.551024,7.9533,33.103591,4.162246,573.5,500,10.575,33.103591,42.55403537640697,9.45044437640697,.285480,Di 10. Feb 08:11:36 CET 2026
27,38.869902,7.9533,33.103591,4.162246,573.5,500,10.575,33.103591,44.481354069651545,11.377763069651545,.343701,Di 10. Feb 08:12:03 CET 2026
30,43.188780,7.9533,33.103591,4.162246,573.5,500,10.575,33.103591,46.58751370713539,13.48392270713539,.407325,Di 10. Feb 08:12:14 CET 2026
33,47.507658,7.9533,33.103591,4.162246,573.5,500,10.575,33.103591,48.790929640343414,15.687338640343414,.473886,Di 10. Feb 08:12:17 CET 2026
36,51.826536,7.9533,33.103591,4.162246,573.5,500,10.575,33.103591,50.96967806485143,17.86608706485143,.539702,Di 10. Feb 08:12:34 CET 2026
45,64.783170,7.9533,33.103591,4.162246,573.5,500,10.575,33.103591,56.498772748909396,23.395181748909396,.706726,Di 10. Feb 08:12:39 CET 2026
39,56.145414,7.9533,33.103591,4.162246,573.5,500,10.575,33.103591,53.012186642074255,19.908595642074255,.601402,Di 10. Feb 08:12:43 CET 2026
42,60.464292,7.9533,33.103591,4.162246,573.5,500,10.575,33.103591,54.85847836926001,21.75488736926001,.657176,Di 10. Feb 08:12:53 CET 2026
9,11.907995,9.0267,36.018861,3.990258,573.5,500,10.575,36.018861,38.85680558448914,2.83794458448914,.078790,Di 10. Feb 12:24:04 CET 2026
0,0,9.0267,36.018861,3.990258,573.5,500,10.575,36.018861,36.01886100000001,.00000000000001,0,Di 10. Feb 12:24:06 CET 2026
3,3.969331,9.0267,36.018861,3.990258,573.5,500,10.575,36.018861,36.875112234321406,.856251234321406,.023772,Di 10. Feb 12:24:26 CET 2026
12,15.877327,9.0267,36.018861,3.990258,573.5,500,10.575,36.018861,40.01496469254964,3.99610369254964,.110944,Di 10. Feb 12:24:26 CET 2026
24,31.754654,9.0267,36.018861,3.990258,573.5,500,10.575,36.018861,46.30155894140157,10.28269794140157,.285480,Di 10. Feb 12:24:27 CET 2026
33,43.662649,9.0267,36.018861,3.990258,573.5,500,10.575,36.018861,53.08770595028026,17.06884495028026,.473886,Di 10. Feb 12:24:29 CET 2026
21,27.785322,9.0267,36.018861,3.990258,573.5,500,10.575,36.018861,44.42965275296954,8.41079175296954,.233510,Di 10. Feb 12:24:29 CET 2026
39,51.601312,9.0267,36.018861,3.990258,573.5,500,10.575,36.018861,57.68071127581704,21.66185027581704,.601402,Di 10. Feb 12:24:29 CET 2026
6,7.938663,9.0267,36.018861,3.990258,573.5,500,10.575,36.018861,37.816187612329266,1.797326612329266,.049899,Di 10. Feb 12:24:32 CET 2026
36,47.631981,9.0267,36.018861,3.990258,573.5,500,10.575,36.018861,55.4583260686534,19.4394650686534,.539702,Di 10. Feb 12:24:32 CET 2026
30,36.828893,10.1000,38.820218,3.843586,573.5,500,10.575,38.820218,54.63266484225865,15.81244684225865,.407325,Di 10. Feb 12:24:33 CET 2026
33,40.511782,10.1000,38.820218,3.843586,573.5,500,10.575,38.820218,57.21658874129516,18.39637074129516,.473886,Di 10. Feb 12:24:37 CET 2026
45,59.539976,9.0267,36.018861,3.990258,573.5,500,10.575,36.018861,61.474341540986245,25.455480540986245,.706726,Di 10. Feb 12:24:39 CET 2026
3,3.682889,10.1000,38.820218,3.843586,573.5,500,10.575,38.820218,39.743063937279935,.922845937279935,.023772,Di 10. Feb 12:24:40 CET 2026
9,11.048667,10.1000,38.820218,3.843586,573.5,500,10.575,38.820218,41.87888428997411,3.05866628997411,.078790,Di 10. Feb 12:24:41 CET 2026
15,19.846658,9.0267,36.018861,3.990258,573.5,500,10.575,36.018861,41.31244064616667,5.29357964616667,.146966,Di 10. Feb 12:24:47 CET 2026
21,25.780225,10.1000,38.820218,3.843586,573.5,500,10.575,38.820218,47.88515690700133,9.06493890700133,.233510,Di 10. Feb 12:24:47 CET 2026
36,44.194671,10.1000,38.820218,3.843586,573.5,500,10.575,38.820218,59.77158258494254,20.95136458494254,.539702,Di 10. Feb 12:24:47 CET 2026
30,39.693317,9.0267,36.018861,3.990258,573.5,500,10.575,36.018861,50.6902418324932,14.6713808324932,.407324,Di 10. Feb 12:24:48 CET 2026
27,35.723985,9.0267,36.018861,3.990258,573.5,500,10.575,36.018861,48.39860648342197,12.37974548342197,.343701,Di 10. Feb 12:24:49 CET 2026
12,14.731557,10.1000,38.820218,3.843586,573.5,500,10.575,38.820218,43.1271199036088,4.3069019036088,.110944,Di 10. Feb 12:24:49 CET 2026
18,22.097335,10.1000,38.820218,3.843586,573.5,500,10.575,38.820218,46.10155908076217,7.28134108076217,.187565,Di 10. Feb 12:24:49 CET 2026
42,55.570644,9.0267,36.018861,3.990258,573.5,500,10.575,36.018861,59.68960038642312,23.67073938642312,.657176,Di 10. Feb 12:24:53 CET 2026
0,0,10.1000,38.820218,3.843586,573.5,500,10.575,38.820218,38.82021799999998,-.00000000000002,0,Di 10. Feb 12:24:55 CET 2026
24,29.463114,10.1000,38.820218,3.843586,573.5,500,10.575,38.820218,49.90264891434173,11.08243091434173,.285480,Di 10. Feb 12:24:57 CET 2026
18,23.815990,9.0267,36.018861,3.990258,573.5,500,10.575,36.018861,42.774763760163566,6.755902760163566,.187565,Di 10. Feb 12:25:04 CET 2026
27,33.146003,10.1000,38.820218,3.843586,573.5,500,10.575,38.820218,52.16279594316392,13.34257794316392,.343701,Di 10. Feb 12:25:04 CET 2026
15,18.414446,10.1000,38.820218,3.843586,573.5,500,10.575,38.820218,44.52550471428257,5.70528671428257,.146966,Di 10. Feb 12:25:12 CET 2026
6,7.365778,10.1000,38.820218,3.843586,573.5,500,10.575,38.820218,40.75733146677441,1.93711346677441,.049899,Di 10. Feb 12:25:16 CET 2026
39,47.877560,10.1000,38.820218,3.843586,573.5,500,10.575,38.820218,62.16681365655368,23.34659565655368,.601403,Di 10. Feb 13:58:58 CET 2026
6,9.782458,7.9533,35.228863,4.429465,691.2,500,10.575,35.228863,36.986769445730744,1.757906445730744,.049899,Di 10. Feb 13:59:27 CET 2026
42,51.560450,10.1000,38.820218,3.843586,573.5,500,10.575,38.820218,64.3319363999153,25.5117183999153,.657176,Di 10. Feb 13:59:28 CET 2026
3,4.891229,7.9533,35.228863,4.429465,691.2,500,10.575,35.228863,36.06633421047357,.83747121047357,.023772,Di 10. Feb 13:59:32 CET 2026
15,24.456146,7.9533,35.228863,4.429465,691.2,500,10.575,35.228863,40.40633969637809,5.17747669637809,.146966,Di 10. Feb 13:59:34 CET 2026
24,39.129833,7.9533,35.228863,4.429465,691.2,500,10.575,35.228863,45.28603707398495,10.05717407398495,.285481,Di 10. Feb 13:59:36 CET 2026
0,0,7.9533,35.228863,4.429465,691.2,500,10.575,35.228863,35.22886300000002,.00000000000002,0,Di 10. Feb 13:59:54 CET 2026
45,55.243339,10.1000,38.820218,3.843586,573.5,500,10.575,38.820218,66.2554909918495,27.4352729918495,.706726,Di 10. Feb 13:59:57 CET 2026
9,14.673687,7.9533,35.228863,4.429465,691.2,500,10.575,35.228863,38.00456446380814,2.77570146380814,.078790,Di 10. Feb 14:00:04 CET 2026
27,44.021062,7.9533,35.228863,4.429465,691.2,500,10.575,35.228863,47.33709331262636,12.10823031262636,.343701,Di 10. Feb 14:00:07 CET 2026
18,29.347375,7.9533,35.228863,4.429465,691.2,500,10.575,35.228863,41.836589066759394,6.607726066759394,.187565,Di 10. Feb 14:00:10 CET 2026
12,19.564916,7.9533,35.228863,4.429465,691.2,500,10.575,35.228863,39.13732276077071,3.90845976077071,.110944,Di 10. Feb 14:00:13 CET 2026
21,34.238604,7.9533,35.228863,4.429465,691.2,500,10.575,35.228863,43.45518518669304,8.22632218669304,.233510,Di 10. Feb 14:00:16 CET 2026
0,0,6.8800,31.983510,4.648766,691.2,500,10.575,31.983510,31.983510000000013,.000000000000013,0,Di 10. Feb 14:09:23 CET 2026
3,5.387544,6.8800,31.983510,4.648766,691.2,500,10.575,31.983510,32.743831862791595,.760321862791595,.023772,Di 10. Feb 14:10:08 CET 2026
6,10.775088,6.8800,31.983510,4.648766,691.2,500,10.575,31.983510,33.57947515548381,1.59596515548381,.049899,Di 10. Feb 14:10:33 CET 2026
9,16.162632,6.8800,31.983510,4.648766,691.2,500,10.575,31.983510,34.50350896270924,2.51999896270924,.078790,Di 10. Feb 14:11:24 CET 2026
45,80.813161,6.8800,31.983510,4.648766,691.2,500,10.575,31.983510,54.5871014418132,22.6035914418132,.706726,Di 10. Feb 14:11:54 CET 2026
24,43.100352,6.8800,31.983510,4.648766,691.2,500,10.575,31.983510,41.11419054173659,9.13068054173659,.285480,Di 10. Feb 14:12:00 CET 2026
42,75.425616,6.8800,31.983510,4.648766,691.2,500,10.575,31.983510,53.002307292902124,21.018797292902124,.657176,Di 10. Feb 14:12:01 CET 2026
15,26.937720,6.8800,31.983510,4.648766,691.2,500,10.575,31.983510,36.68402708872713,4.70051708872713,.146966,Di 10. Feb 14:12:09 CET 2026
21,37.712808,6.8800,31.983510,4.648766,691.2,500,10.575,31.983510,39.452004693035946,7.468494693035946,.233510,Di 10. Feb 14:12:18 CET 2026
39,70.038072,6.8800,31.983510,4.648766,691.2,500,10.575,31.983510,51.21848932925916,19.23497932925916,.601403,Di 10. Feb 14:12:21 CET 2026
12,21.550176,6.8800,31.983510,4.648766,691.2,500,10.575,31.983510,35.5319149099986,3.5484049099986,.110944,Di 10. Feb 14:12:28 CET 2026
18,32.325264,6.8800,31.983510,4.648766,691.2,500,10.575,31.983510,37.982519555747665,5.999009555747665,.187565,Di 10. Feb 14:12:37 CET 2026
33,59.262984,6.8800,31.983510,4.648766,691.2,500,10.575,31.983510,47.14005811560051,15.15654811560051,.473886,Di 10. Feb 14:18:11 CET 2026
36,64.650528,6.8800,31.983510,4.648766,691.2,500,10.575,31.983510,49.2450864093378,17.2615764093378,.539702,Di 10. Feb 14:18:21 CET 2026
30,53.875440,6.8800,31.983510,4.648766,691.2,500,10.575,31.983510,45.01119484474281,13.02768484474281,.407325,Di 10. Feb 14:18:23 CET 2026
27,48.487896,6.8800,31.983510,4.648766,691.2,500,10.575,31.983510,42.97630020920317,10.99279020920317,.343701,Di 10. Feb 14:18:36 CET 2026
30,48.912292,7.9533,35.228863,4.429465,691.2,500,10.575,35.228863,49.57845866621934,14.34959566621934,.407324,Di 10. Feb 14:27:51 CET 2026
33,53.803521,7.9533,35.228863,4.429465,691.2,500,10.575,35.228863,51.92333832931602,16.69447532931602,.473886,Di 10. Feb 14:28:00 CET 2026
39,63.585979,7.9533,35.228863,4.429465,691.2,500,10.575,35.228863,56.41560478098433,21.18674178098433,.601402,Di 10. Feb 14:28:10 CET 2026
36,58.694750,7.9533,35.228863,4.429465,691.2,500,10.575,35.228863,54.24196531161666,19.01310231161666,.539702,Di 10. Feb 14:28:11 CET 2026
0,0,9.0267,38.331258,4.246431,691.2,500,10.575,38.331258,38.33125800000002,.00000000000002,0,Di 10. Feb 14:28:25 CET 2026
42,68.477208,7.9533,35.228863,4.429465,691.2,500,10.575,35.228863,58.38042901175978,23.15156601175978,.657176,Di 10. Feb 14:28:25 CET 2026
3,4.495351,9.0267,38.331258,4.246431,691.2,500,10.575,38.331258,39.24248051559648,.91122251559648,.023772,Di 10. Feb 14:28:30 CET 2026
12,17.981404,9.0267,38.331258,4.246431,691.2,500,10.575,38.331258,42.58391301387135,4.25265501387135,.110944,Di 10. Feb 14:28:40 CET 2026
45,73.368438,7.9533,35.228863,4.429465,691.2,500,10.575,35.228863,60.12603122055952,24.89716822055952,.706726,Di 10. Feb 14:28:41 CET 2026
6,8.990702,9.0267,38.331258,4.246431,691.2,500,10.575,38.331258,40.243972752658834,1.912714752658834,.049899,Di 10. Feb 14:28:50 CET 2026
9,13.486053,9.0267,38.331258,4.246431,691.2,500,10.575,38.331258,41.351399013297254,3.020141013297254,.078790,Di 10. Feb 14:28:58 CET 2026
15,22.476755,9.0267,38.331258,4.246431,691.2,500,10.575,38.331258,43.96468394519103,5.63342594519103,.146966,Di 10. Feb 14:28:58 CET 2026
18,26.972106,9.0267,38.331258,4.246431,691.2,500,10.575,38.331258,45.52088626786599,7.18962826786599,.187565,Di 10. Feb 14:29:02 CET 2026
21,31.467457,9.0267,38.331258,4.246431,691.2,500,10.575,38.331258,47.282019624186596,8.950761624186596,.233510,Di 10. Feb 14:38:05 CET 2026
24,35.962808,9.0267,38.331258,4.246431,691.2,500,10.575,38.331258,49.27410041119811,10.94284241119811,.285480,Di 10. Feb 14:38:51 CET 2026
27,40.458159,9.0267,38.331258,4.246431,691.2,500,10.575,38.331258,51.50578030763541,13.17452230763541,.343701,Di 10. Feb 14:39:03 CET 2026
36,53.944212,9.0267,38.331258,4.246431,691.2,500,10.575,38.331258,59.01872900734381,20.68747100734381,.539702,Di 10. Feb 14:40:14 CET 2026
30,44.953510,9.0267,38.331258,4.246431,691.2,500,10.575,38.331258,53.94453937228672,15.61328137228672,.407325,Di 10. Feb 14:40:32 CET 2026
39,58.439563,9.0267,38.331258,4.246431,691.2,500,10.575,38.331258,61.38379146195451,23.05253346195451,.601402,Di 10. Feb 14:40:34 CET 2026
33,49.448861,9.0267,38.331258,4.246431,691.2,500,10.575,38.331258,56.49591757434957,18.16465957434957,.473886,Di 10. Feb 14:40:35 CET 2026
42,62.934914,9.0267,38.331258,4.246431,691.2,500,10.575,38.331258,63.521643552292886,25.190385552292886,.657176,Di 10. Feb 14:41:05 CET 2026
6,8.341914,10.1000,41.312504,4.090347,691.2,500,10.575,41.312504,43.37398136557844,2.06147736557844,.049899,Di 10. Feb 14:41:12 CET 2026
0,0,10.1000,41.312504,4.090347,691.2,500,10.575,41.312504,41.312504,0,0,Di 10. Feb 14:41:16 CET 2026
45,67.430265,9.0267,38.331258,4.246431,691.2,500,10.575,38.331258,65.42097070443853,27.08971270443853,.706726,Di 10. Feb 14:41:18 CET 2026
3,4.170957,10.1000,41.312504,4.090347,691.2,500,10.575,41.312504,42.294597594382324,.982093594382324,.023772,Di 10. Feb 14:41:19 CET 2026
9,12.512872,10.1000,41.312504,4.090347,691.2,500,10.575,41.312504,44.56753890802215,3.25503490802215,.078790,Di 10. Feb 14:46:40 CET 2026
12,16.683829,10.1000,41.312504,4.090347,691.2,500,10.575,41.312504,45.895911975828604,4.583407975828604,.110944,Di 10. Feb 14:47:06 CET 2026
15,20.854787,10.1000,41.312504,4.090347,691.2,500,10.575,41.312504,47.38407504205349,6.07157104205349,.146966,Di 10. Feb 14:47:19 CET 2026
18,25.025744,10.1000,41.312504,4.090347,691.2,500,10.575,41.312504,49.061312320118496,7.748808320118496,.187565,Di 10. Feb 14:47:38 CET 2026
21,29.196702,10.1000,41.312504,4.090347,691.2,500,10.575,41.312504,50.95942026214301,9.64691626214301,.233510,Di 10. Feb 14:56:27 CET 2026
24,33.367659,10.1000,41.312504,4.090347,691.2,500,10.575,41.312504,53.106434634205606,11.793930634205606,.285480,Di 10. Feb 14:56:40 CET 2026
30,41.709574,10.1000,41.312504,4.090347,691.2,500,10.575,41.312504,58.14012069799434,16.82761669799434,.407325,Di 10. Feb 14:56:59 CET 2026
27,37.538617,10.1000,41.312504,4.090347,691.2,500,10.575,41.312504,55.511685283935094,14.199181283935094,.343701,Di 10. Feb 14:57:11 CET 2026
0,0,6.8800,32.689652,4.751403,738.0,500,10.575,32.689652,32.68965200000002,.00000000000002,0,Di 10. Feb 14:57:41 CET 2026
3,5.628066,6.8800,32.689652,4.751403,738.0,500,10.575,32.689652,33.46676044810586,.77710844810586,.023772,Di 10. Feb 14:57:46 CET 2026
33,45.880531,10.1000,41.312504,4.090347,691.2,500,10.575,41.312504,60.88993411922215,19.57743011922215,.473886,Di 10. Feb 14:57:50 CET 2026
6,11.256132,6.8800,32.689652,4.751403,738.0,500,10.575,32.689652,34.32085251896258,1.63120051896258,.049899,Di 10. Feb 14:57:50 CET 2026
9,16.884198,6.8800,32.689652,4.751403,738.0,500,10.575,32.689652,35.26528597226284,2.57563397226284,.078790,Di 10. Feb 14:58:05 CET 2026
39,54.222446,10.1000,41.312504,4.090347,691.2,500,10.575,41.312504,66.15795844536461,24.84545444536461,.601402,Di 10. Feb 14:58:44 CET 2026
42,58.393404,10.1000,41.312504,4.090347,691.2,500,10.575,41.312504,68.46216525273492,27.14966125273492,.657177,Di 10. Feb 14:58:46 CET 2026
45,62.564361,10.1000,41.312504,4.090347,691.2,500,10.575,41.312504,70.50914102783987,29.19663702783987,.706726,Di 10. Feb 14:58:55 CET 2026
36,50.051489,10.1000,41.312504,4.090347,691.2,500,10.575,41.312504,63.60896118857227,22.29645718857227,.539702,Di 10. Feb 14:59:14 CET 2026
12,22.512264,6.8800,32.689652,4.751403,738.0,500,10.575,32.689652,36.31639733886215,3.62674533886215,.110944,Di 10. Feb 15:06:58 CET 2026
15,28.140330,6.8800,32.689652,4.751403,738.0,500,10.575,32.689652,37.493948477576964,4.804296477576964,.146966,Di 10. Feb 15:07:33 CET 2026
18,33.768397,6.8800,32.689652,4.751403,738.0,500,10.575,32.689652,38.82110964270148,6.13145764270148,.187565,Di 10. Feb 15:07:57 CET 2026
21,39.396463,6.8800,32.689652,4.751403,738.0,500,10.575,32.689652,40.323037796944156,7.633385796944156,.233510,Di 10. Feb 15:09:01 CET 2026
27,50.652595,6.8800,32.689652,4.751403,738.0,500,10.575,32.689652,43.92514498185755,11.23549298185755,.343701,Di 10. Feb 15:09:16 CET 2026
24,45.024529,6.8800,32.689652,4.751403,738.0,500,10.575,32.689652,42.021923730329426,9.332271730329426,.285480,Di 10. Feb 15:09:18 CET 2026
30,56.280661,6.8800,32.689652,4.751403,738.0,500,10.575,32.689652,46.004966375690174,13.315314375690174,.407325,Di 10. Feb 15:09:27 CET 2026
33,61.908728,6.8800,32.689652,4.751403,738.0,500,10.575,32.689652,48.18083158255793,15.49117958255793,.473886,Di 10. Feb 15:09:44 CET 2026
36,67.536794,6.8800,32.689652,4.751403,738.0,500,10.575,32.689652,50.33233576288317,17.64268376288317,.539702,Di 10. Feb 15:09:54 CET 2026
42,78.792926,6.8800,32.689652,4.751403,738.0,500,10.575,32.689652,54.17254349743323,21.48289149743323,.657177,Di 10. Feb 15:09:57 CET 2026
45,84.420992,6.8800,32.689652,4.751403,738.0,500,10.575,32.689652,55.7922908665339,23.1026388665339,.706726,Di 10. Feb 15:09:59 CET 2026
39,73.164860,6.8800,32.689652,4.751403,738.0,500,10.575,32.689652,52.349307237090926,19.659655237090926,.601403,Di 10. Feb 15:10:02 CET 2026
0,0,7.9533,36.006656,4.527260,738.0,500,10.575,36.006656,36.006656000000014,.000000000000014,0,Di 10. Feb 15:15:08 CET 2026
3,5.109593,7.9533,36.006656,4.527260,738.0,500,10.575,36.006656,36.86261741473706,.85596141473706,.023772,Di 10. Feb 15:15:52 CET 2026
6,10.219186,7.9533,36.006656,4.527260,738.0,500,10.575,36.006656,37.80337387806191,1.79671787806191,.049899,Di 10. Feb 15:16:09 CET 2026
9,15.328780,7.9533,36.006656,4.527260,738.0,500,10.575,36.006656,38.843640414660875,2.836984414660875,.078790,Di 10. Feb 15:16:47 CET 2026
12,20.438373,7.9533,36.006656,4.527260,738.0,500,10.575,36.006656,40.001408135983205,3.994752135983205,.110944,Di 10. Feb 15:24:56 CET 2026
18,30.657560,7.9533,36.006656,4.527260,738.0,500,10.575,36.006656,42.760271748141605,6.753615748141605,.187565,Di 10. Feb 15:25:28 CET 2026
15,25.547966,7.9533,36.006656,4.527260,738.0,500,10.575,36.006656,41.29844213780198,5.29178613780198,.146966,Di 10. Feb 15:25:39 CET 2026
21,35.767153,7.9533,36.006656,4.527260,738.0,500,10.575,36.006656,44.414597957263325,8.407941957263325,.233510,Di 10. Feb 15:26:06 CET 2026
33,56.205527,7.9533,36.006656,4.527260,738.0,500,10.575,36.006656,53.06971807635419,17.06306207635419,.473886,Di 10. Feb 15:26:15 CET 2026
30,51.095933,7.9533,36.006656,4.527260,738.0,500,10.575,36.006656,50.673071507107444,14.666415507107444,.407325,Di 10. Feb 15:26:31 CET 2026
24,40.876747,7.9533,36.006656,4.527260,738.0,500,10.575,36.006656,46.28586915596584,10.27921315596584,.285480,Di 10. Feb 15:26:35 CET 2026
36,61.315120,7.9533,36.006656,4.527260,738.0,500,10.575,36.006656,55.43953518116048,19.43287918116048,.539702,Di 10. Feb 15:26:54 CET 2026
27,45.986340,7.9533,36.006656,4.527260,738.0,500,10.575,36.006656,48.3822083524235,12.3755523524235,.343701,Di 10. Feb 15:27:03 CET 2026
39,66.424714,7.9533,36.006656,4.527260,738.0,500,10.575,36.006656,57.66116555939377,21.65450955939377,.601402,Di 10. Feb 15:27:23 CET 2026
42,71.534307,7.9533,36.006656,4.527260,738.0,500,10.575,36.006656,59.669369092932456,23.662713092932456,.657176,Di 10. Feb 15:27:24 CET 2026
45,76.643900,7.9533,36.006656,4.527260,738.0,500,10.575,36.006656,61.453510933432234,25.446854933432234,.706726,Di 10. Feb 15:27:41 CET 2026
0,0,9.0267,39.177547,4.340185,738.0,500,10.575,39.177547,39.177547,0,0,Di 10. Feb 15:27:43 CET 2026
3,4.696041,9.0267,39.177547,4.340185,738.0,500,10.575,39.177547,40.10888778511461,.93134078511461,.023772,Di 10. Feb 15:35:27 CET 2026
6,9.392083,9.0267,39.177547,4.340185,738.0,500,10.575,39.177547,41.13249113164135,1.95494413164135,.049899,Di 10. Feb 15:36:17 CET 2026
9,14.088124,9.0267,39.177547,4.340185,738.0,500,10.575,39.177547,42.26436745381638,3.08682045381638,.078790,Di 10. Feb 15:36:48 CET 2026
12,18.784166,9.0267,39.177547,4.340185,738.0,500,10.575,39.177547,43.52409285997461,4.34654585997461,.110944,Di 10. Feb 15:37:14 CET 2026
18,28.176249,9.0267,39.177547,4.340185,738.0,500,10.575,39.177547,46.52591316141161,7.34836616141161,.187565,Di 10. Feb 15:37:55 CET 2026
15,23.480207,9.0267,39.177547,4.340185,738.0,500,10.575,39.177547,44.93534667086097,5.75779967086097,.146966,Di 10. Feb 15:38:04 CET 2026
27,42.264374,9.0267,39.177547,4.340185,738.0,500,10.575,39.177547,52.64293959030866,13.46539259030866,.343701,Di 10. Feb 15:38:12 CET 2026
21,32.872291,9.0267,39.177547,4.340185,738.0,500,10.575,39.177547,48.32592583367948,9.14837883367948,.233510,Di 10. Feb 15:38:15 CET 2026
24,37.568332,9.0267,39.177547,4.340185,738.0,500,10.575,39.177547,50.361988077637925,11.184441077637925,.285480,Di 10. Feb 15:38:19 CET 2026
33,51.656457,9.0267,39.177547,4.340185,738.0,500,10.575,39.177547,57.74325032886184,18.56570332886184,.473886,Di 10. Feb 15:38:33 CET 2026
30,46.960415,9.0267,39.177547,4.340185,738.0,500,10.575,39.177547,55.13554191992921,15.95799491992921,.407325,Di 10. Feb 15:38:43 CET 2026
36,56.352499,9.0267,39.177547,4.340185,738.0,500,10.575,39.177547,60.32176234410965,21.14421534410965,.539702,Di 10. Feb 15:38:48 CET 2026
39,61.048540,9.0267,39.177547,4.340185,738.0,500,10.575,39.177547,62.73904084369022,23.56149384369022,.601402,Di 10. Feb 15:42:12 CET 2026
42,65.744582,9.0267,39.177547,4.340185,738.0,500,10.575,39.177547,64.9240929960626,25.7465459960626,.657176,Di 10. Feb 15:42:48 CET 2026
0,0,10.1000,42.224615,4.180655,738.0,500,10.575,42.224615,42.224614999999986,-.000000000000014,0,Di 10. Feb 15:42:57 CET 2026
45,70.440623,9.0267,39.177547,4.340185,738.0,500,10.575,39.177547,66.865353345472,27.687806345472,.706726,Di 10. Feb 15:43:12 CET 2026
3,4.357166,10.1000,42.224615,4.180655,738.0,500,10.575,42.224615,43.228391585606595,1.003776585606595,.023772,Di 10. Feb 15:47:09 CET 2026
6,8.714332,10.1000,42.224615,4.180655,738.0,500,10.575,42.224615,44.3316066310257,2.1069916310257,.049899,Di 10. Feb 15:47:22 CET 2026
9,13.071498,10.1000,42.224615,4.180655,738.0,500,10.575,42.224615,45.55151607531534,3.32690107531534,.078790,Di 10. Feb 15:47:29 CET 2026
12,17.428664,10.1000,42.224615,4.180655,738.0,500,10.575,42.224615,46.90921565286527,4.68460065286527,.110944,Di 10. Feb 15:47:44 CET 2026
15,21.785830,10.1000,42.224615,4.180655,738.0,500,10.575,42.224615,48.43023534336937,6.20562034336937,.146966,Di 10. Feb 15:47:58 CET 2026
18,26.142997,10.1000,42.224615,4.180655,738.0,500,10.575,42.224615,50.144504699962674,7.919889699962674,.187565,Di 10. Feb 15:48:03 CET 2026
21,30.500163,10.1000,42.224615,4.180655,738.0,500,10.575,42.224615,52.084517394730035,9.859902394730035,.233510,Di 10. Feb 15:48:03 CET 2026
30,43.571661,10.1000,42.224615,4.180655,738.0,500,10.575,42.224615,59.42376188621432,17.19914688621432,.407325,Di 10. Feb 15:48:14 CET 2026
27,39.214495,10.1000,42.224615,4.180655,738.0,500,10.575,42.224615,56.73729081027379,14.51267581027379,.343701,Di 10. Feb 15:48:23 CET 2026
24,34.857329,10.1000,42.224615,4.180655,738.0,500,10.575,42.224615,54.27893656002373,12.05432156002373,.285480,Di 10. Feb 15:48:28 CET 2026
33,47.928827,10.1000,42.224615,4.180655,738.0,500,10.575,42.224615,62.234282584839086,20.009667584839086,.473886,Di 10. Feb 15:48:30 CET 2026
39,56.643160,10.1000,42.224615,4.180655,738.0,500,10.575,42.224615,67.61862600734246,25.39401100734246,.601403,Di 10. Feb 15:48:44 CET 2026
36,52.285994,10.1000,42.224615,4.180655,738.0,500,10.575,42.224615,65.01334170145044,22.78872670145044,.539702,Di 10. Feb 15:48:55 CET 2026
42,61.000326,10.1000,42.224615,4.180655,738.0,500,10.575,42.224615,69.97362189132501,27.74900689132501,.657176,Di 10. Feb 15:50:53 CET 2026
45,65.357492,10.1000,42.224615,4.180655,738.0,500,10.575,42.224615,72.06586565412204,29.84125065412204,.706726,Di 10. Feb 15:51:12 CET 2026
