folder_name,force_N,muscle_extent_y_cm,volume_cm3,am_cm_inv,rho_1e4_kg_cm3,cross_sectional_length_a_cm,top_surface_area_cm2,effective_traction_N_cm2,force_rescaled_N,z_max_cm,z_min_cm,rom_cm
F00_y32.69_Vol421.6_Am450_rho10.493,0.0,32.69,421.6,450.0,10.493,3.591226861414324,12.896910370143777,0.0,0.0,32.69000023,29.3909905,3.29900973
F00_y32.69_Vol421.6_Am450_rho10.534,0.0,32.69,421.6,450.0,10.534,3.591226861414324,12.896910370143777,0.0,0.0,32.69000023,29.3929649,3.29703533
F00_y32.69_Vol421.6_Am450_rho10.575,0.0,32.69,421.6,450.0,10.575,3.591226861414324,12.896910370143777,0.0,0.0,32.69000023,29.39496794,3.29503229
F00_y32.69_Vol421.6_Am450_rho10.616,0.0,32.69,421.6,450.0,10.616,3.591226861414324,12.896910370143777,0.0,0.0,32.69000023,29.3969044,3.29309583
F00_y32.69_Vol421.6_Am500_rho10.493,0.0,32.69,421.6,500.0,10.493,3.591226861414324,12.896910370143777,0.0,0.0,32.69000023,29.38363089,3.30636934
F00_y32.69_Vol421.6_Am500_rho10.534,0.0,32.69,421.6,500.0,10.534,3.591226861414324,12.896910370143777,0.0,0.0,32.69000023,29.38561346,3.30438677
F00_y32.69_Vol421.6_Am500_rho10.575,0.0,32.69,421.6,500.0,10.575,3.591226861414324,12.896910370143777,0.0,0.0,32.69000023,29.38751707,3.30248316
F00_y32.69_Vol421.6_Am500_rho10.616,0.0,32.69,421.6,500.0,10.616,3.591226861414324,12.896910370143777,0.0,0.0,32.69000023,29.38946067,3.30053957
F00_y32.69_Vol421.6_Am550_rho10.493,0.0,32.69,421.6,550.0,10.493,3.591226861414324,12.896910370143777,0.0,0.0,32.69000023,29.37630262,3.31369761
F00_y32.69_Vol421.6_Am550_rho10.534,0.0,32.69,421.6,550.0,10.534,3.591226861414324,12.896910370143777,0.0,0.0,32.69000023,29.37820132,3.31179891
F00_y32.69_Vol421.6_Am550_rho10.575,0.0,32.69,421.6,550.0,10.575,3.591226861414324,12.896910370143777,0.0,0.0,32.69000023,29.38012326,3.30987697
F00_y32.69_Vol421.6_Am550_rho10.616,0.0,32.69,421.6,550.0,10.616,3.591226861414324,12.896910370143777,0.0,0.0,32.69000023,29.38211701,3.30788322
F00_y32.69_Vol455.9_Am450_rho10.493,0.0,32.69,455.9,450.0,10.493,3.734455904877668,13.946160905475681,0.0,0.0,32.69000019,29.59545447,3.09454572
F00_y32.69_Vol455.9_Am450_rho10.534,0.0,32.69,455.9,450.0,10.534,3.734455904877668,13.946160905475681,0.0,0.0,32.69000019,29.5971668,3.0928334
F00_y32.69_Vol455.9_Am450_rho10.575,0.0,32.69,455.9,450.0,10.575,3.734455904877668,13.946160905475681,0.0,0.0,32.69000019,32.0447528,0.64524739
F00_y32.69_Vol455.9_Am450_rho10.616,0.0,32.69,455.9,450.0,10.616,3.734455904877668,13.946160905475681,0.0,0.0,32.6900002,29.60047292,3.08952728
F00_y32.69_Vol455.9_Am500_rho10.493,0.0,32.69,455.9,500.0,10.493,3.734455904877668,13.946160905475681,0.0,0.0,32.69000019,29.5890623,3.10093789
F00_y32.69_Vol455.9_Am500_rho10.534,0.0,32.69,455.9,500.0,10.534,3.734455904877668,13.946160905475681,0.0,0.0,32.69000019,29.59077365,3.09922654
F00_y32.69_Vol455.9_Am500_rho10.575,0.0,32.69,455.9,500.0,10.575,3.734455904877668,13.946160905475681,0.0,0.0,32.69000019,29.59237544,3.09762475
F00_y32.69_Vol455.9_Am500_rho10.616,0.0,32.69,455.9,500.0,10.616,3.734455904877668,13.946160905475681,0.0,0.0,32.69000019,29.59403804,3.09596216
F00_y32.69_Vol455.9_Am550_rho10.493,0.0,32.69,455.9,550.0,10.493,3.734455904877668,13.946160905475681,0.0,0.0,32.69000019,29.58285781,3.10714238
F00_y32.69_Vol455.9_Am550_rho10.534,0.0,32.69,455.9,550.0,10.534,3.734455904877668,13.946160905475681,0.0,0.0,32.69000019,29.58448158,3.10551861
F00_y32.69_Vol455.9_Am550_rho10.575,0.0,32.69,455.9,550.0,10.575,3.734455904877668,13.946160905475681,0.0,0.0,32.69000019,29.58613098,3.10386922
F00_y32.69_Vol455.9_Am550_rho10.616,0.0,32.69,455.9,550.0,10.616,3.734455904877668,13.946160905475681,0.0,0.0,32.69000019,29.58776677,3.10223342
F00_y32.69_Vol514.7_Am450_rho10.493,0.0,32.69,514.7,450.0,10.493,3.967981364485197,15.744876108901808,0.0,0.0,32.69000013,29.88984221,2.80015792
F00_y32.69_Vol514.7_Am450_rho10.534,0.0,32.69,514.7,450.0,10.534,3.967981364485197,15.744876108901808,0.0,0.0,32.69000013,29.89123345,2.79876668
F00_y32.69_Vol514.7_Am450_rho10.575,0.0,32.69,514.7,450.0,10.575,3.967981364485197,15.744876108901808,0.0,0.0,32.69000013,29.8926053,2.79739483
F00_y32.69_Vol514.7_Am450_rho10.616,0.0,32.69,514.7,450.0,10.616,3.967981364485197,15.744876108901808,0.0,0.0,32.69000013,29.89399281,2.79600733
F00_y32.69_Vol514.7_Am500_rho10.493,0.0,32.69,514.7,500.0,10.493,3.967981364485197,15.744876108901808,0.0,0.0,32.69000013,29.88584714,2.80415299
F00_y32.69_Vol514.7_Am500_rho10.534,0.0,32.69,514.7,500.0,10.534,3.967981364485197,15.744876108901808,0.0,0.0,32.69000013,29.88723814,2.80276199
F00_y32.69_Vol514.7_Am500_rho10.575,0.0,32.69,514.7,500.0,10.575,3.967981364485197,15.744876108901808,0.0,0.0,32.69000013,29.88853725,2.80146288
F00_y32.69_Vol514.7_Am500_rho10.616,0.0,32.69,514.7,500.0,10.616,3.967981364485197,15.744876108901808,0.0,0.0,32.69000013,29.8899202,2.80007994
F00_y32.69_Vol514.7_Am550_rho10.493,0.0,32.69,514.7,550.0,10.493,3.967981364485197,15.744876108901808,0.0,0.0,32.69000013,29.88158585,2.80841428
F00_y32.69_Vol514.7_Am550_rho10.534,0.0,32.69,514.7,550.0,10.534,3.967981364485197,15.744876108901808,0.0,0.0,32.69000013,29.88293672,2.80706341
F00_y32.69_Vol514.7_Am550_rho10.575,0.0,32.69,514.7,550.0,10.575,3.967981364485197,15.744876108901808,0.0,0.0,32.69000013,29.88418347,2.80581666
F00_y32.69_Vol514.7_Am550_rho10.616,0.0,32.69,514.7,550.0,10.616,3.967981364485197,15.744876108901808,0.0,0.0,32.69000013,29.88559722,2.80440291
F00_y32.69_Vol573.5_Am450_rho10.493,0.0,32.69,573.5,450.0,10.493,4.188507050528616,17.54359131232793,0.0,0.0,32.69000009,30.13242505,2.55757504
F00_y32.69_Vol573.5_Am450_rho10.534,0.0,32.69,573.5,450.0,10.534,4.188507050528616,17.54359131232793,0.0,0.0,32.69000009,30.13354463,2.55645546
F00_y32.69_Vol573.5_Am450_rho10.575,0.0,32.69,573.5,450.0,10.575,4.188507050528616,17.54359131232793,0.0,0.0,32.69000009,30.13466849,2.5553316
F00_y32.69_Vol573.5_Am450_rho10.616,0.0,32.69,573.5,450.0,10.616,4.188507050528616,17.54359131232793,0.0,0.0,32.69000009,30.13574815,2.55425194
F00_y32.69_Vol573.5_Am500_rho10.493,0.0,32.69,573.5,500.0,10.493,4.188507050528616,17.54359131232793,0.0,0.0,32.69000009,30.13006206,2.55993803
F00_y32.69_Vol573.5_Am500_rho10.534,0.0,32.69,573.5,500.0,10.534,4.188507050528616,17.54359131232793,0.0,0.0,32.69000009,30.13116006,2.55884003
F00_y32.69_Vol573.5_Am500_rho10.575,0.0,32.69,573.5,500.0,10.575,4.188507050528616,17.54359131232793,0.0,0.0,32.69000009,30.13223061,2.55776948
F00_y32.69_Vol573.5_Am500_rho10.616,0.0,32.69,573.5,500.0,10.616,4.188507050528616,17.54359131232793,0.0,0.0,32.69000009,30.13339005,2.55661005
F00_y32.69_Vol573.5_Am550_rho10.493,0.0,32.69,573.5,550.0,10.493,4.188507050528616,17.54359131232793,0.0,0.0,32.69000009,30.1277327,2.56226738
F00_y32.69_Vol573.5_Am550_rho10.534,0.0,32.69,573.5,550.0,10.534,4.188507050528616,17.54359131232793,0.0,0.0,32.69000009,30.1287939,2.56120619
F00_y32.69_Vol573.5_Am550_rho10.575,0.0,32.69,573.5,550.0,10.575,4.188507050528616,17.54359131232793,0.0,0.0,32.69000009,30.12981657,2.56018352
F00_y32.69_Vol573.5_Am550_rho10.616,0.0,32.69,573.5,550.0,10.616,4.188507050528616,17.54359131232793,0.0,0.0,32.69000009,30.13091889,2.5590812
F00_y32.69_Vol632.3_Am450_rho10.493,0.0,32.69,632.3,450.0,10.493,4.397988917193182,19.342306515754053,0.0,0.0,32.69000006,30.33427729,2.35572277
F00_y32.69_Vol632.3_Am450_rho10.534,0.0,32.69,632.3,450.0,10.534,4.397988917193182,19.342306515754053,0.0,0.0,32.69000007,30.33521657,2.35478349
F00_y32.69_Vol632.3_Am450_rho10.575,0.0,32.69,632.3,450.0,10.575,4.397988917193182,19.342306515754053,0.0,0.0,32.69000007,30.33610244,2.35389763
F00_y32.69_Vol632.3_Am450_rho10.616,0.0,32.69,632.3,450.0,10.616,4.397988917193182,19.342306515754053,0.0,0.0,32.69000007,30.33699397,2.35300609
F00_y32.69_Vol632.3_Am500_rho10.493,0.0,32.69,632.3,500.0,10.493,4.397988917193182,19.342306515754053,0.0,0.0,32.69000006,30.33300017,2.3569999
F00_y32.69_Vol632.3_Am500_rho10.534,0.0,32.69,632.3,500.0,10.534,4.397988917193182,19.342306515754053,0.0,0.0,32.69000006,30.33388884,2.35611123
F00_y32.69_Vol632.3_Am500_rho10.575,0.0,32.69,632.3,500.0,10.575,4.397988917193182,19.342306515754053,0.0,0.0,32.69000007,30.33470552,2.35529455
F00_y32.69_Vol632.3_Am500_rho10.616,0.0,32.69,632.3,500.0,10.616,4.397988917193182,19.342306515754053,0.0,0.0,32.69000007,30.33561847,2.3543816
F00_y32.69_Vol632.3_Am550_rho10.493,0.0,32.69,632.3,550.0,10.493,4.397988917193182,19.342306515754053,0.0,0.0,32.69000006,30.33151367,2.3584864
F00_y32.69_Vol632.3_Am550_rho10.534,0.0,32.69,632.3,550.0,10.534,4.397988917193182,19.342306515754053,0.0,0.0,32.69000006,30.33238602,2.35761405
F00_y32.69_Vol632.3_Am550_rho10.575,0.0,32.69,632.3,550.0,10.575,4.397988917193182,19.342306515754053,0.0,0.0,32.69000007,30.33327585,2.35672422
F00_y32.69_Vol632.3_Am550_rho10.616,0.0,32.69,632.3,550.0,10.616,4.397988917193182,19.342306515754053,0.0,0.0,32.69000007,30.33418618,2.35581389
F00_y32.69_Vol691.2_Am450_rho10.493,0.0,32.69,691.2,450.0,10.493,4.598269322108242,21.14408075864179,0.0,0.0,32.69000004,30.50325298,2.18674707
F00_y32.69_Vol691.2_Am450_rho10.534,0.0,32.69,691.2,450.0,10.534,4.598269322108242,21.14408075864179,0.0,0.0,32.69000004,30.50402662,2.18597342
F00_y32.69_Vol691.2_Am450_rho10.575,0.0,32.69,691.2,450.0,10.575,4.598269322108242,21.14408075864179,0.0,0.0,32.69000004,30.50480389,2.18519615
F00_y32.69_Vol691.2_Am450_rho10.616,0.0,32.69,691.2,450.0,10.616,4.598269322108242,21.14408075864179,0.0,0.0,32.69000005,30.50558455,2.18441549
F00_y32.69_Vol691.2_Am500_rho10.493,0.0,32.69,691.2,500.0,10.493,4.598269322108242,21.14408075864179,0.0,0.0,32.69000004,30.50228529,2.18771475
F00_y32.69_Vol691.2_Am500_rho10.534,0.0,32.69,691.2,500.0,10.534,4.598269322108242,21.14408075864179,0.0,0.0,32.69000004,30.50308868,2.18691137
F00_y32.69_Vol691.2_Am500_rho10.575,0.0,32.69,691.2,500.0,10.575,4.598269322108242,21.14408075864179,0.0,0.0,32.69000004,30.5038795,2.18612055
F00_y32.69_Vol691.2_Am500_rho10.616,0.0,32.69,691.2,500.0,10.616,4.598269322108242,21.14408075864179,0.0,0.0,32.69000004,30.50460643,2.18539362
F00_y32.69_Vol691.2_Am550_rho10.493,0.0,32.69,691.2,550.0,10.493,4.598269322108242,21.14408075864179,0.0,0.0,32.69000004,30.50131574,2.18868431
F00_y32.69_Vol691.2_Am550_rho10.534,0.0,32.69,691.2,550.0,10.534,4.598269322108242,21.14408075864179,0.0,0.0,32.69000004,30.50205838,2.18794167
F00_y32.69_Vol691.2_Am550_rho10.575,0.0,32.69,691.2,550.0,10.575,4.598269322108242,21.14408075864179,0.0,0.0,32.69000004,30.50282262,2.18717742
F00_y32.69_Vol691.2_Am550_rho10.616,0.0,32.69,691.2,550.0,10.616,4.598269322108242,21.14408075864179,0.0,0.0,32.69000004,30.50356285,2.18643719
F00_y32.69_Vol738.0_Am450_rho10.493,0.0,32.69,738.0,450.0,10.493,4.751390451928238,22.575711226674827,0.0,0.0,32.69000003,30.61785287,2.07214717
F00_y32.69_Vol738.0_Am450_rho10.534,0.0,32.69,738.0,450.0,10.534,4.751390451928238,22.575711226674827,0.0,0.0,32.69000004,30.61859575,2.07140429
F00_y32.69_Vol738.0_Am450_rho10.575,0.0,32.69,738.0,450.0,10.575,4.751390451928238,22.575711226674827,0.0,0.0,32.69000004,30.61933915,2.07066089
F00_y32.69_Vol738.0_Am450_rho10.616,0.0,32.69,738.0,450.0,10.616,4.751390451928238,22.575711226674827,0.0,0.0,32.69000004,30.61997411,2.07002593
F00_y32.69_Vol738.0_Am500_rho10.493,0.0,32.69,738.0,500.0,10.493,4.751390451928238,22.575711226674827,0.0,0.0,32.69000003,30.61684196,2.07315807
F00_y32.69_Vol738.0_Am500_rho10.534,0.0,32.69,738.0,500.0,10.534,4.751390451928238,22.575711226674827,0.0,0.0,32.69000003,30.6175146,2.07248543
F00_y32.69_Vol738.0_Am500_rho10.575,0.0,32.69,738.0,500.0,10.575,4.751390451928238,22.575711226674827,0.0,0.0,32.69000004,30.6182143,2.07178573
F00_y32.69_Vol738.0_Am500_rho10.616,0.0,32.69,738.0,500.0,10.616,4.751390451928238,22.575711226674827,0.0,0.0,32.69000004,30.6188698,2.07113023
F00_y32.69_Vol738.0_Am550_rho10.493,0.0,32.69,738.0,550.0,10.493,4.751390451928238,22.575711226674827,0.0,0.0,32.69000003,30.61599175,2.07400829
F00_y32.69_Vol738.0_Am550_rho10.534,0.0,32.69,738.0,550.0,10.534,4.751390451928238,22.575711226674827,0.0,0.0,32.69000003,30.61669642,2.07330362
F00_y32.69_Vol738.0_Am550_rho10.575,0.0,32.69,738.0,550.0,10.575,4.751390451928238,22.575711226674827,0.0,0.0,32.69000004,30.6172469,2.07275314
F00_y32.69_Vol738.0_Am550_rho10.616,0.0,32.69,738.0,550.0,10.616,4.751390451928238,22.575711226674827,0.0,0.0,32.69000004,30.6179494,2.07205063
F00_y33.19_Vol421.6_Am450_rho10.493,0.0,33.19,421.6,450.0,10.493,3.564073690521467,12.702621271467311,0.0,0.0,33.19000028,29.76923278,3.4207675
F00_y33.19_Vol421.6_Am450_rho10.534,0.0,33.19,421.6,450.0,10.534,3.564073690521467,12.702621271467311,0.0,0.0,33.19000028,29.77143159,3.41856869
F00_y33.19_Vol421.6_Am450_rho10.575,0.0,33.19,421.6,450.0,10.575,3.564073690521467,12.702621271467311,0.0,0.0,33.19000028,29.77356541,3.41643487
F00_y33.19_Vol421.6_Am450_rho10.616,0.0,33.19,421.6,450.0,10.616,3.564073690521467,12.702621271467311,0.0,0.0,33.19000029,29.77568674,3.41431355
F00_y33.19_Vol421.6_Am500_rho10.493,0.0,33.19,421.6,500.0,10.493,3.564073690521467,12.702621271467311,0.0,0.0,33.19000028,29.76517278,3.42482749
F00_y33.19_Vol421.6_Am500_rho10.534,0.0,33.19,421.6,500.0,10.534,3.564073690521467,12.702621271467311,0.0,0.0,33.19000028,29.76729827,3.42270201
F00_y33.19_Vol421.6_Am500_rho10.575,0.0,33.19,421.6,500.0,10.575,3.564073690521467,12.702621271467311,0.0,0.0,33.19000028,29.76932823,3.42067205
F00_y33.19_Vol421.6_Am500_rho10.616,0.0,33.19,421.6,500.0,10.616,3.564073690521467,12.702621271467311,0.0,0.0,33.19000028,29.77144225,3.41855803
F00_y33.19_Vol421.6_Am550_rho10.493,0.0,33.19,421.6,550.0,10.493,3.564073690521467,12.702621271467311,0.0,0.0,33.19000027,29.76109812,3.42890215
F00_y33.19_Vol421.6_Am550_rho10.534,0.0,33.19,421.6,550.0,10.534,3.564073690521467,12.702621271467311,0.0,0.0,33.19000028,29.76322048,3.4267798
F00_y33.19_Vol421.6_Am550_rho10.575,0.0,33.19,421.6,550.0,10.575,3.564073690521467,12.702621271467311,0.0,0.0,33.19000028,29.76520837,3.42479191
F00_y33.19_Vol421.6_Am550_rho10.616,0.0,33.19,421.6,550.0,10.616,3.564073690521467,12.702621271467311,0.0,0.0,33.19000028,29.76730757,3.42269271
F00_y33.19_Vol455.9_Am450_rho10.493,0.0,33.19,455.9,450.0,10.493,3.7062197829922776,13.736065079843327,0.0,0.0,33.19000022,29.98210928,3.20789094
F00_y33.19_Vol455.9_Am450_rho10.534,0.0,33.19,455.9,450.0,10.534,3.7062197829922776,13.736065079843327,0.0,0.0,33.19000023,29.98395507,3.20604515
F00_y33.19_Vol455.9_Am450_rho10.575,0.0,33.19,455.9,450.0,10.575,3.7062197829922776,13.736065079843327,0.0,0.0,33.19000023,32.73923992,0.45076031
F00_y33.19_Vol455.9_Am450_rho10.616,0.0,33.19,455.9,450.0,10.616,3.7062197829922776,13.736065079843327,0.0,0.0,33.19000023,29.98758918,3.20241105
F00_y33.19_Vol455.9_Am500_rho10.493,0.0,33.19,455.9,500.0,10.493,3.7062197829922776,13.736065079843327,0.0,0.0,33.19000022,29.97892678,3.21107344
F00_y33.19_Vol455.9_Am500_rho10.534,0.0,33.19,455.9,500.0,10.534,3.7062197829922776,13.736065079843327,0.0,0.0,33.19000022,29.98069335,3.20930688
F00_y33.19_Vol455.9_Am500_rho10.575,0.0,33.19,455.9,500.0,10.575,3.7062197829922776,13.736065079843327,0.0,0.0,33.19000023,29.9825306,3.20746962
F00_y33.19_Vol455.9_Am500_rho10.616,0.0,33.19,455.9,500.0,10.616,3.7062197829922776,13.736065079843327,0.0,0.0,33.19000023,29.9842939,3.20570633
F00_y33.19_Vol455.9_Am550_rho10.493,0.0,33.19,455.9,550.0,10.493,3.7062197829922776,13.736065079843327,0.0,0.0,33.19000022,29.97552777,3.21447245
F00_y33.19_Vol455.9_Am550_rho10.534,0.0,33.19,455.9,550.0,10.534,3.7062197829922776,13.736065079843327,0.0,0.0,33.19000022,29.977308,3.21269222
F00_y33.19_Vol455.9_Am550_rho10.575,0.0,33.19,455.9,550.0,10.575,3.7062197829922776,13.736065079843327,0.0,0.0,33.19000023,29.97902979,3.21097044
F00_y33.19_Vol455.9_Am550_rho10.616,0.0,33.19,455.9,550.0,10.616,3.7062197829922776,13.736065079843327,0.0,0.0,33.19000023,29.98073377,3.20926646
F00_y33.19_Vol514.7_Am450_rho10.493,0.0,33.19,514.7,450.0,10.493,3.9379795628036667,15.507683037059358,0.0,0.0,33.19000016,30.28589525,2.90410491
F00_y33.19_Vol514.7_Am450_rho10.534,0.0,33.19,514.7,450.0,10.534,3.9379795628036667,15.507683037059358,0.0,0.0,33.19000016,30.28739048,2.90260968
F00_y33.19_Vol514.7_Am450_rho10.575,0.0,33.19,514.7,450.0,10.575,3.9379795628036667,15.507683037059358,0.0,0.0,33.19000016,30.28888738,2.90111278
F00_y33.19_Vol514.7_Am450_rho10.616,0.0,33.19,514.7,450.0,10.616,3.9379795628036667,15.507683037059358,0.0,0.0,33.19000016,30.29033714,2.89966302
F00_y33.19_Vol514.7_Am500_rho10.493,0.0,33.19,514.7,500.0,10.493,3.9379795628036667,15.507683037059358,0.0,0.0,33.19000016,30.28354111,2.90645904
F00_y33.19_Vol514.7_Am500_rho10.534,0.0,33.19,514.7,500.0,10.534,3.9379795628036667,15.507683037059358,0.0,0.0,33.19000016,30.28495494,2.90504522
F00_y33.19_Vol514.7_Am500_rho10.575,0.0,33.19,514.7,500.0,10.575,3.9379795628036667,15.507683037059358,0.0,0.0,33.19000016,30.28638772,2.90361244
F00_y33.19_Vol514.7_Am500_rho10.616,0.0,33.19,514.7,500.0,10.616,3.9379795628036667,15.507683037059358,0.0,0.0,33.19000016,30.28781172,2.90218844
F00_y33.19_Vol514.7_Am550_rho10.493,0.0,33.19,514.7,550.0,10.493,3.9379795628036667,15.507683037059358,0.0,0.0,33.19000016,30.28147266,2.9085275
F00_y33.19_Vol514.7_Am550_rho10.534,0.0,33.19,514.7,550.0,10.534,3.9379795628036667,15.507683037059358,0.0,0.0,33.19000016,30.2828243,2.90717586
F00_y33.19_Vol514.7_Am550_rho10.575,0.0,33.19,514.7,550.0,10.575,3.9379795628036667,15.507683037059358,0.0,0.0,33.19000016,30.2842248,2.90577536
F00_y33.19_Vol514.7_Am550_rho10.616,0.0,33.19,514.7,550.0,10.616,3.9379795628036667,15.507683037059358,0.0,0.0,33.19000016,30.2855973,2.90440286
F00_y33.19_Vol573.5_Am450_rho10.493,0.0,33.19,573.5,450.0,10.493,4.156837859993505,17.279300994275385,0.0,0.0,33.19000011,30.53638161,2.6536185
F00_y33.19_Vol573.5_Am450_rho10.534,0.0,33.19,573.5,450.0,10.534,4.156837859993505,17.279300994275385,0.0,0.0,33.19000011,30.53755011,2.65245
F00_y33.19_Vol573.5_Am450_rho10.575,0.0,33.19,573.5,450.0,10.575,4.156837859993505,17.279300994275385,0.0,0.0,33.19000011,30.5387478,2.65125231
F00_y33.19_Vol573.5_Am450_rho10.616,0.0,33.19,573.5,450.0,10.616,4.156837859993505,17.279300994275385,0.0,0.0,33.19000011,30.53992092,2.65007919
F00_y33.19_Vol573.5_Am500_rho10.493,0.0,33.19,573.5,500.0,10.493,4.156837859993505,17.279300994275385,0.0,0.0,33.19000011,30.53531412,2.65468599
F00_y33.19_Vol573.5_Am500_rho10.534,0.0,33.19,573.5,500.0,10.534,4.156837859993505,17.279300994275385,0.0,0.0,33.19000011,30.53648733,2.65351278
F00_y33.19_Vol573.5_Am500_rho10.575,0.0,33.19,573.5,500.0,10.575,4.156837859993505,17.279300994275385,0.0,0.0,33.19000011,30.53764742,2.65235269
F00_y33.19_Vol573.5_Am500_rho10.616,0.0,33.19,573.5,500.0,10.616,4.156837859993505,17.279300994275385,0.0,0.0,33.19000011,30.53881431,2.6511858
F00_y33.19_Vol573.5_Am550_rho10.493,0.0,33.19,573.5,550.0,10.493,4.156837859993505,17.279300994275385,0.0,0.0,33.19000011,30.53453598,2.65546413
F00_y33.19_Vol573.5_Am550_rho10.534,0.0,33.19,573.5,550.0,10.534,4.156837859993505,17.279300994275385,0.0,0.0,33.19000011,30.53566055,2.65433956
F00_y33.19_Vol573.5_Am550_rho10.575,0.0,33.19,573.5,550.0,10.575,4.156837859993505,17.279300994275385,0.0,0.0,33.19000011,30.53682556,2.65317455
F00_y33.19_Vol573.5_Am550_rho10.616,0.0,33.19,573.5,550.0,10.616,4.156837859993505,17.279300994275385,0.0,0.0,33.19000011,30.53798839,2.65201172
F00_y33.19_Vol632.3_Am450_rho10.493,0.0,33.19,632.3,450.0,10.493,4.364735839829417,19.05091895149141,0.0,0.0,33.19000008,30.74586007,2.44414
F00_y33.19_Vol632.3_Am450_rho10.534,0.0,33.19,632.3,450.0,10.534,4.364735839829417,19.05091895149141,0.0,0.0,33.19000008,30.74681811,2.44318197
F00_y33.19_Vol632.3_Am450_rho10.575,0.0,33.19,632.3,450.0,10.575,4.364735839829417,19.05091895149141,0.0,0.0,33.19000008,30.74779443,2.44220565
F00_y33.19_Vol632.3_Am450_rho10.616,0.0,33.19,632.3,450.0,10.616,4.364735839829417,19.05091895149141,0.0,0.0,33.19000008,30.74874205,2.44125802
F00_y33.19_Vol632.3_Am500_rho10.493,0.0,33.19,632.3,500.0,10.493,4.364735839829417,19.05091895149141,0.0,0.0,33.19000007,30.74608086,2.44391922
F00_y33.19_Vol632.3_Am500_rho10.534,0.0,33.19,632.3,500.0,10.534,4.364735839829417,19.05091895149141,0.0,0.0,33.19000008,30.74706536,2.44293471
F00_y33.19_Vol632.3_Am500_rho10.575,0.0,33.19,632.3,500.0,10.575,4.364735839829417,19.05091895149141,0.0,0.0,33.19000008,30.74811098,2.4418891
F00_y33.19_Vol632.3_Am500_rho10.616,0.0,33.19,632.3,500.0,10.616,4.364735839829417,19.05091895149141,0.0,0.0,33.19000008,30.74910146,2.44089862
F00_y33.19_Vol632.3_Am550_rho10.493,0.0,33.19,632.3,550.0,10.493,4.364735839829417,19.05091895149141,0.0,0.0,33.19000007,30.74644826,2.44355182
F00_y33.19_Vol632.3_Am550_rho10.534,0.0,33.19,632.3,550.0,10.534,4.364735839829417,19.05091895149141,0.0,0.0,33.19000008,30.7473807,2.44261938
F00_y33.19_Vol632.3_Am550_rho10.575,0.0,33.19,632.3,550.0,10.575,4.364735839829417,19.05091895149141,0.0,0.0,33.19000008,30.74833577,2.44166431
F00_y33.19_Vol632.3_Am550_rho10.616,0.0,33.19,632.3,550.0,10.616,4.364735839829417,19.05091895149141,0.0,0.0,33.19000008,30.74928335,2.44071673
F00_y33.19_Vol691.2_Am450_rho10.493,0.0,33.19,691.2,450.0,10.493,4.563501929923663,20.825549864416995,0.0,0.0,33.19000005,30.92271872,2.26728134
F00_y33.19_Vol691.2_Am450_rho10.534,0.0,33.19,691.2,450.0,10.534,4.563501929923663,20.825549864416995,0.0,0.0,33.19000005,30.92352403,2.26647603
F00_y33.19_Vol691.2_Am450_rho10.575,0.0,33.19,691.2,450.0,10.575,4.563501929923663,20.825549864416995,0.0,0.0,33.19000005,30.92437989,2.26562017
F00_y33.19_Vol691.2_Am450_rho10.616,0.0,33.19,691.2,450.0,10.616,4.563501929923663,20.825549864416995,0.0,0.0,33.19000005,30.9252196,2.26478045
F00_y33.19_Vol691.2_Am500_rho10.493,0.0,33.19,691.2,500.0,10.493,4.563501929923663,20.825549864416995,0.0,0.0,33.19000005,30.92366594,2.26633412
F00_y33.19_Vol691.2_Am500_rho10.534,0.0,33.19,691.2,500.0,10.534,4.563501929923663,20.825549864416995,0.0,0.0,33.19000005,30.9244688,2.26553125
F00_y33.19_Vol691.2_Am500_rho10.575,0.0,33.19,691.2,500.0,10.575,4.563501929923663,20.825549864416995,0.0,0.0,33.19000005,30.92530169,2.26469836
F00_y33.19_Vol691.2_Am500_rho10.616,0.0,33.19,691.2,500.0,10.616,4.563501929923663,20.825549864416995,0.0,0.0,33.19000005,30.92608366,2.2639164
F00_y33.19_Vol691.2_Am550_rho10.493,0.0,33.19,691.2,550.0,10.493,4.563501929923663,20.825549864416995,0.0,0.0,33.19000005,30.92457859,2.26542147
F00_y33.19_Vol691.2_Am550_rho10.534,0.0,33.19,691.2,550.0,10.534,4.563501929923663,20.825549864416995,0.0,0.0,33.19000005,30.92538436,2.2646157
F00_y33.19_Vol691.2_Am550_rho10.575,0.0,33.19,691.2,550.0,10.575,4.563501929923663,20.825549864416995,0.0,0.0,33.19000005,30.92618174,2.26381832
F00_y33.19_Vol691.2_Am550_rho10.616,0.0,33.19,691.2,550.0,10.616,4.563501929923663,20.825549864416995,0.0,0.0,33.19000005,30.92688918,2.26311088
F00_y33.19_Vol738.0_Am450_rho10.493,0.0,33.19,738.0,450.0,10.493,4.715465314948981,22.235613136486894,0.0,0.0,33.19000004,31.04300985,2.14699019
F00_y33.19_Vol738.0_Am450_rho10.534,0.0,33.19,738.0,450.0,10.534,4.715465314948981,22.235613136486894,0.0,0.0,33.19000004,31.04376026,2.14623978
F00_y33.19_Vol738.0_Am450_rho10.575,0.0,33.19,738.0,450.0,10.575,4.715465314948981,22.235613136486894,0.0,0.0,33.19000004,31.0444836,2.14551644
F00_y33.19_Vol738.0_Am450_rho10.616,0.0,33.19,738.0,450.0,10.616,4.715465314948981,22.235613136486894,0.0,0.0,33.19000004,31.04521677,2.14478327
F00_y33.19_Vol738.0_Am500_rho10.493,0.0,33.19,738.0,500.0,10.493,4.715465314948981,22.235613136486894,0.0,0.0,33.19000004,31.04419791,2.14580213
F00_y33.19_Vol738.0_Am500_rho10.534,0.0,33.19,738.0,500.0,10.534,4.715465314948981,22.235613136486894,0.0,0.0,33.19000004,31.04485027,2.14514977
F00_y33.19_Vol738.0_Am500_rho10.575,0.0,33.19,738.0,500.0,10.575,4.715465314948981,22.235613136486894,0.0,0.0,33.19000004,31.04558116,2.14441888
F00_y33.19_Vol738.0_Am500_rho10.616,0.0,33.19,738.0,500.0,10.616,4.715465314948981,22.235613136486894,0.0,0.0,33.19000004,31.04627007,2.14372997
F00_y33.19_Vol738.0_Am550_rho10.493,0.0,33.19,738.0,550.0,10.493,4.715465314948981,22.235613136486894,0.0,0.0,33.19000004,31.0451899,2.14481014
F00_y33.19_Vol738.0_Am550_rho10.534,0.0,33.19,738.0,550.0,10.534,4.715465314948981,22.235613136486894,0.0,0.0,33.19000004,31.04582853,2.14417151
F00_y33.19_Vol738.0_Am550_rho10.575,0.0,33.19,738.0,550.0,10.575,4.715465314948981,22.235613136486894,0.0,0.0,33.19000004,31.04647403,2.14352601
F00_y33.19_Vol738.0_Am550_rho10.616,0.0,33.19,738.0,550.0,10.616,4.715465314948981,22.235613136486894,0.0,0.0,33.19000004,31.04712433,2.14287571
F00_y33.69_Vol421.6_Am450_rho10.493,0.0,33.69,421.6,450.0,10.493,3.537527263387584,12.51409913921045,0.0,0.0,33.69000033,30.13716465,3.55283568
F00_y33.69_Vol421.6_Am450_rho10.534,0.0,33.69,421.6,450.0,10.534,3.537527263387584,12.51409913921045,0.0,0.0,33.69000034,30.14230344,3.5476969
F00_y33.69_Vol421.6_Am450_rho10.575,0.0,33.69,421.6,450.0,10.575,3.537527263387584,12.51409913921045,0.0,0.0,33.69000034,30.14757678,3.54242356
F00_y33.69_Vol421.6_Am450_rho10.616,0.0,33.69,421.6,450.0,10.616,3.537527263387584,12.51409913921045,0.0,0.0,33.69000034,30.15298493,3.53701542
F00_y33.69_Vol421.6_Am500_rho10.493,0.0,33.69,421.6,500.0,10.493,3.537527263387584,12.51409913921045,0.0,0.0,33.69000033,30.14340809,3.54659223
F00_y33.69_Vol421.6_Am500_rho10.534,0.0,33.69,421.6,500.0,10.534,3.537527263387584,12.51409913921045,0.0,0.0,33.69000033,30.14898943,3.5410109
F00_y33.69_Vol421.6_Am500_rho10.575,0.0,33.69,421.6,500.0,10.575,3.537527263387584,12.51409913921045,0.0,0.0,33.69000033,30.15460432,3.53539602
F00_y33.69_Vol421.6_Am500_rho10.616,0.0,33.69,421.6,500.0,10.616,3.537527263387584,12.51409913921045,0.0,0.0,33.69000034,30.16034029,3.52966005
F00_y33.69_Vol421.6_Am550_rho10.493,0.0,33.69,421.6,550.0,10.493,3.537527263387584,12.51409913921045,0.0,0.0,33.69000032,30.14982266,3.54017767
F00_y33.69_Vol421.6_Am550_rho10.534,0.0,33.69,421.6,550.0,10.534,3.537527263387584,12.51409913921045,0.0,0.0,33.69000033,30.15563161,3.53436872
F00_y33.69_Vol421.6_Am550_rho10.575,0.0,33.69,421.6,550.0,10.575,3.537527263387584,12.51409913921045,0.0,0.0,33.69000033,30.16151092,3.52848941
F00_y33.69_Vol421.6_Am550_rho10.616,0.0,33.69,421.6,550.0,10.616,3.537527263387584,12.51409913921045,0.0,0.0,33.69000033,30.16753639,3.52246394
F00_y33.69_Vol455.9_Am450_rho10.493,0.0,33.69,455.9,450.0,10.493,3.6786146036512846,13.532205402196498,0.0,0.0,33.69000027,30.33925427,3.350746
F00_y33.69_Vol455.9_Am450_rho10.534,0.0,33.69,455.9,450.0,10.534,3.6786146036512846,13.532205402196498,0.0,0.0,33.69000027,30.34129138,3.34870889
F00_y33.69_Vol455.9_Am450_rho10.575,0.0,33.69,455.9,450.0,10.575,3.6786146036512846,13.532205402196498,0.0,0.0,33.69000027,30.34334067,3.3466596
F00_y33.69_Vol455.9_Am450_rho10.616,0.0,33.69,455.9,450.0,10.616,3.6786146036512846,13.532205402196498,0.0,0.0,33.69000028,30.345363,3.34463727
F00_y33.69_Vol455.9_Am500_rho10.493,0.0,33.69,455.9,500.0,10.493,3.6786146036512846,13.532205402196498,0.0,0.0,33.69000027,30.33775811,3.35224216
F00_y33.69_Vol455.9_Am500_rho10.534,0.0,33.69,455.9,500.0,10.534,3.6786146036512846,13.532205402196498,0.0,0.0,33.69000027,30.33978677,3.3502135
F00_y33.69_Vol455.9_Am500_rho10.575,0.0,33.69,455.9,500.0,10.575,3.6786146036512846,13.532205402196498,0.0,0.0,33.69000027,30.34184944,3.34815083
F00_y33.69_Vol455.9_Am500_rho10.616,0.0,33.69,455.9,500.0,10.616,3.6786146036512846,13.532205402196498,0.0,0.0,33.69000027,30.3439136,3.34608667
F00_y33.69_Vol455.9_Am550_rho10.493,0.0,33.69,455.9,550.0,10.493,3.6786146036512846,13.532205402196498,0.0,0.0,33.69000027,30.33637041,3.35362986
F00_y33.69_Vol455.9_Am550_rho10.534,0.0,33.69,455.9,550.0,10.534,3.6786146036512846,13.532205402196498,0.0,0.0,33.69000027,30.33851971,3.35148056
F00_y33.69_Vol455.9_Am550_rho10.575,0.0,33.69,455.9,550.0,10.575,3.6786146036512846,13.532205402196498,0.0,0.0,33.69000027,30.34089064,3.34910963
F00_y33.69_Vol455.9_Am550_rho10.616,0.0,33.69,455.9,550.0,10.616,3.6786146036512846,13.532205402196498,0.0,0.0,33.69000027,30.34344041,3.34655986
F00_y33.69_Vol514.7_Am450_rho10.493,0.0,33.69,514.7,450.0,10.493,3.908648158181841,15.277530424458298,0.0,0.0,33.69000019,30.6562822,3.03371799
F00_y33.69_Vol514.7_Am450_rho10.534,0.0,33.69,514.7,450.0,10.534,3.908648158181841,15.277530424458298,0.0,0.0,33.69000019,30.65790607,3.03209413
F00_y33.69_Vol514.7_Am450_rho10.575,0.0,33.69,514.7,450.0,10.575,3.908648158181841,15.277530424458298,0.0,0.0,33.6900002,30.65953275,3.03046745
F00_y33.69_Vol514.7_Am450_rho10.616,0.0,33.69,514.7,450.0,10.616,3.908648158181841,15.277530424458298,0.0,0.0,33.6900002,30.66113102,3.02886918
F00_y33.69_Vol514.7_Am500_rho10.493,0.0,33.69,514.7,500.0,10.493,3.908648158181841,15.277530424458298,0.0,0.0,33.69000019,30.65586099,3.0341392
F00_y33.69_Vol514.7_Am500_rho10.534,0.0,33.69,514.7,500.0,10.534,3.908648158181841,15.277530424458298,0.0,0.0,33.69000019,30.65740633,3.03259387
F00_y33.69_Vol514.7_Am500_rho10.575,0.0,33.69,514.7,500.0,10.575,3.908648158181841,15.277530424458298,0.0,0.0,33.69000019,30.65900979,3.03099041
F00_y33.69_Vol514.7_Am500_rho10.616,0.0,33.69,514.7,500.0,10.616,3.908648158181841,15.277530424458298,0.0,0.0,33.6900002,30.66057399,3.02942621
F00_y33.69_Vol514.7_Am550_rho10.493,0.0,33.69,514.7,550.0,10.493,3.908648158181841,15.277530424458298,0.0,0.0,33.69000019,30.65537027,3.03462991
F00_y33.69_Vol514.7_Am550_rho10.534,0.0,33.69,514.7,550.0,10.534,3.908648158181841,15.277530424458298,0.0,0.0,33.69000019,30.65694188,3.03305831
F00_y33.69_Vol514.7_Am550_rho10.575,0.0,33.69,514.7,550.0,10.575,3.908648158181841,15.277530424458298,0.0,0.0,33.69000019,33.17869866,0.51130153
F00_y33.69_Vol514.7_Am550_rho10.616,0.0,33.69,514.7,550.0,10.616,3.908648158181841,15.277530424458298,0.0,0.0,33.6900002,30.65995285,3.03004735
F00_y33.69_Vol573.5_Am450_rho10.493,0.0,33.69,573.5,450.0,10.493,4.125876324700014,17.022855446720097,0.0,0.0,33.69000014,30.916177,2.77382313
F00_y33.69_Vol573.5_Am450_rho10.534,0.0,33.69,573.5,450.0,10.534,4.125876324700014,17.022855446720097,0.0,0.0,33.69000014,30.91749706,2.77250307
F00_y33.69_Vol573.5_Am450_rho10.575,0.0,33.69,573.5,450.0,10.575,4.125876324700014,17.022855446720097,0.0,0.0,33.69000014,30.91882976,2.77117038
F00_y33.69_Vol573.5_Am450_rho10.616,0.0,33.69,573.5,450.0,10.616,4.125876324700014,17.022855446720097,0.0,0.0,33.69000014,30.92012865,2.76987149
F00_y33.69_Vol573.5_Am500_rho10.493,0.0,33.69,573.5,500.0,10.493,4.125876324700014,17.022855446720097,0.0,0.0,33.69000013,30.91649853,2.7735016
F00_y33.69_Vol573.5_Am500_rho10.534,0.0,33.69,573.5,500.0,10.534,4.125876324700014,17.022855446720097,0.0,0.0,33.69000014,30.91778139,2.77221875
F00_y33.69_Vol573.5_Am500_rho10.575,0.0,33.69,573.5,500.0,10.575,4.125876324700014,17.022855446720097,0.0,0.0,33.69000014,30.91903147,2.77096867
F00_y33.69_Vol573.5_Am500_rho10.616,0.0,33.69,573.5,500.0,10.616,4.125876324700014,17.022855446720097,0.0,0.0,33.69000014,30.92031984,2.7696803
F00_y33.69_Vol573.5_Am550_rho10.493,0.0,33.69,573.5,550.0,10.493,4.125876324700014,17.022855446720097,0.0,0.0,33.69000013,30.91709692,2.77290321
F00_y33.69_Vol573.5_Am550_rho10.534,0.0,33.69,573.5,550.0,10.534,4.125876324700014,17.022855446720097,0.0,0.0,33.69000013,30.91833948,2.77166065
F00_y33.69_Vol573.5_Am550_rho10.575,0.0,33.69,573.5,550.0,10.575,4.125876324700014,17.022855446720097,0.0,0.0,33.69000014,30.91953313,2.77046701
F00_y33.69_Vol573.5_Am550_rho10.616,0.0,33.69,573.5,550.0,10.616,4.125876324700014,17.022855446720097,0.0,0.0,33.69000014,30.92073465,2.76926548
F00_y33.69_Vol632.3_Am450_rho10.493,0.0,33.69,632.3,450.0,10.493,4.332225810017513,18.768180468981893,0.0,0.0,33.69000009,31.13509405,2.55490604
F00_y33.69_Vol632.3_Am450_rho10.534,0.0,33.69,632.3,450.0,10.534,4.332225810017513,18.768180468981893,0.0,0.0,33.69000009,31.13615758,2.55384251
F00_y33.69_Vol632.3_Am450_rho10.575,0.0,33.69,632.3,450.0,10.575,4.332225810017513,18.768180468981893,0.0,0.0,33.69000009,31.13724192,2.55275818
F00_y33.69_Vol632.3_Am450_rho10.616,0.0,33.69,632.3,450.0,10.616,4.332225810017513,18.768180468981893,0.0,0.0,33.69000009,31.13834482,2.55165527
F00_y33.69_Vol632.3_Am500_rho10.493,0.0,33.69,632.3,500.0,10.493,4.332225810017513,18.768180468981893,0.0,0.0,33.69000009,31.13630493,2.55369516
F00_y33.69_Vol632.3_Am500_rho10.534,0.0,33.69,632.3,500.0,10.534,4.332225810017513,18.768180468981893,0.0,0.0,33.69000009,31.13733636,2.55266373
F00_y33.69_Vol632.3_Am500_rho10.575,0.0,33.69,632.3,500.0,10.575,4.332225810017513,18.768180468981893,0.0,0.0,33.69000009,31.13835295,2.55164715
F00_y33.69_Vol632.3_Am500_rho10.616,0.0,33.69,632.3,500.0,10.616,4.332225810017513,18.768180468981893,0.0,0.0,33.69000009,31.13939448,2.55060561
F00_y33.69_Vol632.3_Am550_rho10.493,0.0,33.69,632.3,550.0,10.493,4.332225810017513,18.768180468981893,0.0,0.0,33.69000009,31.13756604,2.55243405
F00_y33.69_Vol632.3_Am550_rho10.534,0.0,33.69,632.3,550.0,10.534,4.332225810017513,18.768180468981893,0.0,0.0,33.69000009,31.1385864,2.55141369
F00_y33.69_Vol632.3_Am550_rho10.575,0.0,33.69,632.3,550.0,10.575,4.332225810017513,18.768180468981893,0.0,0.0,33.69000009,31.1396481,2.55035199
F00_y33.69_Vol632.3_Am550_rho10.616,0.0,33.69,632.3,550.0,10.616,4.332225810017513,18.768180468981893,0.0,0.0,33.69000009,31.14069584,2.54930425
F00_y33.69_Vol691.2_Am450_rho10.493,0.0,33.69,691.2,450.0,10.493,4.529511422998895,20.516473731077475,0.0,0.0,33.69000006,31.32063952,2.36936054
F00_y33.69_Vol691.2_Am450_rho10.534,0.0,33.69,691.2,450.0,10.534,4.529511422998895,20.516473731077475,0.0,0.0,33.69000006,31.32152977,2.36847029
F00_y33.69_Vol691.2_Am450_rho10.575,0.0,33.69,691.2,450.0,10.575,4.529511422998895,20.516473731077475,0.0,0.0,33.69000006,31.32244394,2.36755613
F00_y33.69_Vol691.2_Am450_rho10.616,0.0,33.69,691.2,450.0,10.616,4.529511422998895,20.516473731077475,0.0,0.0,33.69000007,31.32336468,2.36663539
F00_y33.69_Vol691.2_Am500_rho10.493,0.0,33.69,691.2,500.0,10.493,4.529511422998895,20.516473731077475,0.0,0.0,33.69000006,31.32289157,2.3671085
F00_y33.69_Vol691.2_Am500_rho10.534,0.0,33.69,691.2,500.0,10.534,4.529511422998895,20.516473731077475,0.0,0.0,33.69000006,31.32379496,2.3662051
F00_y33.69_Vol691.2_Am500_rho10.575,0.0,33.69,691.2,500.0,10.575,4.529511422998895,20.516473731077475,0.0,0.0,33.69000006,31.32468945,2.36531061
F00_y33.69_Vol691.2_Am500_rho10.616,0.0,33.69,691.2,500.0,10.616,4.529511422998895,20.516473731077475,0.0,0.0,33.69000007,31.3255946,2.36440546
F00_y33.69_Vol691.2_Am550_rho10.493,0.0,33.69,691.2,550.0,10.493,4.529511422998895,20.516473731077475,0.0,0.0,33.69000006,31.32494228,2.36505778
F00_y33.69_Vol691.2_Am550_rho10.534,0.0,33.69,691.2,550.0,10.534,4.529511422998895,20.516473731077475,0.0,0.0,33.69000006,31.32580037,2.36419969
F00_y33.69_Vol691.2_Am550_rho10.575,0.0,33.69,691.2,550.0,10.575,4.529511422998895,20.516473731077475,0.0,0.0,33.69000006,31.32663171,2.36336835
F00_y33.69_Vol691.2_Am550_rho10.616,0.0,33.69,691.2,550.0,10.616,4.529511422998895,20.516473731077475,0.0,0.0,33.69000006,31.32747273,2.36252733
F00_y33.69_Vol738.0_Am450_rho10.493,0.0,33.69,738.0,450.0,10.493,4.680342933299422,21.90560997328584,0.0,0.0,33.69000005,31.44797668,2.24202336
F00_y33.69_Vol738.0_Am450_rho10.534,0.0,33.69,738.0,450.0,10.534,4.680342933299422,21.90560997328584,0.0,0.0,33.69000005,31.44876599,2.24123406
F00_y33.69_Vol738.0_Am450_rho10.575,0.0,33.69,738.0,450.0,10.575,4.680342933299422,21.90560997328584,0.0,0.0,33.69000005,31.4495964,2.24040365
F00_y33.69_Vol738.0_Am450_rho10.616,0.0,33.69,738.0,450.0,10.616,4.680342933299422,21.90560997328584,0.0,0.0,33.69000005,31.45040655,2.23959349
F00_y33.69_Vol738.0_Am500_rho10.493,0.0,33.69,738.0,500.0,10.493,4.680342933299422,21.90560997328584,0.0,0.0,33.69000005,31.45063192,2.23936812
F00_y33.69_Vol738.0_Am500_rho10.534,0.0,33.69,738.0,500.0,10.534,4.680342933299422,21.90560997328584,0.0,0.0,33.69000005,31.45141225,2.23858779
F00_y33.69_Vol738.0_Am500_rho10.575,0.0,33.69,738.0,500.0,10.575,4.680342933299422,21.90560997328584,0.0,0.0,33.69000005,31.4521766,2.23782345
F00_y33.69_Vol738.0_Am500_rho10.616,0.0,33.69,738.0,500.0,10.616,4.680342933299422,21.90560997328584,0.0,0.0,33.69000005,31.45294717,2.23705287
F00_y33.69_Vol738.0_Am550_rho10.493,0.0,33.69,738.0,550.0,10.493,4.680342933299422,21.90560997328584,0.0,0.0,33.69000004,31.45301732,2.23698273
F00_y33.69_Vol738.0_Am550_rho10.534,0.0,33.69,738.0,550.0,10.534,4.680342933299422,21.90560997328584,0.0,0.0,33.69000005,31.4537894,2.23621064
F00_y33.69_Vol738.0_Am550_rho10.575,0.0,33.69,738.0,550.0,10.575,4.680342933299422,21.90560997328584,0.0,0.0,33.69000005,31.4545127,2.23548735
F00_y33.69_Vol738.0_Am550_rho10.616,0.0,33.69,738.0,550.0,10.616,4.680342933299422,21.90560997328584,0.0,0.0,33.69000005,31.45522799,2.23477206
F00_y34.19_Vol421.6_Am450_rho10.493,0.0,34.19,421.6,450.0,10.493,3.5115653151080175,12.331090962269672,0.0,0.0,34.1900004,30.57501953,3.61498088
F00_y34.19_Vol421.6_Am450_rho10.534,0.0,34.19,421.6,450.0,10.534,3.5115653151080175,12.331090962269672,0.0,0.0,34.19000041,30.58305796,3.60694246
F00_y34.19_Vol421.6_Am450_rho10.575,0.0,34.19,421.6,450.0,10.575,3.5115653151080175,12.331090962269672,0.0,0.0,34.19000042,30.59115122,3.59884919
F00_y34.19_Vol421.6_Am450_rho10.616,0.0,34.19,421.6,450.0,10.616,3.5115653151080175,12.331090962269672,0.0,0.0,34.19000042,30.59930397,3.59069645
F00_y34.19_Vol421.6_Am500_rho10.493,0.0,34.19,421.6,500.0,10.493,3.5115653151080175,12.331090962269672,0.0,0.0,34.1900004,30.59038261,3.59961779
F00_y34.19_Vol421.6_Am500_rho10.534,0.0,34.19,421.6,500.0,10.534,3.5115653151080175,12.331090962269672,0.0,0.0,34.1900004,30.59857321,3.59142719
F00_y34.19_Vol421.6_Am500_rho10.575,0.0,34.19,421.6,500.0,10.575,3.5115653151080175,12.331090962269672,0.0,0.0,34.19000041,30.60681123,3.58318918
F00_y34.19_Vol421.6_Am500_rho10.616,0.0,34.19,421.6,500.0,10.616,3.5115653151080175,12.331090962269672,0.0,0.0,34.19000041,30.61504839,3.57495202
F00_y34.19_Vol421.6_Am550_rho10.493,0.0,34.19,421.6,550.0,10.493,3.5115653151080175,12.331090962269672,0.0,0.0,34.1900004,30.60515595,3.58484444
F00_y34.19_Vol421.6_Am550_rho10.534,0.0,34.19,421.6,550.0,10.534,3.5115653151080175,12.331090962269672,0.0,0.0,34.1900004,30.61346636,3.57653404
F00_y34.19_Vol421.6_Am550_rho10.575,0.0,34.19,421.6,550.0,10.575,3.5115653151080175,12.331090962269672,0.0,0.0,34.19000041,30.62181344,3.56818697
F00_y34.19_Vol421.6_Am550_rho10.616,0.0,34.19,421.6,550.0,10.616,3.5115653151080175,12.331090962269672,0.0,0.0,34.19000041,30.6300835,3.55991691
F00_y34.19_Vol455.9_Am450_rho10.493,0.0,34.19,455.9,450.0,10.493,3.651617213957955,13.334308277274056,0.0,0.0,34.19000033,30.71292042,3.4770799
F00_y34.19_Vol455.9_Am450_rho10.534,0.0,34.19,455.9,450.0,10.534,3.651617213957955,13.334308277274056,0.0,0.0,34.19000033,30.71829648,3.47170386
F00_y34.19_Vol455.9_Am450_rho10.575,0.0,34.19,455.9,450.0,10.575,3.651617213957955,13.334308277274056,0.0,0.0,34.19000033,30.72389314,3.4661072
F00_y34.19_Vol455.9_Am450_rho10.616,0.0,34.19,455.9,450.0,10.616,3.651617213957955,13.334308277274056,0.0,0.0,34.19000034,30.72958952,3.46041082
F00_y34.19_Vol455.9_Am500_rho10.493,0.0,34.19,455.9,500.0,10.493,3.651617213957955,13.334308277274056,0.0,0.0,34.19000033,30.72172772,3.4682726
F00_y34.19_Vol455.9_Am500_rho10.534,0.0,34.19,455.9,500.0,10.534,3.651617213957955,13.334308277274056,0.0,0.0,34.19000033,30.72752825,3.46247208
F00_y34.19_Vol455.9_Am500_rho10.575,0.0,34.19,455.9,500.0,10.575,3.651617213957955,13.334308277274056,0.0,0.0,34.19000033,30.73339308,3.45660725
F00_y34.19_Vol455.9_Am500_rho10.616,0.0,34.19,455.9,500.0,10.616,3.651617213957955,13.334308277274056,0.0,0.0,34.19000033,30.739291,3.45070933
F00_y34.19_Vol455.9_Am550_rho10.493,0.0,34.19,455.9,550.0,10.493,3.651617213957955,13.334308277274056,0.0,0.0,34.19000032,30.73108636,3.45891396
F00_y34.19_Vol455.9_Am550_rho10.534,0.0,34.19,455.9,550.0,10.534,3.651617213957955,13.334308277274056,0.0,0.0,34.19000033,30.73718936,3.45281096
F00_y34.19_Vol455.9_Am550_rho10.575,0.0,34.19,455.9,550.0,10.575,3.651617213957955,13.334308277274056,0.0,0.0,34.19000033,30.74323718,3.44676315
F00_y34.19_Vol455.9_Am550_rho10.616,0.0,34.19,455.9,550.0,10.616,3.651617213957955,13.334308277274056,0.0,0.0,34.19000033,30.74944379,3.44055655
F00_y34.19_Vol514.7_Am450_rho10.493,0.0,34.19,514.7,450.0,10.493,3.8799625499107786,15.05410938871015,0.0,0.0,34.19000023,31.01494871,3.17505152
F00_y34.19_Vol514.7_Am450_rho10.534,0.0,34.19,514.7,450.0,10.534,3.8799625499107786,15.05410938871015,0.0,0.0,34.19000023,31.01673923,3.17326101
F00_y34.19_Vol514.7_Am450_rho10.575,0.0,34.19,514.7,450.0,10.575,3.8799625499107786,15.05410938871015,0.0,0.0,34.19000023,31.01847209,3.17152814
F00_y34.19_Vol514.7_Am450_rho10.616,0.0,34.19,514.7,450.0,10.616,3.8799625499107786,15.05410938871015,0.0,0.0,34.19000024,31.02030234,3.1696979
F00_y34.19_Vol514.7_Am500_rho10.493,0.0,34.19,514.7,500.0,10.493,3.8799625499107786,15.05410938871015,0.0,0.0,34.19000023,31.01543121,3.17456902
F00_y34.19_Vol514.7_Am500_rho10.534,0.0,34.19,514.7,500.0,10.534,3.8799625499107786,15.05410938871015,0.0,0.0,34.19000023,31.01718283,3.1728174
F00_y34.19_Vol514.7_Am500_rho10.575,0.0,34.19,514.7,500.0,10.575,3.8799625499107786,15.05410938871015,0.0,0.0,34.19000023,31.01890988,3.17109036
F00_y34.19_Vol514.7_Am500_rho10.616,0.0,34.19,514.7,500.0,10.616,3.8799625499107786,15.05410938871015,0.0,0.0,34.19000023,31.02068306,3.16931717
F00_y34.19_Vol514.7_Am550_rho10.493,0.0,34.19,514.7,550.0,10.493,3.8799625499107786,15.05410938871015,0.0,0.0,34.19000023,31.01616472,3.17383551
F00_y34.19_Vol514.7_Am550_rho10.534,0.0,34.19,514.7,550.0,10.534,3.8799625499107786,15.05410938871015,0.0,0.0,34.19000023,31.01786929,3.17213094
F00_y34.19_Vol514.7_Am550_rho10.575,0.0,34.19,514.7,550.0,10.575,3.8799625499107786,15.05410938871015,0.0,0.0,34.19000023,31.01963937,3.17036086
F00_y34.19_Vol514.7_Am550_rho10.616,0.0,34.19,514.7,550.0,10.616,3.8799625499107786,15.05410938871015,0.0,0.0,34.19000023,31.02132843,3.1686718
F00_y34.19_Vol573.5_Am450_rho10.493,0.0,34.19,573.5,450.0,10.493,4.095596476723048,16.773910500146243,0.0,0.0,34.19000017,31.28484539,2.90515478
F00_y34.19_Vol573.5_Am450_rho10.534,0.0,34.19,573.5,450.0,10.534,4.095596476723048,16.773910500146243,0.0,0.0,34.19000017,31.28632045,2.90367972
F00_y34.19_Vol573.5_Am450_rho10.575,0.0,34.19,573.5,450.0,10.575,4.095596476723048,16.773910500146243,0.0,0.0,34.19000017,31.28782731,2.90217286
F00_y34.19_Vol573.5_Am450_rho10.616,0.0,34.19,573.5,450.0,10.616,4.095596476723048,16.773910500146243,0.0,0.0,34.19000017,31.28934642,2.90065376
F00_y34.19_Vol573.5_Am500_rho10.493,0.0,34.19,573.5,500.0,10.493,4.095596476723048,16.773910500146243,0.0,0.0,34.19000016,31.2860241,2.90397607
F00_y34.19_Vol573.5_Am500_rho10.534,0.0,34.19,573.5,500.0,10.534,4.095596476723048,16.773910500146243,0.0,0.0,34.19000017,31.28744825,2.90255191
F00_y34.19_Vol573.5_Am500_rho10.575,0.0,34.19,573.5,500.0,10.575,4.095596476723048,16.773910500146243,0.0,0.0,34.19000017,31.28884767,2.9011525
F00_y34.19_Vol573.5_Am500_rho10.616,0.0,34.19,573.5,500.0,10.616,4.095596476723048,16.773910500146243,0.0,0.0,34.19000017,31.29026393,2.89973624
F00_y34.19_Vol573.5_Am550_rho10.493,0.0,34.19,573.5,550.0,10.493,4.095596476723048,16.773910500146243,0.0,0.0,34.19000016,31.28753552,2.90246465
F00_y34.19_Vol573.5_Am550_rho10.534,0.0,34.19,573.5,550.0,10.534,4.095596476723048,16.773910500146243,0.0,0.0,34.19000017,31.28895512,2.90104504
F00_y34.19_Vol573.5_Am550_rho10.575,0.0,34.19,573.5,550.0,10.575,4.095596476723048,16.773910500146243,0.0,0.0,34.19000017,31.29027359,2.89972658
F00_y34.19_Vol573.5_Am550_rho10.616,0.0,34.19,573.5,550.0,10.616,4.095596476723048,16.773910500146243,0.0,0.0,34.19000017,31.29166846,2.89833171
F00_y34.19_Vol632.3_Am450_rho10.493,0.0,34.19,632.3,450.0,10.493,4.30043156108574,18.493711611582334,0.0,0.0,34.19000011,31.51259632,2.67740379
F00_y34.19_Vol632.3_Am450_rho10.534,0.0,34.19,632.3,450.0,10.534,4.30043156108574,18.493711611582334,0.0,0.0,34.19000012,31.51381132,2.6761888
F00_y34.19_Vol632.3_Am450_rho10.575,0.0,34.19,632.3,450.0,10.575,4.30043156108574,18.493711611582334,0.0,0.0,34.19000012,31.51502056,2.67497956
F00_y34.19_Vol632.3_Am450_rho10.616,0.0,34.19,632.3,450.0,10.616,4.30043156108574,18.493711611582334,0.0,0.0,34.19000012,31.51627854,2.67372158
F00_y34.19_Vol632.3_Am500_rho10.493,0.0,34.19,632.3,500.0,10.493,4.30043156108574,18.493711611582334,0.0,0.0,34.19000011,31.51458807,2.67541204
F00_y34.19_Vol632.3_Am500_rho10.534,0.0,34.19,632.3,500.0,10.534,4.30043156108574,18.493711611582334,0.0,0.0,34.19000012,31.51574969,2.67425042
F00_y34.19_Vol632.3_Am500_rho10.575,0.0,34.19,632.3,500.0,10.575,4.30043156108574,18.493711611582334,0.0,0.0,34.19000012,31.51694819,2.67305192
F00_y34.19_Vol632.3_Am500_rho10.616,0.0,34.19,632.3,500.0,10.616,4.30043156108574,18.493711611582334,0.0,0.0,34.19000012,31.51817584,2.67182427
F00_y34.19_Vol632.3_Am550_rho10.493,0.0,34.19,632.3,550.0,10.493,4.30043156108574,18.493711611582334,0.0,0.0,34.19000011,31.51651715,2.67348297
F00_y34.19_Vol632.3_Am550_rho10.534,0.0,34.19,632.3,550.0,10.534,4.30043156108574,18.493711611582334,0.0,0.0,34.19000011,31.51769835,2.67230176
F00_y34.19_Vol632.3_Am550_rho10.575,0.0,34.19,632.3,550.0,10.575,4.30043156108574,18.493711611582334,0.0,0.0,34.19000012,31.51887148,2.67112864
F00_y34.19_Vol632.3_Am550_rho10.616,0.0,34.19,632.3,550.0,10.616,4.30043156108574,18.493711611582334,0.0,0.0,34.19000012,31.51999604,2.67000407
F00_y34.19_Vol691.2_Am450_rho10.493,0.0,34.19,691.2,450.0,10.493,4.496269292962845,20.2164375548406,0.0,0.0,34.19000008,31.70728792,2.48271216
F00_y34.19_Vol691.2_Am450_rho10.534,0.0,34.19,691.2,450.0,10.534,4.496269292962845,20.2164375548406,0.0,0.0,34.19000008,31.70831618,2.4816839
F00_y34.19_Vol691.2_Am450_rho10.575,0.0,34.19,691.2,450.0,10.575,4.496269292962845,20.2164375548406,0.0,0.0,34.19000008,31.70932929,2.48067079
F00_y34.19_Vol691.2_Am450_rho10.616,0.0,34.19,691.2,450.0,10.616,4.496269292962845,20.2164375548406,0.0,0.0,34.19000008,31.71038152,2.47961855
F00_y34.19_Vol691.2_Am500_rho10.493,0.0,34.19,691.2,500.0,10.493,4.496269292962845,20.2164375548406,0.0,0.0,34.19000007,31.70995368,2.48004639
F00_y34.19_Vol691.2_Am500_rho10.534,0.0,34.19,691.2,500.0,10.534,4.496269292962845,20.2164375548406,0.0,0.0,34.19000008,31.7109694,2.47903068
F00_y34.19_Vol691.2_Am500_rho10.575,0.0,34.19,691.2,500.0,10.575,4.496269292962845,20.2164375548406,0.0,0.0,34.19000008,31.71202881,2.47797127
F00_y34.19_Vol691.2_Am500_rho10.616,0.0,34.19,691.2,500.0,10.616,4.496269292962845,20.2164375548406,0.0,0.0,34.19000008,31.71302077,2.47697931
F00_y34.19_Vol691.2_Am550_rho10.493,0.0,34.19,691.2,550.0,10.493,4.496269292962845,20.2164375548406,0.0,0.0,34.19000007,31.7126229,2.47737717
F00_y34.19_Vol691.2_Am550_rho10.534,0.0,34.19,691.2,550.0,10.534,4.496269292962845,20.2164375548406,0.0,0.0,34.19000008,31.71359943,2.47640065
F00_y34.19_Vol691.2_Am550_rho10.575,0.0,34.19,691.2,550.0,10.575,4.496269292962845,20.2164375548406,0.0,0.0,34.19000008,31.71458638,2.4754137
F00_y34.19_Vol691.2_Am550_rho10.616,0.0,34.19,691.2,550.0,10.616,4.496269292962845,20.2164375548406,0.0,0.0,34.19000008,31.71552698,2.4744731
F00_y34.19_Vol738.0_Am450_rho10.493,0.0,34.19,738.0,450.0,10.493,4.6459938492873905,21.585258847616263,0.0,0.0,34.19000006,31.84160164,2.34839842
F00_y34.19_Vol738.0_Am450_rho10.534,0.0,34.19,738.0,450.0,10.534,4.6459938492873905,21.585258847616263,0.0,0.0,34.19000006,31.84253662,2.34746344
F00_y34.19_Vol738.0_Am450_rho10.575,0.0,34.19,738.0,450.0,10.575,4.6459938492873905,21.585258847616263,0.0,0.0,34.19000006,31.84346473,2.34653533
F00_y34.19_Vol738.0_Am450_rho10.616,0.0,34.19,738.0,450.0,10.616,4.6459938492873905,21.585258847616263,0.0,0.0,34.19000006,31.84439473,2.34560533
F00_y34.19_Vol738.0_Am500_rho10.493,0.0,34.19,738.0,500.0,10.493,4.6459938492873905,21.585258847616263,0.0,0.0,34.19000006,31.84489984,2.34510021
F00_y34.19_Vol738.0_Am500_rho10.534,0.0,34.19,738.0,500.0,10.534,4.6459938492873905,21.585258847616263,0.0,0.0,34.19000006,31.84581107,2.34418898
F00_y34.19_Vol738.0_Am500_rho10.575,0.0,34.19,738.0,500.0,10.575,4.6459938492873905,21.585258847616263,0.0,0.0,34.19000006,31.84669119,2.34330887
F00_y34.19_Vol738.0_Am500_rho10.616,0.0,34.19,738.0,500.0,10.616,4.6459938492873905,21.585258847616263,0.0,0.0,34.19000006,31.84756175,2.34243831
F00_y34.19_Vol738.0_Am550_rho10.493,0.0,34.19,738.0,550.0,10.493,4.6459938492873905,21.585258847616263,0.0,0.0,34.19000006,31.8479884,2.34201165
F00_y34.19_Vol738.0_Am550_rho10.534,0.0,34.19,738.0,550.0,10.534,4.6459938492873905,21.585258847616263,0.0,0.0,34.19000006,31.84886038,2.34113967
F00_y34.19_Vol738.0_Am550_rho10.575,0.0,34.19,738.0,550.0,10.575,4.6459938492873905,21.585258847616263,0.0,0.0,34.19000006,31.849734,2.34026606
F00_y34.19_Vol738.0_Am550_rho10.616,0.0,34.19,738.0,550.0,10.616,4.6459938492873905,21.585258847616263,0.0,0.0,34.19000006,31.85059927,2.33940079
F00_y34.97_Vol421.6_Am450_rho10.493,0.0,34.97,421.6,450.0,10.493,3.4721820288081315,12.056048041178153,0.0,0.0,34.97000053,31.32479354,3.64520699
F00_y34.97_Vol421.6_Am450_rho10.534,0.0,34.97,421.6,450.0,10.534,3.4721820288081315,12.056048041178153,0.0,0.0,34.97000053,31.33416899,3.63583154
F00_y34.97_Vol421.6_Am450_rho10.575,0.0,34.97,421.6,450.0,10.575,3.4721820288081315,12.056048041178153,0.0,0.0,34.97000054,31.34344919,3.62655135
F00_y34.97_Vol421.6_Am450_rho10.616,0.0,34.97,421.6,450.0,10.616,3.4721820288081315,12.056048041178153,0.0,0.0,34.97000055,31.35267945,3.6173211
F00_y34.97_Vol421.6_Am500_rho10.493,0.0,34.97,421.6,500.0,10.493,3.4721820288081315,12.056048041178153,0.0,0.0,34.97000052,31.34541255,3.62458797
F00_y34.97_Vol421.6_Am500_rho10.534,0.0,34.97,421.6,500.0,10.534,3.4721820288081315,12.056048041178153,0.0,0.0,34.97000052,31.35477683,3.61522369
F00_y34.97_Vol421.6_Am500_rho10.575,0.0,34.97,421.6,500.0,10.575,3.4721820288081315,12.056048041178153,0.0,0.0,34.97000053,31.36409199,3.60590854
F00_y34.97_Vol421.6_Am500_rho10.616,0.0,34.97,421.6,500.0,10.616,3.4721820288081315,12.056048041178153,0.0,0.0,34.97000054,31.37323851,3.59676203
F00_y34.97_Vol421.6_Am550_rho10.493,0.0,34.97,421.6,550.0,10.493,3.4721820288081315,12.056048041178153,0.0,0.0,34.97000051,31.36458652,3.60541399
F00_y34.97_Vol421.6_Am550_rho10.534,0.0,34.97,421.6,550.0,10.534,3.4721820288081315,12.056048041178153,0.0,0.0,34.97000052,31.37388516,3.59611536
F00_y34.97_Vol421.6_Am550_rho10.575,0.0,34.97,421.6,550.0,10.575,3.4721820288081315,12.056048041178153,0.0,0.0,34.97000053,31.38308565,3.58691488
F00_y34.97_Vol421.6_Am550_rho10.616,0.0,34.97,421.6,550.0,10.616,3.4721820288081315,12.056048041178153,0.0,0.0,34.97000053,31.39224097,3.57775956
F00_y34.97_Vol455.9_Am450_rho10.493,0.0,34.97,455.9,450.0,10.493,3.610663202487297,13.036888761795824,0.0,0.0,34.97000045,31.41735494,3.55264552
F00_y34.97_Vol455.9_Am450_rho10.534,0.0,34.97,455.9,450.0,10.534,3.610663202487297,13.036888761795824,0.0,0.0,34.97000045,31.42630453,3.54369592
F00_y34.97_Vol455.9_Am450_rho10.575,0.0,34.97,455.9,450.0,10.575,3.610663202487297,13.036888761795824,0.0,0.0,34.97000046,31.43529586,3.5347046
F00_y34.97_Vol455.9_Am450_rho10.616,0.0,34.97,455.9,450.0,10.616,3.610663202487297,13.036888761795824,0.0,0.0,34.97000046,31.44418196,3.5258185
F00_y34.97_Vol455.9_Am500_rho10.493,0.0,34.97,455.9,500.0,10.493,3.610663202487297,13.036888761795824,0.0,0.0,34.97000045,31.43676989,3.53323056
F00_y34.97_Vol455.9_Am500_rho10.534,0.0,34.97,455.9,500.0,10.534,3.610663202487297,13.036888761795824,0.0,0.0,34.97000045,31.44573372,3.52426673
F00_y34.97_Vol455.9_Am500_rho10.575,0.0,34.97,455.9,500.0,10.575,3.610663202487297,13.036888761795824,0.0,0.0,34.97000045,31.45471802,3.51528243
F00_y34.97_Vol455.9_Am500_rho10.616,0.0,34.97,455.9,500.0,10.616,3.610663202487297,13.036888761795824,0.0,0.0,34.97000046,31.46373039,3.50627007
F00_y34.97_Vol455.9_Am550_rho10.493,0.0,34.97,455.9,550.0,10.493,3.610663202487297,13.036888761795824,0.0,0.0,34.97000044,31.45526416,3.51473629
F00_y34.97_Vol455.9_Am550_rho10.534,0.0,34.97,455.9,550.0,10.534,3.610663202487297,13.036888761795824,0.0,0.0,34.97000045,31.46429571,3.50570473
F00_y34.97_Vol455.9_Am550_rho10.575,0.0,34.97,455.9,550.0,10.575,3.610663202487297,13.036888761795824,0.0,0.0,34.97000045,31.47329499,3.49670546
F00_y34.97_Vol455.9_Am550_rho10.616,0.0,34.97,455.9,550.0,10.616,3.610663202487297,13.036888761795824,0.0,0.0,34.97000045,31.48234662,3.48765383
F00_y34.97_Vol514.7_Am450_rho10.493,0.0,34.97,514.7,450.0,10.493,3.8364475751846796,14.718329997140408,0.0,0.0,34.97000031,31.59865147,3.37134885
F00_y34.97_Vol514.7_Am450_rho10.534,0.0,34.97,514.7,450.0,10.534,3.8364475751846796,14.718329997140408,0.0,0.0,34.97000032,31.60435342,3.3656469
F00_y34.97_Vol514.7_Am450_rho10.575,0.0,34.97,514.7,450.0,10.575,3.8364475751846796,14.718329997140408,0.0,0.0,34.97000032,31.61016971,3.35983062
F00_y34.97_Vol514.7_Am450_rho10.616,0.0,34.97,514.7,450.0,10.616,3.8364475751846796,14.718329997140408,0.0,0.0,34.97000033,31.61611792,3.3538824
F00_y34.97_Vol514.7_Am500_rho10.493,0.0,34.97,514.7,500.0,10.493,3.8364475751846796,14.718329997140408,0.0,0.0,34.97000031,31.61026354,3.35973677
F00_y34.97_Vol514.7_Am500_rho10.534,0.0,34.97,514.7,500.0,10.534,3.8364475751846796,14.718329997140408,0.0,0.0,34.97000031,31.61634091,3.3536594
F00_y34.97_Vol514.7_Am500_rho10.575,0.0,34.97,514.7,500.0,10.575,3.8364475751846796,14.718329997140408,0.0,0.0,34.97000032,31.62256345,3.34743686
F00_y34.97_Vol514.7_Am500_rho10.616,0.0,34.97,514.7,500.0,10.616,3.8364475751846796,14.718329997140408,0.0,0.0,34.97000032,31.62880986,3.34119046
F00_y34.97_Vol514.7_Am550_rho10.493,0.0,34.97,514.7,550.0,10.493,3.8364475751846796,14.718329997140408,0.0,0.0,34.97000031,31.62243769,3.34756262
F00_y34.97_Vol514.7_Am550_rho10.534,0.0,34.97,514.7,550.0,10.534,3.8364475751846796,14.718329997140408,0.0,0.0,34.97000031,31.62881211,3.3411882
F00_y34.97_Vol514.7_Am550_rho10.575,0.0,34.97,514.7,550.0,10.575,3.8364475751846796,14.718329997140408,0.0,0.0,34.97000032,31.63528542,3.3347149
F00_y34.97_Vol514.7_Am550_rho10.616,0.0,34.97,514.7,550.0,10.616,3.8364475751846796,14.718329997140408,0.0,0.0,34.97000032,31.64173561,3.32826471
F00_y34.97_Vol573.5_Am450_rho10.493,0.0,34.97,573.5,450.0,10.493,4.049663101109151,16.399771232484987,0.0,0.0,34.97000023,31.84945596,3.12054427
F00_y34.97_Vol573.5_Am450_rho10.534,0.0,34.97,573.5,450.0,10.534,4.049663101109151,16.399771232484987,0.0,0.0,34.97000024,31.85132671,3.11867353
F00_y34.97_Vol573.5_Am450_rho10.575,0.0,34.97,573.5,450.0,10.575,4.049663101109151,16.399771232484987,0.0,0.0,34.97000024,31.85308814,3.1169121
F00_y34.97_Vol573.5_Am450_rho10.616,0.0,34.97,573.5,450.0,10.616,4.049663101109151,16.399771232484987,0.0,0.0,34.97000024,31.8548428,3.11515744
F00_y34.97_Vol573.5_Am500_rho10.493,0.0,34.97,573.5,500.0,10.493,4.049663101109151,16.399771232484987,0.0,0.0,34.97000023,31.85162372,3.11837651
F00_y34.97_Vol573.5_Am500_rho10.534,0.0,34.97,573.5,500.0,10.534,4.049663101109151,16.399771232484987,0.0,0.0,34.97000023,31.85332731,3.11667292
F00_y34.97_Vol573.5_Am500_rho10.575,0.0,34.97,573.5,500.0,10.575,4.049663101109151,16.399771232484987,0.0,0.0,34.97000024,31.85500493,3.11499531
F00_y34.97_Vol573.5_Am500_rho10.616,0.0,34.97,573.5,500.0,10.616,4.049663101109151,16.399771232484987,0.0,0.0,34.97000024,31.85672204,3.1132782
F00_y34.97_Vol573.5_Am550_rho10.493,0.0,34.97,573.5,550.0,10.493,4.049663101109151,16.399771232484987,0.0,0.0,34.97000023,31.8538587,3.11614153
F00_y34.97_Vol573.5_Am550_rho10.534,0.0,34.97,573.5,550.0,10.534,4.049663101109151,16.399771232484987,0.0,0.0,34.97000023,31.85549606,3.11450418
F00_y34.97_Vol573.5_Am550_rho10.575,0.0,34.97,573.5,550.0,10.575,4.049663101109151,16.399771232484987,0.0,0.0,34.97000024,31.85719641,3.11280383
F00_y34.97_Vol573.5_Am550_rho10.616,0.0,34.97,573.5,550.0,10.616,4.049663101109151,16.399771232484987,0.0,0.0,34.97000024,31.85909724,3.110903
F00_y34.97_Vol632.3_Am450_rho10.493,0.0,34.97,632.3,450.0,10.493,4.252200896927327,18.081212467829566,0.0,0.0,34.97000016,32.09072391,2.87927626
F00_y34.97_Vol632.3_Am450_rho10.534,0.0,34.97,632.3,450.0,10.534,4.252200896927327,18.081212467829566,0.0,0.0,34.97000016,32.09216586,2.87783431
F00_y34.97_Vol632.3_Am450_rho10.575,0.0,34.97,632.3,450.0,10.575,4.252200896927327,18.081212467829566,0.0,0.0,34.97000017,32.09370199,2.87629818
F00_y34.97_Vol632.3_Am450_rho10.616,0.0,34.97,632.3,450.0,10.616,4.252200896927327,18.081212467829566,0.0,0.0,34.97000017,32.09521289,2.87478728
F00_y34.97_Vol632.3_Am500_rho10.493,0.0,34.97,632.3,500.0,10.493,4.252200896927327,18.081212467829566,0.0,0.0,34.97000016,32.09329423,2.87670594
F00_y34.97_Vol632.3_Am500_rho10.534,0.0,34.97,632.3,500.0,10.534,4.252200896927327,18.081212467829566,0.0,0.0,34.97000016,32.09478406,2.87521611
F00_y34.97_Vol632.3_Am500_rho10.575,0.0,34.97,632.3,500.0,10.575,4.252200896927327,18.081212467829566,0.0,0.0,34.97000017,32.09614833,2.87385183
F00_y34.97_Vol632.3_Am500_rho10.616,0.0,34.97,632.3,500.0,10.616,4.252200896927327,18.081212467829566,0.0,0.0,34.97000017,32.09755189,2.87244828
F00_y34.97_Vol632.3_Am550_rho10.493,0.0,34.97,632.3,550.0,10.493,4.252200896927327,18.081212467829566,0.0,0.0,34.97000016,32.0960837,2.87391646
F00_y34.97_Vol632.3_Am550_rho10.534,0.0,34.97,632.3,550.0,10.534,4.252200896927327,18.081212467829566,0.0,0.0,34.97000016,32.09747945,2.87252071
F00_y34.97_Vol632.3_Am550_rho10.575,0.0,34.97,632.3,550.0,10.575,4.252200896927327,18.081212467829566,0.0,0.0,34.97000016,32.09880806,2.87119211
F00_y34.97_Vol632.3_Am550_rho10.616,0.0,34.97,632.3,550.0,10.616,4.252200896927327,18.081212467829566,0.0,0.0,34.97000017,32.10018133,2.86981883
F00_y34.97_Vol691.2_Am450_rho10.493,0.0,34.97,691.2,450.0,10.493,4.445842248338532,19.765513297111813,0.0,0.0,34.97000011,32.298399,2.67160112
F00_y34.97_Vol691.2_Am450_rho10.534,0.0,34.97,691.2,450.0,10.534,4.445842248338532,19.765513297111813,0.0,0.0,34.97000011,32.29967424,2.67032587
F00_y34.97_Vol691.2_Am450_rho10.575,0.0,34.97,691.2,450.0,10.575,4.445842248338532,19.765513297111813,0.0,0.0,34.97000012,32.30102352,2.6689766
F00_y34.97_Vol691.2_Am450_rho10.616,0.0,34.97,691.2,450.0,10.616,4.445842248338532,19.765513297111813,0.0,0.0,34.97000012,32.32450967,2.64549045
F00_y34.97_Vol691.2_Am500_rho10.493,0.0,34.97,691.2,500.0,10.493,4.445842248338532,19.765513297111813,0.0,0.0,34.97000011,32.30141175,2.66858836
F00_y34.97_Vol691.2_Am500_rho10.534,0.0,34.97,691.2,500.0,10.534,4.445842248338532,19.765513297111813,0.0,0.0,34.97000011,32.30258012,2.66742
F00_y34.97_Vol691.2_Am500_rho10.575,0.0,34.97,691.2,500.0,10.575,4.445842248338532,19.765513297111813,0.0,0.0,34.97000012,32.30378361,2.66621651
F00_y34.97_Vol691.2_Am500_rho10.616,0.0,34.97,691.2,500.0,10.616,4.445842248338532,19.765513297111813,0.0,0.0,34.97000012,32.30504057,2.66495955
F00_y34.97_Vol691.2_Am550_rho10.493,0.0,34.97,691.2,550.0,10.493,4.445842248338532,19.765513297111813,0.0,0.0,34.97000011,32.30455536,2.66544475
F00_y34.97_Vol691.2_Am550_rho10.534,0.0,34.97,691.2,550.0,10.534,4.445842248338532,19.765513297111813,0.0,0.0,34.97000011,32.30564079,2.66435932
F00_y34.97_Vol691.2_Am550_rho10.575,0.0,34.97,691.2,550.0,10.575,4.445842248338532,19.765513297111813,0.0,0.0,34.97000012,32.30681865,2.66318147
F00_y34.97_Vol691.2_Am550_rho10.616,0.0,34.97,691.2,550.0,10.616,4.445842248338532,19.765513297111813,0.0,0.0,34.97000012,32.30796633,2.66203379
F00_y34.97_Vol738.0_Am450_rho10.493,0.0,34.97,738.0,450.0,10.493,4.593887597660296,21.103803259937088,0.0,0.0,34.97000008,32.44290403,2.52709605
F00_y34.97_Vol738.0_Am450_rho10.534,0.0,34.97,738.0,450.0,10.534,4.593887597660296,21.103803259937088,0.0,0.0,34.97000008,32.44401309,2.52598699
F00_y34.97_Vol738.0_Am450_rho10.575,0.0,34.97,738.0,450.0,10.575,4.593887597660296,21.103803259937088,0.0,0.0,34.97000008,32.44514307,2.52485702
F00_y34.97_Vol738.0_Am450_rho10.616,0.0,34.97,738.0,450.0,10.616,4.593887597660296,21.103803259937088,0.0,0.0,34.97000008,32.44624213,2.52375796
F00_y34.97_Vol738.0_Am500_rho10.493,0.0,34.97,738.0,500.0,10.493,4.593887597660296,21.103803259937088,0.0,0.0,34.97000008,32.44639587,2.52360421
F00_y34.97_Vol738.0_Am500_rho10.534,0.0,34.97,738.0,500.0,10.534,4.593887597660296,21.103803259937088,0.0,0.0,34.97000008,33.06062751,1.90937257
F00_y34.97_Vol738.0_Am500_rho10.575,0.0,34.97,738.0,500.0,10.575,4.593887597660296,21.103803259937088,0.0,0.0,34.97000008,32.44857808,2.52142201
F00_y34.97_Vol738.0_Am500_rho10.616,0.0,34.97,738.0,500.0,10.616,4.593887597660296,21.103803259937088,0.0,0.0,34.97000008,32.44965902,2.52034106
F00_y34.97_Vol738.0_Am550_rho10.493,0.0,34.97,738.0,550.0,10.493,4.593887597660296,21.103803259937088,0.0,0.0,34.97000008,32.44983472,2.52016536
F00_y34.97_Vol738.0_Am550_rho10.534,0.0,34.97,738.0,550.0,10.534,4.593887597660296,21.103803259937088,0.0,0.0,34.97000008,32.45084546,2.51915462
F00_y34.97_Vol738.0_Am550_rho10.575,0.0,34.97,738.0,550.0,10.575,4.593887597660296,21.103803259937088,0.0,0.0,34.97000008,32.45188819,2.51811189
F00_y34.97_Vol738.0_Am550_rho10.616,0.0,34.97,738.0,550.0,10.616,4.593887597660296,21.103803259937088,0.0,0.0,34.97000008,32.4529684,2.51703168
F03_y32.69_Vol421.6_Am450_rho10.493,3.0,32.69,421.6,450.0,10.493,3.591226861414324,12.896910370143777,0.23261385199240983,2.804403774663997,33.41284446,29.8772015,3.53564295
F03_y32.69_Vol421.6_Am450_rho10.534,3.0,32.69,421.6,450.0,10.534,3.591226861414324,12.896910370143777,0.23261385199240983,2.804403774663997,33.41284446,29.87943089,3.53341357
F03_y32.69_Vol421.6_Am450_rho10.575,3.0,32.69,421.6,450.0,10.575,3.591226861414324,12.896910370143777,0.23261385199240983,2.804403774663997,33.41284446,29.88185888,3.53098558
F03_y32.69_Vol421.6_Am450_rho10.616,3.0,32.69,421.6,450.0,10.616,3.591226861414324,12.896910370143777,0.23261385199240983,2.804403774663997,33.41284446,29.88418825,3.52865621
F03_y32.69_Vol421.6_Am500_rho10.493,3.0,32.69,421.6,500.0,10.493,3.591226861414324,12.896910370143777,0.23261385199240983,2.804403774663997,33.41284445,29.8680133,3.54483116
F03_y32.69_Vol421.6_Am500_rho10.534,3.0,32.69,421.6,500.0,10.534,3.591226861414324,12.896910370143777,0.23261385199240983,2.804403774663997,33.41284446,29.87035089,3.54249356
F03_y32.69_Vol421.6_Am500_rho10.575,3.0,32.69,421.6,500.0,10.575,3.591226861414324,12.896910370143777,0.23261385199240983,2.804403774663997,33.41284446,29.8727547,3.54008976
F03_y32.69_Vol421.6_Am500_rho10.616,3.0,32.69,421.6,500.0,10.616,3.591226861414324,12.896910370143777,0.23261385199240983,2.804403774663997,33.41284446,29.87512545,3.53771901
F03_y32.69_Vol421.6_Am550_rho10.493,3.0,32.69,421.6,550.0,10.493,3.591226861414324,12.896910370143777,0.23261385199240983,2.804403774663997,33.41284445,29.85937941,3.55346504
F03_y32.69_Vol421.6_Am550_rho10.534,3.0,32.69,421.6,550.0,10.534,3.591226861414324,12.896910370143777,0.23261385199240983,2.804403774663997,33.41284445,29.86162234,3.55122212
F03_y32.69_Vol421.6_Am550_rho10.575,3.0,32.69,421.6,550.0,10.575,3.591226861414324,12.896910370143777,0.23261385199240983,2.804403774663997,33.41284446,29.86401103,3.54883342
F03_y32.69_Vol421.6_Am550_rho10.616,3.0,32.69,421.6,550.0,10.616,3.591226861414324,12.896910370143777,0.23261385199240983,2.804403774663997,33.41284446,29.86634869,3.54649576
F03_y32.69_Vol455.9_Am450_rho10.493,3.0,32.69,455.9,450.0,10.493,3.734455904877668,13.946160905475681,0.2151129633691599,2.593412220658788,33.35627384,30.05618485,3.30008899
F03_y32.69_Vol455.9_Am450_rho10.534,3.0,32.69,455.9,450.0,10.534,3.734455904877668,13.946160905475681,0.2151129633691599,2.593412220658788,33.35627384,30.05826772,3.29800612
F03_y32.69_Vol455.9_Am450_rho10.575,3.0,32.69,455.9,450.0,10.575,3.734455904877668,13.946160905475681,0.2151129633691599,2.593412220658788,33.35627384,32.72784671,0.62842714
F03_y32.69_Vol455.9_Am450_rho10.616,3.0,32.69,455.9,450.0,10.616,3.734455904877668,13.946160905475681,0.2151129633691599,2.593412220658788,33.35627384,30.06227479,3.29399906
F03_y32.69_Vol455.9_Am500_rho10.493,3.0,32.69,455.9,500.0,10.493,3.734455904877668,13.946160905475681,0.2151129633691599,2.593412220658788,33.35627383,30.0484906,3.30778323
F03_y32.69_Vol455.9_Am500_rho10.534,3.0,32.69,455.9,500.0,10.534,3.734455904877668,13.946160905475681,0.2151129633691599,2.593412220658788,33.35627384,30.05049327,3.30578056
F03_y32.69_Vol455.9_Am500_rho10.575,3.0,32.69,455.9,500.0,10.575,3.734455904877668,13.946160905475681,0.2151129633691599,2.593412220658788,33.35627384,30.0524578,3.30381604
F03_y32.69_Vol455.9_Am500_rho10.616,3.0,32.69,455.9,500.0,10.616,3.734455904877668,13.946160905475681,0.2151129633691599,2.593412220658788,33.35627384,30.05460581,3.30166803
F03_y32.69_Vol455.9_Am550_rho10.493,3.0,32.69,455.9,550.0,10.493,3.734455904877668,13.946160905475681,0.2151129633691599,2.593412220658788,33.35627383,30.04094128,3.31533255
F03_y32.69_Vol455.9_Am550_rho10.534,3.0,32.69,455.9,550.0,10.534,3.734455904877668,13.946160905475681,0.2151129633691599,2.593412220658788,33.35627383,30.04289362,3.31338022
F03_y32.69_Vol455.9_Am550_rho10.575,3.0,32.69,455.9,550.0,10.575,3.734455904877668,13.946160905475681,0.2151129633691599,2.593412220658788,33.35627384,30.04478828,3.31148556
F03_y32.69_Vol455.9_Am550_rho10.616,3.0,32.69,455.9,550.0,10.616,3.734455904877668,13.946160905475681,0.2151129633691599,2.593412220658788,33.35627384,30.04675602,3.30951782
F03_y32.69_Vol514.7_Am450_rho10.493,3.0,32.69,514.7,450.0,10.493,3.967981364485197,15.744876108901808,0.1905381775791723,2.2971374225730354,33.27746118,30.31076902,2.96669215
F03_y32.69_Vol514.7_Am450_rho10.534,3.0,32.69,514.7,450.0,10.534,3.967981364485197,15.744876108901808,0.1905381775791723,2.2971374225730354,33.27746118,30.31232541,2.96513577
F03_y32.69_Vol514.7_Am450_rho10.575,3.0,32.69,514.7,450.0,10.575,3.967981364485197,15.744876108901808,0.1905381775791723,2.2971374225730354,33.27746118,30.31388293,2.96357825
F03_y32.69_Vol514.7_Am450_rho10.616,3.0,32.69,514.7,450.0,10.616,3.967981364485197,15.744876108901808,0.1905381775791723,2.2971374225730354,33.27746119,30.31543725,2.96202393
F03_y32.69_Vol514.7_Am500_rho10.493,3.0,32.69,514.7,500.0,10.493,3.967981364485197,15.744876108901808,0.1905381775791723,2.2971374225730354,33.27746118,30.30477223,2.97268895
F03_y32.69_Vol514.7_Am500_rho10.534,3.0,32.69,514.7,500.0,10.534,3.967981364485197,15.744876108901808,0.1905381775791723,2.2971374225730354,33.27746118,30.30634477,2.97111641
F03_y32.69_Vol514.7_Am500_rho10.575,3.0,32.69,514.7,500.0,10.575,3.967981364485197,15.744876108901808,0.1905381775791723,2.2971374225730354,33.27746118,30.30802182,2.96943936
F03_y32.69_Vol514.7_Am500_rho10.616,3.0,32.69,514.7,500.0,10.616,3.967981364485197,15.744876108901808,0.1905381775791723,2.2971374225730354,33.27746118,30.30958522,2.96787596
F03_y32.69_Vol514.7_Am550_rho10.493,3.0,32.69,514.7,550.0,10.493,3.967981364485197,15.744876108901808,0.1905381775791723,2.2971374225730354,33.27746118,30.29965105,2.97781013
F03_y32.69_Vol514.7_Am550_rho10.534,3.0,32.69,514.7,550.0,10.534,3.967981364485197,15.744876108901808,0.1905381775791723,2.2971374225730354,33.27746118,30.30122669,2.97623449
F03_y32.69_Vol514.7_Am550_rho10.575,3.0,32.69,514.7,550.0,10.575,3.967981364485197,15.744876108901808,0.1905381775791723,2.2971374225730354,33.27746118,30.30278226,2.97467892
F03_y32.69_Vol514.7_Am550_rho10.616,3.0,32.69,514.7,550.0,10.616,3.967981364485197,15.744876108901808,0.1905381775791723,2.2971374225730354,33.27746118,30.3042279,2.97323329
F03_y32.69_Vol573.5_Am450_rho10.493,3.0,32.69,573.5,450.0,10.493,4.188507050528616,17.54359131232793,0.17100261551874454,2.061615747861101,33.2153236,30.51946361,2.69585999
F03_y32.69_Vol573.5_Am450_rho10.534,3.0,32.69,573.5,450.0,10.534,4.188507050528616,17.54359131232793,0.17100261551874454,2.061615747861101,33.21532361,30.52082257,2.69450103
F03_y32.69_Vol573.5_Am450_rho10.575,3.0,32.69,573.5,450.0,10.575,4.188507050528616,17.54359131232793,0.17100261551874454,2.061615747861101,33.21532361,30.52214345,2.69318016
F03_y32.69_Vol573.5_Am450_rho10.616,3.0,32.69,573.5,450.0,10.616,4.188507050528616,17.54359131232793,0.17100261551874454,2.061615747861101,33.21532361,30.52340331,2.6919203
F03_y32.69_Vol573.5_Am500_rho10.493,3.0,32.69,573.5,500.0,10.493,4.188507050528616,17.54359131232793,0.17100261551874454,2.061615747861101,33.2153236,30.51614306,2.69918054
F03_y32.69_Vol573.5_Am500_rho10.534,3.0,32.69,573.5,500.0,10.534,4.188507050528616,17.54359131232793,0.17100261551874454,2.061615747861101,33.2153236,30.51733988,2.69798373
F03_y32.69_Vol573.5_Am500_rho10.575,3.0,32.69,573.5,500.0,10.575,4.188507050528616,17.54359131232793,0.17100261551874454,2.061615747861101,33.21532361,30.51862717,2.69669644
F03_y32.69_Vol573.5_Am500_rho10.616,3.0,32.69,573.5,500.0,10.616,4.188507050528616,17.54359131232793,0.17100261551874454,2.061615747861101,33.21532361,30.51994315,2.69538046
F03_y32.69_Vol573.5_Am550_rho10.493,3.0,32.69,573.5,550.0,10.493,4.188507050528616,17.54359131232793,0.17100261551874454,2.061615747861101,33.2153236,30.51270507,2.70261854
F03_y32.69_Vol573.5_Am550_rho10.534,3.0,32.69,573.5,550.0,10.534,4.188507050528616,17.54359131232793,0.17100261551874454,2.061615747861101,33.2153236,30.51387504,2.70144857
F03_y32.69_Vol573.5_Am550_rho10.575,3.0,32.69,573.5,550.0,10.575,4.188507050528616,17.54359131232793,0.17100261551874454,2.061615747861101,33.21532361,30.51509919,2.70022441
F03_y32.69_Vol573.5_Am550_rho10.616,3.0,32.69,573.5,550.0,10.616,4.188507050528616,17.54359131232793,0.17100261551874454,2.061615747861101,33.21532361,30.51637363,2.69894998
F03_y32.69_Vol632.3_Am450_rho10.493,3.0,32.69,632.3,450.0,10.493,4.397988917193182,19.342306515754053,0.15510042701249407,1.8698981992698742,33.16507481,30.69366381,2.471411
F03_y32.69_Vol632.3_Am450_rho10.534,3.0,32.69,632.3,450.0,10.534,4.397988917193182,19.342306515754053,0.15510042701249407,1.8698981992698742,33.16507481,30.69463156,2.47044325
F03_y32.69_Vol632.3_Am450_rho10.575,3.0,32.69,632.3,450.0,10.575,4.397988917193182,19.342306515754053,0.15510042701249407,1.8698981992698742,33.16507481,30.69570701,2.4693678
F03_y32.69_Vol632.3_Am450_rho10.616,3.0,32.69,632.3,450.0,10.616,4.397988917193182,19.342306515754053,0.15510042701249407,1.8698981992698742,33.16507481,30.69677859,2.46829622
F03_y32.69_Vol632.3_Am500_rho10.493,3.0,32.69,632.3,500.0,10.493,4.397988917193182,19.342306515754053,0.15510042701249407,1.8698981992698742,33.16507481,30.69181634,2.47325846
F03_y32.69_Vol632.3_Am500_rho10.534,3.0,32.69,632.3,500.0,10.534,4.397988917193182,19.342306515754053,0.15510042701249407,1.8698981992698742,33.16507481,30.69283202,2.47224279
F03_y32.69_Vol632.3_Am500_rho10.575,3.0,32.69,632.3,500.0,10.575,4.397988917193182,19.342306515754053,0.15510042701249407,1.8698981992698742,33.16507481,30.69387811,2.4711967
F03_y32.69_Vol632.3_Am500_rho10.616,3.0,32.69,632.3,500.0,10.616,4.397988917193182,19.342306515754053,0.15510042701249407,1.8698981992698742,33.16507481,30.69487923,2.47019558
F03_y32.69_Vol632.3_Am550_rho10.493,3.0,32.69,632.3,550.0,10.493,4.397988917193182,19.342306515754053,0.15510042701249407,1.8698981992698742,33.16507481,30.68982693,2.47524787
F03_y32.69_Vol632.3_Am550_rho10.534,3.0,32.69,632.3,550.0,10.534,4.397988917193182,19.342306515754053,0.15510042701249407,1.8698981992698742,33.16507481,30.69086268,2.47421213
F03_y32.69_Vol632.3_Am550_rho10.575,3.0,32.69,632.3,550.0,10.575,4.397988917193182,19.342306515754053,0.15510042701249407,1.8698981992698742,33.16507481,30.69188293,2.47319188
F03_y32.69_Vol632.3_Am550_rho10.616,3.0,32.69,632.3,550.0,10.616,4.397988917193182,19.342306515754053,0.15510042701249407,1.8698981992698742,33.16507481,30.69291314,2.47216167
F03_y32.69_Vol691.2_Am450_rho10.493,3.0,32.69,691.2,450.0,10.493,4.598269322108242,21.14408075864179,0.14188368055555553,1.7105564690369521,33.12353574,30.83927836,2.28425738
F03_y32.69_Vol691.2_Am450_rho10.534,3.0,32.69,691.2,450.0,10.534,4.598269322108242,21.14408075864179,0.14188368055555553,1.7105564690369521,33.12353574,30.8401576,2.28337814
F03_y32.69_Vol691.2_Am450_rho10.575,3.0,32.69,691.2,450.0,10.575,4.598269322108242,21.14408075864179,0.14188368055555553,1.7105564690369521,33.12353574,30.84104027,2.28249547
F03_y32.69_Vol691.2_Am450_rho10.616,3.0,32.69,691.2,450.0,10.616,4.598269322108242,21.14408075864179,0.14188368055555553,1.7105564690369521,33.12353574,30.84192011,2.28161563
F03_y32.69_Vol691.2_Am500_rho10.493,3.0,32.69,691.2,500.0,10.493,4.598269322108242,21.14408075864179,0.14188368055555553,1.7105564690369521,33.12353574,30.83802642,2.28550932
F03_y32.69_Vol691.2_Am500_rho10.534,3.0,32.69,691.2,500.0,10.534,4.598269322108242,21.14408075864179,0.14188368055555553,1.7105564690369521,33.12353574,30.83892056,2.28461518
F03_y32.69_Vol691.2_Am500_rho10.575,3.0,32.69,691.2,500.0,10.575,4.598269322108242,21.14408075864179,0.14188368055555553,1.7105564690369521,33.12353574,30.83982967,2.28370607
F03_y32.69_Vol691.2_Am500_rho10.616,3.0,32.69,691.2,500.0,10.616,4.598269322108242,21.14408075864179,0.14188368055555553,1.7105564690369521,33.12353574,30.8406743,2.28286145
F03_y32.69_Vol691.2_Am550_rho10.493,3.0,32.69,691.2,550.0,10.493,4.598269322108242,21.14408075864179,0.14188368055555553,1.7105564690369521,33.12353574,30.83689941,2.28663633
F03_y32.69_Vol691.2_Am550_rho10.534,3.0,32.69,691.2,550.0,10.534,4.598269322108242,21.14408075864179,0.14188368055555553,1.7105564690369521,33.12353574,30.83776452,2.28577122
F03_y32.69_Vol691.2_Am550_rho10.575,3.0,32.69,691.2,550.0,10.575,4.598269322108242,21.14408075864179,0.14188368055555553,1.7105564690369521,33.12353574,30.83857317,2.28496257
F03_y32.69_Vol691.2_Am550_rho10.616,3.0,32.69,691.2,550.0,10.616,4.598269322108242,21.14408075864179,0.14188368055555553,1.7105564690369521,33.12353574,30.83936821,2.28416753
F03_y32.69_Vol738.0_Am450_rho10.493,3.0,32.69,738.0,450.0,10.493,4.751390451928238,22.575711226674827,0.1328861788617886,1.6020821563663161,33.09537309,30.93766616,2.15770693
F03_y32.69_Vol738.0_Am450_rho10.534,3.0,32.69,738.0,450.0,10.534,4.751390451928238,22.575711226674827,0.1328861788617886,1.6020821563663161,33.09537309,30.93843294,2.15694015
F03_y32.69_Vol738.0_Am450_rho10.575,3.0,32.69,738.0,450.0,10.575,4.751390451928238,22.575711226674827,0.1328861788617886,1.6020821563663161,33.09537309,30.93928006,2.15609303
F03_y32.69_Vol738.0_Am450_rho10.616,3.0,32.69,738.0,450.0,10.616,4.751390451928238,22.575711226674827,0.1328861788617886,1.6020821563663161,33.09537309,30.940076,2.15529709
F03_y32.69_Vol738.0_Am500_rho10.493,3.0,32.69,738.0,500.0,10.493,4.751390451928238,22.575711226674827,0.1328861788617886,1.6020821563663161,33.09537309,30.93649624,2.15887685
F03_y32.69_Vol738.0_Am500_rho10.534,3.0,32.69,738.0,500.0,10.534,4.751390451928238,22.575711226674827,0.1328861788617886,1.6020821563663161,33.09537309,30.93730882,2.15806427
F03_y32.69_Vol738.0_Am500_rho10.575,3.0,32.69,738.0,500.0,10.575,4.751390451928238,22.575711226674827,0.1328861788617886,1.6020821563663161,33.09537309,30.93806254,2.15731055
F03_y32.69_Vol738.0_Am500_rho10.616,3.0,32.69,738.0,500.0,10.616,4.751390451928238,22.575711226674827,0.1328861788617886,1.6020821563663161,33.09537309,30.93881502,2.15655807
F03_y32.69_Vol738.0_Am550_rho10.493,3.0,32.69,738.0,550.0,10.493,4.751390451928238,22.575711226674827,0.1328861788617886,1.6020821563663161,33.09537309,30.93555204,2.15982105
F03_y32.69_Vol738.0_Am550_rho10.534,3.0,32.69,738.0,550.0,10.534,4.751390451928238,22.575711226674827,0.1328861788617886,1.6020821563663161,33.09537309,30.93620999,2.1591631
F03_y32.69_Vol738.0_Am550_rho10.575,3.0,32.69,738.0,550.0,10.575,4.751390451928238,22.575711226674827,0.1328861788617886,1.6020821563663161,33.09537309,30.93691022,2.15846287
F03_y32.69_Vol738.0_Am550_rho10.616,3.0,32.69,738.0,550.0,10.616,4.751390451928238,22.575711226674827,0.1328861788617886,1.6020821563663161,33.09537309,30.93766788,2.15770522
F03_y33.19_Vol421.6_Am450_rho10.493,3.0,33.19,421.6,450.0,10.493,3.564073690521467,12.702621271467311,0.2361717267552182,2.84729768372891,33.9356235,30.30141035,3.63421315
F03_y33.19_Vol421.6_Am450_rho10.534,3.0,33.19,421.6,450.0,10.534,3.564073690521467,12.702621271467311,0.2361717267552182,2.84729768372891,33.9356235,30.30719186,3.62843164
F03_y33.19_Vol421.6_Am450_rho10.575,3.0,33.19,421.6,450.0,10.575,3.564073690521467,12.702621271467311,0.2361717267552182,2.84729768372891,33.9356235,30.31310632,3.62251718
F03_y33.19_Vol421.6_Am450_rho10.616,3.0,33.19,421.6,450.0,10.616,3.564073690521467,12.702621271467311,0.2361717267552182,2.84729768372891,33.93562351,30.31915133,3.61647218
F03_y33.19_Vol421.6_Am500_rho10.493,3.0,33.19,421.6,500.0,10.493,3.564073690521467,12.702621271467311,0.2361717267552182,2.84729768372891,33.93562349,30.30596431,3.62965918
F03_y33.19_Vol421.6_Am500_rho10.534,3.0,33.19,421.6,500.0,10.534,3.564073690521467,12.702621271467311,0.2361717267552182,2.84729768372891,33.9356235,30.31216525,3.62345825
F03_y33.19_Vol421.6_Am500_rho10.575,3.0,33.19,421.6,500.0,10.575,3.564073690521467,12.702621271467311,0.2361717267552182,2.84729768372891,33.9356235,30.31837609,3.61724741
F03_y33.19_Vol421.6_Am500_rho10.616,3.0,33.19,421.6,500.0,10.616,3.564073690521467,12.702621271467311,0.2361717267552182,2.84729768372891,33.9356235,30.32476942,3.61085409
F03_y33.19_Vol421.6_Am550_rho10.493,3.0,33.19,421.6,550.0,10.493,3.564073690521467,12.702621271467311,0.2361717267552182,2.84729768372891,33.93562349,30.31097648,3.62464701
F03_y33.19_Vol421.6_Am550_rho10.534,3.0,33.19,421.6,550.0,10.534,3.564073690521467,12.702621271467311,0.2361717267552182,2.84729768372891,33.93562349,30.31746341,3.61816009
F03_y33.19_Vol421.6_Am550_rho10.575,3.0,33.19,421.6,550.0,10.575,3.564073690521467,12.702621271467311,0.2361717267552182,2.84729768372891,33.9356235,30.32398692,3.61163657
F03_y33.19_Vol421.6_Am550_rho10.616,3.0,33.19,421.6,550.0,10.616,3.564073690521467,12.702621271467311,0.2361717267552182,2.84729768372891,33.9356235,30.33062583,3.60499767
F03_y33.19_Vol455.9_Am450_rho10.493,3.0,33.19,455.9,450.0,10.493,3.7062197829922776,13.736065079843327,0.21840315858740952,2.63307897227486,33.87723393,30.45476704,3.42246689
F03_y33.19_Vol455.9_Am450_rho10.534,3.0,33.19,455.9,450.0,10.534,3.7062197829922776,13.736065079843327,0.21840315858740952,2.63307897227486,33.87723393,30.45688109,3.42035285
F03_y33.19_Vol455.9_Am450_rho10.575,3.0,33.19,455.9,450.0,10.575,3.7062197829922776,13.736065079843327,0.21840315858740952,2.63307897227486,33.87723394,33.43015534,0.4470786
F03_y33.19_Vol455.9_Am450_rho10.616,3.0,33.19,455.9,450.0,10.616,3.7062197829922776,13.736065079843327,0.21840315858740952,2.63307897227486,33.87723394,30.46125944,3.4159745
F03_y33.19_Vol455.9_Am500_rho10.493,3.0,33.19,455.9,500.0,10.493,3.7062197829922776,13.736065079843327,0.21840315858740952,2.63307897227486,33.87723393,30.45031019,3.42692374
F03_y33.19_Vol455.9_Am500_rho10.534,3.0,33.19,455.9,500.0,10.534,3.7062197829922776,13.736065079843327,0.21840315858740952,2.63307897227486,33.87723393,30.45255499,3.42467894
F03_y33.19_Vol455.9_Am500_rho10.575,3.0,33.19,455.9,500.0,10.575,3.7062197829922776,13.736065079843327,0.21840315858740952,2.63307897227486,33.87723393,30.45489695,3.42233698
F03_y33.19_Vol455.9_Am500_rho10.616,3.0,33.19,455.9,500.0,10.616,3.7062197829922776,13.736065079843327,0.21840315858740952,2.63307897227486,33.87723394,30.45755838,3.41967555
F03_y33.19_Vol455.9_Am550_rho10.493,3.0,33.19,455.9,550.0,10.493,3.7062197829922776,13.736065079843327,0.21840315858740952,2.63307897227486,33.87723393,30.44629394,3.43093999
F03_y33.19_Vol455.9_Am550_rho10.534,3.0,33.19,455.9,550.0,10.534,3.7062197829922776,13.736065079843327,0.21840315858740952,2.63307897227486,33.87723393,30.44899519,3.42823874
F03_y33.19_Vol455.9_Am550_rho10.575,3.0,33.19,455.9,550.0,10.575,3.7062197829922776,13.736065079843327,0.21840315858740952,2.63307897227486,33.87723393,30.45186356,3.42537037
F03_y33.19_Vol455.9_Am550_rho10.616,3.0,33.19,455.9,550.0,10.616,3.7062197829922776,13.736065079843327,0.21840315858740952,2.63307897227486,33.87723393,30.45476667,3.42246727
F03_y33.19_Vol514.7_Am450_rho10.493,3.0,33.19,514.7,450.0,10.493,3.9379795628036667,15.507683037059358,0.1934524965999611,2.3322725926949843,33.7958977,30.71829231,3.07760539
F03_y33.19_Vol514.7_Am450_rho10.534,3.0,33.19,514.7,450.0,10.534,3.9379795628036667,15.507683037059358,0.1934524965999611,2.3322725926949843,33.7958977,30.71994789,3.07594981
F03_y33.19_Vol514.7_Am450_rho10.575,3.0,33.19,514.7,450.0,10.575,3.9379795628036667,15.507683037059358,0.1934524965999611,2.3322725926949843,33.7958977,30.72164595,3.07425175
F03_y33.19_Vol514.7_Am450_rho10.616,3.0,33.19,514.7,450.0,10.616,3.9379795628036667,15.507683037059358,0.1934524965999611,2.3322725926949843,33.79589771,30.72340939,3.07248831
F03_y33.19_Vol514.7_Am500_rho10.493,3.0,33.19,514.7,500.0,10.493,3.9379795628036667,15.507683037059358,0.1934524965999611,2.3322725926949843,33.79589769,30.71498043,3.08091727
F03_y33.19_Vol514.7_Am500_rho10.534,3.0,33.19,514.7,500.0,10.534,3.9379795628036667,15.507683037059358,0.1934524965999611,2.3322725926949843,33.7958977,30.71671438,3.07918332
F03_y33.19_Vol514.7_Am500_rho10.575,3.0,33.19,514.7,500.0,10.575,3.9379795628036667,15.507683037059358,0.1934524965999611,2.3322725926949843,33.7958977,30.71839187,3.07750583
F03_y33.19_Vol514.7_Am500_rho10.616,3.0,33.19,514.7,500.0,10.616,3.9379795628036667,15.507683037059358,0.1934524965999611,2.3322725926949843,33.7958977,30.7200568,3.0758409
F03_y33.19_Vol514.7_Am550_rho10.493,3.0,33.19,514.7,550.0,10.493,3.9379795628036667,15.507683037059358,0.1934524965999611,2.3322725926949843,33.79589769,30.71182113,3.08407656
F03_y33.19_Vol514.7_Am550_rho10.534,3.0,33.19,514.7,550.0,10.534,3.9379795628036667,15.507683037059358,0.1934524965999611,2.3322725926949843,33.7958977,30.71340335,3.08249435
F03_y33.19_Vol514.7_Am550_rho10.575,3.0,33.19,514.7,550.0,10.575,3.9379795628036667,15.507683037059358,0.1934524965999611,2.3322725926949843,33.7958977,30.715019,3.0808787
F03_y33.19_Vol514.7_Am550_rho10.616,3.0,33.19,514.7,550.0,10.616,3.9379795628036667,15.507683037059358,0.1934524965999611,2.3322725926949843,33.7958977,30.71665532,3.07924239
F03_y33.19_Vol573.5_Am450_rho10.493,3.0,33.19,573.5,450.0,10.493,4.156837859993505,17.279300994275385,0.17361813426329556,2.09314856749801,33.73177867,30.93353309,2.79824558
F03_y33.19_Vol573.5_Am450_rho10.534,3.0,33.19,573.5,450.0,10.534,4.156837859993505,17.279300994275385,0.17361813426329556,2.09314856749801,33.73177867,30.93492907,2.79684961
F03_y33.19_Vol573.5_Am450_rho10.575,3.0,33.19,573.5,450.0,10.575,4.156837859993505,17.279300994275385,0.17361813426329556,2.09314856749801,33.73177868,30.93633926,2.79543941
F03_y33.19_Vol573.5_Am450_rho10.616,3.0,33.19,573.5,450.0,10.616,4.156837859993505,17.279300994275385,0.17361813426329556,2.09314856749801,33.73177868,30.93773986,2.79403882
F03_y33.19_Vol573.5_Am500_rho10.493,3.0,33.19,573.5,500.0,10.493,4.156837859993505,17.279300994275385,0.17361813426329556,2.09314856749801,33.73177867,30.93160988,2.80016879
F03_y33.19_Vol573.5_Am500_rho10.534,3.0,33.19,573.5,500.0,10.534,4.156837859993505,17.279300994275385,0.17361813426329556,2.09314856749801,33.73177867,30.93294569,2.79883298
F03_y33.19_Vol573.5_Am500_rho10.575,3.0,33.19,573.5,500.0,10.575,4.156837859993505,17.279300994275385,0.17361813426329556,2.09314856749801,33.73177867,30.93428129,2.79749739
F03_y33.19_Vol573.5_Am500_rho10.616,3.0,33.19,573.5,500.0,10.616,4.156837859993505,17.279300994275385,0.17361813426329556,2.09314856749801,33.73177868,30.9356352,2.79614348
F03_y33.19_Vol573.5_Am550_rho10.493,3.0,33.19,573.5,550.0,10.493,4.156837859993505,17.279300994275385,0.17361813426329556,2.09314856749801,33.73177867,30.92976594,2.80201273
F03_y33.19_Vol573.5_Am550_rho10.534,3.0,33.19,573.5,550.0,10.534,4.156837859993505,17.279300994275385,0.17361813426329556,2.09314856749801,33.73177867,30.93109812,2.80068055
F03_y33.19_Vol573.5_Am550_rho10.575,3.0,33.19,573.5,550.0,10.575,4.156837859993505,17.279300994275385,0.17361813426329556,2.09314856749801,33.73177867,30.93245049,2.79932818
F03_y33.19_Vol573.5_Am550_rho10.616,3.0,33.19,573.5,550.0,10.616,4.156837859993505,17.279300994275385,0.17361813426329556,2.09314856749801,33.73177868,30.93377113,2.79800754
F03_y33.19_Vol632.3_Am450_rho10.493,3.0,33.19,632.3,450.0,10.493,4.364735839829417,19.05091895149141,0.15747271864621226,1.8984986611736658,33.67993292,31.1141241,2.56580882
F03_y33.19_Vol632.3_Am450_rho10.534,3.0,33.19,632.3,450.0,10.534,4.364735839829417,19.05091895149141,0.15747271864621226,1.8984986611736658,33.67993292,31.115282,2.56465092
F03_y33.19_Vol632.3_Am450_rho10.575,3.0,33.19,632.3,450.0,10.575,4.364735839829417,19.05091895149141,0.15747271864621226,1.8984986611736658,33.67993292,31.1163993,2.56353361
F03_y33.19_Vol632.3_Am450_rho10.616,3.0,33.19,632.3,450.0,10.616,4.364735839829417,19.05091895149141,0.15747271864621226,1.8984986611736658,33.67993292,31.11757187,2.56236105
F03_y33.19_Vol632.3_Am500_rho10.493,3.0,33.19,632.3,500.0,10.493,4.364735839829417,19.05091895149141,0.15747271864621226,1.8984986611736658,33.67993292,31.11382233,2.56611058
F03_y33.19_Vol632.3_Am500_rho10.534,3.0,33.19,632.3,500.0,10.534,4.364735839829417,19.05091895149141,0.15747271864621226,1.8984986611736658,33.67993292,31.11491685,2.56501607
F03_y33.19_Vol632.3_Am500_rho10.575,3.0,33.19,632.3,500.0,10.575,4.364735839829417,19.05091895149141,0.15747271864621226,1.8984986611736658,33.67993292,31.1159703,2.56396262
F03_y33.19_Vol632.3_Am500_rho10.616,3.0,33.19,632.3,500.0,10.616,4.364735839829417,19.05091895149141,0.15747271864621226,1.8984986611736658,33.67993292,31.11707262,2.56286029
F03_y33.19_Vol632.3_Am550_rho10.493,3.0,33.19,632.3,550.0,10.493,4.364735839829417,19.05091895149141,0.15747271864621226,1.8984986611736658,33.67993292,31.11340819,2.56652473
F03_y33.19_Vol632.3_Am550_rho10.534,3.0,33.19,632.3,550.0,10.534,4.364735839829417,19.05091895149141,0.15747271864621226,1.8984986611736658,33.67993292,31.11452082,2.56541209
F03_y33.19_Vol632.3_Am550_rho10.575,3.0,33.19,632.3,550.0,10.575,4.364735839829417,19.05091895149141,0.15747271864621226,1.8984986611736658,33.67993292,31.11556604,2.56436687
F03_y33.19_Vol632.3_Am550_rho10.616,3.0,33.19,632.3,550.0,10.616,4.364735839829417,19.05091895149141,0.15747271864621226,1.8984986611736658,33.67993292,31.11661158,2.56332134
F03_y33.19_Vol691.2_Am450_rho10.493,3.0,33.19,691.2,450.0,10.493,4.563501929923663,20.825549864416995,0.14405381944444443,1.7367197677374255,33.63707754,31.26672014,2.3703574
F03_y33.19_Vol691.2_Am450_rho10.534,3.0,33.19,691.2,450.0,10.534,4.563501929923663,20.825549864416995,0.14405381944444443,1.7367197677374255,33.63707754,31.26767918,2.36939837
F03_y33.19_Vol691.2_Am450_rho10.575,3.0,33.19,691.2,450.0,10.575,4.563501929923663,20.825549864416995,0.14405381944444443,1.7367197677374255,33.63707755,31.26865737,2.36842017
F03_y33.19_Vol691.2_Am450_rho10.616,3.0,33.19,691.2,450.0,10.616,4.563501929923663,20.825549864416995,0.14405381944444443,1.7367197677374255,33.63707755,31.26959381,2.36748373
F03_y33.19_Vol691.2_Am500_rho10.493,3.0,33.19,691.2,500.0,10.493,4.563501929923663,20.825549864416995,0.14405381944444443,1.7367197677374255,33.63707754,31.267418,2.36965954
F03_y33.19_Vol691.2_Am500_rho10.534,3.0,33.19,691.2,500.0,10.534,4.563501929923663,20.825549864416995,0.14405381944444443,1.7367197677374255,33.63707754,31.26834418,2.36873336
F03_y33.19_Vol691.2_Am500_rho10.575,3.0,33.19,691.2,500.0,10.575,4.563501929923663,20.825549864416995,0.14405381944444443,1.7367197677374255,33.63707754,31.26924912,2.36782842
F03_y33.19_Vol691.2_Am500_rho10.616,3.0,33.19,691.2,500.0,10.616,4.563501929923663,20.825549864416995,0.14405381944444443,1.7367197677374255,33.63707755,31.27015173,2.36692582
F03_y33.19_Vol691.2_Am550_rho10.493,3.0,33.19,691.2,550.0,10.493,4.563501929923663,20.825549864416995,0.14405381944444443,1.7367197677374255,33.63707754,31.26794279,2.36913475
F03_y33.19_Vol691.2_Am550_rho10.534,3.0,33.19,691.2,550.0,10.534,4.563501929923663,20.825549864416995,0.14405381944444443,1.7367197677374255,33.63707754,31.26885254,2.368225
F03_y33.19_Vol691.2_Am550_rho10.575,3.0,33.19,691.2,550.0,10.575,4.563501929923663,20.825549864416995,0.14405381944444443,1.7367197677374255,33.63707754,31.26973923,2.36733831
F03_y33.19_Vol691.2_Am550_rho10.616,3.0,33.19,691.2,550.0,10.616,4.563501929923663,20.825549864416995,0.14405381944444443,1.7367197677374255,33.63707755,31.2706308,2.36644675
F03_y33.19_Vol738.0_Am450_rho10.493,3.0,33.19,738.0,450.0,10.493,4.715465314948981,22.235613136486894,0.13491869918699187,1.6265863190516379,33.60802419,31.37055898,2.23746521
F03_y33.19_Vol738.0_Am450_rho10.534,3.0,33.19,738.0,450.0,10.534,4.715465314948981,22.235613136486894,0.13491869918699187,1.6265863190516379,33.60802419,31.37142461,2.23659958
F03_y33.19_Vol738.0_Am450_rho10.575,3.0,33.19,738.0,450.0,10.575,4.715465314948981,22.235613136486894,0.13491869918699187,1.6265863190516379,33.60802419,31.37220315,2.23582104
F03_y33.19_Vol738.0_Am450_rho10.616,3.0,33.19,738.0,450.0,10.616,4.715465314948981,22.235613136486894,0.13491869918699187,1.6265863190516379,33.60802419,31.37304658,2.23497761
F03_y33.19_Vol738.0_Am500_rho10.493,3.0,33.19,738.0,500.0,10.493,4.715465314948981,22.235613136486894,0.13491869918699187,1.6265863190516379,33.60802419,31.37154627,2.23647792
F03_y33.19_Vol738.0_Am500_rho10.534,3.0,33.19,738.0,500.0,10.534,4.715465314948981,22.235613136486894,0.13491869918699187,1.6265863190516379,33.60802419,31.37233764,2.23568655
F03_y33.19_Vol738.0_Am500_rho10.575,3.0,33.19,738.0,500.0,10.575,4.715465314948981,22.235613136486894,0.13491869918699187,1.6265863190516379,33.60802419,31.37311401,2.23491018
F03_y33.19_Vol738.0_Am500_rho10.616,3.0,33.19,738.0,500.0,10.616,4.715465314948981,22.235613136486894,0.13491869918699187,1.6265863190516379,33.60802419,31.37391802,2.23410617
F03_y33.19_Vol738.0_Am550_rho10.493,3.0,33.19,738.0,550.0,10.493,4.715465314948981,22.235613136486894,0.13491869918699187,1.6265863190516379,33.60802419,31.37236147,2.23566271
F03_y33.19_Vol738.0_Am550_rho10.534,3.0,33.19,738.0,550.0,10.534,4.715465314948981,22.235613136486894,0.13491869918699187,1.6265863190516379,33.60802419,31.37314069,2.2348835
F03_y33.19_Vol738.0_Am550_rho10.575,3.0,33.19,738.0,550.0,10.575,4.715465314948981,22.235613136486894,0.13491869918699187,1.6265863190516379,33.60802419,31.37393519,2.234089
F03_y33.19_Vol738.0_Am550_rho10.616,3.0,33.19,738.0,550.0,10.616,4.715465314948981,22.235613136486894,0.13491869918699187,1.6265863190516379,33.60802419,31.37471407,2.23331012
F03_y33.69_Vol421.6_Am450_rho10.493,3.0,33.69,421.6,450.0,10.493,3.537527263387584,12.51409913921045,0.23972960151802655,2.890191592793823,34.45877155,30.78964943,3.66912213
F03_y33.69_Vol421.6_Am450_rho10.534,3.0,33.69,421.6,450.0,10.534,3.537527263387584,12.51409913921045,0.23972960151802655,2.890191592793823,34.45877156,30.79821548,3.66055608
F03_y33.69_Vol421.6_Am450_rho10.575,3.0,33.69,421.6,450.0,10.575,3.537527263387584,12.51409913921045,0.23972960151802655,2.890191592793823,34.45877157,30.80672546,3.65204611
F03_y33.69_Vol421.6_Am450_rho10.616,3.0,33.69,421.6,450.0,10.616,3.537527263387584,12.51409913921045,0.23972960151802655,2.890191592793823,34.45877157,30.81526867,3.6435029
F03_y33.69_Vol421.6_Am500_rho10.493,3.0,33.69,421.6,500.0,10.493,3.537527263387584,12.51409913921045,0.23972960151802655,2.890191592793823,34.45877155,30.80423301,3.65453854
F03_y33.69_Vol421.6_Am500_rho10.534,3.0,33.69,421.6,500.0,10.534,3.537527263387584,12.51409913921045,0.23972960151802655,2.890191592793823,34.45877155,30.8128274,3.64594415
F03_y33.69_Vol421.6_Am500_rho10.575,3.0,33.69,421.6,500.0,10.575,3.537527263387584,12.51409913921045,0.23972960151802655,2.890191592793823,34.45877156,30.82154259,3.63722897
F03_y33.69_Vol421.6_Am500_rho10.616,3.0,33.69,421.6,500.0,10.616,3.537527263387584,12.51409913921045,0.23972960151802655,2.890191592793823,34.45877156,30.83015889,3.62861268
F03_y33.69_Vol421.6_Am550_rho10.493,3.0,33.69,421.6,550.0,10.493,3.537527263387584,12.51409913921045,0.23972960151802655,2.890191592793823,34.45877154,30.81826009,3.64051145
F03_y33.69_Vol421.6_Am550_rho10.534,3.0,33.69,421.6,550.0,10.534,3.537527263387584,12.51409913921045,0.23972960151802655,2.890191592793823,34.45877155,30.82706342,3.63170813
F03_y33.69_Vol421.6_Am550_rho10.575,3.0,33.69,421.6,550.0,10.575,3.537527263387584,12.51409913921045,0.23972960151802655,2.890191592793823,34.45877155,30.83582908,3.62294247
F03_y33.69_Vol421.6_Am550_rho10.616,3.0,33.69,421.6,550.0,10.616,3.537527263387584,12.51409913921045,0.23972960151802655,2.890191592793823,34.45877156,30.84462732,3.61414424
F03_y33.69_Vol455.9_Am450_rho10.493,3.0,33.69,455.9,450.0,10.493,3.6786146036512846,13.532205402196498,0.22169335380565913,2.672745723890932,34.39853167,30.86726216,3.53126951
F03_y33.69_Vol455.9_Am450_rho10.534,3.0,33.69,455.9,450.0,10.534,3.6786146036512846,13.532205402196498,0.22169335380565913,2.672745723890932,34.39853167,30.87332012,3.52521155
F03_y33.69_Vol455.9_Am450_rho10.575,3.0,33.69,455.9,450.0,10.575,3.6786146036512846,13.532205402196498,0.22169335380565913,2.672745723890932,34.39853167,30.87950601,3.51902567
F03_y33.69_Vol455.9_Am450_rho10.616,3.0,33.69,455.9,450.0,10.616,3.6786146036512846,13.532205402196498,0.22169335380565913,2.672745723890932,34.39853168,30.88581811,3.51271357
F03_y33.69_Vol455.9_Am500_rho10.493,3.0,33.69,455.9,500.0,10.493,3.6786146036512846,13.532205402196498,0.22169335380565913,2.672745723890932,34.39853166,30.87555618,3.52297549
F03_y33.69_Vol455.9_Am500_rho10.534,3.0,33.69,455.9,500.0,10.534,3.6786146036512846,13.532205402196498,0.22169335380565913,2.672745723890932,34.39853167,30.8819312,3.51660047
F03_y33.69_Vol455.9_Am500_rho10.575,3.0,33.69,455.9,500.0,10.575,3.6786146036512846,13.532205402196498,0.22169335380565913,2.672745723890932,34.39853167,30.88838707,3.5101446
F03_y33.69_Vol455.9_Am500_rho10.616,3.0,33.69,455.9,500.0,10.616,3.6786146036512846,13.532205402196498,0.22169335380565913,2.672745723890932,34.39853167,30.89504011,3.50349157
F03_y33.69_Vol455.9_Am550_rho10.493,3.0,33.69,455.9,550.0,10.493,3.6786146036512846,13.532205402196498,0.22169335380565913,2.672745723890932,34.39853166,30.88407737,3.5144543
F03_y33.69_Vol455.9_Am550_rho10.534,3.0,33.69,455.9,550.0,10.534,3.6786146036512846,13.532205402196498,0.22169335380565913,2.672745723890932,34.39853166,30.89071787,3.50781379
F03_y33.69_Vol455.9_Am550_rho10.575,3.0,33.69,455.9,550.0,10.575,3.6786146036512846,13.532205402196498,0.22169335380565913,2.672745723890932,34.39853167,30.89742042,3.50111125
F03_y33.69_Vol455.9_Am550_rho10.616,3.0,33.69,455.9,550.0,10.616,3.6786146036512846,13.532205402196498,0.22169335380565913,2.672745723890932,34.39853167,30.90419317,3.4943385
F03_y33.69_Vol514.7_Am450_rho10.493,3.0,33.69,514.7,450.0,10.493,3.908648158181841,15.277530424458298,0.19636681562074992,2.3674077628169337,34.3146291,31.09931358,3.21531552
F03_y33.69_Vol514.7_Am450_rho10.534,3.0,33.69,514.7,450.0,10.534,3.908648158181841,15.277530424458298,0.19636681562074992,2.3674077628169337,34.31462911,31.10122561,3.21340349
F03_y33.69_Vol514.7_Am450_rho10.575,3.0,33.69,514.7,450.0,10.575,3.908648158181841,15.277530424458298,0.19636681562074992,2.3674077628169337,34.31462911,31.10311061,3.2115185
F03_y33.69_Vol514.7_Am450_rho10.616,3.0,33.69,514.7,450.0,10.616,3.908648158181841,15.277530424458298,0.19636681562074992,2.3674077628169337,34.31462911,31.10496776,3.20966135
F03_y33.69_Vol514.7_Am500_rho10.493,3.0,33.69,514.7,500.0,10.493,3.908648158181841,15.277530424458298,0.19636681562074992,2.3674077628169337,34.3146291,31.09795878,3.21667032
F03_y33.69_Vol514.7_Am500_rho10.534,3.0,33.69,514.7,500.0,10.534,3.908648158181841,15.277530424458298,0.19636681562074992,2.3674077628169337,34.3146291,31.09980913,3.21481997
F03_y33.69_Vol514.7_Am500_rho10.575,3.0,33.69,514.7,500.0,10.575,3.908648158181841,15.277530424458298,0.19636681562074992,2.3674077628169337,34.3146291,31.10173177,3.21289733
F03_y33.69_Vol514.7_Am500_rho10.616,3.0,33.69,514.7,500.0,10.616,3.908648158181841,15.277530424458298,0.19636681562074992,2.3674077628169337,34.31462911,31.10358959,3.21103951
F03_y33.69_Vol514.7_Am550_rho10.493,3.0,33.69,514.7,550.0,10.493,3.908648158181841,15.277530424458298,0.19636681562074992,2.3674077628169337,34.3146291,31.09676208,3.21786702
F03_y33.69_Vol514.7_Am550_rho10.534,3.0,33.69,514.7,550.0,10.534,3.908648158181841,15.277530424458298,0.19636681562074992,2.3674077628169337,34.3146291,31.09854839,3.21608071
F03_y33.69_Vol514.7_Am550_rho10.575,3.0,33.69,514.7,550.0,10.575,3.908648158181841,15.277530424458298,0.19636681562074992,2.3674077628169337,34.3146291,33.80700867,0.50762043
F03_y33.69_Vol514.7_Am550_rho10.616,3.0,33.69,514.7,550.0,10.616,3.908648158181841,15.277530424458298,0.19636681562074992,2.3674077628169337,34.3146291,31.10218409,3.21244501
F03_y33.69_Vol573.5_Am450_rho10.493,3.0,33.69,573.5,450.0,10.493,4.125876324700014,17.022855446720097,0.17623365300784655,2.1246813871349186,34.24849556,31.32303481,2.92546076
F03_y33.69_Vol573.5_Am450_rho10.534,3.0,33.69,573.5,450.0,10.534,4.125876324700014,17.022855446720097,0.17623365300784655,2.1246813871349186,34.24849557,31.32458384,2.92391173
F03_y33.69_Vol573.5_Am450_rho10.575,3.0,33.69,573.5,450.0,10.575,4.125876324700014,17.022855446720097,0.17623365300784655,2.1246813871349186,34.24849557,31.32616232,2.92233325
F03_y33.69_Vol573.5_Am450_rho10.616,3.0,33.69,573.5,450.0,10.616,4.125876324700014,17.022855446720097,0.17623365300784655,2.1246813871349186,34.24849557,31.32772553,2.92077004
F03_y33.69_Vol573.5_Am500_rho10.493,3.0,33.69,573.5,500.0,10.493,4.125876324700014,17.022855446720097,0.17623365300784655,2.1246813871349186,34.24849556,31.32258154,2.92591402
F03_y33.69_Vol573.5_Am500_rho10.534,3.0,33.69,573.5,500.0,10.534,4.125876324700014,17.022855446720097,0.17623365300784655,2.1246813871349186,34.24849556,31.32406698,2.92442858
F03_y33.69_Vol573.5_Am500_rho10.575,3.0,33.69,573.5,500.0,10.575,4.125876324700014,17.022855446720097,0.17623365300784655,2.1246813871349186,34.24849557,31.32558478,2.92291079
F03_y33.69_Vol573.5_Am500_rho10.616,3.0,33.69,573.5,500.0,10.616,4.125876324700014,17.022855446720097,0.17623365300784655,2.1246813871349186,34.24849557,31.32709715,2.92139842
F03_y33.69_Vol573.5_Am550_rho10.493,3.0,33.69,573.5,550.0,10.493,4.125876324700014,17.022855446720097,0.17623365300784655,2.1246813871349186,34.24849556,31.32232732,2.92616824
F03_y33.69_Vol573.5_Am550_rho10.534,3.0,33.69,573.5,550.0,10.534,4.125876324700014,17.022855446720097,0.17623365300784655,2.1246813871349186,34.24849556,31.32378189,2.92471367
F03_y33.69_Vol573.5_Am550_rho10.575,3.0,33.69,573.5,550.0,10.575,4.125876324700014,17.022855446720097,0.17623365300784655,2.1246813871349186,34.24849557,31.3252275,2.92326806
F03_y33.69_Vol573.5_Am550_rho10.616,3.0,33.69,573.5,550.0,10.616,4.125876324700014,17.022855446720097,0.17623365300784655,2.1246813871349186,34.24849557,31.32666754,2.92182803
F03_y33.69_Vol632.3_Am450_rho10.493,3.0,33.69,632.3,450.0,10.493,4.332225810017513,18.768180468981893,0.15984501027993042,1.9270991230774568,34.19502648,31.51167562,2.68335086
F03_y33.69_Vol632.3_Am450_rho10.534,3.0,33.69,632.3,450.0,10.534,4.332225810017513,18.768180468981893,0.15984501027993042,1.9270991230774568,34.19502648,31.51291411,2.68211237
F03_y33.69_Vol632.3_Am450_rho10.575,3.0,33.69,632.3,450.0,10.575,4.332225810017513,18.768180468981893,0.15984501027993042,1.9270991230774568,34.19502648,31.51407154,2.68095494
F03_y33.69_Vol632.3_Am450_rho10.616,3.0,33.69,632.3,450.0,10.616,4.332225810017513,18.768180468981893,0.15984501027993042,1.9270991230774568,34.19502648,31.51535931,2.67966717
F03_y33.69_Vol632.3_Am500_rho10.493,3.0,33.69,632.3,500.0,10.493,4.332225810017513,18.768180468981893,0.15984501027993042,1.9270991230774568,34.19502647,31.51231378,2.6827127
F03_y33.69_Vol632.3_Am500_rho10.534,3.0,33.69,632.3,500.0,10.534,4.332225810017513,18.768180468981893,0.15984501027993042,1.9270991230774568,34.19502648,31.51356246,2.68146401
F03_y33.69_Vol632.3_Am500_rho10.575,3.0,33.69,632.3,500.0,10.575,4.332225810017513,18.768180468981893,0.15984501027993042,1.9270991230774568,34.19502648,31.51478578,2.6802407
F03_y33.69_Vol632.3_Am500_rho10.616,3.0,33.69,632.3,500.0,10.616,4.332225810017513,18.768180468981893,0.15984501027993042,1.9270991230774568,34.19502648,31.51601338,2.67901309
F03_y33.69_Vol632.3_Am550_rho10.493,3.0,33.69,632.3,550.0,10.493,4.332225810017513,18.768180468981893,0.15984501027993042,1.9270991230774568,34.19502647,31.51306985,2.68195663
F03_y33.69_Vol632.3_Am550_rho10.534,3.0,33.69,632.3,550.0,10.534,4.332225810017513,18.768180468981893,0.15984501027993042,1.9270991230774568,34.19502648,31.5142328,2.68079368
F03_y33.69_Vol632.3_Am550_rho10.575,3.0,33.69,632.3,550.0,10.575,4.332225810017513,18.768180468981893,0.15984501027993042,1.9270991230774568,34.19502648,31.51536485,2.67966163
F03_y33.69_Vol632.3_Am550_rho10.616,3.0,33.69,632.3,550.0,10.616,4.332225810017513,18.768180468981893,0.15984501027993042,1.9270991230774568,34.19502648,31.51659285,2.67843362
F03_y33.69_Vol691.2_Am450_rho10.493,3.0,33.69,691.2,450.0,10.493,4.529511422998895,20.516473731077475,0.1462239583333333,1.7628830664378987,34.15083313,31.67222223,2.4786109
F03_y33.69_Vol691.2_Am450_rho10.534,3.0,33.69,691.2,450.0,10.534,4.529511422998895,20.516473731077475,0.1462239583333333,1.7628830664378987,34.15083313,31.67328066,2.47755247
F03_y33.69_Vol691.2_Am450_rho10.575,3.0,33.69,691.2,450.0,10.575,4.529511422998895,20.516473731077475,0.1462239583333333,1.7628830664378987,34.15083313,31.67425026,2.47658287
F03_y33.69_Vol691.2_Am450_rho10.616,3.0,33.69,691.2,450.0,10.616,4.529511422998895,20.516473731077475,0.1462239583333333,1.7628830664378987,34.15083313,31.67530842,2.47552471
F03_y33.69_Vol691.2_Am500_rho10.493,3.0,33.69,691.2,500.0,10.493,4.529511422998895,20.516473731077475,0.1462239583333333,1.7628830664378987,34.15083313,31.67392795,2.47690518
F03_y33.69_Vol691.2_Am500_rho10.534,3.0,33.69,691.2,500.0,10.534,4.529511422998895,20.516473731077475,0.1462239583333333,1.7628830664378987,34.15083313,31.67493403,2.47589909
F03_y33.69_Vol691.2_Am500_rho10.575,3.0,33.69,691.2,500.0,10.575,4.529511422998895,20.516473731077475,0.1462239583333333,1.7628830664378987,34.15083313,31.67594214,2.47489099
F03_y33.69_Vol691.2_Am500_rho10.616,3.0,33.69,691.2,500.0,10.616,4.529511422998895,20.516473731077475,0.1462239583333333,1.7628830664378987,34.15083313,31.67697003,2.4738631
F03_y33.69_Vol691.2_Am550_rho10.493,3.0,33.69,691.2,550.0,10.493,4.529511422998895,20.516473731077475,0.1462239583333333,1.7628830664378987,34.15083313,31.67543703,2.47539609
F03_y33.69_Vol691.2_Am550_rho10.534,3.0,33.69,691.2,550.0,10.534,4.529511422998895,20.516473731077475,0.1462239583333333,1.7628830664378987,34.15083313,31.6764192,2.47441393
F03_y33.69_Vol691.2_Am550_rho10.575,3.0,33.69,691.2,550.0,10.575,4.529511422998895,20.516473731077475,0.1462239583333333,1.7628830664378987,34.15083313,31.67738062,2.4734525
F03_y33.69_Vol691.2_Am550_rho10.616,3.0,33.69,691.2,550.0,10.616,4.529511422998895,20.516473731077475,0.1462239583333333,1.7628830664378987,34.15083313,31.67840478,2.47242835
F03_y33.69_Vol738.0_Am450_rho10.493,3.0,33.69,738.0,450.0,10.493,4.680342933299422,21.90560997328584,0.13695121951219513,1.6510904817369594,34.12087488,31.78262393,2.33825095
F03_y33.69_Vol738.0_Am450_rho10.534,3.0,33.69,738.0,450.0,10.534,4.680342933299422,21.90560997328584,0.13695121951219513,1.6510904817369594,34.12087488,31.78354551,2.33732937
F03_y33.69_Vol738.0_Am450_rho10.575,3.0,33.69,738.0,450.0,10.575,4.680342933299422,21.90560997328584,0.13695121951219513,1.6510904817369594,34.12087488,31.78442227,2.33645261
F03_y33.69_Vol738.0_Am450_rho10.616,3.0,33.69,738.0,450.0,10.616,4.680342933299422,21.90560997328584,0.13695121951219513,1.6510904817369594,34.12087488,31.78538627,2.33548862
F03_y33.69_Vol738.0_Am500_rho10.493,3.0,33.69,738.0,500.0,10.493,4.680342933299422,21.90560997328584,0.13695121951219513,1.6510904817369594,34.12087488,31.7847817,2.33609318
F03_y33.69_Vol738.0_Am500_rho10.534,3.0,33.69,738.0,500.0,10.534,4.680342933299422,21.90560997328584,0.13695121951219513,1.6510904817369594,34.12087488,31.78568964,2.33518524
F03_y33.69_Vol738.0_Am500_rho10.575,3.0,33.69,738.0,500.0,10.575,4.680342933299422,21.90560997328584,0.13695121951219513,1.6510904817369594,34.12087488,31.78657612,2.33429877
F03_y33.69_Vol738.0_Am500_rho10.616,3.0,33.69,738.0,500.0,10.616,4.680342933299422,21.90560997328584,0.13695121951219513,1.6510904817369594,34.12087488,31.78745887,2.33341601
F03_y33.69_Vol738.0_Am550_rho10.493,3.0,33.69,738.0,550.0,10.493,4.680342933299422,21.90560997328584,0.13695121951219513,1.6510904817369594,34.12087488,31.78692505,2.33394983
F03_y33.69_Vol738.0_Am550_rho10.534,3.0,33.69,738.0,550.0,10.534,4.680342933299422,21.90560997328584,0.13695121951219513,1.6510904817369594,34.12087488,31.78780518,2.3330697
F03_y33.69_Vol738.0_Am550_rho10.575,3.0,33.69,738.0,550.0,10.575,4.680342933299422,21.90560997328584,0.13695121951219513,1.6510904817369594,34.12087488,31.78862822,2.33224666
F03_y33.69_Vol738.0_Am550_rho10.616,3.0,33.69,738.0,550.0,10.616,4.680342933299422,21.90560997328584,0.13695121951219513,1.6510904817369594,34.12087488,31.78944644,2.33142844
F03_y34.19_Vol421.6_Am450_rho10.493,3.0,34.19,421.6,450.0,10.493,3.5115653151080175,12.331090962269672,0.24328747628083489,2.9330855018587356,34.98228972,31.30559171,3.67669801
F03_y34.19_Vol421.6_Am450_rho10.534,3.0,34.19,421.6,450.0,10.534,3.5115653151080175,12.331090962269672,0.24328747628083489,2.9330855018587356,34.98228972,31.31494225,3.66734747
F03_y34.19_Vol421.6_Am450_rho10.575,3.0,34.19,421.6,450.0,10.575,3.5115653151080175,12.331090962269672,0.24328747628083489,2.9330855018587356,34.98228972,31.32421442,3.6580753
F03_y34.19_Vol421.6_Am450_rho10.616,3.0,34.19,421.6,450.0,10.616,3.5115653151080175,12.331090962269672,0.24328747628083489,2.9330855018587356,34.98228973,31.33348479,3.64880494
F03_y34.19_Vol421.6_Am500_rho10.493,3.0,34.19,421.6,500.0,10.493,3.5115653151080175,12.331090962269672,0.24328747628083489,2.9330855018587356,34.98228971,31.32445716,3.65783256
F03_y34.19_Vol421.6_Am500_rho10.534,3.0,34.19,421.6,500.0,10.534,3.5115653151080175,12.331090962269672,0.24328747628083489,2.9330855018587356,34.98228971,31.33380664,3.64848307
F03_y34.19_Vol421.6_Am500_rho10.575,3.0,34.19,421.6,500.0,10.575,3.5115653151080175,12.331090962269672,0.24328747628083489,2.9330855018587356,34.98228972,31.3430587,3.63923102
F03_y34.19_Vol421.6_Am500_rho10.616,3.0,34.19,421.6,500.0,10.616,3.5115653151080175,12.331090962269672,0.24328747628083489,2.9330855018587356,34.98228972,31.352278,3.63001172
F03_y34.19_Vol421.6_Am550_rho10.493,3.0,34.19,421.6,550.0,10.493,3.5115653151080175,12.331090962269672,0.24328747628083489,2.9330855018587356,34.98228971,31.34243593,3.63985378
F03_y34.19_Vol421.6_Am550_rho10.534,3.0,34.19,421.6,550.0,10.534,3.5115653151080175,12.331090962269672,0.24328747628083489,2.9330855018587356,34.98228971,31.35184224,3.63044747
F03_y34.19_Vol421.6_Am550_rho10.575,3.0,34.19,421.6,550.0,10.575,3.5115653151080175,12.331090962269672,0.24328747628083489,2.9330855018587356,34.98228971,31.361188,3.62110172
F03_y34.19_Vol421.6_Am550_rho10.616,3.0,34.19,421.6,550.0,10.616,3.5115653151080175,12.331090962269672,0.24328747628083489,2.9330855018587356,34.98228972,31.37049059,3.61179912
F03_y34.19_Vol455.9_Am450_rho10.493,3.0,34.19,455.9,450.0,10.493,3.651617213957955,13.334308277274056,0.22498354902390877,2.7124124755070045,34.92016832,31.34621543,3.5739529
F03_y34.19_Vol455.9_Am450_rho10.534,3.0,34.19,455.9,450.0,10.534,3.651617213957955,13.334308277274056,0.22498354902390877,2.7124124755070045,34.92016833,31.35478953,3.5653788
F03_y34.19_Vol455.9_Am450_rho10.575,3.0,34.19,455.9,450.0,10.575,3.651617213957955,13.334308277274056,0.22498354902390877,2.7124124755070045,34.92016833,31.36331576,3.55685257
F03_y34.19_Vol455.9_Am450_rho10.616,3.0,34.19,455.9,450.0,10.616,3.651617213957955,13.334308277274056,0.22498354902390877,2.7124124755070045,34.92016834,31.37187979,3.54828855
F03_y34.19_Vol455.9_Am500_rho10.493,3.0,34.19,455.9,500.0,10.493,3.651617213957955,13.334308277274056,0.22498354902390877,2.7124124755070045,34.92016832,31.36282415,3.55734417
F03_y34.19_Vol455.9_Am500_rho10.534,3.0,34.19,455.9,500.0,10.534,3.651617213957955,13.334308277274056,0.22498354902390877,2.7124124755070045,34.92016832,31.37139982,3.54876851
F03_y34.19_Vol455.9_Am500_rho10.575,3.0,34.19,455.9,500.0,10.575,3.651617213957955,13.334308277274056,0.22498354902390877,2.7124124755070045,34.92016833,31.38004666,3.54012166
F03_y34.19_Vol455.9_Am500_rho10.616,3.0,34.19,455.9,500.0,10.616,3.651617213957955,13.334308277274056,0.22498354902390877,2.7124124755070045,34.92016833,31.38868334,3.53148499
F03_y34.19_Vol455.9_Am550_rho10.493,3.0,34.19,455.9,550.0,10.493,3.651617213957955,13.334308277274056,0.22498354902390877,2.7124124755070045,34.92016832,31.37865607,3.54151224
F03_y34.19_Vol455.9_Am550_rho10.534,3.0,34.19,455.9,550.0,10.534,3.651617213957955,13.334308277274056,0.22498354902390877,2.7124124755070045,34.92016832,31.38743552,3.5327328
F03_y34.19_Vol455.9_Am550_rho10.575,3.0,34.19,455.9,550.0,10.575,3.651617213957955,13.334308277274056,0.22498354902390877,2.7124124755070045,34.92016832,31.39619719,3.52397113
F03_y34.19_Vol455.9_Am550_rho10.616,3.0,34.19,455.9,550.0,10.616,3.651617213957955,13.334308277274056,0.22498354902390877,2.7124124755070045,34.92016833,31.40491789,3.51525043
F03_y34.19_Vol514.7_Am450_rho10.493,3.0,34.19,514.7,450.0,10.493,3.8799625499107786,15.05410938871015,0.19928113464153874,2.402542932938883,34.83365624,31.47992203,3.35373421
F03_y34.19_Vol514.7_Am450_rho10.534,3.0,34.19,514.7,450.0,10.534,3.8799625499107786,15.05410938871015,0.19928113464153874,2.402542932938883,34.83365625,31.48416743,3.34948882
F03_y34.19_Vol514.7_Am450_rho10.575,3.0,34.19,514.7,450.0,10.575,3.8799625499107786,15.05410938871015,0.19928113464153874,2.402542932938883,34.83365625,31.48862423,3.34503202
F03_y34.19_Vol514.7_Am450_rho10.616,3.0,34.19,514.7,450.0,10.616,3.8799625499107786,15.05410938871015,0.19928113464153874,2.402542932938883,34.83365625,31.49317529,3.34048096
F03_y34.19_Vol514.7_Am500_rho10.493,3.0,34.19,514.7,500.0,10.493,3.8799625499107786,15.05410938871015,0.19928113464153874,2.402542932938883,34.83365624,31.48604806,3.34760818
F03_y34.19_Vol514.7_Am500_rho10.534,3.0,34.19,514.7,500.0,10.534,3.8799625499107786,15.05410938871015,0.19928113464153874,2.402542932938883,34.83365624,31.49068061,3.34297563
F03_y34.19_Vol514.7_Am500_rho10.575,3.0,34.19,514.7,500.0,10.575,3.8799625499107786,15.05410938871015,0.19928113464153874,2.402542932938883,34.83365625,31.49551315,3.3381431
F03_y34.19_Vol514.7_Am500_rho10.616,3.0,34.19,514.7,500.0,10.616,3.8799625499107786,15.05410938871015,0.19928113464153874,2.402542932938883,34.83365625,31.50048695,3.3331693
F03_y34.19_Vol514.7_Am550_rho10.493,3.0,34.19,514.7,550.0,10.493,3.8799625499107786,15.05410938871015,0.19928113464153874,2.402542932938883,34.83365624,31.49321434,3.3404419
F03_y34.19_Vol514.7_Am550_rho10.534,3.0,34.19,514.7,550.0,10.534,3.8799625499107786,15.05410938871015,0.19928113464153874,2.402542932938883,34.83365624,31.49821762,3.33543862
F03_y34.19_Vol514.7_Am550_rho10.575,3.0,34.19,514.7,550.0,10.575,3.8799625499107786,15.05410938871015,0.19928113464153874,2.402542932938883,34.83365624,31.5033473,3.33030895
F03_y34.19_Vol514.7_Am550_rho10.616,3.0,34.19,514.7,550.0,10.616,3.8799625499107786,15.05410938871015,0.19928113464153874,2.402542932938883,34.83365625,31.50856293,3.32509332
F03_y34.19_Vol573.5_Am450_rho10.493,3.0,34.19,573.5,450.0,10.493,4.095596476723048,16.773910500146243,0.17884917175239753,2.1562142067718275,34.76547497,31.70130863,3.06416634
F03_y34.19_Vol573.5_Am450_rho10.534,3.0,34.19,573.5,450.0,10.534,4.095596476723048,16.773910500146243,0.17884917175239753,2.1562142067718275,34.76547497,31.70301847,3.0624565
F03_y34.19_Vol573.5_Am450_rho10.575,3.0,34.19,573.5,450.0,10.575,4.095596476723048,16.773910500146243,0.17884917175239753,2.1562142067718275,34.76547498,31.70474614,3.06072884
F03_y34.19_Vol573.5_Am450_rho10.616,3.0,34.19,573.5,450.0,10.616,4.095596476723048,16.773910500146243,0.17884917175239753,2.1562142067718275,34.76547498,31.70643946,3.05903552
F03_y34.19_Vol573.5_Am500_rho10.493,3.0,34.19,573.5,500.0,10.493,4.095596476723048,16.773910500146243,0.17884917175239753,2.1562142067718275,34.76547497,31.70203881,3.06343616
F03_y34.19_Vol573.5_Am500_rho10.534,3.0,34.19,573.5,500.0,10.534,4.095596476723048,16.773910500146243,0.17884917175239753,2.1562142067718275,34.76547497,31.7036313,3.06184367
F03_y34.19_Vol573.5_Am500_rho10.575,3.0,34.19,573.5,500.0,10.575,4.095596476723048,16.773910500146243,0.17884917175239753,2.1562142067718275,34.76547497,31.7053132,3.06016177
F03_y34.19_Vol573.5_Am500_rho10.616,3.0,34.19,573.5,500.0,10.616,4.095596476723048,16.773910500146243,0.17884917175239753,2.1562142067718275,34.76547498,31.70692119,3.05855378
F03_y34.19_Vol573.5_Am550_rho10.493,3.0,34.19,573.5,550.0,10.493,4.095596476723048,16.773910500146243,0.17884917175239753,2.1562142067718275,34.76547497,31.70279801,3.06267697
F03_y34.19_Vol573.5_Am550_rho10.534,3.0,34.19,573.5,550.0,10.534,4.095596476723048,16.773910500146243,0.17884917175239753,2.1562142067718275,34.76547497,31.70439469,3.06108028
F03_y34.19_Vol573.5_Am550_rho10.575,3.0,34.19,573.5,550.0,10.575,4.095596476723048,16.773910500146243,0.17884917175239753,2.1562142067718275,34.76547497,31.70600732,3.05946766
F03_y34.19_Vol573.5_Am550_rho10.616,3.0,34.19,573.5,550.0,10.616,4.095596476723048,16.773910500146243,0.17884917175239753,2.1562142067718275,34.76547498,31.70761105,3.05786393
F03_y34.19_Vol632.3_Am450_rho10.493,3.0,34.19,632.3,450.0,10.493,4.30043156108574,18.493711611582334,0.16221730191364858,1.955699584981248,34.71035601,31.89778746,2.81256855
F03_y34.19_Vol632.3_Am450_rho10.534,3.0,34.19,632.3,450.0,10.534,4.30043156108574,18.493711611582334,0.16221730191364858,1.955699584981248,34.71035601,31.89921386,2.81114215
F03_y34.19_Vol632.3_Am450_rho10.575,3.0,34.19,632.3,450.0,10.575,4.30043156108574,18.493711611582334,0.16221730191364858,1.955699584981248,34.71035601,31.90058807,2.80976794
F03_y34.19_Vol632.3_Am450_rho10.616,3.0,34.19,632.3,450.0,10.616,4.30043156108574,18.493711611582334,0.16221730191364858,1.955699584981248,34.71035601,31.9019912,2.80836481
F03_y34.19_Vol632.3_Am500_rho10.493,3.0,34.19,632.3,500.0,10.493,4.30043156108574,18.493711611582334,0.16221730191364858,1.955699584981248,34.71035601,31.89914037,2.81121564
F03_y34.19_Vol632.3_Am500_rho10.534,3.0,34.19,632.3,500.0,10.534,4.30043156108574,18.493711611582334,0.16221730191364858,1.955699584981248,34.71035601,31.90042773,2.80992828
F03_y34.19_Vol632.3_Am500_rho10.575,3.0,34.19,632.3,500.0,10.575,4.30043156108574,18.493711611582334,0.16221730191364858,1.955699584981248,34.71035601,31.90182858,2.80852743
F03_y34.19_Vol632.3_Am500_rho10.616,3.0,34.19,632.3,500.0,10.616,4.30043156108574,18.493711611582334,0.16221730191364858,1.955699584981248,34.71035601,31.90321784,2.80713817
F03_y34.19_Vol632.3_Am550_rho10.493,3.0,34.19,632.3,550.0,10.493,4.30043156108574,18.493711611582334,0.16221730191364858,1.955699584981248,34.71035601,31.90081833,2.80953767
F03_y34.19_Vol632.3_Am550_rho10.534,3.0,34.19,632.3,550.0,10.534,4.30043156108574,18.493711611582334,0.16221730191364858,1.955699584981248,34.71035601,31.9021215,2.80823451
F03_y34.19_Vol632.3_Am550_rho10.575,3.0,34.19,632.3,550.0,10.575,4.30043156108574,18.493711611582334,0.16221730191364858,1.955699584981248,34.71035601,31.9034146,2.80694141
F03_y34.19_Vol632.3_Am550_rho10.616,3.0,34.19,632.3,550.0,10.616,4.30043156108574,18.493711611582334,0.16221730191364858,1.955699584981248,34.71035601,31.90470734,2.80564867
F03_y34.19_Vol691.2_Am450_rho10.493,3.0,34.19,691.2,450.0,10.493,4.496269292962845,20.2164375548406,0.14839409722222222,1.7890463651383726,34.66480286,32.06637229,2.59843058
F03_y34.19_Vol691.2_Am450_rho10.534,3.0,34.19,691.2,450.0,10.534,4.496269292962845,20.2164375548406,0.14839409722222222,1.7890463651383726,34.66480286,32.06755168,2.59725119
F03_y34.19_Vol691.2_Am450_rho10.575,3.0,34.19,691.2,450.0,10.575,4.496269292962845,20.2164375548406,0.14839409722222222,1.7890463651383726,34.66480287,32.06872041,2.59608245
F03_y34.19_Vol691.2_Am450_rho10.616,3.0,34.19,691.2,450.0,10.616,4.496269292962845,20.2164375548406,0.14839409722222222,1.7890463651383726,34.66480287,32.0698932,2.59490966
F03_y34.19_Vol691.2_Am500_rho10.493,3.0,34.19,691.2,500.0,10.493,4.496269292962845,20.2164375548406,0.14839409722222222,1.7890463651383726,34.66480286,32.06846049,2.59634237
F03_y34.19_Vol691.2_Am500_rho10.534,3.0,34.19,691.2,500.0,10.534,4.496269292962845,20.2164375548406,0.14839409722222222,1.7890463651383726,34.66480286,32.06965556,2.5951473
F03_y34.19_Vol691.2_Am500_rho10.575,3.0,34.19,691.2,500.0,10.575,4.496269292962845,20.2164375548406,0.14839409722222222,1.7890463651383726,34.66480287,32.07081393,2.59398893
F03_y34.19_Vol691.2_Am500_rho10.616,3.0,34.19,691.2,500.0,10.616,4.496269292962845,20.2164375548406,0.14839409722222222,1.7890463651383726,34.66480287,32.07203733,2.59276554
F03_y34.19_Vol691.2_Am550_rho10.493,3.0,34.19,691.2,550.0,10.493,4.496269292962845,20.2164375548406,0.14839409722222222,1.7890463651383726,34.66480286,32.07076764,2.59403522
F03_y34.19_Vol691.2_Am550_rho10.534,3.0,34.19,691.2,550.0,10.534,4.496269292962845,20.2164375548406,0.14839409722222222,1.7890463651383726,34.66480286,32.07189479,2.59290808
F03_y34.19_Vol691.2_Am550_rho10.575,3.0,34.19,691.2,550.0,10.575,4.496269292962845,20.2164375548406,0.14839409722222222,1.7890463651383726,34.66480286,32.07303492,2.59176795
F03_y34.19_Vol691.2_Am550_rho10.616,3.0,34.19,691.2,550.0,10.616,4.496269292962845,20.2164375548406,0.14839409722222222,1.7890463651383726,34.66480287,32.07416264,2.59064023
F03_y34.19_Vol738.0_Am450_rho10.493,3.0,34.19,738.0,450.0,10.493,4.6459938492873905,21.585258847616263,0.13898373983739837,1.6755946444222807,34.63392478,32.18298182,2.45094296
F03_y34.19_Vol738.0_Am450_rho10.534,3.0,34.19,738.0,450.0,10.534,4.6459938492873905,21.585258847616263,0.13898373983739837,1.6755946444222807,34.63392478,32.18404961,2.44987517
F03_y34.19_Vol738.0_Am450_rho10.575,3.0,34.19,738.0,450.0,10.575,4.6459938492873905,21.585258847616263,0.13898373983739837,1.6755946444222807,34.63392478,32.18507209,2.4488527
F03_y34.19_Vol738.0_Am450_rho10.616,3.0,34.19,738.0,450.0,10.616,4.6459938492873905,21.585258847616263,0.13898373983739837,1.6755946444222807,34.63392478,32.18610313,2.44782165
F03_y34.19_Vol738.0_Am500_rho10.493,3.0,34.19,738.0,500.0,10.493,4.6459938492873905,21.585258847616263,0.13898373983739837,1.6755946444222807,34.63392478,32.1857443,2.44818048
F03_y34.19_Vol738.0_Am500_rho10.534,3.0,34.19,738.0,500.0,10.534,4.6459938492873905,21.585258847616263,0.13898373983739837,1.6755946444222807,34.63392478,32.18676608,2.4471587
F03_y34.19_Vol738.0_Am500_rho10.575,3.0,34.19,738.0,500.0,10.575,4.6459938492873905,21.585258847616263,0.13898373983739837,1.6755946444222807,34.63392478,32.18777715,2.44614764
F03_y34.19_Vol738.0_Am500_rho10.616,3.0,34.19,738.0,500.0,10.616,4.6459938492873905,21.585258847616263,0.13898373983739837,1.6755946444222807,34.63392478,32.18881011,2.44511468
F03_y34.19_Vol738.0_Am550_rho10.493,3.0,34.19,738.0,550.0,10.493,4.6459938492873905,21.585258847616263,0.13898373983739837,1.6755946444222807,34.63392478,32.18856518,2.4453596
F03_y34.19_Vol738.0_Am550_rho10.534,3.0,34.19,738.0,550.0,10.534,4.6459938492873905,21.585258847616263,0.13898373983739837,1.6755946444222807,34.63392478,32.1895258,2.44439898
F03_y34.19_Vol738.0_Am550_rho10.575,3.0,34.19,738.0,550.0,10.575,4.6459938492873905,21.585258847616263,0.13898373983739837,1.6755946444222807,34.63392478,32.19050358,2.4434212
F03_y34.19_Vol738.0_Am550_rho10.616,3.0,34.19,738.0,550.0,10.616,4.6459938492873905,21.585258847616263,0.13898373983739837,1.6755946444222807,34.63392478,32.19147379,2.44245099
F03_y34.97_Vol421.6_Am450_rho10.493,3.0,34.97,421.6,450.0,10.493,3.4721820288081315,12.056048041178153,0.24883776091081594,3.0,35.79971838,32.0953308,3.70438759
F03_y34.97_Vol421.6_Am450_rho10.534,3.0,34.97,421.6,450.0,10.534,3.4721820288081315,12.056048041178153,0.24883776091081594,3.0,35.79971839,32.10392001,3.69579838
F03_y34.97_Vol421.6_Am450_rho10.575,3.0,34.97,421.6,450.0,10.575,3.4721820288081315,12.056048041178153,0.24883776091081594,3.0,35.7997184,32.11232977,3.68738863
F03_y34.97_Vol421.6_Am450_rho10.616,3.0,34.97,421.6,450.0,10.616,3.4721820288081315,12.056048041178153,0.24883776091081594,3.0,35.79971841,32.12060282,3.67911559
F03_y34.97_Vol421.6_Am500_rho10.493,3.0,34.97,421.6,500.0,10.493,3.4721820288081315,12.056048041178153,0.24883776091081594,3.0,35.79971838,32.11489308,3.6848253
F03_y34.97_Vol421.6_Am500_rho10.534,3.0,34.97,421.6,500.0,10.534,3.4721820288081315,12.056048041178153,0.24883776091081594,3.0,35.79971838,32.12330832,3.67641006
F03_y34.97_Vol421.6_Am500_rho10.575,3.0,34.97,421.6,500.0,10.575,3.4721820288081315,12.056048041178153,0.24883776091081594,3.0,35.79971839,32.13157998,3.66813841
F03_y34.97_Vol421.6_Am500_rho10.616,3.0,34.97,421.6,500.0,10.616,3.4721820288081315,12.056048041178153,0.24883776091081594,3.0,35.7997184,32.13974667,3.65997172
F03_y34.97_Vol421.6_Am550_rho10.493,3.0,34.97,421.6,550.0,10.493,3.4721820288081315,12.056048041178153,0.24883776091081594,3.0,35.79971837,32.13225339,3.66746498
F03_y34.97_Vol421.6_Am550_rho10.534,3.0,34.97,421.6,550.0,10.534,3.4721820288081315,12.056048041178153,0.24883776091081594,3.0,35.79971838,32.14044038,3.659278
F03_y34.97_Vol421.6_Am550_rho10.575,3.0,34.97,421.6,550.0,10.575,3.4721820288081315,12.056048041178153,0.24883776091081594,3.0,35.79971838,32.14863007,3.65108831
F03_y34.97_Vol421.6_Am550_rho10.616,3.0,34.97,421.6,550.0,10.616,3.4721820288081315,12.056048041178153,0.24883776091081594,3.0,35.79971839,32.15664736,3.64307103
F03_y34.97_Vol455.9_Am450_rho10.493,3.0,34.97,455.9,450.0,10.493,3.610663202487297,13.036888761795824,0.23011625356437818,2.7742926080280768,35.73459929,32.13860908,3.59599021
F03_y34.97_Vol455.9_Am450_rho10.534,3.0,34.97,455.9,450.0,10.534,3.610663202487297,13.036888761795824,0.23011625356437818,2.7742926080280768,35.7345993,32.14779439,3.58680491
F03_y34.97_Vol455.9_Am450_rho10.575,3.0,34.97,455.9,450.0,10.575,3.610663202487297,13.036888761795824,0.23011625356437818,2.7742926080280768,35.7345993,32.15693313,3.57766617
F03_y34.97_Vol455.9_Am450_rho10.616,3.0,34.97,455.9,450.0,10.616,3.610663202487297,13.036888761795824,0.23011625356437818,2.7742926080280768,35.73459931,32.1659383,3.56866101
F03_y34.97_Vol455.9_Am500_rho10.493,3.0,34.97,455.9,500.0,10.493,3.610663202487297,13.036888761795824,0.23011625356437818,2.7742926080280768,35.73459928,32.15938103,3.57521826
F03_y34.97_Vol455.9_Am500_rho10.534,3.0,34.97,455.9,500.0,10.534,3.610663202487297,13.036888761795824,0.23011625356437818,2.7742926080280768,35.73459929,32.1685235,3.56607579
F03_y34.97_Vol455.9_Am500_rho10.575,3.0,34.97,455.9,500.0,10.575,3.610663202487297,13.036888761795824,0.23011625356437818,2.7742926080280768,35.73459929,32.1775661,3.5570332
F03_y34.97_Vol455.9_Am500_rho10.616,3.0,34.97,455.9,500.0,10.616,3.610663202487297,13.036888761795824,0.23011625356437818,2.7742926080280768,35.7345993,32.18656364,3.54803566
F03_y34.97_Vol455.9_Am550_rho10.493,3.0,34.97,455.9,550.0,10.493,3.610663202487297,13.036888761795824,0.23011625356437818,2.7742926080280768,35.73459928,32.17856578,3.5560335
F03_y34.97_Vol455.9_Am550_rho10.534,3.0,34.97,455.9,550.0,10.534,3.610663202487297,13.036888761795824,0.23011625356437818,2.7742926080280768,35.73459928,32.1875792,3.54702009
F03_y34.97_Vol455.9_Am550_rho10.575,3.0,34.97,455.9,550.0,10.575,3.610663202487297,13.036888761795824,0.23011625356437818,2.7742926080280768,35.73459929,32.19653094,3.53806835
F03_y34.97_Vol455.9_Am550_rho10.616,3.0,34.97,455.9,550.0,10.616,3.610663202487297,13.036888761795824,0.23011625356437818,2.7742926080280768,35.73459929,32.20541456,3.52918474
F03_y34.97_Vol514.7_Am450_rho10.493,3.0,34.97,514.7,450.0,10.493,3.8364475751846796,14.718329997140408,0.20382747231396928,2.4573537983291236,35.6439303,32.19650992,3.44742038
F03_y34.97_Vol514.7_Am450_rho10.534,3.0,34.97,514.7,450.0,10.534,3.8364475751846796,14.718329997140408,0.20382747231396928,2.4573537983291236,35.64393031,32.20505922,3.43887109
F03_y34.97_Vol514.7_Am450_rho10.575,3.0,34.97,514.7,450.0,10.575,3.8364475751846796,14.718329997140408,0.20382747231396928,2.4573537983291236,35.64393031,32.21358793,3.43034238
F03_y34.97_Vol514.7_Am450_rho10.616,3.0,34.97,514.7,450.0,10.616,3.8364475751846796,14.718329997140408,0.20382747231396928,2.4573537983291236,35.64393031,32.2221986,3.42173171
F03_y34.97_Vol514.7_Am500_rho10.493,3.0,34.97,514.7,500.0,10.493,3.8364475751846796,14.718329997140408,0.20382747231396928,2.4573537983291236,35.6439303,32.21527718,3.42865312
F03_y34.97_Vol514.7_Am500_rho10.534,3.0,34.97,514.7,500.0,10.534,3.8364475751846796,14.718329997140408,0.20382747231396928,2.4573537983291236,35.6439303,32.2240168,3.41991351
F03_y34.97_Vol514.7_Am500_rho10.575,3.0,34.97,514.7,500.0,10.575,3.8364475751846796,14.718329997140408,0.20382747231396928,2.4573537983291236,35.64393031,32.23273026,3.41120005
F03_y34.97_Vol514.7_Am500_rho10.616,3.0,34.97,514.7,500.0,10.616,3.8364475751846796,14.718329997140408,0.20382747231396928,2.4573537983291236,35.64393031,32.24150299,3.40242732
F03_y34.97_Vol514.7_Am550_rho10.493,3.0,34.97,514.7,550.0,10.493,3.8364475751846796,14.718329997140408,0.20382747231396928,2.4573537983291236,35.6439303,32.23337343,3.41055687
F03_y34.97_Vol514.7_Am550_rho10.534,3.0,34.97,514.7,550.0,10.534,3.8364475751846796,14.718329997140408,0.20382747231396928,2.4573537983291236,35.6439303,32.24212169,3.40180861
F03_y34.97_Vol514.7_Am550_rho10.575,3.0,34.97,514.7,550.0,10.575,3.8364475751846796,14.718329997140408,0.20382747231396928,2.4573537983291236,35.64393031,32.2508968,3.39303351
F03_y34.97_Vol514.7_Am550_rho10.616,3.0,34.97,514.7,550.0,10.616,3.8364475751846796,14.718329997140408,0.20382747231396928,2.4573537983291236,35.64393031,32.25971428,3.38421602
F03_y34.97_Vol573.5_Am450_rho10.493,3.0,34.97,573.5,450.0,10.493,4.049663101109151,16.399771232484987,0.18292938099389713,2.2054054054054055,35.57248757,32.30296471,3.26952285
F03_y34.97_Vol573.5_Am450_rho10.534,3.0,34.97,573.5,450.0,10.534,4.049663101109151,16.399771232484987,0.18292938099389713,2.2054054054054055,35.57248757,32.30791173,3.26457584
F03_y34.97_Vol573.5_Am450_rho10.575,3.0,34.97,573.5,450.0,10.575,4.049663101109151,16.399771232484987,0.18292938099389713,2.2054054054054055,35.57248758,32.31301872,3.25946885
F03_y34.97_Vol573.5_Am450_rho10.616,3.0,34.97,573.5,450.0,10.616,4.049663101109151,16.399771232484987,0.18292938099389713,2.2054054054054055,35.57248758,32.31825676,3.25423082
F03_y34.97_Vol573.5_Am500_rho10.493,3.0,34.97,573.5,500.0,10.493,4.049663101109151,16.399771232484987,0.18292938099389713,2.2054054054054055,35.57248756,32.31295752,3.25953004
F03_y34.97_Vol573.5_Am500_rho10.534,3.0,34.97,573.5,500.0,10.534,4.049663101109151,16.399771232484987,0.18292938099389713,2.2054054054054055,35.57248757,32.31837104,3.25411653
F03_y34.97_Vol573.5_Am500_rho10.575,3.0,34.97,573.5,500.0,10.575,4.049663101109151,16.399771232484987,0.18292938099389713,2.2054054054054055,35.57248757,32.32383937,3.2486482
F03_y34.97_Vol573.5_Am500_rho10.616,3.0,34.97,573.5,500.0,10.616,4.049663101109151,16.399771232484987,0.18292938099389713,2.2054054054054055,35.57248758,32.32954074,3.24294684
F03_y34.97_Vol573.5_Am550_rho10.493,3.0,34.97,573.5,550.0,10.493,4.049663101109151,16.399771232484987,0.18292938099389713,2.2054054054054055,35.57248756,32.323875,3.24861256
F03_y34.97_Vol573.5_Am550_rho10.534,3.0,34.97,573.5,550.0,10.534,4.049663101109151,16.399771232484987,0.18292938099389713,2.2054054054054055,35.57248757,32.32957644,3.24291113
F03_y34.97_Vol573.5_Am550_rho10.575,3.0,34.97,573.5,550.0,10.575,4.049663101109151,16.399771232484987,0.18292938099389713,2.2054054054054055,35.57248757,32.33541647,3.2370711
F03_y34.97_Vol573.5_Am550_rho10.616,3.0,34.97,573.5,550.0,10.616,4.049663101109151,16.399771232484987,0.18292938099389713,2.2054054054054055,35.57248758,32.34141642,3.23107115
F03_y34.97_Vol632.3_Am450_rho10.493,3.0,34.97,632.3,450.0,10.493,4.252200896927327,18.081212467829566,0.16591807686224896,2.000316305551163,35.51474177,32.48976528,3.0249765
F03_y34.97_Vol632.3_Am450_rho10.534,3.0,34.97,632.3,450.0,10.534,4.252200896927327,18.081212467829566,0.16591807686224896,2.000316305551163,35.51474178,32.49145376,3.02328802
F03_y34.97_Vol632.3_Am450_rho10.575,3.0,34.97,632.3,450.0,10.575,4.252200896927327,18.081212467829566,0.16591807686224896,2.000316305551163,35.51474178,32.49312689,3.02161488
F03_y34.97_Vol632.3_Am450_rho10.616,3.0,34.97,632.3,450.0,10.616,4.252200896927327,18.081212467829566,0.16591807686224896,2.000316305551163,35.51474178,32.49481707,3.01992471
F03_y34.97_Vol632.3_Am500_rho10.493,3.0,34.97,632.3,500.0,10.493,4.252200896927327,18.081212467829566,0.16591807686224896,2.000316305551163,35.51474177,32.49182565,3.02291612
F03_y34.97_Vol632.3_Am500_rho10.534,3.0,34.97,632.3,500.0,10.534,4.252200896927327,18.081212467829566,0.16591807686224896,2.000316305551163,35.51474177,32.49349166,3.02125012
F03_y34.97_Vol632.3_Am500_rho10.575,3.0,34.97,632.3,500.0,10.575,4.252200896927327,18.081212467829566,0.16591807686224896,2.000316305551163,35.51474178,32.49516766,3.01957412
F03_y34.97_Vol632.3_Am500_rho10.616,3.0,34.97,632.3,500.0,10.616,4.252200896927327,18.081212467829566,0.16591807686224896,2.000316305551163,35.51474178,32.49680084,3.01794094
F03_y34.97_Vol632.3_Am550_rho10.493,3.0,34.97,632.3,550.0,10.493,4.252200896927327,18.081212467829566,0.16591807686224896,2.000316305551163,35.51474177,32.49407819,3.02066358
F03_y34.97_Vol632.3_Am550_rho10.534,3.0,34.97,632.3,550.0,10.534,4.252200896927327,18.081212467829566,0.16591807686224896,2.000316305551163,35.51474177,32.49568554,3.01905624
F03_y34.97_Vol632.3_Am550_rho10.575,3.0,34.97,632.3,550.0,10.575,4.252200896927327,18.081212467829566,0.16591807686224896,2.000316305551163,35.51474178,32.49725505,3.01748672
F03_y34.97_Vol632.3_Am550_rho10.616,3.0,34.97,632.3,550.0,10.616,4.252200896927327,18.081212467829566,0.16591807686224896,2.000316305551163,35.51474178,32.49890993,3.01583185
F03_y34.97_Vol691.2_Am450_rho10.493,3.0,34.97,691.2,450.0,10.493,4.445842248338532,19.765513297111813,0.15177951388888886,1.8298611111111107,35.46702372,32.66973094,2.79729279
F03_y34.97_Vol691.2_Am450_rho10.534,3.0,34.97,691.2,450.0,10.534,4.445842248338532,19.765513297111813,0.15177951388888886,1.8298611111111107,35.46702372,32.67109244,2.79593128
F03_y34.97_Vol691.2_Am450_rho10.575,3.0,34.97,691.2,450.0,10.575,4.445842248338532,19.765513297111813,0.15177951388888886,1.8298611111111107,35.46702373,32.67251589,2.79450784
F03_y34.97_Vol691.2_Am450_rho10.616,3.0,34.97,691.2,450.0,10.616,4.445842248338532,19.765513297111813,0.15177951388888886,1.8298611111111107,35.46702373,32.8302513,2.63677243
F03_y34.97_Vol691.2_Am500_rho10.493,3.0,34.97,691.2,500.0,10.493,4.445842248338532,19.765513297111813,0.15177951388888886,1.8298611111111107,35.46702372,32.67224599,2.79477773
F03_y34.97_Vol691.2_Am500_rho10.534,3.0,34.97,691.2,500.0,10.534,4.445842248338532,19.765513297111813,0.15177951388888886,1.8298611111111107,35.46702372,32.67361717,2.79340655
F03_y34.97_Vol691.2_Am500_rho10.575,3.0,34.97,691.2,500.0,10.575,4.445842248338532,19.765513297111813,0.15177951388888886,1.8298611111111107,35.46702372,32.67500076,2.79202296
F03_y34.97_Vol691.2_Am500_rho10.616,3.0,34.97,691.2,500.0,10.616,4.445842248338532,19.765513297111813,0.15177951388888886,1.8298611111111107,35.46702373,32.67633428,2.79068945
F03_y34.97_Vol691.2_Am550_rho10.493,3.0,34.97,691.2,550.0,10.493,4.445842248338532,19.765513297111813,0.15177951388888886,1.8298611111111107,35.46702372,32.67495329,2.79207043
F03_y34.97_Vol691.2_Am550_rho10.534,3.0,34.97,691.2,550.0,10.534,4.445842248338532,19.765513297111813,0.15177951388888886,1.8298611111111107,35.46702372,32.67628249,2.79074124
F03_y34.97_Vol691.2_Am550_rho10.575,3.0,34.97,691.2,550.0,10.575,4.445842248338532,19.765513297111813,0.15177951388888886,1.8298611111111107,35.46702372,32.67762642,2.78939731
F03_y34.97_Vol691.2_Am550_rho10.616,3.0,34.97,691.2,550.0,10.616,4.445842248338532,19.765513297111813,0.15177951388888886,1.8298611111111107,35.46702373,32.67897339,2.78805034
F03_y34.97_Vol738.0_Am450_rho10.493,3.0,34.97,738.0,450.0,10.493,4.593887597660296,21.103803259937088,0.14215447154471544,1.7138211382113822,35.43468131,32.79543392,2.63924739
F03_y34.97_Vol738.0_Am450_rho10.534,3.0,34.97,738.0,450.0,10.534,4.593887597660296,21.103803259937088,0.14215447154471544,1.7138211382113822,35.43468131,32.79673045,2.63795086
F03_y34.97_Vol738.0_Am450_rho10.575,3.0,34.97,738.0,450.0,10.575,4.593887597660296,21.103803259937088,0.14215447154471544,1.7138211382113822,35.43468131,32.79802858,2.63665273
F03_y34.97_Vol738.0_Am450_rho10.616,3.0,34.97,738.0,450.0,10.616,4.593887597660296,21.103803259937088,0.14215447154471544,1.7138211382113822,35.43468131,32.79928687,2.63539444
F03_y34.97_Vol738.0_Am500_rho10.493,3.0,34.97,738.0,500.0,10.493,4.593887597660296,21.103803259937088,0.14215447154471544,1.7138211382113822,35.4346813,32.79859396,2.63608734
F03_y34.97_Vol738.0_Am500_rho10.534,3.0,34.97,738.0,500.0,10.534,4.593887597660296,21.103803259937088,0.14215447154471544,1.7138211382113822,35.43468131,33.75966307,1.67501823
F03_y34.97_Vol738.0_Am500_rho10.575,3.0,34.97,738.0,500.0,10.575,4.593887597660296,21.103803259937088,0.14215447154471544,1.7138211382113822,35.43468131,32.80099771,2.63368359
F03_y34.97_Vol738.0_Am500_rho10.616,3.0,34.97,738.0,500.0,10.616,4.593887597660296,21.103803259937088,0.14215447154471544,1.7138211382113822,35.43468131,32.80218463,2.63249667
F03_y34.97_Vol738.0_Am550_rho10.493,3.0,34.97,738.0,550.0,10.493,4.593887597660296,21.103803259937088,0.14215447154471544,1.7138211382113822,35.4346813,32.80163328,2.63304802
F03_y34.97_Vol738.0_Am550_rho10.534,3.0,34.97,738.0,550.0,10.534,4.593887597660296,21.103803259937088,0.14215447154471544,1.7138211382113822,35.43468131,32.80280324,2.63187807
F03_y34.97_Vol738.0_Am550_rho10.575,3.0,34.97,738.0,550.0,10.575,4.593887597660296,21.103803259937088,0.14215447154471544,1.7138211382113822,35.43468131,32.80399457,2.63068674
F03_y34.97_Vol738.0_Am550_rho10.616,3.0,34.97,738.0,550.0,10.616,4.593887597660296,21.103803259937088,0.14215447154471544,1.7138211382113822,35.43468131,32.80514101,2.6295403
F06_y32.69_Vol421.6_Am450_rho10.493,6.0,32.69,421.6,450.0,10.493,3.591226861414324,12.896910370143777,0.46522770398481966,5.608807549327994,34.20199526,30.43791052,3.76408474
F06_y32.69_Vol421.6_Am450_rho10.534,6.0,32.69,421.6,450.0,10.534,3.591226861414324,12.896910370143777,0.46522770398481966,5.608807549327994,34.20199527,30.44425448,3.75774079
F06_y32.69_Vol421.6_Am450_rho10.575,6.0,32.69,421.6,450.0,10.575,3.591226861414324,12.896910370143777,0.46522770398481966,5.608807549327994,34.20199527,30.45095701,3.75103826
F06_y32.69_Vol421.6_Am450_rho10.616,6.0,32.69,421.6,450.0,10.616,3.591226861414324,12.896910370143777,0.46522770398481966,5.608807549327994,34.20199528,30.45775192,3.74424336
F06_y32.69_Vol421.6_Am500_rho10.493,6.0,32.69,421.6,500.0,10.493,3.591226861414324,12.896910370143777,0.46522770398481966,5.608807549327994,34.20199526,30.44017694,3.76181832
F06_y32.69_Vol421.6_Am500_rho10.534,6.0,32.69,421.6,500.0,10.534,3.591226861414324,12.896910370143777,0.46522770398481966,5.608807549327994,34.20199526,30.44709741,3.75489785
F06_y32.69_Vol421.6_Am500_rho10.575,6.0,32.69,421.6,500.0,10.575,3.591226861414324,12.896910370143777,0.46522770398481966,5.608807549327994,34.20199527,30.45415077,3.7478445
F06_y32.69_Vol421.6_Am500_rho10.616,6.0,32.69,421.6,500.0,10.616,3.591226861414324,12.896910370143777,0.46522770398481966,5.608807549327994,34.20199527,30.4613065,3.74068877
F06_y32.69_Vol421.6_Am550_rho10.493,6.0,32.69,421.6,550.0,10.493,3.591226861414324,12.896910370143777,0.46522770398481966,5.608807549327994,34.20199526,30.44373622,3.75825904
F06_y32.69_Vol421.6_Am550_rho10.534,6.0,32.69,421.6,550.0,10.534,3.591226861414324,12.896910370143777,0.46522770398481966,5.608807549327994,34.20199526,30.4510863,3.75090896
F06_y32.69_Vol421.6_Am550_rho10.575,6.0,32.69,421.6,550.0,10.575,3.591226861414324,12.896910370143777,0.46522770398481966,5.608807549327994,34.20199526,30.458569,3.74342626
F06_y32.69_Vol421.6_Am550_rho10.616,6.0,32.69,421.6,550.0,10.616,3.591226861414324,12.896910370143777,0.46522770398481966,5.608807549327994,34.20199527,30.4659794,3.73601587
F06_y32.69_Vol455.9_Am450_rho10.493,6.0,32.69,455.9,450.0,10.493,3.734455904877668,13.946160905475681,0.4302259267383198,5.186824441317576,34.07861721,30.54878911,3.5298281
F06_y32.69_Vol455.9_Am450_rho10.534,6.0,32.69,455.9,450.0,10.534,3.734455904877668,13.946160905475681,0.4302259267383198,5.186824441317576,34.07861722,30.55135789,3.52725933
F06_y32.69_Vol455.9_Am450_rho10.575,6.0,32.69,455.9,450.0,10.575,3.734455904877668,13.946160905475681,0.4302259267383198,5.186824441317576,34.07861722,33.48611465,0.59250257
F06_y32.69_Vol455.9_Am450_rho10.616,6.0,32.69,455.9,450.0,10.616,3.734455904877668,13.946160905475681,0.4302259267383198,5.186824441317576,34.07861723,30.55626085,3.52235637
F06_y32.69_Vol455.9_Am500_rho10.493,6.0,32.69,455.9,500.0,10.493,3.734455904877668,13.946160905475681,0.4302259267383198,5.186824441317576,34.07861721,30.53944351,3.5391737
F06_y32.69_Vol455.9_Am500_rho10.534,6.0,32.69,455.9,500.0,10.534,3.734455904877668,13.946160905475681,0.4302259267383198,5.186824441317576,34.07861721,30.54185555,3.53676167
F06_y32.69_Vol455.9_Am500_rho10.575,6.0,32.69,455.9,500.0,10.575,3.734455904877668,13.946160905475681,0.4302259267383198,5.186824441317576,34.07861722,30.54440426,3.53421296
F06_y32.69_Vol455.9_Am500_rho10.616,6.0,32.69,455.9,500.0,10.616,3.734455904877668,13.946160905475681,0.4302259267383198,5.186824441317576,34.07861722,30.54707503,3.5315422
F06_y32.69_Vol455.9_Am550_rho10.493,6.0,32.69,455.9,550.0,10.493,3.734455904877668,13.946160905475681,0.4302259267383198,5.186824441317576,34.07861721,30.53047342,3.54814379
F06_y32.69_Vol455.9_Am550_rho10.534,6.0,32.69,455.9,550.0,10.534,3.734455904877668,13.946160905475681,0.4302259267383198,5.186824441317576,34.07861721,30.533318,3.54529922
F06_y32.69_Vol455.9_Am550_rho10.575,6.0,32.69,455.9,550.0,10.575,3.734455904877668,13.946160905475681,0.4302259267383198,5.186824441317576,34.07861722,30.53632454,3.54229267
F06_y32.69_Vol455.9_Am550_rho10.616,6.0,32.69,455.9,550.0,10.616,3.734455904877668,13.946160905475681,0.4302259267383198,5.186824441317576,34.07861722,30.53945769,3.53915953
F06_y32.69_Vol514.7_Am450_rho10.493,6.0,32.69,514.7,450.0,10.493,3.967981364485197,15.744876108901808,0.3810763551583446,4.594274845146071,33.90822664,30.75780828,3.15041836
F06_y32.69_Vol514.7_Am450_rho10.534,6.0,32.69,514.7,450.0,10.534,3.967981364485197,15.744876108901808,0.3810763551583446,4.594274845146071,33.90822664,30.75975181,3.14847483
F06_y32.69_Vol514.7_Am450_rho10.575,6.0,32.69,514.7,450.0,10.575,3.967981364485197,15.744876108901808,0.3810763551583446,4.594274845146071,33.90822665,30.7616729,3.14655375
F06_y32.69_Vol514.7_Am450_rho10.616,6.0,32.69,514.7,450.0,10.616,3.967981364485197,15.744876108901808,0.3810763551583446,4.594274845146071,33.90822665,30.7634414,3.14478525
F06_y32.69_Vol514.7_Am500_rho10.493,6.0,32.69,514.7,500.0,10.493,3.967981364485197,15.744876108901808,0.3810763551583446,4.594274845146071,33.90822664,30.75042772,3.15779892
F06_y32.69_Vol514.7_Am500_rho10.534,6.0,32.69,514.7,500.0,10.534,3.967981364485197,15.744876108901808,0.3810763551583446,4.594274845146071,33.90822664,30.75227262,3.15595402
F06_y32.69_Vol514.7_Am500_rho10.575,6.0,32.69,514.7,500.0,10.575,3.967981364485197,15.744876108901808,0.3810763551583446,4.594274845146071,33.90822664,30.75409776,3.15412889
F06_y32.69_Vol514.7_Am500_rho10.616,6.0,32.69,514.7,500.0,10.616,3.967981364485197,15.744876108901808,0.3810763551583446,4.594274845146071,33.90822665,30.75592006,3.15230659
F06_y32.69_Vol514.7_Am550_rho10.493,6.0,32.69,514.7,550.0,10.493,3.967981364485197,15.744876108901808,0.3810763551583446,4.594274845146071,33.90822664,30.74359991,3.16462673
F06_y32.69_Vol514.7_Am550_rho10.534,6.0,32.69,514.7,550.0,10.534,3.967981364485197,15.744876108901808,0.3810763551583446,4.594274845146071,33.90822664,30.7454762,3.16275044
F06_y32.69_Vol514.7_Am550_rho10.575,6.0,32.69,514.7,550.0,10.575,3.967981364485197,15.744876108901808,0.3810763551583446,4.594274845146071,33.90822664,30.74730811,3.16091854
F06_y32.69_Vol514.7_Am550_rho10.616,6.0,32.69,514.7,550.0,10.616,3.967981364485197,15.744876108901808,0.3810763551583446,4.594274845146071,33.90822665,30.74895935,3.15926729
F06_y32.69_Vol573.5_Am450_rho10.493,6.0,32.69,573.5,450.0,10.493,4.188507050528616,17.54359131232793,0.3420052310374891,4.123231495722202,33.77509712,30.92815046,2.84694666
F06_y32.69_Vol573.5_Am450_rho10.534,6.0,32.69,573.5,450.0,10.534,4.188507050528616,17.54359131232793,0.3420052310374891,4.123231495722202,33.77509713,30.92958619,2.84551094
F06_y32.69_Vol573.5_Am450_rho10.575,6.0,32.69,573.5,450.0,10.575,4.188507050528616,17.54359131232793,0.3420052310374891,4.123231495722202,33.77509713,30.93101843,2.8440787
F06_y32.69_Vol573.5_Am450_rho10.616,6.0,32.69,573.5,450.0,10.616,4.188507050528616,17.54359131232793,0.3420052310374891,4.123231495722202,33.77509713,30.9325815,2.84251563
F06_y32.69_Vol573.5_Am500_rho10.493,6.0,32.69,573.5,500.0,10.493,4.188507050528616,17.54359131232793,0.3420052310374891,4.123231495722202,33.77509712,30.92322057,2.85187656
F06_y32.69_Vol573.5_Am500_rho10.534,6.0,32.69,573.5,500.0,10.534,4.188507050528616,17.54359131232793,0.3420052310374891,4.123231495722202,33.77509713,30.9246245,2.85047262
F06_y32.69_Vol573.5_Am500_rho10.575,6.0,32.69,573.5,500.0,10.575,4.188507050528616,17.54359131232793,0.3420052310374891,4.123231495722202,33.77509713,30.92610578,2.84899134
F06_y32.69_Vol573.5_Am500_rho10.616,6.0,32.69,573.5,500.0,10.616,4.188507050528616,17.54359131232793,0.3420052310374891,4.123231495722202,33.77509713,30.92769629,2.84740083
F06_y32.69_Vol573.5_Am550_rho10.493,6.0,32.69,573.5,550.0,10.493,4.188507050528616,17.54359131232793,0.3420052310374891,4.123231495722202,33.77509712,30.91857703,2.85652009
F06_y32.69_Vol573.5_Am550_rho10.534,6.0,32.69,573.5,550.0,10.534,4.188507050528616,17.54359131232793,0.3420052310374891,4.123231495722202,33.77509712,30.9200292,2.85506792
F06_y32.69_Vol573.5_Am550_rho10.575,6.0,32.69,573.5,550.0,10.575,4.188507050528616,17.54359131232793,0.3420052310374891,4.123231495722202,33.77509713,30.92142974,2.85366739
F06_y32.69_Vol573.5_Am550_rho10.616,6.0,32.69,573.5,550.0,10.616,4.188507050528616,17.54359131232793,0.3420052310374891,4.123231495722202,33.77509713,30.92297336,2.85212376
F06_y32.69_Vol632.3_Am450_rho10.493,6.0,32.69,632.3,450.0,10.493,4.397988917193182,19.342306515754053,0.31020085402498815,3.7397963985397484,33.66820713,31.07065501,2.59755212
F06_y32.69_Vol632.3_Am450_rho10.534,6.0,32.69,632.3,450.0,10.534,4.397988917193182,19.342306515754053,0.31020085402498815,3.7397963985397484,33.66820713,31.07185751,2.59634962
F06_y32.69_Vol632.3_Am450_rho10.575,6.0,32.69,632.3,450.0,10.575,4.397988917193182,19.342306515754053,0.31020085402498815,3.7397963985397484,33.66820713,31.07305565,2.59515149
F06_y32.69_Vol632.3_Am450_rho10.616,6.0,32.69,632.3,450.0,10.616,4.397988917193182,19.342306515754053,0.31020085402498815,3.7397963985397484,33.66820713,31.07431339,2.59389375
F06_y32.69_Vol632.3_Am500_rho10.493,6.0,32.69,632.3,500.0,10.493,4.397988917193182,19.342306515754053,0.31020085402498815,3.7397963985397484,33.66820713,31.0679153,2.60029183
F06_y32.69_Vol632.3_Am500_rho10.534,6.0,32.69,632.3,500.0,10.534,4.397988917193182,19.342306515754053,0.31020085402498815,3.7397963985397484,33.66820713,31.06909731,2.59910982
F06_y32.69_Vol632.3_Am500_rho10.575,6.0,32.69,632.3,500.0,10.575,4.397988917193182,19.342306515754053,0.31020085402498815,3.7397963985397484,33.66820713,31.07026145,2.59794568
F06_y32.69_Vol632.3_Am500_rho10.616,6.0,32.69,632.3,500.0,10.616,4.397988917193182,19.342306515754053,0.31020085402498815,3.7397963985397484,33.66820713,31.07148983,2.59671731
F06_y32.69_Vol632.3_Am550_rho10.493,6.0,32.69,632.3,550.0,10.493,4.397988917193182,19.342306515754053,0.31020085402498815,3.7397963985397484,33.66820713,31.06527033,2.6029368
F06_y32.69_Vol632.3_Am550_rho10.534,6.0,32.69,632.3,550.0,10.534,4.397988917193182,19.342306515754053,0.31020085402498815,3.7397963985397484,33.66820713,31.06644427,2.60176287
F06_y32.69_Vol632.3_Am550_rho10.575,6.0,32.69,632.3,550.0,10.575,4.397988917193182,19.342306515754053,0.31020085402498815,3.7397963985397484,33.66820713,31.06756838,2.60063875
F06_y32.69_Vol632.3_Am550_rho10.616,6.0,32.69,632.3,550.0,10.616,4.397988917193182,19.342306515754053,0.31020085402498815,3.7397963985397484,33.66820713,31.06879305,2.59941408
F06_y32.69_Vol691.2_Am450_rho10.493,6.0,32.69,691.2,450.0,10.493,4.598269322108242,21.14408075864179,0.28376736111111106,3.4211129380739043,33.58035699,31.19017489,2.3901821
F06_y32.69_Vol691.2_Am450_rho10.534,6.0,32.69,691.2,450.0,10.534,4.598269322108242,21.14408075864179,0.28376736111111106,3.4211129380739043,33.58035699,31.19119871,2.38915828
F06_y32.69_Vol691.2_Am450_rho10.575,6.0,32.69,691.2,450.0,10.575,4.598269322108242,21.14408075864179,0.28376736111111106,3.4211129380739043,33.58035699,31.19219994,2.38815705
F06_y32.69_Vol691.2_Am450_rho10.616,6.0,32.69,691.2,450.0,10.616,4.598269322108242,21.14408075864179,0.28376736111111106,3.4211129380739043,33.58035699,31.19322348,2.38713351
F06_y32.69_Vol691.2_Am500_rho10.493,6.0,32.69,691.2,500.0,10.493,4.598269322108242,21.14408075864179,0.28376736111111106,3.4211129380739043,33.58035699,31.18859606,2.39176093
F06_y32.69_Vol691.2_Am500_rho10.534,6.0,32.69,691.2,500.0,10.534,4.598269322108242,21.14408075864179,0.28376736111111106,3.4211129380739043,33.58035699,31.18963432,2.39072267
F06_y32.69_Vol691.2_Am500_rho10.575,6.0,32.69,691.2,500.0,10.575,4.598269322108242,21.14408075864179,0.28376736111111106,3.4211129380739043,33.58035699,31.19068553,2.38967147
F06_y32.69_Vol691.2_Am500_rho10.616,6.0,32.69,691.2,500.0,10.616,4.598269322108242,21.14408075864179,0.28376736111111106,3.4211129380739043,33.58035699,31.19172137,2.38863562
F06_y32.69_Vol691.2_Am550_rho10.493,6.0,32.69,691.2,550.0,10.493,4.598269322108242,21.14408075864179,0.28376736111111106,3.4211129380739043,33.58035699,31.18717334,2.39318365
F06_y32.69_Vol691.2_Am550_rho10.534,6.0,32.69,691.2,550.0,10.534,4.598269322108242,21.14408075864179,0.28376736111111106,3.4211129380739043,33.58035699,31.18797458,2.39238241
F06_y32.69_Vol691.2_Am550_rho10.575,6.0,32.69,691.2,550.0,10.575,4.598269322108242,21.14408075864179,0.28376736111111106,3.4211129380739043,33.58035699,31.18888683,2.39147016
F06_y32.69_Vol691.2_Am550_rho10.616,6.0,32.69,691.2,550.0,10.616,4.598269322108242,21.14408075864179,0.28376736111111106,3.4211129380739043,33.58035699,31.18991142,2.39044557
F06_y32.69_Vol738.0_Am450_rho10.493,6.0,32.69,738.0,450.0,10.493,4.751390451928238,22.575711226674827,0.2657723577235772,3.2041643127326322,33.52105731,31.27072816,2.25032915
F06_y32.69_Vol738.0_Am450_rho10.534,6.0,32.69,738.0,450.0,10.534,4.751390451928238,22.575711226674827,0.2657723577235772,3.2041643127326322,33.52105731,31.27162225,2.24943506
F06_y32.69_Vol738.0_Am450_rho10.575,6.0,32.69,738.0,450.0,10.575,4.751390451928238,22.575711226674827,0.2657723577235772,3.2041643127326322,33.52105731,31.27252704,2.24853026
F06_y32.69_Vol738.0_Am450_rho10.616,6.0,32.69,738.0,450.0,10.616,4.751390451928238,22.575711226674827,0.2657723577235772,3.2041643127326322,33.52105731,31.2734416,2.2476157
F06_y32.69_Vol738.0_Am500_rho10.493,6.0,32.69,738.0,500.0,10.493,4.751390451928238,22.575711226674827,0.2657723577235772,3.2041643127326322,33.52105731,31.26935252,2.25170478
F06_y32.69_Vol738.0_Am500_rho10.534,6.0,32.69,738.0,500.0,10.534,4.751390451928238,22.575711226674827,0.2657723577235772,3.2041643127326322,33.52105731,31.27024855,2.25080876
F06_y32.69_Vol738.0_Am500_rho10.575,6.0,32.69,738.0,500.0,10.575,4.751390451928238,22.575711226674827,0.2657723577235772,3.2041643127326322,33.52105731,31.27116183,2.24989548
F06_y32.69_Vol738.0_Am500_rho10.616,6.0,32.69,738.0,500.0,10.616,4.751390451928238,22.575711226674827,0.2657723577235772,3.2041643127326322,33.52105731,31.27205477,2.24900254
F06_y32.69_Vol738.0_Am550_rho10.493,6.0,32.69,738.0,550.0,10.493,4.751390451928238,22.575711226674827,0.2657723577235772,3.2041643127326322,33.52105731,31.26805669,2.25300062
F06_y32.69_Vol738.0_Am550_rho10.534,6.0,32.69,738.0,550.0,10.534,4.751390451928238,22.575711226674827,0.2657723577235772,3.2041643127326322,33.52105731,31.26887818,2.25217912
F06_y32.69_Vol738.0_Am550_rho10.575,6.0,32.69,738.0,550.0,10.575,4.751390451928238,22.575711226674827,0.2657723577235772,3.2041643127326322,33.52105731,31.26971395,2.25134336
F06_y32.69_Vol738.0_Am550_rho10.616,6.0,32.69,738.0,550.0,10.616,4.751390451928238,22.575711226674827,0.2657723577235772,3.2041643127326322,33.52105731,31.27055132,2.25050599
F06_y33.19_Vol421.6_Am450_rho10.493,6.0,33.19,421.6,450.0,10.493,3.564073690521467,12.702621271467311,0.4723434535104364,5.69459536745782,34.75080191,31.00509001,3.7457119
F06_y33.19_Vol421.6_Am450_rho10.534,6.0,33.19,421.6,450.0,10.534,3.564073690521467,12.702621271467311,0.4723434535104364,5.69459536745782,34.75080191,31.01409077,3.73671114
F06_y33.19_Vol421.6_Am450_rho10.575,6.0,33.19,421.6,450.0,10.575,3.564073690521467,12.702621271467311,0.4723434535104364,5.69459536745782,34.75080192,31.02307115,3.72773077
F06_y33.19_Vol421.6_Am450_rho10.616,6.0,33.19,421.6,450.0,10.616,3.564073690521467,12.702621271467311,0.4723434535104364,5.69459536745782,34.75080192,31.03213193,3.71867
F06_y33.19_Vol421.6_Am500_rho10.493,6.0,33.19,421.6,500.0,10.493,3.564073690521467,12.702621271467311,0.4723434535104364,5.69459536745782,34.7508019,31.01899028,3.73181162
F06_y33.19_Vol421.6_Am500_rho10.534,6.0,33.19,421.6,500.0,10.534,3.564073690521467,12.702621271467311,0.4723434535104364,5.69459536745782,34.75080191,31.02822147,3.72258043
F06_y33.19_Vol421.6_Am500_rho10.575,6.0,33.19,421.6,500.0,10.575,3.564073690521467,12.702621271467311,0.4723434535104364,5.69459536745782,34.75080191,31.03748203,3.71331988
F06_y33.19_Vol421.6_Am500_rho10.616,6.0,33.19,421.6,500.0,10.616,3.564073690521467,12.702621271467311,0.4723434535104364,5.69459536745782,34.75080192,31.046687,3.70411492
F06_y33.19_Vol421.6_Am550_rho10.493,6.0,33.19,421.6,550.0,10.493,3.564073690521467,12.702621271467311,0.4723434535104364,5.69459536745782,34.7508019,31.03307873,3.71772316
F06_y33.19_Vol421.6_Am550_rho10.534,6.0,33.19,421.6,550.0,10.534,3.564073690521467,12.702621271467311,0.4723434535104364,5.69459536745782,34.7508019,31.04251578,3.70828612
F06_y33.19_Vol421.6_Am550_rho10.575,6.0,33.19,421.6,550.0,10.575,3.564073690521467,12.702621271467311,0.4723434535104364,5.69459536745782,34.75080191,31.05191299,3.69888891
F06_y33.19_Vol421.6_Am550_rho10.616,6.0,33.19,421.6,550.0,10.616,3.564073690521467,12.702621271467311,0.4723434535104364,5.69459536745782,34.75080191,31.06142905,3.68937286
F06_y33.19_Vol455.9_Am450_rho10.493,6.0,33.19,455.9,450.0,10.493,3.7062197829922776,13.736065079843327,0.43680631717481905,5.26615794454972,34.62327261,31.01782321,3.6054494
F06_y33.19_Vol455.9_Am450_rho10.534,6.0,33.19,455.9,450.0,10.534,3.7062197829922776,13.736065079843327,0.43680631717481905,5.26615794454972,34.62327261,31.02439308,3.59887953
F06_y33.19_Vol455.9_Am450_rho10.575,6.0,33.19,455.9,450.0,10.575,3.7062197829922776,13.736065079843327,0.43680631717481905,5.26615794454972,34.62327261,34.21487859,0.40839403
F06_y33.19_Vol455.9_Am450_rho10.616,6.0,33.19,455.9,450.0,10.616,3.7062197829922776,13.736065079843327,0.43680631717481905,5.26615794454972,34.62327262,31.03790418,3.58536844
F06_y33.19_Vol455.9_Am500_rho10.493,6.0,33.19,455.9,500.0,10.493,3.7062197829922776,13.736065079843327,0.43680631717481905,5.26615794454972,34.6232726,31.02452524,3.59874737
F06_y33.19_Vol455.9_Am500_rho10.534,6.0,33.19,455.9,500.0,10.534,3.7062197829922776,13.736065079843327,0.43680631717481905,5.26615794454972,34.62327261,31.03142553,3.59184708
F06_y33.19_Vol455.9_Am500_rho10.575,6.0,33.19,455.9,500.0,10.575,3.7062197829922776,13.736065079843327,0.43680631717481905,5.26615794454972,34.62327261,31.03841819,3.58485442
F06_y33.19_Vol455.9_Am500_rho10.616,6.0,33.19,455.9,500.0,10.616,3.7062197829922776,13.736065079843327,0.43680631717481905,5.26615794454972,34.62327261,31.04547206,3.57780055
F06_y33.19_Vol455.9_Am550_rho10.493,6.0,33.19,455.9,550.0,10.493,3.7062197829922776,13.736065079843327,0.43680631717481905,5.26615794454972,34.6232726,31.03176923,3.59150338
F06_y33.19_Vol455.9_Am550_rho10.534,6.0,33.19,455.9,550.0,10.534,3.7062197829922776,13.736065079843327,0.43680631717481905,5.26615794454972,34.6232726,31.03900503,3.58426757
F06_y33.19_Vol455.9_Am550_rho10.575,6.0,33.19,455.9,550.0,10.575,3.7062197829922776,13.736065079843327,0.43680631717481905,5.26615794454972,34.62327261,31.04624976,3.57702284
F06_y33.19_Vol455.9_Am550_rho10.616,6.0,33.19,455.9,550.0,10.616,3.7062197829922776,13.736065079843327,0.43680631717481905,5.26615794454972,34.62327261,31.0536782,3.56959441
F06_y33.19_Vol514.7_Am450_rho10.493,6.0,33.19,514.7,450.0,10.493,3.9379795628036667,15.507683037059358,0.3869049931999222,4.664545185389969,34.44720168,31.17866211,3.26853957
F06_y33.19_Vol514.7_Am450_rho10.534,6.0,33.19,514.7,450.0,10.534,3.9379795628036667,15.507683037059358,0.3869049931999222,4.664545185389969,34.44720168,31.18075122,3.26645046
F06_y33.19_Vol514.7_Am450_rho10.575,6.0,33.19,514.7,450.0,10.575,3.9379795628036667,15.507683037059358,0.3869049931999222,4.664545185389969,34.44720168,31.18283919,3.26436249
F06_y33.19_Vol514.7_Am450_rho10.616,6.0,33.19,514.7,450.0,10.616,3.9379795628036667,15.507683037059358,0.3869049931999222,4.664545185389969,34.44720168,31.18489361,3.26230808
F06_y33.19_Vol514.7_Am500_rho10.493,6.0,33.19,514.7,500.0,10.493,3.9379795628036667,15.507683037059358,0.3869049931999222,4.664545185389969,34.44720168,31.17441448,3.2727872
F06_y33.19_Vol514.7_Am500_rho10.534,6.0,33.19,514.7,500.0,10.534,3.9379795628036667,15.507683037059358,0.3869049931999222,4.664545185389969,34.44720168,31.17634482,3.27085685
F06_y33.19_Vol514.7_Am500_rho10.575,6.0,33.19,514.7,500.0,10.575,3.9379795628036667,15.507683037059358,0.3869049931999222,4.664545185389969,34.44720168,31.17831949,3.26888219
F06_y33.19_Vol514.7_Am500_rho10.616,6.0,33.19,514.7,500.0,10.616,3.9379795628036667,15.507683037059358,0.3869049931999222,4.664545185389969,34.44720168,31.18034387,3.26685781
F06_y33.19_Vol514.7_Am550_rho10.493,6.0,33.19,514.7,550.0,10.493,3.9379795628036667,15.507683037059358,0.3869049931999222,4.664545185389969,34.44720168,31.17012599,3.27707569
F06_y33.19_Vol514.7_Am550_rho10.534,6.0,33.19,514.7,550.0,10.534,3.9379795628036667,15.507683037059358,0.3869049931999222,4.664545185389969,34.44720168,31.17218747,3.2750142
F06_y33.19_Vol514.7_Am550_rho10.575,6.0,33.19,514.7,550.0,10.575,3.9379795628036667,15.507683037059358,0.3869049931999222,4.664545185389969,34.44720168,31.17414892,3.27305276
F06_y33.19_Vol514.7_Am550_rho10.616,6.0,33.19,514.7,550.0,10.616,3.9379795628036667,15.507683037059358,0.3869049931999222,4.664545185389969,34.44720168,31.17611693,3.27108475
F06_y33.19_Vol573.5_Am450_rho10.493,6.0,33.19,573.5,450.0,10.493,4.156837859993505,17.279300994275385,0.3472362685265911,4.18629713499602,34.30967207,31.35368505,2.95598702
F06_y33.19_Vol573.5_Am450_rho10.534,6.0,33.19,573.5,450.0,10.534,4.156837859993505,17.279300994275385,0.3472362685265911,4.18629713499602,34.30967207,31.35534551,2.95432656
F06_y33.19_Vol573.5_Am450_rho10.575,6.0,33.19,573.5,450.0,10.575,4.156837859993505,17.279300994275385,0.3472362685265911,4.18629713499602,34.30967208,31.35696948,2.9527026
F06_y33.19_Vol573.5_Am450_rho10.616,6.0,33.19,573.5,450.0,10.616,4.156837859993505,17.279300994275385,0.3472362685265911,4.18629713499602,34.30967208,31.35853028,2.9511418
F06_y33.19_Vol573.5_Am500_rho10.493,6.0,33.19,573.5,500.0,10.493,4.156837859993505,17.279300994275385,0.3472362685265911,4.18629713499602,34.30967207,31.35064324,2.95902882
F06_y33.19_Vol573.5_Am500_rho10.534,6.0,33.19,573.5,500.0,10.534,4.156837859993505,17.279300994275385,0.3472362685265911,4.18629713499602,34.30967207,31.35227601,2.95739606
F06_y33.19_Vol573.5_Am500_rho10.575,6.0,33.19,573.5,500.0,10.575,4.156837859993505,17.279300994275385,0.3472362685265911,4.18629713499602,34.30967207,31.35384931,2.95582277
F06_y33.19_Vol573.5_Am500_rho10.616,6.0,33.19,573.5,500.0,10.616,4.156837859993505,17.279300994275385,0.3472362685265911,4.18629713499602,34.30967208,31.35540853,2.95426354
F06_y33.19_Vol573.5_Am550_rho10.493,6.0,33.19,573.5,550.0,10.493,4.156837859993505,17.279300994275385,0.3472362685265911,4.18629713499602,34.30967207,31.34787936,2.96179271
F06_y33.19_Vol573.5_Am550_rho10.534,6.0,33.19,573.5,550.0,10.534,4.156837859993505,17.279300994275385,0.3472362685265911,4.18629713499602,34.30967207,31.34938144,2.96029063
F06_y33.19_Vol573.5_Am550_rho10.575,6.0,33.19,573.5,550.0,10.575,4.156837859993505,17.279300994275385,0.3472362685265911,4.18629713499602,34.30967207,31.3508972,2.95877487
F06_y33.19_Vol573.5_Am550_rho10.616,6.0,33.19,573.5,550.0,10.616,4.156837859993505,17.279300994275385,0.3472362685265911,4.18629713499602,34.30967208,31.35246489,2.95720718
F06_y33.19_Vol632.3_Am450_rho10.493,6.0,33.19,632.3,450.0,10.493,4.364735839829417,19.05091895149141,0.3149454372924245,3.7969973223473317,34.19927458,31.50111599,2.69815859
F06_y33.19_Vol632.3_Am450_rho10.534,6.0,33.19,632.3,450.0,10.534,4.364735839829417,19.05091895149141,0.3149454372924245,3.7969973223473317,34.19927458,31.5025031,2.69677148
F06_y33.19_Vol632.3_Am450_rho10.575,6.0,33.19,632.3,450.0,10.575,4.364735839829417,19.05091895149141,0.3149454372924245,3.7969973223473317,34.19927459,31.50379749,2.6954771
F06_y33.19_Vol632.3_Am450_rho10.616,6.0,33.19,632.3,450.0,10.616,4.364735839829417,19.05091895149141,0.3149454372924245,3.7969973223473317,34.19927459,31.50512732,2.69414726
F06_y33.19_Vol632.3_Am500_rho10.493,6.0,33.19,632.3,500.0,10.493,4.364735839829417,19.05091895149141,0.3149454372924245,3.7969973223473317,34.19927458,31.49997454,2.69930004
F06_y33.19_Vol632.3_Am500_rho10.534,6.0,33.19,632.3,500.0,10.534,4.364735839829417,19.05091895149141,0.3149454372924245,3.7969973223473317,34.19927458,31.50120738,2.69806721
F06_y33.19_Vol632.3_Am500_rho10.575,6.0,33.19,632.3,500.0,10.575,4.364735839829417,19.05091895149141,0.3149454372924245,3.7969973223473317,34.19927459,31.5025159,2.69675868
F06_y33.19_Vol632.3_Am500_rho10.616,6.0,33.19,632.3,500.0,10.616,4.364735839829417,19.05091895149141,0.3149454372924245,3.7969973223473317,34.19927459,31.50380966,2.69546493
F06_y33.19_Vol632.3_Am550_rho10.493,6.0,33.19,632.3,550.0,10.493,4.364735839829417,19.05091895149141,0.3149454372924245,3.7969973223473317,34.19927458,31.49864929,2.7006253
F06_y33.19_Vol632.3_Am550_rho10.534,6.0,33.19,632.3,550.0,10.534,4.364735839829417,19.05091895149141,0.3149454372924245,3.7969973223473317,34.19927458,31.49985427,2.69942031
F06_y33.19_Vol632.3_Am550_rho10.575,6.0,33.19,632.3,550.0,10.575,4.364735839829417,19.05091895149141,0.3149454372924245,3.7969973223473317,34.19927458,31.50107704,2.69819754
F06_y33.19_Vol632.3_Am550_rho10.616,6.0,33.19,632.3,550.0,10.616,4.364735839829417,19.05091895149141,0.3149454372924245,3.7969973223473317,34.19927459,31.50232527,2.69694932
F06_y33.19_Vol691.2_Am450_rho10.493,6.0,33.19,691.2,450.0,10.493,4.563501929923663,20.825549864416995,0.28810763888888885,3.473439535474851,34.10855853,31.62650699,2.48205154
F06_y33.19_Vol691.2_Am450_rho10.534,6.0,33.19,691.2,450.0,10.534,4.563501929923663,20.825549864416995,0.28810763888888885,3.473439535474851,34.10855853,31.62758399,2.48097454
F06_y33.19_Vol691.2_Am450_rho10.575,6.0,33.19,691.2,450.0,10.575,4.563501929923663,20.825549864416995,0.28810763888888885,3.473439535474851,34.10855853,31.62866747,2.47989106
F06_y33.19_Vol691.2_Am450_rho10.616,6.0,33.19,691.2,450.0,10.616,4.563501929923663,20.825549864416995,0.28810763888888885,3.473439535474851,34.10855853,31.62976065,2.47879788
F06_y33.19_Vol691.2_Am500_rho10.493,6.0,33.19,691.2,500.0,10.493,4.563501929923663,20.825549864416995,0.28810763888888885,3.473439535474851,34.10855853,31.62658876,2.48196977
F06_y33.19_Vol691.2_Am500_rho10.534,6.0,33.19,691.2,500.0,10.534,4.563501929923663,20.825549864416995,0.28810763888888885,3.473439535474851,34.10855853,31.62760348,2.48095505
F06_y33.19_Vol691.2_Am500_rho10.575,6.0,33.19,691.2,500.0,10.575,4.563501929923663,20.825549864416995,0.28810763888888885,3.473439535474851,34.10855853,31.62866466,2.47989387
F06_y33.19_Vol691.2_Am500_rho10.616,6.0,33.19,691.2,500.0,10.616,4.563501929923663,20.825549864416995,0.28810763888888885,3.473439535474851,34.10855853,31.62974884,2.47880969
F06_y33.19_Vol691.2_Am550_rho10.493,6.0,33.19,691.2,550.0,10.493,4.563501929923663,20.825549864416995,0.28810763888888885,3.473439535474851,34.10855853,31.62659419,2.48196434
F06_y33.19_Vol691.2_Am550_rho10.534,6.0,33.19,691.2,550.0,10.534,4.563501929923663,20.825549864416995,0.28810763888888885,3.473439535474851,34.10855853,31.6275817,2.48097683
F06_y33.19_Vol691.2_Am550_rho10.575,6.0,33.19,691.2,550.0,10.575,4.563501929923663,20.825549864416995,0.28810763888888885,3.473439535474851,34.10855853,31.62862389,2.47993465
F06_y33.19_Vol691.2_Am550_rho10.616,6.0,33.19,691.2,550.0,10.616,4.563501929923663,20.825549864416995,0.28810763888888885,3.473439535474851,34.10855853,31.62960614,2.47895239
F06_y33.19_Vol738.0_Am450_rho10.493,6.0,33.19,738.0,450.0,10.493,4.715465314948981,22.235613136486894,0.26983739837398374,3.2531726381032757,34.04733299,31.71197782,2.33535517
F06_y33.19_Vol738.0_Am450_rho10.534,6.0,33.19,738.0,450.0,10.534,4.715465314948981,22.235613136486894,0.26983739837398374,3.2531726381032757,34.04733299,31.71290007,2.33443292
F06_y33.19_Vol738.0_Am450_rho10.575,6.0,33.19,738.0,450.0,10.575,4.715465314948981,22.235613136486894,0.26983739837398374,3.2531726381032757,34.04733299,31.71381889,2.3335141
F06_y33.19_Vol738.0_Am450_rho10.616,6.0,33.19,738.0,450.0,10.616,4.715465314948981,22.235613136486894,0.26983739837398374,3.2531726381032757,34.04733299,31.71478744,2.33254555
F06_y33.19_Vol738.0_Am500_rho10.493,6.0,33.19,738.0,500.0,10.493,4.715465314948981,22.235613136486894,0.26983739837398374,3.2531726381032757,34.04733299,31.7126837,2.33464929
F06_y33.19_Vol738.0_Am500_rho10.534,6.0,33.19,738.0,500.0,10.534,4.715465314948981,22.235613136486894,0.26983739837398374,3.2531726381032757,34.04733299,31.7135549,2.33377809
F06_y33.19_Vol738.0_Am500_rho10.575,6.0,33.19,738.0,500.0,10.575,4.715465314948981,22.235613136486894,0.26983739837398374,3.2531726381032757,34.04733299,31.71445019,2.3328828
F06_y33.19_Vol738.0_Am500_rho10.616,6.0,33.19,738.0,500.0,10.616,4.715465314948981,22.235613136486894,0.26983739837398374,3.2531726381032757,34.04733299,31.71536936,2.33196363
F06_y33.19_Vol738.0_Am550_rho10.493,6.0,33.19,738.0,550.0,10.493,4.715465314948981,22.235613136486894,0.26983739837398374,3.2531726381032757,34.04733299,31.71313713,2.33419586
F06_y33.19_Vol738.0_Am550_rho10.534,6.0,33.19,738.0,550.0,10.534,4.715465314948981,22.235613136486894,0.26983739837398374,3.2531726381032757,34.04733299,31.71404954,2.33328345
F06_y33.19_Vol738.0_Am550_rho10.575,6.0,33.19,738.0,550.0,10.575,4.715465314948981,22.235613136486894,0.26983739837398374,3.2531726381032757,34.04733299,31.71494602,2.33238698
F06_y33.19_Vol738.0_Am550_rho10.616,6.0,33.19,738.0,550.0,10.616,4.715465314948981,22.235613136486894,0.26983739837398374,3.2531726381032757,34.04733299,31.71581667,2.33151632
F06_y33.69_Vol421.6_Am450_rho10.493,6.0,33.69,421.6,450.0,10.493,3.537527263387584,12.51409913921045,0.4794592030360531,5.780383185587646,35.30045662,31.56951448,3.73094214
F06_y33.69_Vol421.6_Am450_rho10.534,6.0,33.69,421.6,450.0,10.534,3.537527263387584,12.51409913921045,0.4794592030360531,5.780383185587646,35.30045663,31.57902264,3.72143399
F06_y33.69_Vol421.6_Am450_rho10.575,6.0,33.69,421.6,450.0,10.575,3.537527263387584,12.51409913921045,0.4794592030360531,5.780383185587646,35.30045663,31.58838625,3.71207038
F06_y33.69_Vol421.6_Am450_rho10.616,6.0,33.69,421.6,450.0,10.616,3.537527263387584,12.51409913921045,0.4794592030360531,5.780383185587646,35.30045664,31.59774489,3.70271176
F06_y33.69_Vol421.6_Am500_rho10.493,6.0,33.69,421.6,500.0,10.493,3.537527263387584,12.51409913921045,0.4794592030360531,5.780383185587646,35.30045661,31.58822783,3.71222878
F06_y33.69_Vol421.6_Am500_rho10.534,6.0,33.69,421.6,500.0,10.534,3.537527263387584,12.51409913921045,0.4794592030360531,5.780383185587646,35.30045662,31.59777258,3.70268403
F06_y33.69_Vol421.6_Am500_rho10.575,6.0,33.69,421.6,500.0,10.575,3.537527263387584,12.51409913921045,0.4794592030360531,5.780383185587646,35.30045662,31.60719948,3.69325714
F06_y33.69_Vol421.6_Am500_rho10.616,6.0,33.69,421.6,500.0,10.616,3.537527263387584,12.51409913921045,0.4794592030360531,5.780383185587646,35.30045663,31.61653828,3.68391835
F06_y33.69_Vol421.6_Am550_rho10.493,6.0,33.69,421.6,550.0,10.493,3.537527263387584,12.51409913921045,0.4794592030360531,5.780383185587646,35.3004566,31.60603138,3.69442522
F06_y33.69_Vol421.6_Am550_rho10.534,6.0,33.69,421.6,550.0,10.534,3.537527263387584,12.51409913921045,0.4794592030360531,5.780383185587646,35.30045661,31.6155943,3.68486232
F06_y33.69_Vol421.6_Am550_rho10.575,6.0,33.69,421.6,550.0,10.575,3.537527263387584,12.51409913921045,0.4794592030360531,5.780383185587646,35.30045662,31.62499921,3.67545741
F06_y33.69_Vol421.6_Am550_rho10.616,6.0,33.69,421.6,550.0,10.616,3.537527263387584,12.51409913921045,0.4794592030360531,5.780383185587646,35.30045663,31.63437397,3.66608266
F06_y33.69_Vol455.9_Am450_rho10.493,6.0,33.69,455.9,450.0,10.493,3.6786146036512846,13.532205402196498,0.44338670761131826,5.345491447781864,35.16869782,31.54508391,3.6236139
F06_y33.69_Vol455.9_Am450_rho10.534,6.0,33.69,455.9,450.0,10.534,3.6786146036512846,13.532205402196498,0.44338670761131826,5.345491447781864,35.16869782,31.55397352,3.6147243
F06_y33.69_Vol455.9_Am450_rho10.575,6.0,33.69,455.9,450.0,10.575,3.6786146036512846,13.532205402196498,0.44338670761131826,5.345491447781864,35.16869782,31.56281814,3.60587968
F06_y33.69_Vol455.9_Am450_rho10.616,6.0,33.69,455.9,450.0,10.616,3.6786146036512846,13.532205402196498,0.44338670761131826,5.345491447781864,35.16869783,31.57171888,3.59697895
F06_y33.69_Vol455.9_Am500_rho10.493,6.0,33.69,455.9,500.0,10.493,3.6786146036512846,13.532205402196498,0.44338670761131826,5.345491447781864,35.16869781,31.56079647,3.60790133
F06_y33.69_Vol455.9_Am500_rho10.534,6.0,33.69,455.9,500.0,10.534,3.6786146036512846,13.532205402196498,0.44338670761131826,5.345491447781864,35.16869781,31.5698003,3.59889752
F06_y33.69_Vol455.9_Am500_rho10.575,6.0,33.69,455.9,500.0,10.575,3.6786146036512846,13.532205402196498,0.44338670761131826,5.345491447781864,35.16869782,31.57877355,3.58992427
F06_y33.69_Vol455.9_Am500_rho10.616,6.0,33.69,455.9,500.0,10.616,3.6786146036512846,13.532205402196498,0.44338670761131826,5.345491447781864,35.16869782,31.58773098,3.58096684
F06_y33.69_Vol455.9_Am550_rho10.493,6.0,33.69,455.9,550.0,10.493,3.6786146036512846,13.532205402196498,0.44338670761131826,5.345491447781864,35.16869781,31.57646086,3.59223694
F06_y33.69_Vol455.9_Am550_rho10.534,6.0,33.69,455.9,550.0,10.534,3.6786146036512846,13.532205402196498,0.44338670761131826,5.345491447781864,35.16869781,31.58557597,3.58312184
F06_y33.69_Vol455.9_Am550_rho10.575,6.0,33.69,455.9,550.0,10.575,3.6786146036512846,13.532205402196498,0.44338670761131826,5.345491447781864,35.16869781,31.59462147,3.57407635
F06_y33.69_Vol455.9_Am550_rho10.616,6.0,33.69,455.9,550.0,10.616,3.6786146036512846,13.532205402196498,0.44338670761131826,5.345491447781864,35.16869782,31.60379862,3.5648992
F06_y33.69_Vol514.7_Am450_rho10.493,6.0,33.69,514.7,450.0,10.493,3.908648158181841,15.277530424458298,0.39273363124149985,4.734815525633867,34.98683533,31.58840855,3.39842677
F06_y33.69_Vol514.7_Am450_rho10.534,6.0,33.69,514.7,450.0,10.534,3.908648158181841,15.277530424458298,0.39273363124149985,4.734815525633867,34.98683533,31.59312604,3.39370929
F06_y33.69_Vol514.7_Am450_rho10.575,6.0,33.69,514.7,450.0,10.575,3.908648158181841,15.277530424458298,0.39273363124149985,4.734815525633867,34.98683533,31.59800211,3.38883322
F06_y33.69_Vol514.7_Am450_rho10.616,6.0,33.69,514.7,450.0,10.616,3.908648158181841,15.277530424458298,0.39273363124149985,4.734815525633867,34.98683533,31.60299544,3.38383989
F06_y33.69_Vol514.7_Am500_rho10.493,6.0,33.69,514.7,500.0,10.493,3.908648158181841,15.277530424458298,0.39273363124149985,4.734815525633867,34.98683532,31.59341859,3.39341673
F06_y33.69_Vol514.7_Am500_rho10.534,6.0,33.69,514.7,500.0,10.534,3.908648158181841,15.277530424458298,0.39273363124149985,4.734815525633867,34.98683533,31.59844285,3.38839248
F06_y33.69_Vol514.7_Am500_rho10.575,6.0,33.69,514.7,500.0,10.575,3.908648158181841,15.277530424458298,0.39273363124149985,4.734815525633867,34.98683533,31.60366667,3.38316865
F06_y33.69_Vol514.7_Am500_rho10.616,6.0,33.69,514.7,500.0,10.616,3.908648158181841,15.277530424458298,0.39273363124149985,4.734815525633867,34.98683533,31.60901689,3.37781845
F06_y33.69_Vol514.7_Am550_rho10.493,6.0,33.69,514.7,550.0,10.493,3.908648158181841,15.277530424458298,0.39273363124149985,4.734815525633867,34.98683532,31.59911414,3.38772118
F06_y33.69_Vol514.7_Am550_rho10.534,6.0,33.69,514.7,550.0,10.534,3.908648158181841,15.277530424458298,0.39273363124149985,4.734815525633867,34.98683532,31.60453075,3.38230458
F06_y33.69_Vol514.7_Am550_rho10.575,6.0,33.69,514.7,550.0,10.575,3.908648158181841,15.277530424458298,0.39273363124149985,4.734815525633867,34.98683533,34.46532881,0.52150652
F06_y33.69_Vol514.7_Am550_rho10.616,6.0,33.69,514.7,550.0,10.616,3.908648158181841,15.277530424458298,0.39273363124149985,4.734815525633867,34.98683533,31.61566125,3.37117408
F06_y33.69_Vol573.5_Am450_rho10.493,6.0,33.69,573.5,450.0,10.493,4.125876324700014,17.022855446720097,0.3524673060156931,4.249362774269837,34.84482524,31.75413638,3.09068887
F06_y33.69_Vol573.5_Am450_rho10.534,6.0,33.69,573.5,450.0,10.534,4.125876324700014,17.022855446720097,0.3524673060156931,4.249362774269837,34.84482525,31.75590999,3.08891525
F06_y33.69_Vol573.5_Am450_rho10.575,6.0,33.69,573.5,450.0,10.575,4.125876324700014,17.022855446720097,0.3524673060156931,4.249362774269837,34.84482525,31.75773895,3.08708629
F06_y33.69_Vol573.5_Am450_rho10.616,6.0,33.69,573.5,450.0,10.616,4.125876324700014,17.022855446720097,0.3524673060156931,4.249362774269837,34.84482525,31.75958601,3.08523923
F06_y33.69_Vol573.5_Am500_rho10.493,6.0,33.69,573.5,500.0,10.493,4.125876324700014,17.022855446720097,0.3524673060156931,4.249362774269837,34.84482524,31.75288339,3.09194185
F06_y33.69_Vol573.5_Am500_rho10.534,6.0,33.69,573.5,500.0,10.534,4.125876324700014,17.022855446720097,0.3524673060156931,4.249362774269837,34.84482524,31.75472244,3.0901028
F06_y33.69_Vol573.5_Am500_rho10.575,6.0,33.69,573.5,500.0,10.575,4.125876324700014,17.022855446720097,0.3524673060156931,4.249362774269837,34.84482525,31.75641311,3.08841213
F06_y33.69_Vol573.5_Am500_rho10.616,6.0,33.69,573.5,500.0,10.616,4.125876324700014,17.022855446720097,0.3524673060156931,4.249362774269837,34.84482525,31.75814439,3.08668086
F06_y33.69_Vol573.5_Am550_rho10.493,6.0,33.69,573.5,550.0,10.493,4.125876324700014,17.022855446720097,0.3524673060156931,4.249362774269837,34.84482524,31.75190128,3.09292396
F06_y33.69_Vol573.5_Am550_rho10.534,6.0,33.69,573.5,550.0,10.534,4.125876324700014,17.022855446720097,0.3524673060156931,4.249362774269837,34.84482524,31.7536126,3.09121264
F06_y33.69_Vol573.5_Am550_rho10.575,6.0,33.69,573.5,550.0,10.575,4.125876324700014,17.022855446720097,0.3524673060156931,4.249362774269837,34.84482524,31.75534043,3.08948481
F06_y33.69_Vol573.5_Am550_rho10.616,6.0,33.69,573.5,550.0,10.616,4.125876324700014,17.022855446720097,0.3524673060156931,4.249362774269837,34.84482525,31.75703519,3.08779006
F06_y33.69_Vol632.3_Am450_rho10.493,6.0,33.69,632.3,450.0,10.493,4.332225810017513,18.768180468981893,0.31969002055986084,3.8541982461549136,34.73085731,31.90830546,2.82255186
F06_y33.69_Vol632.3_Am450_rho10.534,6.0,33.69,632.3,450.0,10.534,4.332225810017513,18.768180468981893,0.31969002055986084,3.8541982461549136,34.73085732,31.909783,2.82107431
F06_y33.69_Vol632.3_Am450_rho10.575,6.0,33.69,632.3,450.0,10.575,4.332225810017513,18.768180468981893,0.31969002055986084,3.8541982461549136,34.73085732,31.91122388,2.81963344
F06_y33.69_Vol632.3_Am450_rho10.616,6.0,33.69,632.3,450.0,10.616,4.332225810017513,18.768180468981893,0.31969002055986084,3.8541982461549136,34.73085732,31.91267604,2.81818128
F06_y33.69_Vol632.3_Am500_rho10.493,6.0,33.69,632.3,500.0,10.493,4.332225810017513,18.768180468981893,0.31969002055986084,3.8541982461549136,34.73085731,31.9079936,2.82286371
F06_y33.69_Vol632.3_Am500_rho10.534,6.0,33.69,632.3,500.0,10.534,4.332225810017513,18.768180468981893,0.31969002055986084,3.8541982461549136,34.73085731,31.909403,2.82145431
F06_y33.69_Vol632.3_Am500_rho10.575,6.0,33.69,632.3,500.0,10.575,4.332225810017513,18.768180468981893,0.31969002055986084,3.8541982461549136,34.73085732,31.91087705,2.81998026
F06_y33.69_Vol632.3_Am500_rho10.616,6.0,33.69,632.3,500.0,10.616,4.332225810017513,18.768180468981893,0.31969002055986084,3.8541982461549136,34.73085732,31.91228854,2.81856878
F06_y33.69_Vol632.3_Am550_rho10.493,6.0,33.69,632.3,550.0,10.493,4.332225810017513,18.768180468981893,0.31969002055986084,3.8541982461549136,34.73085731,31.90805962,2.82279769
F06_y33.69_Vol632.3_Am550_rho10.534,6.0,33.69,632.3,550.0,10.534,4.332225810017513,18.768180468981893,0.31969002055986084,3.8541982461549136,34.73085731,31.90939736,2.82145995
F06_y33.69_Vol632.3_Am550_rho10.575,6.0,33.69,632.3,550.0,10.575,4.332225810017513,18.768180468981893,0.31969002055986084,3.8541982461549136,34.73085732,31.91076609,2.82009122
F06_y33.69_Vol632.3_Am550_rho10.616,6.0,33.69,632.3,550.0,10.616,4.332225810017513,18.768180468981893,0.31969002055986084,3.8541982461549136,34.73085732,31.91209948,2.81875784
F06_y33.69_Vol691.2_Am450_rho10.493,6.0,33.69,691.2,450.0,10.493,4.529511422998895,20.516473731077475,0.2924479166666666,3.5257661328757974,34.63722405,32.040397,2.59682705
F06_y33.69_Vol691.2_Am450_rho10.534,6.0,33.69,691.2,450.0,10.534,4.529511422998895,20.516473731077475,0.2924479166666666,3.5257661328757974,34.63722405,32.04160883,2.59561522
F06_y33.69_Vol691.2_Am450_rho10.575,6.0,33.69,691.2,450.0,10.575,4.529511422998895,20.516473731077475,0.2924479166666666,3.5257661328757974,34.63722405,32.04278708,2.59443697
F06_y33.69_Vol691.2_Am450_rho10.616,6.0,33.69,691.2,450.0,10.616,4.529511422998895,20.516473731077475,0.2924479166666666,3.5257661328757974,34.63722405,32.04399354,2.59323051
F06_y33.69_Vol691.2_Am500_rho10.493,6.0,33.69,691.2,500.0,10.493,4.529511422998895,20.516473731077475,0.2924479166666666,3.5257661328757974,34.63722405,32.04139431,2.59582973
F06_y33.69_Vol691.2_Am500_rho10.534,6.0,33.69,691.2,500.0,10.534,4.529511422998895,20.516473731077475,0.2924479166666666,3.5257661328757974,34.63722405,32.04256542,2.59465863
F06_y33.69_Vol691.2_Am500_rho10.575,6.0,33.69,691.2,500.0,10.575,4.529511422998895,20.516473731077475,0.2924479166666666,3.5257661328757974,34.63722405,32.04376983,2.59345422
F06_y33.69_Vol691.2_Am500_rho10.616,6.0,33.69,691.2,500.0,10.616,4.529511422998895,20.516473731077475,0.2924479166666666,3.5257661328757974,34.63722405,32.04500527,2.59221878
F06_y33.69_Vol691.2_Am550_rho10.493,6.0,33.69,691.2,550.0,10.493,4.529511422998895,20.516473731077475,0.2924479166666666,3.5257661328757974,34.63722405,32.04254112,2.59468293
F06_y33.69_Vol691.2_Am550_rho10.534,6.0,33.69,691.2,550.0,10.534,4.529511422998895,20.516473731077475,0.2924479166666666,3.5257661328757974,34.63722405,32.04368255,2.59354149
F06_y33.69_Vol691.2_Am550_rho10.575,6.0,33.69,691.2,550.0,10.575,4.529511422998895,20.516473731077475,0.2924479166666666,3.5257661328757974,34.63722405,32.04479868,2.59242537
F06_y33.69_Vol691.2_Am550_rho10.616,6.0,33.69,691.2,550.0,10.616,4.529511422998895,20.516473731077475,0.2924479166666666,3.5257661328757974,34.63722405,32.04596817,2.59125588
F06_y33.69_Vol738.0_Am450_rho10.493,6.0,33.69,738.0,450.0,10.493,4.680342933299422,21.90560997328584,0.27390243902439027,3.3021809634739188,34.57403894,32.13151146,2.44252748
F06_y33.69_Vol738.0_Am450_rho10.534,6.0,33.69,738.0,450.0,10.534,4.680342933299422,21.90560997328584,0.27390243902439027,3.3021809634739188,34.57403894,32.13252614,2.4415128
F06_y33.69_Vol738.0_Am450_rho10.575,6.0,33.69,738.0,450.0,10.575,4.680342933299422,21.90560997328584,0.27390243902439027,3.3021809634739188,34.57403894,32.13361238,2.44042656
F06_y33.69_Vol738.0_Am450_rho10.616,6.0,33.69,738.0,450.0,10.616,4.680342933299422,21.90560997328584,0.27390243902439027,3.3021809634739188,34.57403894,32.13469924,2.4393397
F06_y33.69_Vol738.0_Am500_rho10.493,6.0,33.69,738.0,500.0,10.493,4.680342933299422,21.90560997328584,0.27390243902439027,3.3021809634739188,34.57403894,32.13339901,2.44063993
F06_y33.69_Vol738.0_Am500_rho10.534,6.0,33.69,738.0,500.0,10.534,4.680342933299422,21.90560997328584,0.27390243902439027,3.3021809634739188,34.57403894,32.13434509,2.43969385
F06_y33.69_Vol738.0_Am500_rho10.575,6.0,33.69,738.0,500.0,10.575,4.680342933299422,21.90560997328584,0.27390243902439027,3.3021809634739188,34.57403894,32.13534197,2.43869697
F06_y33.69_Vol738.0_Am500_rho10.616,6.0,33.69,738.0,500.0,10.616,4.680342933299422,21.90560997328584,0.27390243902439027,3.3021809634739188,34.57403894,32.13635897,2.43767997
F06_y33.69_Vol738.0_Am550_rho10.493,6.0,33.69,738.0,550.0,10.493,4.680342933299422,21.90560997328584,0.27390243902439027,3.3021809634739188,34.57403894,32.13509009,2.43894885
F06_y33.69_Vol738.0_Am550_rho10.534,6.0,33.69,738.0,550.0,10.534,4.680342933299422,21.90560997328584,0.27390243902439027,3.3021809634739188,34.57403894,32.13605444,2.4379845
F06_y33.69_Vol738.0_Am550_rho10.575,6.0,33.69,738.0,550.0,10.575,4.680342933299422,21.90560997328584,0.27390243902439027,3.3021809634739188,34.57403894,32.13703393,2.43700501
F06_y33.69_Vol738.0_Am550_rho10.616,6.0,33.69,738.0,550.0,10.616,4.680342933299422,21.90560997328584,0.27390243902439027,3.3021809634739188,34.57403894,32.13801459,2.43602435
F06_y34.19_Vol421.6_Am450_rho10.493,6.0,34.19,421.6,450.0,10.493,3.5115653151080175,12.331090962269672,0.48657495256166977,5.866171003717471,35.85096319,32.11245559,3.7385076
F06_y34.19_Vol421.6_Am450_rho10.534,6.0,34.19,421.6,450.0,10.534,3.5115653151080175,12.331090962269672,0.48657495256166977,5.866171003717471,35.85096319,32.12131328,3.72964991
F06_y34.19_Vol421.6_Am450_rho10.575,6.0,34.19,421.6,450.0,10.575,3.5115653151080175,12.331090962269672,0.48657495256166977,5.866171003717471,35.8509632,32.13000905,3.72095414
F06_y34.19_Vol421.6_Am450_rho10.616,6.0,34.19,421.6,450.0,10.616,3.5115653151080175,12.331090962269672,0.48657495256166977,5.866171003717471,35.8509632,32.13853835,3.71242485
F06_y34.19_Vol421.6_Am500_rho10.493,6.0,34.19,421.6,500.0,10.493,3.5115653151080175,12.331090962269672,0.48657495256166977,5.866171003717471,35.85096318,32.13186264,3.71910054
F06_y34.19_Vol421.6_Am500_rho10.534,6.0,34.19,421.6,500.0,10.534,3.5115653151080175,12.331090962269672,0.48657495256166977,5.866171003717471,35.85096319,32.14056048,3.71040271
F06_y34.19_Vol421.6_Am500_rho10.575,6.0,34.19,421.6,500.0,10.575,3.5115653151080175,12.331090962269672,0.48657495256166977,5.866171003717471,35.85096319,32.14920182,3.70176137
F06_y34.19_Vol421.6_Am500_rho10.616,6.0,34.19,421.6,500.0,10.616,3.5115653151080175,12.331090962269672,0.48657495256166977,5.866171003717471,35.85096319,32.1576217,3.6933415
F06_y34.19_Vol421.6_Am550_rho10.493,6.0,34.19,421.6,550.0,10.493,3.5115653151080175,12.331090962269672,0.48657495256166977,5.866171003717471,35.85096318,32.1494062,3.70155698
F06_y34.19_Vol421.6_Am550_rho10.534,6.0,34.19,421.6,550.0,10.534,3.5115653151080175,12.331090962269672,0.48657495256166977,5.866171003717471,35.85096318,32.1580455,3.69291768
F06_y34.19_Vol421.6_Am550_rho10.575,6.0,34.19,421.6,550.0,10.575,3.5115653151080175,12.331090962269672,0.48657495256166977,5.866171003717471,35.85096318,32.16641932,3.68454387
F06_y34.19_Vol421.6_Am550_rho10.616,6.0,34.19,421.6,550.0,10.616,3.5115653151080175,12.331090962269672,0.48657495256166977,5.866171003717471,35.85096319,32.17480062,3.67616257
F06_y34.19_Vol455.9_Am450_rho10.493,6.0,34.19,455.9,450.0,10.493,3.651617213957955,13.334308277274056,0.44996709804781754,5.424824951014009,35.71489194,32.08860357,3.62628837
F06_y34.19_Vol455.9_Am450_rho10.534,6.0,34.19,455.9,450.0,10.534,3.651617213957955,13.334308277274056,0.44996709804781754,5.424824951014009,35.71489195,32.09789523,3.61699672
F06_y34.19_Vol455.9_Am450_rho10.575,6.0,34.19,455.9,450.0,10.575,3.651617213957955,13.334308277274056,0.44996709804781754,5.424824951014009,35.71489195,32.10708671,3.60780525
F06_y34.19_Vol455.9_Am450_rho10.616,6.0,34.19,455.9,450.0,10.616,3.651617213957955,13.334308277274056,0.44996709804781754,5.424824951014009,35.71489196,32.11623252,3.59865943
F06_y34.19_Vol455.9_Am500_rho10.493,6.0,34.19,455.9,500.0,10.493,3.651617213957955,13.334308277274056,0.44996709804781754,5.424824951014009,35.71489193,32.10835177,3.60654017
F06_y34.19_Vol455.9_Am500_rho10.534,6.0,34.19,455.9,500.0,10.534,3.651617213957955,13.334308277274056,0.44996709804781754,5.424824951014009,35.71489194,32.11763569,3.59725625
F06_y34.19_Vol455.9_Am500_rho10.575,6.0,34.19,455.9,500.0,10.575,3.651617213957955,13.334308277274056,0.44996709804781754,5.424824951014009,35.71489195,32.1268793,3.58801265
F06_y34.19_Vol455.9_Am500_rho10.616,6.0,34.19,455.9,500.0,10.616,3.651617213957955,13.334308277274056,0.44996709804781754,5.424824951014009,35.71489195,32.13602966,3.5788623
F06_y34.19_Vol455.9_Am550_rho10.493,6.0,34.19,455.9,550.0,10.493,3.651617213957955,13.334308277274056,0.44996709804781754,5.424824951014009,35.71489193,32.12668392,3.588208
F06_y34.19_Vol455.9_Am550_rho10.534,6.0,34.19,455.9,550.0,10.534,3.651617213957955,13.334308277274056,0.44996709804781754,5.424824951014009,35.71489193,32.1359994,3.57889253
F06_y34.19_Vol455.9_Am550_rho10.575,6.0,34.19,455.9,550.0,10.575,3.651617213957955,13.334308277274056,0.44996709804781754,5.424824951014009,35.71489194,32.14516732,3.56972462
F06_y34.19_Vol455.9_Am550_rho10.616,6.0,34.19,455.9,550.0,10.616,3.651617213957955,13.334308277274056,0.44996709804781754,5.424824951014009,35.71489195,32.15420174,3.56069021
F06_y34.19_Vol514.7_Am450_rho10.493,6.0,34.19,514.7,450.0,10.493,3.8799625499107786,15.05410938871015,0.3985622692830775,4.805085865877766,35.52713279,32.06691027,3.46022253
F06_y34.19_Vol514.7_Am450_rho10.534,6.0,34.19,514.7,450.0,10.534,3.8799625499107786,15.05410938871015,0.3985622692830775,4.805085865877766,35.52713279,32.07472413,3.45240866
F06_y34.19_Vol514.7_Am450_rho10.575,6.0,34.19,514.7,450.0,10.575,3.8799625499107786,15.05410938871015,0.3985622692830775,4.805085865877766,35.5271328,32.0826128,3.44451999
F06_y34.19_Vol514.7_Am450_rho10.616,6.0,34.19,514.7,450.0,10.616,3.8799625499107786,15.05410938871015,0.3985622692830775,4.805085865877766,35.5271328,32.09051077,3.43662203
F06_y34.19_Vol514.7_Am500_rho10.493,6.0,34.19,514.7,500.0,10.493,3.8799625499107786,15.05410938871015,0.3985622692830775,4.805085865877766,35.52713279,32.08181848,3.4453143
F06_y34.19_Vol514.7_Am500_rho10.534,6.0,34.19,514.7,500.0,10.534,3.8799625499107786,15.05410938871015,0.3985622692830775,4.805085865877766,35.52713279,32.0899188,3.43721399
F06_y34.19_Vol514.7_Am500_rho10.575,6.0,34.19,514.7,500.0,10.575,3.8799625499107786,15.05410938871015,0.3985622692830775,4.805085865877766,35.52713279,32.09794684,3.42918595
F06_y34.19_Vol514.7_Am500_rho10.616,6.0,34.19,514.7,500.0,10.616,3.8799625499107786,15.05410938871015,0.3985622692830775,4.805085865877766,35.5271328,32.10610516,3.42102764
F06_y34.19_Vol514.7_Am550_rho10.493,6.0,34.19,514.7,550.0,10.493,3.8799625499107786,15.05410938871015,0.3985622692830775,4.805085865877766,35.52713278,32.09680362,3.43032917
F06_y34.19_Vol514.7_Am550_rho10.534,6.0,34.19,514.7,550.0,10.534,3.8799625499107786,15.05410938871015,0.3985622692830775,4.805085865877766,35.52713279,32.10502528,3.42210751
F06_y34.19_Vol514.7_Am550_rho10.575,6.0,34.19,514.7,550.0,10.575,3.8799625499107786,15.05410938871015,0.3985622692830775,4.805085865877766,35.52713279,32.11324661,3.41388619
F06_y34.19_Vol514.7_Am550_rho10.616,6.0,34.19,514.7,550.0,10.616,3.8799625499107786,15.05410938871015,0.3985622692830775,4.805085865877766,35.5271328,32.12151436,3.40561844
F06_y34.19_Vol573.5_Am450_rho10.493,6.0,34.19,573.5,450.0,10.493,4.095596476723048,16.773910500146243,0.35769834350479507,4.312428413543655,35.38055934,32.14584018,3.23471917
F06_y34.19_Vol573.5_Am450_rho10.534,6.0,34.19,573.5,450.0,10.534,4.095596476723048,16.773910500146243,0.35769834350479507,4.312428413543655,35.38055935,32.14888686,3.23167248
F06_y34.19_Vol573.5_Am450_rho10.575,6.0,34.19,573.5,450.0,10.575,4.095596476723048,16.773910500146243,0.35769834350479507,4.312428413543655,35.38055935,32.15208762,3.22847172
F06_y34.19_Vol573.5_Am450_rho10.616,6.0,34.19,573.5,450.0,10.616,4.095596476723048,16.773910500146243,0.35769834350479507,4.312428413543655,35.38055935,32.15549781,3.22506155
F06_y34.19_Vol573.5_Am500_rho10.493,6.0,34.19,573.5,500.0,10.493,4.095596476723048,16.773910500146243,0.35769834350479507,4.312428413543655,35.38055934,32.14907052,3.23148882
F06_y34.19_Vol573.5_Am500_rho10.534,6.0,34.19,573.5,500.0,10.534,4.095596476723048,16.773910500146243,0.35769834350479507,4.312428413543655,35.38055934,32.15259903,3.22796032
F06_y34.19_Vol573.5_Am500_rho10.575,6.0,34.19,573.5,500.0,10.575,4.095596476723048,16.773910500146243,0.35769834350479507,4.312428413543655,35.38055935,32.15627843,3.22428092
F06_y34.19_Vol573.5_Am500_rho10.616,6.0,34.19,573.5,500.0,10.616,4.095596476723048,16.773910500146243,0.35769834350479507,4.312428413543655,35.38055935,32.16017962,3.22037972
F06_y34.19_Vol573.5_Am550_rho10.493,6.0,34.19,573.5,550.0,10.493,4.095596476723048,16.773910500146243,0.35769834350479507,4.312428413543655,35.38055934,32.15362182,3.22693752
F06_y34.19_Vol573.5_Am550_rho10.534,6.0,34.19,573.5,550.0,10.534,4.095596476723048,16.773910500146243,0.35769834350479507,4.312428413543655,35.38055934,32.15754865,3.2230107
F06_y34.19_Vol573.5_Am550_rho10.575,6.0,34.19,573.5,550.0,10.575,4.095596476723048,16.773910500146243,0.35769834350479507,4.312428413543655,35.38055935,32.16166417,3.21889517
F06_y34.19_Vol573.5_Am550_rho10.616,6.0,34.19,573.5,550.0,10.616,4.095596476723048,16.773910500146243,0.35769834350479507,4.312428413543655,35.38055935,32.16599132,3.21456803
F06_y34.19_Vol632.3_Am450_rho10.493,6.0,34.19,632.3,450.0,10.493,4.30043156108574,18.493711611582334,0.32443460382729716,3.911399169962496,35.26295563,32.30403253,2.9589231
F06_y34.19_Vol632.3_Am450_rho10.534,6.0,34.19,632.3,450.0,10.534,4.30043156108574,18.493711611582334,0.32443460382729716,3.911399169962496,35.26295563,32.30555014,2.95740549
F06_y34.19_Vol632.3_Am450_rho10.575,6.0,34.19,632.3,450.0,10.575,4.30043156108574,18.493711611582334,0.32443460382729716,3.911399169962496,35.26295563,32.30718045,2.95577518
F06_y34.19_Vol632.3_Am450_rho10.616,6.0,34.19,632.3,450.0,10.616,4.30043156108574,18.493711611582334,0.32443460382729716,3.911399169962496,35.26295563,32.30883207,2.95412356
F06_y34.19_Vol632.3_Am500_rho10.493,6.0,34.19,632.3,500.0,10.493,4.30043156108574,18.493711611582334,0.32443460382729716,3.911399169962496,35.26295563,32.30467455,2.95828107
F06_y34.19_Vol632.3_Am500_rho10.534,6.0,34.19,632.3,500.0,10.534,4.30043156108574,18.493711611582334,0.32443460382729716,3.911399169962496,35.26295563,32.30619532,2.9567603
F06_y34.19_Vol632.3_Am500_rho10.575,6.0,34.19,632.3,500.0,10.575,4.30043156108574,18.493711611582334,0.32443460382729716,3.911399169962496,35.26295563,32.3077772,2.95517843
F06_y34.19_Vol632.3_Am500_rho10.616,6.0,34.19,632.3,500.0,10.616,4.30043156108574,18.493711611582334,0.32443460382729716,3.911399169962496,35.26295563,32.3093537,2.95360194
F06_y34.19_Vol632.3_Am550_rho10.493,6.0,34.19,632.3,550.0,10.493,4.30043156108574,18.493711611582334,0.32443460382729716,3.911399169962496,35.26295563,32.30559389,2.95736173
F06_y34.19_Vol632.3_Am550_rho10.534,6.0,34.19,632.3,550.0,10.534,4.30043156108574,18.493711611582334,0.32443460382729716,3.911399169962496,35.26295563,32.30712533,2.9558303
F06_y34.19_Vol632.3_Am550_rho10.575,6.0,34.19,632.3,550.0,10.575,4.30043156108574,18.493711611582334,0.32443460382729716,3.911399169962496,35.26295563,32.30860592,2.95434971
F06_y34.19_Vol632.3_Am550_rho10.616,6.0,34.19,632.3,550.0,10.616,4.30043156108574,18.493711611582334,0.32443460382729716,3.911399169962496,35.26295563,32.31013151,2.95282412
F06_y34.19_Vol691.2_Am450_rho10.493,6.0,34.19,691.2,450.0,10.493,4.496269292962845,20.2164375548406,0.29678819444444443,3.578092730276745,35.16635362,32.44285775,2.72349587
F06_y34.19_Vol691.2_Am450_rho10.534,6.0,34.19,691.2,450.0,10.534,4.496269292962845,20.2164375548406,0.29678819444444443,3.578092730276745,35.16635362,32.44420886,2.72214476
F06_y34.19_Vol691.2_Am450_rho10.575,6.0,34.19,691.2,450.0,10.575,4.496269292962845,20.2164375548406,0.29678819444444443,3.578092730276745,35.16635362,32.4455635,2.72079012
F06_y34.19_Vol691.2_Am450_rho10.616,6.0,34.19,691.2,450.0,10.616,4.496269292962845,20.2164375548406,0.29678819444444443,3.578092730276745,35.16635362,32.44695519,2.71939844
F06_y34.19_Vol691.2_Am500_rho10.493,6.0,34.19,691.2,500.0,10.493,4.496269292962845,20.2164375548406,0.29678819444444443,3.578092730276745,35.16635362,32.4444044,2.72194922
F06_y34.19_Vol691.2_Am500_rho10.534,6.0,34.19,691.2,500.0,10.534,4.496269292962845,20.2164375548406,0.29678819444444443,3.578092730276745,35.16635362,32.44570561,2.720648
F06_y34.19_Vol691.2_Am500_rho10.575,6.0,34.19,691.2,500.0,10.575,4.496269292962845,20.2164375548406,0.29678819444444443,3.578092730276745,35.16635362,32.44700991,2.71934371
F06_y34.19_Vol691.2_Am500_rho10.616,6.0,34.19,691.2,500.0,10.616,4.496269292962845,20.2164375548406,0.29678819444444443,3.578092730276745,35.16635362,32.44831632,2.7180373
F06_y34.19_Vol691.2_Am550_rho10.493,6.0,34.19,691.2,550.0,10.493,4.496269292962845,20.2164375548406,0.29678819444444443,3.578092730276745,35.16635362,32.44609138,2.72026223
F06_y34.19_Vol691.2_Am550_rho10.534,6.0,34.19,691.2,550.0,10.534,4.496269292962845,20.2164375548406,0.29678819444444443,3.578092730276745,35.16635362,32.44740516,2.71894845
F06_y34.19_Vol691.2_Am550_rho10.575,6.0,34.19,691.2,550.0,10.575,4.496269292962845,20.2164375548406,0.29678819444444443,3.578092730276745,35.16635362,32.44860214,2.71775148
F06_y34.19_Vol691.2_Am550_rho10.616,6.0,34.19,691.2,550.0,10.616,4.496269292962845,20.2164375548406,0.29678819444444443,3.578092730276745,35.16635362,32.44990304,2.71645058
F06_y34.19_Vol738.0_Am450_rho10.493,6.0,34.19,738.0,450.0,10.493,4.6459938492873905,21.585258847616263,0.27796747967479674,3.3511892888445614,35.10117546,32.53956267,2.56161279
F06_y34.19_Vol738.0_Am450_rho10.534,6.0,34.19,738.0,450.0,10.534,4.6459938492873905,21.585258847616263,0.27796747967479674,3.3511892888445614,35.10117546,32.54075965,2.56041581
F06_y34.19_Vol738.0_Am450_rho10.575,6.0,34.19,738.0,450.0,10.575,4.6459938492873905,21.585258847616263,0.27796747967479674,3.3511892888445614,35.10117546,32.54195773,2.55921773
F06_y34.19_Vol738.0_Am450_rho10.616,6.0,34.19,738.0,450.0,10.616,4.6459938492873905,21.585258847616263,0.27796747967479674,3.3511892888445614,35.10117546,32.54310606,2.5580694
F06_y34.19_Vol738.0_Am500_rho10.493,6.0,34.19,738.0,500.0,10.493,4.6459938492873905,21.585258847616263,0.27796747967479674,3.3511892888445614,35.10117546,32.5418666,2.55930885
F06_y34.19_Vol738.0_Am500_rho10.534,6.0,34.19,738.0,500.0,10.534,4.6459938492873905,21.585258847616263,0.27796747967479674,3.3511892888445614,35.10117546,32.54304194,2.55813352
F06_y34.19_Vol738.0_Am500_rho10.575,6.0,34.19,738.0,500.0,10.575,4.6459938492873905,21.585258847616263,0.27796747967479674,3.3511892888445614,35.10117546,32.54417223,2.55700323
F06_y34.19_Vol738.0_Am500_rho10.616,6.0,34.19,738.0,500.0,10.616,4.6459938492873905,21.585258847616263,0.27796747967479674,3.3511892888445614,35.10117546,32.54536593,2.55580953
F06_y34.19_Vol738.0_Am550_rho10.493,6.0,34.19,738.0,550.0,10.493,4.6459938492873905,21.585258847616263,0.27796747967479674,3.3511892888445614,35.10117545,32.54400703,2.55716843
F06_y34.19_Vol738.0_Am550_rho10.534,6.0,34.19,738.0,550.0,10.534,4.6459938492873905,21.585258847616263,0.27796747967479674,3.3511892888445614,35.10117546,32.54515276,2.55602269
F06_y34.19_Vol738.0_Am550_rho10.575,6.0,34.19,738.0,550.0,10.575,4.6459938492873905,21.585258847616263,0.27796747967479674,3.3511892888445614,35.10117546,32.54626918,2.55490628
F06_y34.19_Vol738.0_Am550_rho10.616,6.0,34.19,738.0,550.0,10.616,4.6459938492873905,21.585258847616263,0.27796747967479674,3.3511892888445614,35.10117546,32.54741507,2.55376039
F06_y34.97_Vol421.6_Am450_rho10.493,6.0,34.97,421.6,450.0,10.493,3.4721820288081315,12.056048041178153,0.4976755218216319,6.0,36.71146327,32.9009944,3.81046887
F06_y34.97_Vol421.6_Am450_rho10.534,6.0,34.97,421.6,450.0,10.534,3.4721820288081315,12.056048041178153,0.4976755218216319,6.0,36.71146328,32.90834902,3.80311425
F06_y34.97_Vol421.6_Am450_rho10.575,6.0,34.97,421.6,450.0,10.575,3.4721820288081315,12.056048041178153,0.4976755218216319,6.0,36.71146329,32.91560028,3.79586301
F06_y34.97_Vol421.6_Am450_rho10.616,6.0,34.97,421.6,450.0,10.616,3.4721820288081315,12.056048041178153,0.4976755218216319,6.0,36.7114633,32.92281259,3.78865071
F06_y34.97_Vol421.6_Am500_rho10.493,6.0,34.97,421.6,500.0,10.493,3.4721820288081315,12.056048041178153,0.4976755218216319,6.0,36.71146326,32.91729571,3.79416755
F06_y34.97_Vol421.6_Am500_rho10.534,6.0,34.97,421.6,500.0,10.534,3.4721820288081315,12.056048041178153,0.4976755218216319,6.0,36.71146327,32.92441995,3.78704332
F06_y34.97_Vol421.6_Am500_rho10.575,6.0,34.97,421.6,500.0,10.575,3.4721820288081315,12.056048041178153,0.4976755218216319,6.0,36.71146327,32.93149274,3.77997054
F06_y34.97_Vol421.6_Am500_rho10.616,6.0,34.97,421.6,500.0,10.616,3.4721820288081315,12.056048041178153,0.4976755218216319,6.0,36.71146328,32.93846466,3.77299863
F06_y34.97_Vol421.6_Am550_rho10.493,6.0,34.97,421.6,550.0,10.493,3.4721820288081315,12.056048041178153,0.4976755218216319,6.0,36.71146326,32.93113589,3.78032736
F06_y34.97_Vol421.6_Am550_rho10.534,6.0,34.97,421.6,550.0,10.534,3.4721820288081315,12.056048041178153,0.4976755218216319,6.0,36.71146326,32.93810943,3.77335383
F06_y34.97_Vol421.6_Am550_rho10.575,6.0,34.97,421.6,550.0,10.575,3.4721820288081315,12.056048041178153,0.4976755218216319,6.0,36.71146327,32.94501325,3.76645002
F06_y34.97_Vol421.6_Am550_rho10.616,6.0,34.97,421.6,550.0,10.616,3.4721820288081315,12.056048041178153,0.4976755218216319,6.0,36.71146327,32.95184562,3.75961765
F06_y34.97_Vol455.9_Am450_rho10.493,6.0,34.97,455.9,450.0,10.493,3.610663202487297,13.036888761795824,0.46023250712875635,5.5485852160561535,36.56850218,32.90508449,3.66341769
F06_y34.97_Vol455.9_Am450_rho10.534,6.0,34.97,455.9,450.0,10.534,3.610663202487297,13.036888761795824,0.46023250712875635,5.5485852160561535,36.56850218,32.91290572,3.65559646
F06_y34.97_Vol455.9_Am450_rho10.575,6.0,34.97,455.9,450.0,10.575,3.610663202487297,13.036888761795824,0.46023250712875635,5.5485852160561535,36.56850219,32.92057035,3.64793184
F06_y34.97_Vol455.9_Am450_rho10.616,6.0,34.97,455.9,450.0,10.616,3.610663202487297,13.036888761795824,0.46023250712875635,5.5485852160561535,36.5685022,32.92811866,3.64038354
F06_y34.97_Vol455.9_Am500_rho10.493,6.0,34.97,455.9,500.0,10.493,3.610663202487297,13.036888761795824,0.46023250712875635,5.5485852160561535,36.56850217,32.92308272,3.64541945
F06_y34.97_Vol455.9_Am500_rho10.534,6.0,34.97,455.9,500.0,10.534,3.610663202487297,13.036888761795824,0.46023250712875635,5.5485852160561535,36.56850217,32.93068724,3.63781494
F06_y34.97_Vol455.9_Am500_rho10.575,6.0,34.97,455.9,500.0,10.575,3.610663202487297,13.036888761795824,0.46023250712875635,5.5485852160561535,36.56850218,32.93811347,3.63038872
F06_y34.97_Vol455.9_Am500_rho10.616,6.0,34.97,455.9,500.0,10.616,3.610663202487297,13.036888761795824,0.46023250712875635,5.5485852160561535,36.56850219,32.94541235,3.62308984
F06_y34.97_Vol455.9_Am550_rho10.493,6.0,34.97,455.9,550.0,10.493,3.610663202487297,13.036888761795824,0.46023250712875635,5.5485852160561535,36.56850216,32.93862382,3.62987834
F06_y34.97_Vol455.9_Am550_rho10.534,6.0,34.97,455.9,550.0,10.534,3.610663202487297,13.036888761795824,0.46023250712875635,5.5485852160561535,36.56850217,32.94596891,3.62253325
F06_y34.97_Vol455.9_Am550_rho10.575,6.0,34.97,455.9,550.0,10.575,3.610663202487297,13.036888761795824,0.46023250712875635,5.5485852160561535,36.56850218,32.95316103,3.61534114
F06_y34.97_Vol455.9_Am550_rho10.616,6.0,34.97,455.9,550.0,10.616,3.610663202487297,13.036888761795824,0.46023250712875635,5.5485852160561535,36.56850218,32.96024974,3.60825245
F06_y34.97_Vol514.7_Am450_rho10.493,6.0,34.97,514.7,450.0,10.493,3.8364475751846796,14.718329997140408,0.40765494462793855,4.914707596658247,36.37132385,32.88407903,3.48724482
F06_y34.97_Vol514.7_Am450_rho10.534,6.0,34.97,514.7,450.0,10.534,3.8364475751846796,14.718329997140408,0.40765494462793855,4.914707596658247,36.37132385,32.89332232,3.47800153
F06_y34.97_Vol514.7_Am450_rho10.575,6.0,34.97,514.7,450.0,10.575,3.8364475751846796,14.718329997140408,0.40765494462793855,4.914707596658247,36.37132386,32.9023776,3.46894626
F06_y34.97_Vol514.7_Am450_rho10.616,6.0,34.97,514.7,450.0,10.616,3.8364475751846796,14.718329997140408,0.40765494462793855,4.914707596658247,36.37132386,32.91131226,3.4600116
F06_y34.97_Vol514.7_Am500_rho10.493,6.0,34.97,514.7,500.0,10.493,3.8364475751846796,14.718329997140408,0.40765494462793855,4.914707596658247,36.37132384,32.90530127,3.46602258
F06_y34.97_Vol514.7_Am500_rho10.534,6.0,34.97,514.7,500.0,10.534,3.8364475751846796,14.718329997140408,0.40765494462793855,4.914707596658247,36.37132385,32.91439041,3.45693344
F06_y34.97_Vol514.7_Am500_rho10.575,6.0,34.97,514.7,500.0,10.575,3.8364475751846796,14.718329997140408,0.40765494462793855,4.914707596658247,36.37132385,32.92331899,3.44800486
F06_y34.97_Vol514.7_Am500_rho10.616,6.0,34.97,514.7,500.0,10.616,3.8364475751846796,14.718329997140408,0.40765494462793855,4.914707596658247,36.37132386,32.93216718,3.43915668
F06_y34.97_Vol514.7_Am550_rho10.493,6.0,34.97,514.7,550.0,10.493,3.8364475751846796,14.718329997140408,0.40765494462793855,4.914707596658247,36.37132384,32.92446438,3.44685946
F06_y34.97_Vol514.7_Am550_rho10.534,6.0,34.97,514.7,550.0,10.534,3.8364475751846796,14.718329997140408,0.40765494462793855,4.914707596658247,36.37132385,32.93337682,3.43794703
F06_y34.97_Vol514.7_Am550_rho10.575,6.0,34.97,514.7,550.0,10.575,3.8364475751846796,14.718329997140408,0.40765494462793855,4.914707596658247,36.37132385,32.94217158,3.42915227
F06_y34.97_Vol514.7_Am550_rho10.616,6.0,34.97,514.7,550.0,10.616,3.8364475751846796,14.718329997140408,0.40765494462793855,4.914707596658247,36.37132385,32.95093165,3.4203922
F06_y34.97_Vol573.5_Am450_rho10.493,6.0,34.97,573.5,450.0,10.493,4.049663101109151,16.399771232484987,0.36585876198779427,4.410810810810811,36.21746756,32.86728531,3.35018225
F06_y34.97_Vol573.5_Am450_rho10.534,6.0,34.97,573.5,450.0,10.534,4.049663101109151,16.399771232484987,0.36585876198779427,4.410810810810811,36.21746756,32.87539148,3.34207608
F06_y34.97_Vol573.5_Am450_rho10.575,6.0,34.97,573.5,450.0,10.575,4.049663101109151,16.399771232484987,0.36585876198779427,4.410810810810811,36.21746757,32.88359246,3.3338751
F06_y34.97_Vol573.5_Am450_rho10.616,6.0,34.97,573.5,450.0,10.616,4.049663101109151,16.399771232484987,0.36585876198779427,4.410810810810811,36.21746757,32.89171187,3.3257557
F06_y34.97_Vol573.5_Am500_rho10.493,6.0,34.97,573.5,500.0,10.493,4.049663101109151,16.399771232484987,0.36585876198779427,4.410810810810811,36.21746756,32.88511081,3.33235675
F06_y34.97_Vol573.5_Am500_rho10.534,6.0,34.97,573.5,500.0,10.534,4.049663101109151,16.399771232484987,0.36585876198779427,4.410810810810811,36.21746756,32.89345726,3.3240103
F06_y34.97_Vol573.5_Am500_rho10.575,6.0,34.97,573.5,500.0,10.575,4.049663101109151,16.399771232484987,0.36585876198779427,4.410810810810811,36.21746756,32.90179155,3.31567602
F06_y34.97_Vol573.5_Am500_rho10.616,6.0,34.97,573.5,500.0,10.616,4.049663101109151,16.399771232484987,0.36585876198779427,4.410810810810811,36.21746757,32.91010306,3.30736451
F06_y34.97_Vol573.5_Am550_rho10.493,6.0,34.97,573.5,550.0,10.493,4.049663101109151,16.399771232484987,0.36585876198779427,4.410810810810811,36.21746756,32.90256187,3.31490569
F06_y34.97_Vol573.5_Am550_rho10.534,6.0,34.97,573.5,550.0,10.534,4.049663101109151,16.399771232484987,0.36585876198779427,4.410810810810811,36.21746756,32.91095272,3.30651484
F06_y34.97_Vol573.5_Am550_rho10.575,6.0,34.97,573.5,550.0,10.575,4.049663101109151,16.399771232484987,0.36585876198779427,4.410810810810811,36.21746756,32.9193151,3.29815246
F06_y34.97_Vol573.5_Am550_rho10.616,6.0,34.97,573.5,550.0,10.616,4.049663101109151,16.399771232484987,0.36585876198779427,4.410810810810811,36.21746756,32.92778179,3.28968578
F06_y34.97_Vol632.3_Am450_rho10.493,6.0,34.97,632.3,450.0,10.493,4.252200896927327,18.081212467829566,0.33183615372449793,4.000632611102326,36.09406561,32.92274,3.17132561
F06_y34.97_Vol632.3_Am450_rho10.534,6.0,34.97,632.3,450.0,10.534,4.252200896927327,18.081212467829566,0.33183615372449793,4.000632611102326,36.09406562,32.92686641,3.16719921
F06_y34.97_Vol632.3_Am450_rho10.575,6.0,34.97,632.3,450.0,10.575,4.252200896927327,18.081212467829566,0.33183615372449793,4.000632611102326,36.09406562,32.9312608,3.16280482
F06_y34.97_Vol632.3_Am450_rho10.616,6.0,34.97,632.3,450.0,10.616,4.252200896927327,18.081212467829566,0.33183615372449793,4.000632611102326,36.09406562,32.93576568,3.15829995
F06_y34.97_Vol632.3_Am500_rho10.493,6.0,34.97,632.3,500.0,10.493,4.252200896927327,18.081212467829566,0.33183615372449793,4.000632611102326,36.09406561,32.9308579,3.16320771
F06_y34.97_Vol632.3_Am500_rho10.534,6.0,34.97,632.3,500.0,10.534,4.252200896927327,18.081212467829566,0.33183615372449793,4.000632611102326,36.09406561,32.93544534,3.15862027
F06_y34.97_Vol632.3_Am500_rho10.575,6.0,34.97,632.3,500.0,10.575,4.252200896927327,18.081212467829566,0.33183615372449793,4.000632611102326,36.09406562,32.94018501,3.15388061
F06_y34.97_Vol632.3_Am500_rho10.616,6.0,34.97,632.3,500.0,10.616,4.252200896927327,18.081212467829566,0.33183615372449793,4.000632611102326,36.09406562,32.94506695,3.14899867
F06_y34.97_Vol632.3_Am550_rho10.493,6.0,34.97,632.3,550.0,10.493,4.252200896927327,18.081212467829566,0.33183615372449793,4.000632611102326,36.09406561,32.94020101,3.1538646
F06_y34.97_Vol632.3_Am550_rho10.534,6.0,34.97,632.3,550.0,10.534,4.252200896927327,18.081212467829566,0.33183615372449793,4.000632611102326,36.09406561,32.94515802,3.1489076
F06_y34.97_Vol632.3_Am550_rho10.575,6.0,34.97,632.3,550.0,10.575,4.252200896927327,18.081212467829566,0.33183615372449793,4.000632611102326,36.09406562,32.95029714,3.14376848
F06_y34.97_Vol632.3_Am550_rho10.616,6.0,34.97,632.3,550.0,10.616,4.252200896927327,18.081212467829566,0.33183615372449793,4.000632611102326,36.09406562,32.95555301,3.13851261
F06_y34.97_Vol691.2_Am450_rho10.493,6.0,34.97,691.2,450.0,10.493,4.445842248338532,19.765513297111813,0.3035590277777777,3.6597222222222214,35.9927303,33.05989115,2.93283915
F06_y34.97_Vol691.2_Am450_rho10.534,6.0,34.97,691.2,450.0,10.534,4.445842248338532,19.765513297111813,0.3035590277777777,3.6597222222222214,35.9927303,33.06147976,2.93125054
F06_y34.97_Vol691.2_Am450_rho10.575,6.0,34.97,691.2,450.0,10.575,4.445842248338532,19.765513297111813,0.3035590277777777,3.6597222222222214,35.99273031,33.06312181,2.9296085
F06_y34.97_Vol691.2_Am450_rho10.616,6.0,34.97,691.2,450.0,10.616,4.445842248338532,19.765513297111813,0.3035590277777777,3.6597222222222214,35.99273031,33.38216333,2.61056698
F06_y34.97_Vol691.2_Am500_rho10.493,6.0,34.97,691.2,500.0,10.493,4.445842248338532,19.765513297111813,0.3035590277777777,3.6597222222222214,35.9927303,33.06202599,2.93070431
F06_y34.97_Vol691.2_Am500_rho10.534,6.0,34.97,691.2,500.0,10.534,4.445842248338532,19.765513297111813,0.3035590277777777,3.6597222222222214,35.9927303,33.06363176,2.92909854
F06_y34.97_Vol691.2_Am500_rho10.575,6.0,34.97,691.2,500.0,10.575,4.445842248338532,19.765513297111813,0.3035590277777777,3.6597222222222214,35.9927303,33.06516535,2.92756495
F06_y34.97_Vol691.2_Am500_rho10.616,6.0,34.97,691.2,500.0,10.616,4.445842248338532,19.765513297111813,0.3035590277777777,3.6597222222222214,35.99273031,33.06674481,2.9259855
F06_y34.97_Vol691.2_Am550_rho10.493,6.0,34.97,691.2,550.0,10.493,4.445842248338532,19.765513297111813,0.3035590277777777,3.6597222222222214,35.9927303,33.06434118,2.92838912
F06_y34.97_Vol691.2_Am550_rho10.534,6.0,34.97,691.2,550.0,10.534,4.445842248338532,19.765513297111813,0.3035590277777777,3.6597222222222214,35.9927303,33.06584223,2.92688807
F06_y34.97_Vol691.2_Am550_rho10.575,6.0,34.97,691.2,550.0,10.575,4.445842248338532,19.765513297111813,0.3035590277777777,3.6597222222222214,35.9927303,33.06738655,2.92534375
F06_y34.97_Vol691.2_Am550_rho10.616,6.0,34.97,691.2,550.0,10.616,4.445842248338532,19.765513297111813,0.3035590277777777,3.6597222222222214,35.99273031,33.0688748,2.9238555
F06_y34.97_Vol738.0_Am450_rho10.493,6.0,34.97,738.0,450.0,10.493,4.593887597660296,21.103803259937088,0.2843089430894309,3.4276422764227643,35.92437171,33.16451323,2.75985848
F06_y34.97_Vol738.0_Am450_rho10.534,6.0,34.97,738.0,450.0,10.534,4.593887597660296,21.103803259937088,0.2843089430894309,3.4276422764227643,35.92437171,33.16593743,2.75843428
F06_y34.97_Vol738.0_Am450_rho10.575,6.0,34.97,738.0,450.0,10.575,4.593887597660296,21.103803259937088,0.2843089430894309,3.4276422764227643,35.92437171,33.16740643,2.75696528
F06_y34.97_Vol738.0_Am450_rho10.616,6.0,34.97,738.0,450.0,10.616,4.593887597660296,21.103803259937088,0.2843089430894309,3.4276422764227643,35.92437172,33.16884986,2.75552186
F06_y34.97_Vol738.0_Am500_rho10.493,6.0,34.97,738.0,500.0,10.493,4.593887597660296,21.103803259937088,0.2843089430894309,3.4276422764227643,35.92437171,33.16697641,2.7573953
F06_y34.97_Vol738.0_Am500_rho10.534,6.0,34.97,738.0,500.0,10.534,4.593887597660296,21.103803259937088,0.2843089430894309,3.4276422764227643,35.92437171,34.49113373,1.43323798
F06_y34.97_Vol738.0_Am500_rho10.575,6.0,34.97,738.0,500.0,10.575,4.593887597660296,21.103803259937088,0.2843089430894309,3.4276422764227643,35.92437171,33.16979025,2.75458146
F06_y34.97_Vol738.0_Am500_rho10.616,6.0,34.97,738.0,500.0,10.616,4.593887597660296,21.103803259937088,0.2843089430894309,3.4276422764227643,35.92437171,33.17121062,2.7531611
F06_y34.97_Vol738.0_Am550_rho10.493,6.0,34.97,738.0,550.0,10.493,4.593887597660296,21.103803259937088,0.2843089430894309,3.4276422764227643,35.92437171,33.16983123,2.75454048
F06_y34.97_Vol738.0_Am550_rho10.534,6.0,34.97,738.0,550.0,10.534,4.593887597660296,21.103803259937088,0.2843089430894309,3.4276422764227643,35.92437171,33.17117121,2.7532005
F06_y34.97_Vol738.0_Am550_rho10.575,6.0,34.97,738.0,550.0,10.575,4.593887597660296,21.103803259937088,0.2843089430894309,3.4276422764227643,35.92437171,33.17246487,2.75190684
F06_y34.97_Vol738.0_Am550_rho10.616,6.0,34.97,738.0,550.0,10.616,4.593887597660296,21.103803259937088,0.2843089430894309,3.4276422764227643,35.92437171,33.1738189,2.75055281
F09_y32.69_Vol421.6_Am450_rho10.493,9.0,32.69,421.6,450.0,10.493,3.591226861414324,12.896910370143777,0.6978415559772295,8.413211323991993,35.06807939,31.1999941,3.86808529
F09_y32.69_Vol421.6_Am450_rho10.534,9.0,32.69,421.6,450.0,10.534,3.591226861414324,12.896910370143777,0.6978415559772295,8.413211323991993,35.06807939,31.21016169,3.8579177
F09_y32.69_Vol421.6_Am450_rho10.575,9.0,32.69,421.6,450.0,10.575,3.591226861414324,12.896910370143777,0.6978415559772295,8.413211323991993,35.0680794,31.22031771,3.84776168
F09_y32.69_Vol421.6_Am450_rho10.616,9.0,32.69,421.6,450.0,10.616,3.591226861414324,12.896910370143777,0.6978415559772295,8.413211323991993,35.0680794,31.23052894,3.83755046
F09_y32.69_Vol421.6_Am500_rho10.493,9.0,32.69,421.6,500.0,10.493,3.591226861414324,12.896910370143777,0.6978415559772295,8.413211323991993,35.06807938,31.21638503,3.85169435
F09_y32.69_Vol421.6_Am500_rho10.534,9.0,32.69,421.6,500.0,10.534,3.591226861414324,12.896910370143777,0.6978415559772295,8.413211323991993,35.06807939,31.22686354,3.84121584
F09_y32.69_Vol421.6_Am500_rho10.575,9.0,32.69,421.6,500.0,10.575,3.591226861414324,12.896910370143777,0.6978415559772295,8.413211323991993,35.06807939,31.23730862,3.83077077
F09_y32.69_Vol421.6_Am500_rho10.616,9.0,32.69,421.6,500.0,10.616,3.591226861414324,12.896910370143777,0.6978415559772295,8.413211323991993,35.0680794,31.24779161,3.82028779
F09_y32.69_Vol421.6_Am550_rho10.493,9.0,32.69,421.6,550.0,10.493,3.591226861414324,12.896910370143777,0.6978415559772295,8.413211323991993,35.06807938,31.23339225,3.83468712
F09_y32.69_Vol421.6_Am550_rho10.534,9.0,32.69,421.6,550.0,10.534,3.591226861414324,12.896910370143777,0.6978415559772295,8.413211323991993,35.06807938,31.24417278,3.8239066
F09_y32.69_Vol421.6_Am550_rho10.575,9.0,32.69,421.6,550.0,10.575,3.591226861414324,12.896910370143777,0.6978415559772295,8.413211323991993,35.06807939,31.25497654,3.81310285
F09_y32.69_Vol421.6_Am550_rho10.616,9.0,32.69,421.6,550.0,10.616,3.591226861414324,12.896910370143777,0.6978415559772295,8.413211323991993,35.06807939,31.26572279,3.8023566
F09_y32.69_Vol455.9_Am450_rho10.493,9.0,32.69,455.9,450.0,10.493,3.734455904877668,13.946160905475681,0.6453388901074797,7.780236661976364,34.86525027,31.13832366,3.72692661
F09_y32.69_Vol455.9_Am450_rho10.534,9.0,32.69,455.9,450.0,10.534,3.734455904877668,13.946160905475681,0.6453388901074797,7.780236661976364,34.86525027,31.14558182,3.71966845
F09_y32.69_Vol455.9_Am450_rho10.575,9.0,32.69,455.9,450.0,10.575,3.734455904877668,13.946160905475681,0.6453388901074797,7.780236661976364,34.86525028,34.28316782,0.58208246
F09_y32.69_Vol455.9_Am450_rho10.616,9.0,32.69,455.9,450.0,10.616,3.734455904877668,13.946160905475681,0.6453388901074797,7.780236661976364,34.86525028,31.16038472,3.70486556
F09_y32.69_Vol455.9_Am500_rho10.493,9.0,32.69,455.9,500.0,10.493,3.734455904877668,13.946160905475681,0.6453388901074797,7.780236661976364,34.86525027,31.14319369,3.72205658
F09_y32.69_Vol455.9_Am500_rho10.534,9.0,32.69,455.9,500.0,10.534,3.734455904877668,13.946160905475681,0.6453388901074797,7.780236661976364,34.86525027,31.15087689,3.71437338
F09_y32.69_Vol455.9_Am500_rho10.575,9.0,32.69,455.9,500.0,10.575,3.734455904877668,13.946160905475681,0.6453388901074797,7.780236661976364,34.86525027,31.15864979,3.70660048
F09_y32.69_Vol455.9_Am500_rho10.616,9.0,32.69,455.9,500.0,10.616,3.734455904877668,13.946160905475681,0.6453388901074797,7.780236661976364,34.86525027,31.16654539,3.69870488
F09_y32.69_Vol455.9_Am550_rho10.493,9.0,32.69,455.9,550.0,10.493,3.734455904877668,13.946160905475681,0.6453388901074797,7.780236661976364,34.86525026,31.14948249,3.71576778
F09_y32.69_Vol455.9_Am550_rho10.534,9.0,32.69,455.9,550.0,10.534,3.734455904877668,13.946160905475681,0.6453388901074797,7.780236661976364,34.86525027,31.15760329,3.70764698
F09_y32.69_Vol455.9_Am550_rho10.575,9.0,32.69,455.9,550.0,10.575,3.734455904877668,13.946160905475681,0.6453388901074797,7.780236661976364,34.86525027,31.16578328,3.69946699
F09_y32.69_Vol455.9_Am550_rho10.616,9.0,32.69,455.9,550.0,10.616,3.734455904877668,13.946160905475681,0.6453388901074797,7.780236661976364,34.86525027,31.17413088,3.6911194
F09_y32.69_Vol514.7_Am450_rho10.493,9.0,32.69,514.7,450.0,10.493,3.967981364485197,15.744876108901808,0.5716145327375168,6.891412267719105,34.58783675,31.23490342,3.35293333
F09_y32.69_Vol514.7_Am450_rho10.534,9.0,32.69,514.7,450.0,10.534,3.967981364485197,15.744876108901808,0.5716145327375168,6.891412267719105,34.58783675,31.2371489,3.35068785
F09_y32.69_Vol514.7_Am450_rho10.575,9.0,32.69,514.7,450.0,10.575,3.967981364485197,15.744876108901808,0.5716145327375168,6.891412267719105,34.58783675,31.23931527,3.34852149
F09_y32.69_Vol514.7_Am450_rho10.616,9.0,32.69,514.7,450.0,10.616,3.967981364485197,15.744876108901808,0.5716145327375168,6.891412267719105,34.58783676,31.24145211,3.34638464
F09_y32.69_Vol514.7_Am500_rho10.493,9.0,32.69,514.7,500.0,10.493,3.967981364485197,15.744876108901808,0.5716145327375168,6.891412267719105,34.58783675,31.22596117,3.36187558
F09_y32.69_Vol514.7_Am500_rho10.534,9.0,32.69,514.7,500.0,10.534,3.967981364485197,15.744876108901808,0.5716145327375168,6.891412267719105,34.58783675,31.22820806,3.35962869
F09_y32.69_Vol514.7_Am500_rho10.575,9.0,32.69,514.7,500.0,10.575,3.967981364485197,15.744876108901808,0.5716145327375168,6.891412267719105,34.58783675,31.23037605,3.3574607
F09_y32.69_Vol514.7_Am500_rho10.616,9.0,32.69,514.7,500.0,10.616,3.967981364485197,15.744876108901808,0.5716145327375168,6.891412267719105,34.58783675,31.23253177,3.35530499
F09_y32.69_Vol514.7_Am550_rho10.493,9.0,32.69,514.7,550.0,10.493,3.967981364485197,15.744876108901808,0.5716145327375168,6.891412267719105,34.58783675,31.21730142,3.37053532
F09_y32.69_Vol514.7_Am550_rho10.534,9.0,32.69,514.7,550.0,10.534,3.967981364485197,15.744876108901808,0.5716145327375168,6.891412267719105,34.58783675,31.21951108,3.36832567
F09_y32.69_Vol514.7_Am550_rho10.575,9.0,32.69,514.7,550.0,10.575,3.967981364485197,15.744876108901808,0.5716145327375168,6.891412267719105,34.58783675,31.22165709,3.36617966
F09_y32.69_Vol514.7_Am550_rho10.616,9.0,32.69,514.7,550.0,10.616,3.967981364485197,15.744876108901808,0.5716145327375168,6.891412267719105,34.58783675,31.22375812,3.36407864
F09_y32.69_Vol573.5_Am450_rho10.493,9.0,32.69,573.5,450.0,10.493,4.188507050528616,17.54359131232793,0.5130078465562337,6.184847243583303,34.3732283,31.36057016,3.01265813
F09_y32.69_Vol573.5_Am450_rho10.534,9.0,32.69,573.5,450.0,10.534,4.188507050528616,17.54359131232793,0.5130078465562337,6.184847243583303,34.3732283,31.36226519,3.01096311
F09_y32.69_Vol573.5_Am450_rho10.575,9.0,32.69,573.5,450.0,10.575,4.188507050528616,17.54359131232793,0.5130078465562337,6.184847243583303,34.3732283,31.36405395,3.00917436
F09_y32.69_Vol573.5_Am450_rho10.616,9.0,32.69,573.5,450.0,10.616,4.188507050528616,17.54359131232793,0.5130078465562337,6.184847243583303,34.3732283,31.36576443,3.00746388
F09_y32.69_Vol573.5_Am500_rho10.493,9.0,32.69,573.5,500.0,10.493,4.188507050528616,17.54359131232793,0.5130078465562337,6.184847243583303,34.37322829,31.35410956,3.01911873
F09_y32.69_Vol573.5_Am500_rho10.534,9.0,32.69,573.5,500.0,10.534,4.188507050528616,17.54359131232793,0.5130078465562337,6.184847243583303,34.3732283,31.35580615,3.01742214
F09_y32.69_Vol573.5_Am500_rho10.575,9.0,32.69,573.5,500.0,10.575,4.188507050528616,17.54359131232793,0.5130078465562337,6.184847243583303,34.3732283,31.35758174,3.01564656
F09_y32.69_Vol573.5_Am500_rho10.616,9.0,32.69,573.5,500.0,10.616,4.188507050528616,17.54359131232793,0.5130078465562337,6.184847243583303,34.3732283,31.3592918,3.01393651
F09_y32.69_Vol573.5_Am550_rho10.493,9.0,32.69,573.5,550.0,10.493,4.188507050528616,17.54359131232793,0.5130078465562337,6.184847243583303,34.37322829,31.34821721,3.02501108
F09_y32.69_Vol573.5_Am550_rho10.534,9.0,32.69,573.5,550.0,10.534,4.188507050528616,17.54359131232793,0.5130078465562337,6.184847243583303,34.3732283,31.34989739,3.0233309
F09_y32.69_Vol573.5_Am550_rho10.575,9.0,32.69,573.5,550.0,10.575,4.188507050528616,17.54359131232793,0.5130078465562337,6.184847243583303,34.3732283,31.35152879,3.02169951
F09_y32.69_Vol573.5_Am550_rho10.616,9.0,32.69,573.5,550.0,10.616,4.188507050528616,17.54359131232793,0.5130078465562337,6.184847243583303,34.3732283,31.35319726,3.02003105
F09_y32.69_Vol632.3_Am450_rho10.493,9.0,32.69,632.3,450.0,10.493,4.397988917193182,19.342306515754053,0.4653012810374822,5.609694597809622,34.20225605,31.46731679,2.73493926
F09_y32.69_Vol632.3_Am450_rho10.534,9.0,32.69,632.3,450.0,10.534,4.397988917193182,19.342306515754053,0.4653012810374822,5.609694597809622,34.20225605,31.46870868,2.73354738
F09_y32.69_Vol632.3_Am450_rho10.575,9.0,32.69,632.3,450.0,10.575,4.397988917193182,19.342306515754053,0.4653012810374822,5.609694597809622,34.20225605,31.47007852,2.73217753
F09_y32.69_Vol632.3_Am450_rho10.616,9.0,32.69,632.3,450.0,10.616,4.397988917193182,19.342306515754053,0.4653012810374822,5.609694597809622,34.20225606,31.47149774,2.73075831
F09_y32.69_Vol632.3_Am500_rho10.493,9.0,32.69,632.3,500.0,10.493,4.397988917193182,19.342306515754053,0.4653012810374822,5.609694597809622,34.20225605,31.46338347,2.73887258
F09_y32.69_Vol632.3_Am500_rho10.534,9.0,32.69,632.3,500.0,10.534,4.397988917193182,19.342306515754053,0.4653012810374822,5.609694597809622,34.20225605,31.46479644,2.73745961
F09_y32.69_Vol632.3_Am500_rho10.575,9.0,32.69,632.3,500.0,10.575,4.397988917193182,19.342306515754053,0.4653012810374822,5.609694597809622,34.20225605,31.46622345,2.73603261
F09_y32.69_Vol632.3_Am500_rho10.616,9.0,32.69,632.3,500.0,10.616,4.397988917193182,19.342306515754053,0.4653012810374822,5.609694597809622,34.20225605,31.46752412,2.73473194
F09_y32.69_Vol632.3_Am550_rho10.493,9.0,32.69,632.3,550.0,10.493,4.397988917193182,19.342306515754053,0.4653012810374822,5.609694597809622,34.20225605,31.45990801,2.74234804
F09_y32.69_Vol632.3_Am550_rho10.534,9.0,32.69,632.3,550.0,10.534,4.397988917193182,19.342306515754053,0.4653012810374822,5.609694597809622,34.20225605,31.46121156,2.74104449
F09_y32.69_Vol632.3_Am550_rho10.575,9.0,32.69,632.3,550.0,10.575,4.397988917193182,19.342306515754053,0.4653012810374822,5.609694597809622,34.20225605,31.46250204,2.73975401
F09_y32.69_Vol632.3_Am550_rho10.616,9.0,32.69,632.3,550.0,10.616,4.397988917193182,19.342306515754053,0.4653012810374822,5.609694597809622,34.20225605,31.46385975,2.7383963
F09_y32.69_Vol691.2_Am450_rho10.493,9.0,32.69,691.2,450.0,10.493,4.598269322108242,21.14408075864179,0.4256510416666666,5.131669407110857,34.06261583,31.55745015,2.50516568
F09_y32.69_Vol691.2_Am450_rho10.534,9.0,32.69,691.2,450.0,10.534,4.598269322108242,21.14408075864179,0.4256510416666666,5.131669407110857,34.06261583,31.55860608,2.50400975
F09_y32.69_Vol691.2_Am450_rho10.575,9.0,32.69,691.2,450.0,10.575,4.598269322108242,21.14408075864179,0.4256510416666666,5.131669407110857,34.06261583,31.55973212,2.50288371
F09_y32.69_Vol691.2_Am450_rho10.616,9.0,32.69,691.2,450.0,10.616,4.598269322108242,21.14408075864179,0.4256510416666666,5.131669407110857,34.06261583,31.56080502,2.50181081
F09_y32.69_Vol691.2_Am500_rho10.493,9.0,32.69,691.2,500.0,10.493,4.598269322108242,21.14408075864179,0.4256510416666666,5.131669407110857,34.06261583,31.55528234,2.50733349
F09_y32.69_Vol691.2_Am500_rho10.534,9.0,32.69,691.2,500.0,10.534,4.598269322108242,21.14408075864179,0.4256510416666666,5.131669407110857,34.06261583,31.55638517,2.50623066
F09_y32.69_Vol691.2_Am500_rho10.575,9.0,32.69,691.2,500.0,10.575,4.598269322108242,21.14408075864179,0.4256510416666666,5.131669407110857,34.06261583,31.55757834,2.50503749
F09_y32.69_Vol691.2_Am500_rho10.616,9.0,32.69,691.2,500.0,10.616,4.598269322108242,21.14408075864179,0.4256510416666666,5.131669407110857,34.06261583,31.55871094,2.50390489
F09_y32.69_Vol691.2_Am550_rho10.493,9.0,32.69,691.2,550.0,10.493,4.598269322108242,21.14408075864179,0.4256510416666666,5.131669407110857,34.06261583,31.5530685,2.50954733
F09_y32.69_Vol691.2_Am550_rho10.534,9.0,32.69,691.2,550.0,10.534,4.598269322108242,21.14408075864179,0.4256510416666666,5.131669407110857,34.06261583,31.55419419,2.50842164
F09_y32.69_Vol691.2_Am550_rho10.575,9.0,32.69,691.2,550.0,10.575,4.598269322108242,21.14408075864179,0.4256510416666666,5.131669407110857,34.06261583,31.55533421,2.50728162
F09_y32.69_Vol691.2_Am550_rho10.616,9.0,32.69,691.2,550.0,10.616,4.598269322108242,21.14408075864179,0.4256510416666666,5.131669407110857,34.06261583,31.55644479,2.50617104
F09_y32.69_Vol738.0_Am450_rho10.493,9.0,32.69,738.0,450.0,10.493,4.751390451928238,22.575711226674827,0.3986585365853658,4.806246469098949,33.96880159,31.61825224,2.35054934
F09_y32.69_Vol738.0_Am450_rho10.534,9.0,32.69,738.0,450.0,10.534,4.751390451928238,22.575711226674827,0.3986585365853658,4.806246469098949,33.96880159,31.61921963,2.34958196
F09_y32.69_Vol738.0_Am450_rho10.575,9.0,32.69,738.0,450.0,10.575,4.751390451928238,22.575711226674827,0.3986585365853658,4.806246469098949,33.96880159,31.62030201,2.34849958
F09_y32.69_Vol738.0_Am450_rho10.616,9.0,32.69,738.0,450.0,10.616,4.751390451928238,22.575711226674827,0.3986585365853658,4.806246469098949,33.96880159,31.62131255,2.34748904
F09_y32.69_Vol738.0_Am500_rho10.493,9.0,32.69,738.0,500.0,10.493,4.751390451928238,22.575711226674827,0.3986585365853658,4.806246469098949,33.96880159,31.61662494,2.35217665
F09_y32.69_Vol738.0_Am500_rho10.534,9.0,32.69,738.0,500.0,10.534,4.751390451928238,22.575711226674827,0.3986585365853658,4.806246469098949,33.96880159,31.61764458,2.35115701
F09_y32.69_Vol738.0_Am500_rho10.575,9.0,32.69,738.0,500.0,10.575,4.751390451928238,22.575711226674827,0.3986585365853658,4.806246469098949,33.96880159,31.61858168,2.35021991
F09_y32.69_Vol738.0_Am500_rho10.616,9.0,32.69,738.0,500.0,10.616,4.751390451928238,22.575711226674827,0.3986585365853658,4.806246469098949,33.96880159,31.6194825,2.34931909
F09_y32.69_Vol738.0_Am550_rho10.493,9.0,32.69,738.0,550.0,10.493,4.751390451928238,22.575711226674827,0.3986585365853658,4.806246469098949,33.96880159,31.61494378,2.35385781
F09_y32.69_Vol738.0_Am550_rho10.534,9.0,32.69,738.0,550.0,10.534,4.751390451928238,22.575711226674827,0.3986585365853658,4.806246469098949,33.96880159,31.61590587,2.35289572
F09_y32.69_Vol738.0_Am550_rho10.575,9.0,32.69,738.0,550.0,10.575,4.751390451928238,22.575711226674827,0.3986585365853658,4.806246469098949,33.96880159,31.61680691,2.35199468
F09_y32.69_Vol738.0_Am550_rho10.616,9.0,32.69,738.0,550.0,10.616,4.751390451928238,22.575711226674827,0.3986585365853658,4.806246469098949,33.96880159,31.61778501,2.35101658
F09_y33.19_Vol421.6_Am450_rho10.493,9.0,33.19,421.6,450.0,10.493,3.564073690521467,12.702621271467311,0.7085151802656545,8.54189305118673,35.64687883,31.84356598,3.80331285
F09_y33.19_Vol421.6_Am450_rho10.534,9.0,33.19,421.6,450.0,10.534,3.564073690521467,12.702621271467311,0.7085151802656545,8.54189305118673,35.64687884,31.85346287,3.79341597
F09_y33.19_Vol421.6_Am450_rho10.575,9.0,33.19,421.6,450.0,10.575,3.564073690521467,12.702621271467311,0.7085151802656545,8.54189305118673,35.64687884,31.86321703,3.78366182
F09_y33.19_Vol421.6_Am450_rho10.616,9.0,33.19,421.6,450.0,10.616,3.564073690521467,12.702621271467311,0.7085151802656545,8.54189305118673,35.64687885,31.87292494,3.77395391
F09_y33.19_Vol421.6_Am500_rho10.493,9.0,33.19,421.6,500.0,10.493,3.564073690521467,12.702621271467311,0.7085151802656545,8.54189305118673,35.64687882,31.86349273,3.78338609
F09_y33.19_Vol421.6_Am500_rho10.534,9.0,33.19,421.6,500.0,10.534,3.564073690521467,12.702621271467311,0.7085151802656545,8.54189305118673,35.64687883,31.87349315,3.77338568
F09_y33.19_Vol421.6_Am500_rho10.575,9.0,33.19,421.6,500.0,10.575,3.564073690521467,12.702621271467311,0.7085151802656545,8.54189305118673,35.64687883,31.88343817,3.76344066
F09_y33.19_Vol421.6_Am500_rho10.616,9.0,33.19,421.6,500.0,10.616,3.564073690521467,12.702621271467311,0.7085151802656545,8.54189305118673,35.64687884,31.89326375,3.75361509
F09_y33.19_Vol421.6_Am550_rho10.493,9.0,33.19,421.6,550.0,10.493,3.564073690521467,12.702621271467311,0.7085151802656545,8.54189305118673,35.64687882,31.88297279,3.76390602
F09_y33.19_Vol421.6_Am550_rho10.534,9.0,33.19,421.6,550.0,10.534,3.564073690521467,12.702621271467311,0.7085151802656545,8.54189305118673,35.64687882,31.89298604,3.75389279
F09_y33.19_Vol421.6_Am550_rho10.575,9.0,33.19,421.6,550.0,10.575,3.564073690521467,12.702621271467311,0.7085151802656545,8.54189305118673,35.64687883,31.90290671,3.74397212
F09_y33.19_Vol421.6_Am550_rho10.616,9.0,33.19,421.6,550.0,10.616,3.564073690521467,12.702621271467311,0.7085151802656545,8.54189305118673,35.64687884,31.91275827,3.73412056
F09_y33.19_Vol455.9_Am450_rho10.493,9.0,33.19,455.9,450.0,10.493,3.7062197829922776,13.736065079843327,0.6552094757622285,7.89923691682458,35.43689034,31.74174364,3.69514669
F09_y33.19_Vol455.9_Am450_rho10.534,9.0,33.19,455.9,450.0,10.534,3.7062197829922776,13.736065079843327,0.6552094757622285,7.89923691682458,35.43689034,31.75100656,3.68588378
F09_y33.19_Vol455.9_Am450_rho10.575,9.0,33.19,455.9,450.0,10.575,3.7062197829922776,13.736065079843327,0.6552094757622285,7.89923691682458,35.43689034,35.16390251,0.27298784
F09_y33.19_Vol455.9_Am450_rho10.616,9.0,33.19,455.9,450.0,10.616,3.7062197829922776,13.736065079843327,0.6552094757622285,7.89923691682458,35.43689035,31.76964438,3.66724597
F09_y33.19_Vol455.9_Am500_rho10.493,9.0,33.19,455.9,500.0,10.493,3.7062197829922776,13.736065079843327,0.6552094757622285,7.89923691682458,35.43689033,31.75767147,3.67921886
F09_y33.19_Vol455.9_Am500_rho10.534,9.0,33.19,455.9,500.0,10.534,3.7062197829922776,13.736065079843327,0.6552094757622285,7.89923691682458,35.43689033,31.76724604,3.66964429
F09_y33.19_Vol455.9_Am500_rho10.575,9.0,33.19,455.9,500.0,10.575,3.7062197829922776,13.736065079843327,0.6552094757622285,7.89923691682458,35.43689034,31.77680183,3.66008851
F09_y33.19_Vol455.9_Am500_rho10.616,9.0,33.19,455.9,500.0,10.616,3.7062197829922776,13.736065079843327,0.6552094757622285,7.89923691682458,35.43689034,31.78632269,3.65056766
F09_y33.19_Vol455.9_Am550_rho10.493,9.0,33.19,455.9,550.0,10.493,3.7062197829922776,13.736065079843327,0.6552094757622285,7.89923691682458,35.43689033,31.77349113,3.66339919
F09_y33.19_Vol455.9_Am550_rho10.534,9.0,33.19,455.9,550.0,10.534,3.7062197829922776,13.736065079843327,0.6552094757622285,7.89923691682458,35.43689033,31.78329267,3.65359766
F09_y33.19_Vol455.9_Am550_rho10.575,9.0,33.19,455.9,550.0,10.575,3.7062197829922776,13.736065079843327,0.6552094757622285,7.89923691682458,35.43689034,31.79300889,3.64388145
F09_y33.19_Vol455.9_Am550_rho10.616,9.0,33.19,455.9,550.0,10.616,3.7062197829922776,13.736065079843327,0.6552094757622285,7.89923691682458,35.43689034,31.8027034,3.63418694
F09_y33.19_Vol514.7_Am450_rho10.493,9.0,33.19,514.7,450.0,10.493,3.9379795628036667,15.507683037059358,0.5803574897998833,6.996817778084953,35.14981946,31.68948564,3.46033382
F09_y33.19_Vol514.7_Am450_rho10.534,9.0,33.19,514.7,450.0,10.534,3.9379795628036667,15.507683037059358,0.5803574897998833,6.996817778084953,35.14981946,31.69433288,3.45548658
F09_y33.19_Vol514.7_Am450_rho10.575,9.0,33.19,514.7,450.0,10.575,3.9379795628036667,15.507683037059358,0.5803574897998833,6.996817778084953,35.14981946,31.69931428,3.45050518
F09_y33.19_Vol514.7_Am450_rho10.616,9.0,33.19,514.7,450.0,10.616,3.9379795628036667,15.507683037059358,0.5803574897998833,6.996817778084953,35.14981947,31.70444887,3.4453706
F09_y33.19_Vol514.7_Am500_rho10.493,9.0,33.19,514.7,500.0,10.493,3.9379795628036667,15.507683037059358,0.5803574897998833,6.996817778084953,35.14981946,31.69141315,3.4584063
F09_y33.19_Vol514.7_Am500_rho10.534,9.0,33.19,514.7,500.0,10.534,3.9379795628036667,15.507683037059358,0.5803574897998833,6.996817778084953,35.14981946,31.69687651,3.45294295
F09_y33.19_Vol514.7_Am500_rho10.575,9.0,33.19,514.7,500.0,10.575,3.9379795628036667,15.507683037059358,0.5803574897998833,6.996817778084953,35.14981946,31.70230336,3.4475161
F09_y33.19_Vol514.7_Am500_rho10.616,9.0,33.19,514.7,500.0,10.616,3.9379795628036667,15.507683037059358,0.5803574897998833,6.996817778084953,35.14981946,31.70789527,3.4419242
F09_y33.19_Vol514.7_Am550_rho10.493,9.0,33.19,514.7,550.0,10.493,3.9379795628036667,15.507683037059358,0.5803574897998833,6.996817778084953,35.14981945,31.69493892,3.45488053
F09_y33.19_Vol514.7_Am550_rho10.534,9.0,33.19,514.7,550.0,10.534,3.9379795628036667,15.507683037059358,0.5803574897998833,6.996817778084953,35.14981946,31.70064491,3.44917455
F09_y33.19_Vol514.7_Am550_rho10.575,9.0,33.19,514.7,550.0,10.575,3.9379795628036667,15.507683037059358,0.5803574897998833,6.996817778084953,35.14981946,31.70652123,3.44329823
F09_y33.19_Vol514.7_Am550_rho10.616,9.0,33.19,514.7,550.0,10.616,3.9379795628036667,15.507683037059358,0.5803574897998833,6.996817778084953,35.14981946,31.7124808,3.43733866
F09_y33.19_Vol573.5_Am450_rho10.493,9.0,33.19,573.5,450.0,10.493,4.156837859993505,17.279300994275385,0.5208544027898866,6.279445702494029,34.9278465,31.79955506,3.12829144
F09_y33.19_Vol573.5_Am450_rho10.534,9.0,33.19,573.5,450.0,10.534,4.156837859993505,17.279300994275385,0.5208544027898866,6.279445702494029,34.9278465,31.801449,3.12639751
F09_y33.19_Vol573.5_Am450_rho10.575,9.0,33.19,573.5,450.0,10.575,4.156837859993505,17.279300994275385,0.5208544027898866,6.279445702494029,34.92784651,31.80326493,3.12458157
F09_y33.19_Vol573.5_Am450_rho10.616,9.0,33.19,573.5,450.0,10.616,4.156837859993505,17.279300994275385,0.5208544027898866,6.279445702494029,34.92784651,31.80512482,3.12272169
F09_y33.19_Vol573.5_Am500_rho10.493,9.0,33.19,573.5,500.0,10.493,4.156837859993505,17.279300994275385,0.5208544027898866,6.279445702494029,34.9278465,31.79543721,3.13240929
F09_y33.19_Vol573.5_Am500_rho10.534,9.0,33.19,573.5,500.0,10.534,4.156837859993505,17.279300994275385,0.5208544027898866,6.279445702494029,34.9278465,31.7972392,3.13060731
F09_y33.19_Vol573.5_Am500_rho10.575,9.0,33.19,573.5,500.0,10.575,4.156837859993505,17.279300994275385,0.5208544027898866,6.279445702494029,34.9278465,31.7991409,3.1287056
F09_y33.19_Vol573.5_Am500_rho10.616,9.0,33.19,573.5,500.0,10.616,4.156837859993505,17.279300994275385,0.5208544027898866,6.279445702494029,34.92784651,31.80097497,3.12687154
F09_y33.19_Vol573.5_Am550_rho10.493,9.0,33.19,573.5,550.0,10.493,4.156837859993505,17.279300994275385,0.5208544027898866,6.279445702494029,34.9278465,31.79151924,3.13632726
F09_y33.19_Vol573.5_Am550_rho10.534,9.0,33.19,573.5,550.0,10.534,4.156837859993505,17.279300994275385,0.5208544027898866,6.279445702494029,34.9278465,31.79331138,3.13453512
F09_y33.19_Vol573.5_Am550_rho10.575,9.0,33.19,573.5,550.0,10.575,4.156837859993505,17.279300994275385,0.5208544027898866,6.279445702494029,34.9278465,31.7950966,3.1327499
F09_y33.19_Vol573.5_Am550_rho10.616,9.0,33.19,573.5,550.0,10.616,4.156837859993505,17.279300994275385,0.5208544027898866,6.279445702494029,34.92784651,31.79688869,3.13095781
F09_y33.19_Vol632.3_Am450_rho10.493,9.0,33.19,632.3,450.0,10.493,4.364735839829417,19.05091895149141,0.4724181559386368,5.695495983520997,34.7510715,31.90906351,2.84200799
F09_y33.19_Vol632.3_Am450_rho10.534,9.0,33.19,632.3,450.0,10.534,4.364735839829417,19.05091895149141,0.4724181559386368,5.695495983520997,34.7510715,31.91057798,2.84049352
F09_y33.19_Vol632.3_Am450_rho10.575,9.0,33.19,632.3,450.0,10.575,4.364735839829417,19.05091895149141,0.4724181559386368,5.695495983520997,34.7510715,31.91211092,2.83896059
F09_y33.19_Vol632.3_Am450_rho10.616,9.0,33.19,632.3,450.0,10.616,4.364735839829417,19.05091895149141,0.4724181559386368,5.695495983520997,34.75107151,31.91367961,2.83739189
F09_y33.19_Vol632.3_Am500_rho10.493,9.0,33.19,632.3,500.0,10.493,4.364735839829417,19.05091895149141,0.4724181559386368,5.695495983520997,34.7510715,31.9066378,2.8444337
F09_y33.19_Vol632.3_Am500_rho10.534,9.0,33.19,632.3,500.0,10.534,4.364735839829417,19.05091895149141,0.4724181559386368,5.695495983520997,34.7510715,31.9081273,2.8429442
F09_y33.19_Vol632.3_Am500_rho10.575,9.0,33.19,632.3,500.0,10.575,4.364735839829417,19.05091895149141,0.4724181559386368,5.695495983520997,34.7510715,31.90963329,2.84143822
F09_y33.19_Vol632.3_Am500_rho10.616,9.0,33.19,632.3,500.0,10.616,4.364735839829417,19.05091895149141,0.4724181559386368,5.695495983520997,34.75107151,31.91109187,2.83997964
F09_y33.19_Vol632.3_Am550_rho10.493,9.0,33.19,632.3,550.0,10.493,4.364735839829417,19.05091895149141,0.4724181559386368,5.695495983520997,34.7510715,31.90446471,2.84660679
F09_y33.19_Vol632.3_Am550_rho10.534,9.0,33.19,632.3,550.0,10.534,4.364735839829417,19.05091895149141,0.4724181559386368,5.695495983520997,34.7510715,31.90591976,2.84515174
F09_y33.19_Vol632.3_Am550_rho10.575,9.0,33.19,632.3,550.0,10.575,4.364735839829417,19.05091895149141,0.4724181559386368,5.695495983520997,34.7510715,31.90740545,2.84366605
F09_y33.19_Vol632.3_Am550_rho10.616,9.0,33.19,632.3,550.0,10.616,4.364735839829417,19.05091895149141,0.4724181559386368,5.695495983520997,34.7510715,31.90883564,2.84223586
F09_y33.19_Vol691.2_Am450_rho10.493,9.0,33.19,691.2,450.0,10.493,4.563501929923663,20.825549864416995,0.4321614583333333,5.210159303212277,34.60673664,32.00362759,2.60310905
F09_y33.19_Vol691.2_Am450_rho10.534,9.0,33.19,691.2,450.0,10.534,4.563501929923663,20.825549864416995,0.4321614583333333,5.210159303212277,34.60673665,32.00481891,2.60191774
F09_y33.19_Vol691.2_Am450_rho10.575,9.0,33.19,691.2,450.0,10.575,4.563501929923663,20.825549864416995,0.4321614583333333,5.210159303212277,34.60673665,32.00607177,2.60066488
F09_y33.19_Vol691.2_Am450_rho10.616,9.0,33.19,691.2,450.0,10.616,4.563501929923663,20.825549864416995,0.4321614583333333,5.210159303212277,34.60673665,32.00731613,2.59942052
F09_y33.19_Vol691.2_Am500_rho10.493,9.0,33.19,691.2,500.0,10.493,4.563501929923663,20.825549864416995,0.4321614583333333,5.210159303212277,34.60673664,32.00292899,2.60380765
F09_y33.19_Vol691.2_Am500_rho10.534,9.0,33.19,691.2,500.0,10.534,4.563501929923663,20.825549864416995,0.4321614583333333,5.210159303212277,34.60673664,32.00404359,2.60269305
F09_y33.19_Vol691.2_Am500_rho10.575,9.0,33.19,691.2,500.0,10.575,4.563501929923663,20.825549864416995,0.4321614583333333,5.210159303212277,34.60673665,32.00520546,2.60153119
F09_y33.19_Vol691.2_Am500_rho10.616,9.0,33.19,691.2,500.0,10.616,4.563501929923663,20.825549864416995,0.4321614583333333,5.210159303212277,34.60673665,32.00641999,2.60031666
F09_y33.19_Vol691.2_Am550_rho10.493,9.0,33.19,691.2,550.0,10.493,4.563501929923663,20.825549864416995,0.4321614583333333,5.210159303212277,34.60673664,32.00217247,2.60456417
F09_y33.19_Vol691.2_Am550_rho10.534,9.0,33.19,691.2,550.0,10.534,4.563501929923663,20.825549864416995,0.4321614583333333,5.210159303212277,34.60673664,32.00334763,2.60338901
F09_y33.19_Vol691.2_Am550_rho10.575,9.0,33.19,691.2,550.0,10.575,4.563501929923663,20.825549864416995,0.4321614583333333,5.210159303212277,34.60673665,32.00452913,2.60220752
F09_y33.19_Vol691.2_Am550_rho10.616,9.0,33.19,691.2,550.0,10.616,4.563501929923663,20.825549864416995,0.4321614583333333,5.210159303212277,34.60673665,32.00569369,2.60104296
F09_y33.19_Vol738.0_Am450_rho10.493,9.0,33.19,738.0,450.0,10.493,4.715465314948981,22.235613136486894,0.40475609756097564,4.879758957154913,34.50979018,32.06822773,2.44156245
F09_y33.19_Vol738.0_Am450_rho10.534,9.0,33.19,738.0,450.0,10.534,4.715465314948981,22.235613136486894,0.40475609756097564,4.879758957154913,34.50979018,32.06929819,2.44049198
F09_y33.19_Vol738.0_Am450_rho10.575,9.0,33.19,738.0,450.0,10.575,4.715465314948981,22.235613136486894,0.40475609756097564,4.879758957154913,34.50979018,32.07046974,2.43932043
F09_y33.19_Vol738.0_Am450_rho10.616,9.0,33.19,738.0,450.0,10.616,4.715465314948981,22.235613136486894,0.40475609756097564,4.879758957154913,34.50979018,32.0715256,2.43826458
F09_y33.19_Vol738.0_Am500_rho10.493,9.0,33.19,738.0,500.0,10.493,4.715465314948981,22.235613136486894,0.40475609756097564,4.879758957154913,34.50979018,32.06860289,2.44118729
F09_y33.19_Vol738.0_Am500_rho10.534,9.0,33.19,738.0,500.0,10.534,4.715465314948981,22.235613136486894,0.40475609756097564,4.879758957154913,34.50979018,32.06961052,2.44017965
F09_y33.19_Vol738.0_Am500_rho10.575,9.0,33.19,738.0,500.0,10.575,4.715465314948981,22.235613136486894,0.40475609756097564,4.879758957154913,34.50979018,32.07069135,2.43909882
F09_y33.19_Vol738.0_Am500_rho10.616,9.0,33.19,738.0,500.0,10.616,4.715465314948981,22.235613136486894,0.40475609756097564,4.879758957154913,34.50979018,32.0717263,2.43806388
F09_y33.19_Vol738.0_Am550_rho10.493,9.0,33.19,738.0,550.0,10.493,4.715465314948981,22.235613136486894,0.40475609756097564,4.879758957154913,34.50979018,32.06858547,2.4412047
F09_y33.19_Vol738.0_Am550_rho10.534,9.0,33.19,738.0,550.0,10.534,4.715465314948981,22.235613136486894,0.40475609756097564,4.879758957154913,34.50979018,32.06961498,2.4401752
F09_y33.19_Vol738.0_Am550_rho10.575,9.0,33.19,738.0,550.0,10.575,4.715465314948981,22.235613136486894,0.40475609756097564,4.879758957154913,34.50979018,32.07062083,2.43916935
F09_y33.19_Vol738.0_Am550_rho10.616,9.0,33.19,738.0,550.0,10.616,4.715465314948981,22.235613136486894,0.40475609756097564,4.879758957154913,34.50979018,32.07170407,2.43808611
F09_y33.69_Vol421.6_Am450_rho10.493,9.0,33.69,421.6,450.0,10.493,3.537527263387584,12.51409913921045,0.7191888045540796,8.67057477838147,36.22715293,32.42712434,3.80002859
F09_y33.69_Vol421.6_Am450_rho10.534,9.0,33.69,421.6,450.0,10.534,3.537527263387584,12.51409913921045,0.7191888045540796,8.67057477838147,36.22715294,32.43594632,3.79120662
F09_y33.69_Vol421.6_Am450_rho10.575,9.0,33.69,421.6,450.0,10.575,3.537527263387584,12.51409913921045,0.7191888045540796,8.67057477838147,36.22715295,32.44482854,3.78232441
F09_y33.69_Vol421.6_Am450_rho10.616,9.0,33.69,421.6,450.0,10.616,3.537527263387584,12.51409913921045,0.7191888045540796,8.67057477838147,36.22715295,32.45349125,3.77366171
F09_y33.69_Vol421.6_Am500_rho10.493,9.0,33.69,421.6,500.0,10.493,3.537527263387584,12.51409913921045,0.7191888045540796,8.67057477838147,36.22715292,32.44697068,3.78018224
F09_y33.69_Vol421.6_Am500_rho10.534,9.0,33.69,421.6,500.0,10.534,3.537527263387584,12.51409913921045,0.7191888045540796,8.67057477838147,36.22715292,32.45570111,3.77145182
F09_y33.69_Vol421.6_Am500_rho10.575,9.0,33.69,421.6,500.0,10.575,3.537527263387584,12.51409913921045,0.7191888045540796,8.67057477838147,36.22715293,32.46434624,3.76280669
F09_y33.69_Vol421.6_Am500_rho10.616,9.0,33.69,421.6,500.0,10.616,3.537527263387584,12.51409913921045,0.7191888045540796,8.67057477838147,36.22715294,32.47286709,3.75428585
F09_y33.69_Vol421.6_Am550_rho10.493,9.0,33.69,421.6,550.0,10.493,3.537527263387584,12.51409913921045,0.7191888045540796,8.67057477838147,36.22715291,32.46420296,3.76294995
F09_y33.69_Vol421.6_Am550_rho10.534,9.0,33.69,421.6,550.0,10.534,3.537527263387584,12.51409913921045,0.7191888045540796,8.67057477838147,36.22715292,32.47284679,3.75430613
F09_y33.69_Vol421.6_Am550_rho10.575,9.0,33.69,421.6,550.0,10.575,3.537527263387584,12.51409913921045,0.7191888045540796,8.67057477838147,36.22715293,32.4813418,3.74581112
F09_y33.69_Vol421.6_Am550_rho10.616,9.0,33.69,421.6,550.0,10.616,3.537527263387584,12.51409913921045,0.7191888045540796,8.67057477838147,36.22715293,32.48976736,3.73738558
F09_y33.69_Vol455.9_Am450_rho10.493,9.0,33.69,455.9,450.0,10.493,3.6786146036512846,13.532205402196498,0.6650800614169774,8.018237171672796,36.00984794,32.33167164,3.67817629
F09_y33.69_Vol455.9_Am450_rho10.534,9.0,33.69,455.9,450.0,10.534,3.6786146036512846,13.532205402196498,0.6650800614169774,8.018237171672796,36.00984794,32.34096877,3.66887917
F09_y33.69_Vol455.9_Am450_rho10.575,9.0,33.69,455.9,450.0,10.575,3.6786146036512846,13.532205402196498,0.6650800614169774,8.018237171672796,36.00984795,32.35022128,3.65962667
F09_y33.69_Vol455.9_Am450_rho10.616,9.0,33.69,455.9,450.0,10.616,3.6786146036512846,13.532205402196498,0.6650800614169774,8.018237171672796,36.00984795,32.35946357,3.65038438
F09_y33.69_Vol455.9_Am500_rho10.493,9.0,33.69,455.9,500.0,10.493,3.6786146036512846,13.532205402196498,0.6650800614169774,8.018237171672796,36.00984793,32.35127144,3.65857649
F09_y33.69_Vol455.9_Am500_rho10.534,9.0,33.69,455.9,500.0,10.534,3.6786146036512846,13.532205402196498,0.6650800614169774,8.018237171672796,36.00984793,32.3606093,3.64923864
F09_y33.69_Vol455.9_Am500_rho10.575,9.0,33.69,455.9,500.0,10.575,3.6786146036512846,13.532205402196498,0.6650800614169774,8.018237171672796,36.00984794,32.36984138,3.64000656
F09_y33.69_Vol455.9_Am500_rho10.616,9.0,33.69,455.9,500.0,10.616,3.6786146036512846,13.532205402196498,0.6650800614169774,8.018237171672796,36.00984795,32.37901901,3.63082893
F09_y33.69_Vol455.9_Am550_rho10.493,9.0,33.69,455.9,550.0,10.493,3.6786146036512846,13.532205402196498,0.6650800614169774,8.018237171672796,36.00984792,32.36948376,3.64036416
F09_y33.69_Vol455.9_Am550_rho10.534,9.0,33.69,455.9,550.0,10.534,3.6786146036512846,13.532205402196498,0.6650800614169774,8.018237171672796,36.00984793,32.37877271,3.63107522
F09_y33.69_Vol455.9_Am550_rho10.575,9.0,33.69,455.9,550.0,10.575,3.6786146036512846,13.532205402196498,0.6650800614169774,8.018237171672796,36.00984793,32.38799447,3.62185347
F09_y33.69_Vol455.9_Am550_rho10.616,9.0,33.69,455.9,550.0,10.616,3.6786146036512846,13.532205402196498,0.6650800614169774,8.018237171672796,36.00984794,32.39718764,3.6126603
F09_y33.69_Vol514.7_Am450_rho10.493,9.0,33.69,514.7,450.0,10.493,3.908648158181841,15.277530424458298,0.5891004468622498,7.102223288450801,35.71291503,32.20838971,3.50452532
F09_y33.69_Vol514.7_Am450_rho10.534,9.0,33.69,514.7,450.0,10.534,3.908648158181841,15.277530424458298,0.5891004468622498,7.102223288450801,35.71291504,32.21653044,3.49638459
F09_y33.69_Vol514.7_Am450_rho10.575,9.0,33.69,514.7,450.0,10.575,3.908648158181841,15.277530424458298,0.5891004468622498,7.102223288450801,35.71291504,32.22469822,3.48821682
F09_y33.69_Vol514.7_Am450_rho10.616,9.0,33.69,514.7,450.0,10.616,3.908648158181841,15.277530424458298,0.5891004468622498,7.102223288450801,35.71291504,32.23288196,3.48003308
F09_y33.69_Vol514.7_Am500_rho10.493,9.0,33.69,514.7,500.0,10.493,3.908648158181841,15.277530424458298,0.5891004468622498,7.102223288450801,35.71291503,32.22257657,3.49033846
F09_y33.69_Vol514.7_Am500_rho10.534,9.0,33.69,514.7,500.0,10.534,3.908648158181841,15.277530424458298,0.5891004468622498,7.102223288450801,35.71291503,32.23089852,3.48201651
F09_y33.69_Vol514.7_Am500_rho10.575,9.0,33.69,514.7,500.0,10.575,3.908648158181841,15.277530424458298,0.5891004468622498,7.102223288450801,35.71291504,32.23936479,3.47355025
F09_y33.69_Vol514.7_Am500_rho10.616,9.0,33.69,514.7,500.0,10.616,3.908648158181841,15.277530424458298,0.5891004468622498,7.102223288450801,35.71291504,32.24769295,3.46522209
F09_y33.69_Vol514.7_Am550_rho10.493,9.0,33.69,514.7,550.0,10.493,3.908648158181841,15.277530424458298,0.5891004468622498,7.102223288450801,35.71291502,32.23672907,3.47618595
F09_y33.69_Vol514.7_Am550_rho10.534,9.0,33.69,514.7,550.0,10.534,3.908648158181841,15.277530424458298,0.5891004468622498,7.102223288450801,35.71291503,32.24524036,3.46767467
F09_y33.69_Vol514.7_Am550_rho10.575,9.0,33.69,514.7,550.0,10.575,3.908648158181841,15.277530424458298,0.5891004468622498,7.102223288450801,35.71291503,35.18809495,0.52482008
F09_y33.69_Vol514.7_Am550_rho10.616,9.0,33.69,514.7,550.0,10.616,3.908648158181841,15.277530424458298,0.5891004468622498,7.102223288450801,35.71291504,32.26250894,3.45040609
F09_y33.69_Vol573.5_Am450_rho10.493,9.0,33.69,573.5,450.0,10.493,4.125876324700014,17.022855446720097,0.5287009590235396,6.374044161404756,35.48342673,32.21546336,3.26796337
F09_y33.69_Vol573.5_Am450_rho10.534,9.0,33.69,573.5,450.0,10.534,4.125876324700014,17.022855446720097,0.5287009590235396,6.374044161404756,35.48342673,32.21861785,3.26480889
F09_y33.69_Vol573.5_Am450_rho10.575,9.0,33.69,573.5,450.0,10.575,4.125876324700014,17.022855446720097,0.5287009590235396,6.374044161404756,35.48342674,32.2220133,3.26141343
F09_y33.69_Vol573.5_Am450_rho10.616,9.0,33.69,573.5,450.0,10.616,4.125876324700014,17.022855446720097,0.5287009590235396,6.374044161404756,35.48342674,32.22555244,3.2578743
F09_y33.69_Vol573.5_Am500_rho10.493,9.0,33.69,573.5,500.0,10.493,4.125876324700014,17.022855446720097,0.5287009590235396,6.374044161404756,35.48342673,32.21682915,3.26659758
F09_y33.69_Vol573.5_Am500_rho10.534,9.0,33.69,573.5,500.0,10.534,4.125876324700014,17.022855446720097,0.5287009590235396,6.374044161404756,35.48342673,32.22047301,3.26295372
F09_y33.69_Vol573.5_Am500_rho10.575,9.0,33.69,573.5,500.0,10.575,4.125876324700014,17.022855446720097,0.5287009590235396,6.374044161404756,35.48342673,32.22429869,3.25912805
F09_y33.69_Vol573.5_Am500_rho10.616,9.0,33.69,573.5,500.0,10.616,4.125876324700014,17.022855446720097,0.5287009590235396,6.374044161404756,35.48342674,32.22830976,3.25511698
F09_y33.69_Vol573.5_Am550_rho10.493,9.0,33.69,573.5,550.0,10.493,4.125876324700014,17.022855446720097,0.5287009590235396,6.374044161404756,35.48342673,32.21965743,3.2637693
F09_y33.69_Vol573.5_Am550_rho10.534,9.0,33.69,573.5,550.0,10.534,4.125876324700014,17.022855446720097,0.5287009590235396,6.374044161404756,35.48342673,32.22366619,3.25976054
F09_y33.69_Vol573.5_Am550_rho10.575,9.0,33.69,573.5,550.0,10.575,4.125876324700014,17.022855446720097,0.5287009590235396,6.374044161404756,35.48342673,32.22787828,3.25554845
F09_y33.69_Vol573.5_Am550_rho10.616,9.0,33.69,573.5,550.0,10.616,4.125876324700014,17.022855446720097,0.5287009590235396,6.374044161404756,35.48342673,32.23229007,3.25113666
F09_y33.69_Vol632.3_Am450_rho10.493,9.0,33.69,632.3,450.0,10.493,4.332225810017513,18.768180468981893,0.47953503083979127,5.78129736923237,35.30073598,32.32689733,2.97383865
F09_y33.69_Vol632.3_Am450_rho10.534,9.0,33.69,632.3,450.0,10.534,4.332225810017513,18.768180468981893,0.47953503083979127,5.78129736923237,35.30073598,32.32858911,2.97214687
F09_y33.69_Vol632.3_Am450_rho10.575,9.0,33.69,632.3,450.0,10.575,4.332225810017513,18.768180468981893,0.47953503083979127,5.78129736923237,35.30073598,32.33023476,2.97050122
F09_y33.69_Vol632.3_Am450_rho10.616,9.0,33.69,632.3,450.0,10.616,4.332225810017513,18.768180468981893,0.47953503083979127,5.78129736923237,35.30073598,32.33192987,2.96880611
F09_y33.69_Vol632.3_Am500_rho10.493,9.0,33.69,632.3,500.0,10.493,4.332225810017513,18.768180468981893,0.47953503083979127,5.78129736923237,35.30073598,32.32564501,2.97509097
F09_y33.69_Vol632.3_Am500_rho10.534,9.0,33.69,632.3,500.0,10.534,4.332225810017513,18.768180468981893,0.47953503083979127,5.78129736923237,35.30073598,32.32730667,2.97342931
F09_y33.69_Vol632.3_Am500_rho10.575,9.0,33.69,632.3,500.0,10.575,4.332225810017513,18.768180468981893,0.47953503083979127,5.78129736923237,35.30073598,32.32893864,2.97179734
F09_y33.69_Vol632.3_Am500_rho10.616,9.0,33.69,632.3,500.0,10.616,4.332225810017513,18.768180468981893,0.47953503083979127,5.78129736923237,35.30073598,32.33057229,2.97016369
F09_y33.69_Vol632.3_Am550_rho10.493,9.0,33.69,632.3,550.0,10.493,4.332225810017513,18.768180468981893,0.47953503083979127,5.78129736923237,35.30073597,32.32507427,2.9756617
F09_y33.69_Vol632.3_Am550_rho10.534,9.0,33.69,632.3,550.0,10.534,4.332225810017513,18.768180468981893,0.47953503083979127,5.78129736923237,35.30073598,32.3266779,2.97405808
F09_y33.69_Vol632.3_Am550_rho10.575,9.0,33.69,632.3,550.0,10.575,4.332225810017513,18.768180468981893,0.47953503083979127,5.78129736923237,35.30073598,32.32827613,2.97245985
F09_y33.69_Vol632.3_Am550_rho10.616,9.0,33.69,632.3,550.0,10.616,4.332225810017513,18.768180468981893,0.47953503083979127,5.78129736923237,35.30073598,32.32986291,2.97087306
F09_y33.69_Vol691.2_Am450_rho10.493,9.0,33.69,691.2,450.0,10.493,4.529511422998895,20.516473731077475,0.43867187499999993,5.288649199313697,35.15161491,32.42672005,2.72489486
F09_y33.69_Vol691.2_Am450_rho10.534,9.0,33.69,691.2,450.0,10.534,4.529511422998895,20.516473731077475,0.43867187499999993,5.288649199313697,35.15161491,32.42812835,2.72348656
F09_y33.69_Vol691.2_Am450_rho10.575,9.0,33.69,691.2,450.0,10.575,4.529511422998895,20.516473731077475,0.43867187499999993,5.288649199313697,35.15161491,32.42953366,2.72208125
F09_y33.69_Vol691.2_Am450_rho10.616,9.0,33.69,691.2,450.0,10.616,4.529511422998895,20.516473731077475,0.43867187499999993,5.288649199313697,35.15161491,32.43090122,2.72071369
F09_y33.69_Vol691.2_Am500_rho10.493,9.0,33.69,691.2,500.0,10.493,4.529511422998895,20.516473731077475,0.43867187499999993,5.288649199313697,35.15161491,32.42697709,2.72463782
F09_y33.69_Vol691.2_Am500_rho10.534,9.0,33.69,691.2,500.0,10.534,4.529511422998895,20.516473731077475,0.43867187499999993,5.288649199313697,35.15161491,32.42830833,2.72330658
F09_y33.69_Vol691.2_Am500_rho10.575,9.0,33.69,691.2,500.0,10.575,4.529511422998895,20.516473731077475,0.43867187499999993,5.288649199313697,35.15161491,32.42963249,2.72198242
F09_y33.69_Vol691.2_Am500_rho10.616,9.0,33.69,691.2,500.0,10.616,4.529511422998895,20.516473731077475,0.43867187499999993,5.288649199313697,35.15161491,32.4309311,2.72068381
F09_y33.69_Vol691.2_Am550_rho10.493,9.0,33.69,691.2,550.0,10.493,4.529511422998895,20.516473731077475,0.43867187499999993,5.288649199313697,35.15161491,32.42726115,2.72435376
F09_y33.69_Vol691.2_Am550_rho10.534,9.0,33.69,691.2,550.0,10.534,4.529511422998895,20.516473731077475,0.43867187499999993,5.288649199313697,35.15161491,32.42858148,2.72303342
F09_y33.69_Vol691.2_Am550_rho10.575,9.0,33.69,691.2,550.0,10.575,4.529511422998895,20.516473731077475,0.43867187499999993,5.288649199313697,35.15161491,32.42988679,2.72172812
F09_y33.69_Vol691.2_Am550_rho10.616,9.0,33.69,691.2,550.0,10.616,4.529511422998895,20.516473731077475,0.43867187499999993,5.288649199313697,35.15161491,32.43114471,2.7204702
F09_y33.69_Vol738.0_Am450_rho10.493,9.0,33.69,738.0,450.0,10.493,4.680342933299422,21.90560997328584,0.41085365853658534,4.953271445210877,35.05147529,32.49628093,2.55519436
F09_y33.69_Vol738.0_Am450_rho10.534,9.0,33.69,738.0,450.0,10.534,4.680342933299422,21.90560997328584,0.41085365853658534,4.953271445210877,35.05147529,32.49746272,2.55401257
F09_y33.69_Vol738.0_Am450_rho10.575,9.0,33.69,738.0,450.0,10.575,4.680342933299422,21.90560997328584,0.41085365853658534,4.953271445210877,35.05147529,32.49871598,2.55275931
F09_y33.69_Vol738.0_Am450_rho10.616,9.0,33.69,738.0,450.0,10.616,4.680342933299422,21.90560997328584,0.41085365853658534,4.953271445210877,35.05147529,32.49991935,2.55155595
F09_y33.69_Vol738.0_Am500_rho10.493,9.0,33.69,738.0,500.0,10.493,4.680342933299422,21.90560997328584,0.41085365853658534,4.953271445210877,35.05147529,32.49746359,2.5540117
F09_y33.69_Vol738.0_Am500_rho10.534,9.0,33.69,738.0,500.0,10.534,4.680342933299422,21.90560997328584,0.41085365853658534,4.953271445210877,35.05147529,32.49862291,2.55285238
F09_y33.69_Vol738.0_Am500_rho10.575,9.0,33.69,738.0,500.0,10.575,4.680342933299422,21.90560997328584,0.41085365853658534,4.953271445210877,35.05147529,32.49976496,2.55171033
F09_y33.69_Vol738.0_Am500_rho10.616,9.0,33.69,738.0,500.0,10.616,4.680342933299422,21.90560997328584,0.41085365853658534,4.953271445210877,35.05147529,32.50096819,2.55050711
F09_y33.69_Vol738.0_Am550_rho10.493,9.0,33.69,738.0,550.0,10.493,4.680342933299422,21.90560997328584,0.41085365853658534,4.953271445210877,35.05147529,32.49864924,2.55282605
F09_y33.69_Vol738.0_Am550_rho10.534,9.0,33.69,738.0,550.0,10.534,4.680342933299422,21.90560997328584,0.41085365853658534,4.953271445210877,35.05147529,32.49982541,2.55164988
F09_y33.69_Vol738.0_Am550_rho10.575,9.0,33.69,738.0,550.0,10.575,4.680342933299422,21.90560997328584,0.41085365853658534,4.953271445210877,35.05147529,32.50095083,2.55052447
F09_y33.69_Vol738.0_Am550_rho10.616,9.0,33.69,738.0,550.0,10.616,4.680342933299422,21.90560997328584,0.41085365853658534,4.953271445210877,35.05147529,32.50200726,2.54946803
F09_y34.19_Vol421.6_Am450_rho10.493,9.0,34.19,421.6,450.0,10.493,3.5115653151080175,12.331090962269672,0.7298624288425046,8.799256505576206,36.80890965,32.96975776,3.83915189
F09_y34.19_Vol421.6_Am450_rho10.534,9.0,34.19,421.6,450.0,10.534,3.5115653151080175,12.331090962269672,0.7298624288425046,8.799256505576206,36.80890965,32.97773146,3.83117819
F09_y34.19_Vol421.6_Am450_rho10.575,9.0,34.19,421.6,450.0,10.575,3.5115653151080175,12.331090962269672,0.7298624288425046,8.799256505576206,36.80890966,32.98550234,3.82340732
F09_y34.19_Vol421.6_Am450_rho10.616,9.0,34.19,421.6,450.0,10.616,3.5115653151080175,12.331090962269672,0.7298624288425046,8.799256505576206,36.80890967,32.99324788,3.81566179
F09_y34.19_Vol421.6_Am500_rho10.493,9.0,34.19,421.6,500.0,10.493,3.5115653151080175,12.331090962269672,0.7298624288425046,8.799256505576206,36.80890964,32.98681209,3.82209755
F09_y34.19_Vol421.6_Am500_rho10.534,9.0,34.19,421.6,500.0,10.534,3.5115653151080175,12.331090962269672,0.7298624288425046,8.799256505576206,36.80890964,32.99456391,3.81434574
F09_y34.19_Vol421.6_Am500_rho10.575,9.0,34.19,421.6,500.0,10.575,3.5115653151080175,12.331090962269672,0.7298624288425046,8.799256505576206,36.80890965,33.00226106,3.80664859
F09_y34.19_Vol421.6_Am500_rho10.616,9.0,34.19,421.6,500.0,10.616,3.5115653151080175,12.331090962269672,0.7298624288425046,8.799256505576206,36.80890965,33.00982977,3.79907989
F09_y34.19_Vol421.6_Am550_rho10.493,9.0,34.19,421.6,550.0,10.493,3.5115653151080175,12.331090962269672,0.7298624288425046,8.799256505576206,36.80890963,33.00163813,3.8072715
F09_y34.19_Vol421.6_Am550_rho10.534,9.0,34.19,421.6,550.0,10.534,3.5115653151080175,12.331090962269672,0.7298624288425046,8.799256505576206,36.80890964,33.00914886,3.79976077
F09_y34.19_Vol421.6_Am550_rho10.575,9.0,34.19,421.6,550.0,10.575,3.5115653151080175,12.331090962269672,0.7298624288425046,8.799256505576206,36.80890964,33.01660691,3.79230273
F09_y34.19_Vol421.6_Am550_rho10.616,9.0,34.19,421.6,550.0,10.616,3.5115653151080175,12.331090962269672,0.7298624288425046,8.799256505576206,36.80890965,33.02403088,3.78487876
F09_y34.19_Vol455.9_Am450_rho10.493,9.0,34.19,455.9,450.0,10.493,3.651617213957955,13.334308277274056,0.6749506470717263,8.137237426521013,36.58413087,32.8920208,3.69211007
F09_y34.19_Vol455.9_Am450_rho10.534,9.0,34.19,455.9,450.0,10.534,3.651617213957955,13.334308277274056,0.6749506470717263,8.137237426521013,36.58413088,32.90022434,3.68390654
F09_y34.19_Vol455.9_Am450_rho10.575,9.0,34.19,455.9,450.0,10.575,3.651617213957955,13.334308277274056,0.6749506470717263,8.137237426521013,36.58413089,32.90837593,3.67575495
F09_y34.19_Vol455.9_Am450_rho10.616,9.0,34.19,455.9,450.0,10.616,3.651617213957955,13.334308277274056,0.6749506470717263,8.137237426521013,36.58413089,32.91639114,3.66773976
F09_y34.19_Vol455.9_Am500_rho10.493,9.0,34.19,455.9,500.0,10.493,3.651617213957955,13.334308277274056,0.6749506470717263,8.137237426521013,36.58413086,32.91067082,3.67346004
F09_y34.19_Vol455.9_Am500_rho10.534,9.0,34.19,455.9,500.0,10.534,3.651617213957955,13.334308277274056,0.6749506470717263,8.137237426521013,36.58413087,32.91872118,3.66540968
F09_y34.19_Vol455.9_Am500_rho10.575,9.0,34.19,455.9,500.0,10.575,3.651617213957955,13.334308277274056,0.6749506470717263,8.137237426521013,36.58413088,32.92668365,3.65744723
F09_y34.19_Vol455.9_Am500_rho10.616,9.0,34.19,455.9,500.0,10.616,3.651617213957955,13.334308277274056,0.6749506470717263,8.137237426521013,36.58413088,32.93447846,3.64965242
F09_y34.19_Vol455.9_Am550_rho10.493,9.0,34.19,455.9,550.0,10.493,3.651617213957955,13.334308277274056,0.6749506470717263,8.137237426521013,36.58413085,32.92672113,3.65740972
F09_y34.19_Vol455.9_Am550_rho10.534,9.0,34.19,455.9,550.0,10.534,3.651617213957955,13.334308277274056,0.6749506470717263,8.137237426521013,36.58413086,32.93459709,3.64953377
F09_y34.19_Vol455.9_Am550_rho10.575,9.0,34.19,455.9,550.0,10.575,3.651617213957955,13.334308277274056,0.6749506470717263,8.137237426521013,36.58413087,32.94231194,3.64181893
F09_y34.19_Vol455.9_Am550_rho10.616,9.0,34.19,455.9,550.0,10.616,3.651617213957955,13.334308277274056,0.6749506470717263,8.137237426521013,36.58413088,32.94992103,3.63420985
F09_y34.19_Vol514.7_Am450_rho10.493,9.0,34.19,514.7,450.0,10.493,3.8799625499107786,15.05410938871015,0.5978434039246162,7.207628798816649,36.27713099,32.7643861,3.51274489
F09_y34.19_Vol514.7_Am450_rho10.534,9.0,34.19,514.7,450.0,10.534,3.8799625499107786,15.05410938871015,0.5978434039246162,7.207628798816649,36.277131,32.77359412,3.50353688
F09_y34.19_Vol514.7_Am450_rho10.575,9.0,34.19,514.7,450.0,10.575,3.8799625499107786,15.05410938871015,0.5978434039246162,7.207628798816649,36.277131,32.78273029,3.49440072
F09_y34.19_Vol514.7_Am450_rho10.616,9.0,34.19,514.7,450.0,10.616,3.8799625499107786,15.05410938871015,0.5978434039246162,7.207628798816649,36.27713101,32.79177651,3.4853545
F09_y34.19_Vol514.7_Am500_rho10.493,9.0,34.19,514.7,500.0,10.493,3.8799625499107786,15.05410938871015,0.5978434039246162,7.207628798816649,36.27713099,32.78393209,3.4931989
F09_y34.19_Vol514.7_Am500_rho10.534,9.0,34.19,514.7,500.0,10.534,3.8799625499107786,15.05410938871015,0.5978434039246162,7.207628798816649,36.27713099,32.79317299,3.483958
F09_y34.19_Vol514.7_Am500_rho10.575,9.0,34.19,514.7,500.0,10.575,3.8799625499107786,15.05410938871015,0.5978434039246162,7.207628798816649,36.277131,32.80225052,3.47488048
F09_y34.19_Vol514.7_Am500_rho10.616,9.0,34.19,514.7,500.0,10.616,3.8799625499107786,15.05410938871015,0.5978434039246162,7.207628798816649,36.277131,32.81128052,3.46585048
F09_y34.19_Vol514.7_Am550_rho10.493,9.0,34.19,514.7,550.0,10.493,3.8799625499107786,15.05410938871015,0.5978434039246162,7.207628798816649,36.27713098,32.80209804,3.47503294
F09_y34.19_Vol514.7_Am550_rho10.534,9.0,34.19,514.7,550.0,10.534,3.8799625499107786,15.05410938871015,0.5978434039246162,7.207628798816649,36.27713099,32.81118711,3.46594388
F09_y34.19_Vol514.7_Am550_rho10.575,9.0,34.19,514.7,550.0,10.575,3.8799625499107786,15.05410938871015,0.5978434039246162,7.207628798816649,36.27713099,32.82029159,3.4568394
F09_y34.19_Vol514.7_Am550_rho10.616,9.0,34.19,514.7,550.0,10.616,3.8799625499107786,15.05410938871015,0.5978434039246162,7.207628798816649,36.277131,32.82935951,3.44777149
F09_y34.19_Vol573.5_Am450_rho10.493,9.0,34.19,573.5,450.0,10.493,4.095596476723048,16.773910500146243,0.5365475152571926,6.468642620315482,36.03997498,32.68707526,3.35289972
F09_y34.19_Vol573.5_Am450_rho10.534,9.0,34.19,573.5,450.0,10.534,4.095596476723048,16.773910500146243,0.5365475152571926,6.468642620315482,36.03997498,32.69406842,3.34590656
F09_y34.19_Vol573.5_Am450_rho10.575,9.0,34.19,573.5,450.0,10.575,4.095596476723048,16.773910500146243,0.5365475152571926,6.468642620315482,36.03997499,32.70110974,3.33886525
F09_y34.19_Vol573.5_Am450_rho10.616,9.0,34.19,573.5,450.0,10.616,4.095596476723048,16.773910500146243,0.5365475152571926,6.468642620315482,36.03997499,32.70833651,3.33163848
F09_y34.19_Vol573.5_Am500_rho10.493,9.0,34.19,573.5,500.0,10.493,4.095596476723048,16.773910500146243,0.5365475152571926,6.468642620315482,36.03997498,32.70021834,3.33975664
F09_y34.19_Vol573.5_Am500_rho10.534,9.0,34.19,573.5,500.0,10.534,4.095596476723048,16.773910500146243,0.5365475152571926,6.468642620315482,36.03997498,32.70749891,3.33247607
F09_y34.19_Vol573.5_Am500_rho10.575,9.0,34.19,573.5,500.0,10.575,4.095596476723048,16.773910500146243,0.5365475152571926,6.468642620315482,36.03997499,32.71486793,3.32510705
F09_y34.19_Vol573.5_Am500_rho10.616,9.0,34.19,573.5,500.0,10.616,4.095596476723048,16.773910500146243,0.5365475152571926,6.468642620315482,36.03997499,32.72238526,3.31758973
F09_y34.19_Vol573.5_Am550_rho10.493,9.0,34.19,573.5,550.0,10.493,4.095596476723048,16.773910500146243,0.5365475152571926,6.468642620315482,36.03997498,32.71365132,3.32632365
F09_y34.19_Vol573.5_Am550_rho10.534,9.0,34.19,573.5,550.0,10.534,4.095596476723048,16.773910500146243,0.5365475152571926,6.468642620315482,36.03997498,32.721207,3.31876797
F09_y34.19_Vol573.5_Am550_rho10.575,9.0,34.19,573.5,550.0,10.575,4.095596476723048,16.773910500146243,0.5365475152571926,6.468642620315482,36.03997498,32.72879353,3.31118145
F09_y34.19_Vol573.5_Am550_rho10.616,9.0,34.19,573.5,550.0,10.616,4.095596476723048,16.773910500146243,0.5365475152571926,6.468642620315482,36.03997499,32.73645909,3.3035159
F09_y34.19_Vol632.3_Am450_rho10.493,9.0,34.19,632.3,450.0,10.493,4.30043156108574,18.493711611582334,0.48665190574094574,5.867098754943744,35.85125103,32.73364973,3.1176013
F09_y34.19_Vol632.3_Am450_rho10.534,9.0,34.19,632.3,450.0,10.534,4.30043156108574,18.493711611582334,0.48665190574094574,5.867098754943744,35.85125103,32.7354915,3.11575953
F09_y34.19_Vol632.3_Am450_rho10.575,9.0,34.19,632.3,450.0,10.575,4.30043156108574,18.493711611582334,0.48665190574094574,5.867098754943744,35.85125103,32.73744025,3.11381078
F09_y34.19_Vol632.3_Am450_rho10.616,9.0,34.19,632.3,450.0,10.616,4.30043156108574,18.493711611582334,0.48665190574094574,5.867098754943744,35.85125104,32.7396314,3.11161964
F09_y34.19_Vol632.3_Am500_rho10.493,9.0,34.19,632.3,500.0,10.493,4.30043156108574,18.493711611582334,0.48665190574094574,5.867098754943744,35.85125103,32.73397405,3.11727698
F09_y34.19_Vol632.3_Am500_rho10.534,9.0,34.19,632.3,500.0,10.534,4.30043156108574,18.493711611582334,0.48665190574094574,5.867098754943744,35.85125103,32.73623565,3.11501538
F09_y34.19_Vol632.3_Am500_rho10.575,9.0,34.19,632.3,500.0,10.575,4.30043156108574,18.493711611582334,0.48665190574094574,5.867098754943744,35.85125103,32.73871668,3.11253435
F09_y34.19_Vol632.3_Am500_rho10.616,9.0,34.19,632.3,500.0,10.616,4.30043156108574,18.493711611582334,0.48665190574094574,5.867098754943744,35.85125103,32.74145785,3.10979319
F09_y34.19_Vol632.3_Am550_rho10.493,9.0,34.19,632.3,550.0,10.493,4.30043156108574,18.493711611582334,0.48665190574094574,5.867098754943744,35.85125103,32.73598615,3.11526488
F09_y34.19_Vol632.3_Am550_rho10.534,9.0,34.19,632.3,550.0,10.534,4.30043156108574,18.493711611582334,0.48665190574094574,5.867098754943744,35.85125103,32.73877324,3.11247779
F09_y34.19_Vol632.3_Am550_rho10.575,9.0,34.19,632.3,550.0,10.575,4.30043156108574,18.493711611582334,0.48665190574094574,5.867098754943744,35.85125103,32.74171757,3.10953346
F09_y34.19_Vol632.3_Am550_rho10.616,9.0,34.19,632.3,550.0,10.616,4.30043156108574,18.493711611582334,0.48665190574094574,5.867098754943744,35.85125103,32.74483347,3.10641757
F09_y34.19_Vol691.2_Am450_rho10.493,9.0,34.19,691.2,450.0,10.493,4.496269292962845,20.2164375548406,0.4451822916666666,5.3671390954151175,35.69725242,32.83863817,2.85861425
F09_y34.19_Vol691.2_Am450_rho10.534,9.0,34.19,691.2,450.0,10.534,4.496269292962845,20.2164375548406,0.4451822916666666,5.3671390954151175,35.69725242,32.8401745,2.85707792
F09_y34.19_Vol691.2_Am450_rho10.575,9.0,34.19,691.2,450.0,10.575,4.496269292962845,20.2164375548406,0.4451822916666666,5.3671390954151175,35.69725242,32.84173708,2.85551534
F09_y34.19_Vol691.2_Am450_rho10.616,9.0,34.19,691.2,450.0,10.616,4.496269292962845,20.2164375548406,0.4451822916666666,5.3671390954151175,35.69725242,32.87518185,2.82207057
F09_y34.19_Vol691.2_Am500_rho10.493,9.0,34.19,691.2,500.0,10.493,4.496269292962845,20.2164375548406,0.4451822916666666,5.3671390954151175,35.69725242,32.83953877,2.85771365
F09_y34.19_Vol691.2_Am500_rho10.534,9.0,34.19,691.2,500.0,10.534,4.496269292962845,20.2164375548406,0.4451822916666666,5.3671390954151175,35.69725242,32.84101816,2.85623426
F09_y34.19_Vol691.2_Am500_rho10.575,9.0,34.19,691.2,500.0,10.575,4.496269292962845,20.2164375548406,0.4451822916666666,5.3671390954151175,35.69725242,32.84249304,2.85475938
F09_y34.19_Vol691.2_Am500_rho10.616,9.0,34.19,691.2,500.0,10.616,4.496269292962845,20.2164375548406,0.4451822916666666,5.3671390954151175,35.69725242,32.84392275,2.85332968
F09_y34.19_Vol691.2_Am550_rho10.493,9.0,34.19,691.2,550.0,10.493,4.496269292962845,20.2164375548406,0.4451822916666666,5.3671390954151175,35.69725242,32.84050043,2.85675199
F09_y34.19_Vol691.2_Am550_rho10.534,9.0,34.19,691.2,550.0,10.534,4.496269292962845,20.2164375548406,0.4451822916666666,5.3671390954151175,35.69725242,32.84197612,2.8552763
F09_y34.19_Vol691.2_Am550_rho10.575,9.0,34.19,691.2,550.0,10.575,4.496269292962845,20.2164375548406,0.4451822916666666,5.3671390954151175,35.69725242,32.8434674,2.85378502
F09_y34.19_Vol691.2_Am550_rho10.616,9.0,34.19,691.2,550.0,10.616,4.496269292962845,20.2164375548406,0.4451822916666666,5.3671390954151175,35.69725242,32.84490847,2.85234395
F09_y34.19_Vol738.0_Am450_rho10.493,9.0,34.19,738.0,450.0,10.493,4.6459938492873905,21.585258847616263,0.4169512195121951,5.026783933266842,35.59386144,32.91289688,2.68096456
F09_y34.19_Vol738.0_Am450_rho10.534,9.0,34.19,738.0,450.0,10.534,4.6459938492873905,21.585258847616263,0.4169512195121951,5.026783933266842,35.59386144,32.91415656,2.67970488
F09_y34.19_Vol738.0_Am450_rho10.575,9.0,34.19,738.0,450.0,10.575,4.6459938492873905,21.585258847616263,0.4169512195121951,5.026783933266842,35.59386144,32.91556394,2.6782975
F09_y34.19_Vol738.0_Am450_rho10.616,9.0,34.19,738.0,450.0,10.616,4.6459938492873905,21.585258847616263,0.4169512195121951,5.026783933266842,35.59386144,32.91695055,2.67691089
F09_y34.19_Vol738.0_Am500_rho10.493,9.0,34.19,738.0,500.0,10.493,4.6459938492873905,21.585258847616263,0.4169512195121951,5.026783933266842,35.59386144,32.91449784,2.67936359
F09_y34.19_Vol738.0_Am500_rho10.534,9.0,34.19,738.0,500.0,10.534,4.6459938492873905,21.585258847616263,0.4169512195121951,5.026783933266842,35.59386144,32.91582814,2.6780333
F09_y34.19_Vol738.0_Am500_rho10.575,9.0,34.19,738.0,500.0,10.575,4.6459938492873905,21.585258847616263,0.4169512195121951,5.026783933266842,35.59386144,32.91712792,2.67673352
F09_y34.19_Vol738.0_Am500_rho10.616,9.0,34.19,738.0,500.0,10.616,4.6459938492873905,21.585258847616263,0.4169512195121951,5.026783933266842,35.59386144,32.91843308,2.67542837
F09_y34.19_Vol738.0_Am550_rho10.493,9.0,34.19,738.0,550.0,10.493,4.6459938492873905,21.585258847616263,0.4169512195121951,5.026783933266842,35.59386144,32.91613903,2.67772241
F09_y34.19_Vol738.0_Am550_rho10.534,9.0,34.19,738.0,550.0,10.534,4.6459938492873905,21.585258847616263,0.4169512195121951,5.026783933266842,35.59386144,32.91741926,2.67644218
F09_y34.19_Vol738.0_Am550_rho10.575,9.0,34.19,738.0,550.0,10.575,4.6459938492873905,21.585258847616263,0.4169512195121951,5.026783933266842,35.59386144,32.91871376,2.67514768
F09_y34.19_Vol738.0_Am550_rho10.616,9.0,34.19,738.0,550.0,10.616,4.6459938492873905,21.585258847616263,0.4169512195121951,5.026783933266842,35.59386144,32.91995583,2.67390561
F09_y34.97_Vol421.6_Am450_rho10.493,9.0,34.97,421.6,450.0,10.493,3.4721820288081315,12.056048041178153,0.7465132827324478,9.0,37.71943932,33.79000747,3.92943185
F09_y34.97_Vol421.6_Am450_rho10.534,9.0,34.97,421.6,450.0,10.534,3.4721820288081315,12.056048041178153,0.7465132827324478,9.0,37.71943933,33.79877579,3.92066353
F09_y34.97_Vol421.6_Am450_rho10.575,9.0,34.97,421.6,450.0,10.575,3.4721820288081315,12.056048041178153,0.7465132827324478,9.0,37.71943934,33.80764639,3.91179296
F09_y34.97_Vol421.6_Am450_rho10.616,9.0,34.97,421.6,450.0,10.616,3.4721820288081315,12.056048041178153,0.7465132827324478,9.0,37.71943936,33.8165146,3.90292476
F09_y34.97_Vol421.6_Am500_rho10.493,9.0,34.97,421.6,500.0,10.493,3.4721820288081315,12.056048041178153,0.7465132827324478,9.0,37.7194393,33.80697189,3.91246741
F09_y34.97_Vol421.6_Am500_rho10.534,9.0,34.97,421.6,500.0,10.534,3.4721820288081315,12.056048041178153,0.7465132827324478,9.0,37.71943931,33.81583266,3.90360665
F09_y34.97_Vol421.6_Am500_rho10.575,9.0,34.97,421.6,500.0,10.575,3.4721820288081315,12.056048041178153,0.7465132827324478,9.0,37.71943932,33.8247095,3.89472983
F09_y34.97_Vol421.6_Am500_rho10.616,9.0,34.97,421.6,500.0,10.616,3.4721820288081315,12.056048041178153,0.7465132827324478,9.0,37.71943934,33.83363761,3.88580172
F09_y34.97_Vol421.6_Am550_rho10.493,9.0,34.97,421.6,550.0,10.493,3.4721820288081315,12.056048041178153,0.7465132827324478,9.0,37.71943929,33.82356159,3.89587771
F09_y34.97_Vol421.6_Am550_rho10.534,9.0,34.97,421.6,550.0,10.534,3.4721820288081315,12.056048041178153,0.7465132827324478,9.0,37.7194393,33.83256712,3.88687218
F09_y34.97_Vol421.6_Am550_rho10.575,9.0,34.97,421.6,550.0,10.575,3.4721820288081315,12.056048041178153,0.7465132827324478,9.0,37.71943931,33.84165964,3.87777967
F09_y34.97_Vol421.6_Am550_rho10.616,9.0,34.97,421.6,550.0,10.616,3.4721820288081315,12.056048041178153,0.7465132827324478,9.0,37.71943932,33.85077385,3.86866548
F09_y34.97_Vol455.9_Am450_rho10.493,9.0,34.97,455.9,450.0,10.493,3.610663202487297,13.036888761795824,0.6903487606931346,8.32287782408423,37.4826807,33.70215823,3.78052248
F09_y34.97_Vol455.9_Am450_rho10.534,9.0,34.97,455.9,450.0,10.534,3.610663202487297,13.036888761795824,0.6903487606931346,8.32287782408423,37.48268071,33.70903009,3.77365062
F09_y34.97_Vol455.9_Am450_rho10.575,9.0,34.97,455.9,450.0,10.575,3.610663202487297,13.036888761795824,0.6903487606931346,8.32287782408423,37.48268072,33.71577323,3.76690749
F09_y34.97_Vol455.9_Am450_rho10.616,9.0,34.97,455.9,450.0,10.616,3.610663202487297,13.036888761795824,0.6903487606931346,8.32287782408423,37.48268073,33.72252358,3.76015714
F09_y34.97_Vol455.9_Am500_rho10.493,9.0,34.97,455.9,500.0,10.493,3.610663202487297,13.036888761795824,0.6903487606931346,8.32287782408423,37.48268069,33.71633745,3.76634324
F09_y34.97_Vol455.9_Am500_rho10.534,9.0,34.97,455.9,500.0,10.534,3.610663202487297,13.036888761795824,0.6903487606931346,8.32287782408423,37.4826807,33.72302988,3.75965082
F09_y34.97_Vol455.9_Am500_rho10.575,9.0,34.97,455.9,500.0,10.575,3.610663202487297,13.036888761795824,0.6903487606931346,8.32287782408423,37.48268071,33.72952994,3.75315077
F09_y34.97_Vol455.9_Am500_rho10.616,9.0,34.97,455.9,500.0,10.616,3.610663202487297,13.036888761795824,0.6903487606931346,8.32287782408423,37.48268072,33.73614079,3.74653992
F09_y34.97_Vol455.9_Am550_rho10.493,9.0,34.97,455.9,550.0,10.493,3.610663202487297,13.036888761795824,0.6903487606931346,8.32287782408423,37.48268068,33.72854762,3.75413306
F09_y34.97_Vol455.9_Am550_rho10.534,9.0,34.97,455.9,550.0,10.534,3.610663202487297,13.036888761795824,0.6903487606931346,8.32287782408423,37.48268069,33.73516211,3.74751858
F09_y34.97_Vol455.9_Am550_rho10.575,9.0,34.97,455.9,550.0,10.575,3.610663202487297,13.036888761795824,0.6903487606931346,8.32287782408423,37.4826807,33.74161578,3.74106492
F09_y34.97_Vol455.9_Am550_rho10.616,9.0,34.97,455.9,550.0,10.616,3.610663202487297,13.036888761795824,0.6903487606931346,8.32287782408423,37.48268071,33.74808435,3.73459635
F09_y34.97_Vol514.7_Am450_rho10.493,9.0,34.97,514.7,450.0,10.493,3.8364475751846796,14.718329997140408,0.6114824169419079,7.372061394987371,37.15955723,33.61716816,3.54238908
F09_y34.97_Vol514.7_Am450_rho10.534,9.0,34.97,514.7,450.0,10.534,3.8364475751846796,14.718329997140408,0.6114824169419079,7.372061394987371,37.15955724,33.62474266,3.53481458
F09_y34.97_Vol514.7_Am450_rho10.575,9.0,34.97,514.7,450.0,10.575,3.8364475751846796,14.718329997140408,0.6114824169419079,7.372061394987371,37.15955725,33.63225206,3.52730519
F09_y34.97_Vol514.7_Am450_rho10.616,9.0,34.97,514.7,450.0,10.616,3.8364475751846796,14.718329997140408,0.6114824169419079,7.372061394987371,37.15955725,33.63962373,3.51993353
F09_y34.97_Vol514.7_Am500_rho10.493,9.0,34.97,514.7,500.0,10.493,3.8364475751846796,14.718329997140408,0.6114824169419079,7.372061394987371,37.15955723,33.635023,3.52453423
F09_y34.97_Vol514.7_Am500_rho10.534,9.0,34.97,514.7,500.0,10.534,3.8364475751846796,14.718329997140408,0.6114824169419079,7.372061394987371,37.15955723,33.64240828,3.51714895
F09_y34.97_Vol514.7_Am500_rho10.575,9.0,34.97,514.7,500.0,10.575,3.8364475751846796,14.718329997140408,0.6114824169419079,7.372061394987371,37.15955724,33.64964237,3.50991487
F09_y34.97_Vol514.7_Am500_rho10.616,9.0,34.97,514.7,500.0,10.616,3.8364475751846796,14.718329997140408,0.6114824169419079,7.372061394987371,37.15955725,33.65672402,3.50283322
F09_y34.97_Vol514.7_Am550_rho10.493,9.0,34.97,514.7,550.0,10.493,3.8364475751846796,14.718329997140408,0.6114824169419079,7.372061394987371,37.15955722,33.65030868,3.50924854
F09_y34.97_Vol514.7_Am550_rho10.534,9.0,34.97,514.7,550.0,10.534,3.8364475751846796,14.718329997140408,0.6114824169419079,7.372061394987371,37.15955723,33.65728153,3.5022757
F09_y34.97_Vol514.7_Am550_rho10.575,9.0,34.97,514.7,550.0,10.575,3.8364475751846796,14.718329997140408,0.6114824169419079,7.372061394987371,37.15955723,33.66417835,3.49537888
F09_y34.97_Vol514.7_Am550_rho10.616,9.0,34.97,514.7,550.0,10.616,3.8364475751846796,14.718329997140408,0.6114824169419079,7.372061394987371,37.15955724,33.67095796,3.48859929
F09_y34.97_Vol573.5_Am450_rho10.493,9.0,34.97,573.5,450.0,10.493,4.049663101109151,16.399771232484987,0.5487881429816913,6.616216216216216,36.91013373,33.51995661,3.39017712
F09_y34.97_Vol573.5_Am450_rho10.534,9.0,34.97,573.5,450.0,10.534,4.049663101109151,16.399771232484987,0.5487881429816913,6.616216216216216,36.91013374,33.52886533,3.38126841
F09_y34.97_Vol573.5_Am450_rho10.575,9.0,34.97,573.5,450.0,10.575,4.049663101109151,16.399771232484987,0.5487881429816913,6.616216216216216,36.91013374,33.53783952,3.37229422
F09_y34.97_Vol573.5_Am450_rho10.616,9.0,34.97,573.5,450.0,10.616,4.049663101109151,16.399771232484987,0.5487881429816913,6.616216216216216,36.91013375,33.54659504,3.3635387
F09_y34.97_Vol573.5_Am500_rho10.493,9.0,34.97,573.5,500.0,10.493,4.049663101109151,16.399771232484987,0.5487881429816913,6.616216216216216,36.91013373,33.54075935,3.36937437
F09_y34.97_Vol573.5_Am500_rho10.534,9.0,34.97,573.5,500.0,10.534,4.049663101109151,16.399771232484987,0.5487881429816913,6.616216216216216,36.91013373,33.54963935,3.36049438
F09_y34.97_Vol573.5_Am500_rho10.575,9.0,34.97,573.5,500.0,10.575,4.049663101109151,16.399771232484987,0.5487881429816913,6.616216216216216,36.91013374,33.55834983,3.3517839
F09_y34.97_Vol573.5_Am500_rho10.616,9.0,34.97,573.5,500.0,10.616,4.049663101109151,16.399771232484987,0.5487881429816913,6.616216216216216,36.91013374,33.56700174,3.343132
F09_y34.97_Vol573.5_Am550_rho10.493,9.0,34.97,573.5,550.0,10.493,4.049663101109151,16.399771232484987,0.5487881429816913,6.616216216216216,36.91013373,33.55979386,3.35033986
F09_y34.97_Vol573.5_Am550_rho10.534,9.0,34.97,573.5,550.0,10.534,4.049663101109151,16.399771232484987,0.5487881429816913,6.616216216216216,36.91013373,33.56848896,3.34164477
F09_y34.97_Vol573.5_Am550_rho10.575,9.0,34.97,573.5,550.0,10.575,4.049663101109151,16.399771232484987,0.5487881429816913,6.616216216216216,36.91013373,33.5770633,3.33307043
F09_y34.97_Vol573.5_Am550_rho10.616,9.0,34.97,573.5,550.0,10.616,4.049663101109151,16.399771232484987,0.5487881429816913,6.616216216216216,36.91013374,33.58546339,3.32467034
F09_y34.97_Vol632.3_Am450_rho10.493,9.0,34.97,632.3,450.0,10.493,4.252200896927327,18.081212467829566,0.49775423058674684,6.0009489166534875,36.71176638,33.45290203,3.25886435
F09_y34.97_Vol632.3_Am450_rho10.534,9.0,34.97,632.3,450.0,10.534,4.252200896927327,18.081212467829566,0.49775423058674684,6.0009489166534875,36.71176638,33.46034266,3.25142372
F09_y34.97_Vol632.3_Am450_rho10.575,9.0,34.97,632.3,450.0,10.575,4.252200896927327,18.081212467829566,0.49775423058674684,6.0009489166534875,36.71176638,33.46799161,3.24377477
F09_y34.97_Vol632.3_Am450_rho10.616,9.0,34.97,632.3,450.0,10.616,4.252200896927327,18.081212467829566,0.49775423058674684,6.0009489166534875,36.71176639,33.47561133,3.23615506
F09_y34.97_Vol632.3_Am500_rho10.493,9.0,34.97,632.3,500.0,10.493,4.252200896927327,18.081212467829566,0.49775423058674684,6.0009489166534875,36.71176638,33.46956152,3.24220485
F09_y34.97_Vol632.3_Am500_rho10.534,9.0,34.97,632.3,500.0,10.534,4.252200896927327,18.081212467829566,0.49775423058674684,6.0009489166534875,36.71176638,33.4772101,3.23455628
F09_y34.97_Vol632.3_Am500_rho10.575,9.0,34.97,632.3,500.0,10.575,4.252200896927327,18.081212467829566,0.49775423058674684,6.0009489166534875,36.71176638,33.48495317,3.22681321
F09_y34.97_Vol632.3_Am500_rho10.616,9.0,34.97,632.3,500.0,10.616,4.252200896927327,18.081212467829566,0.49775423058674684,6.0009489166534875,36.71176638,33.49272851,3.21903787
F09_y34.97_Vol632.3_Am550_rho10.493,9.0,34.97,632.3,550.0,10.493,4.252200896927327,18.081212467829566,0.49775423058674684,6.0009489166534875,36.71176638,33.48592747,3.22583891
F09_y34.97_Vol632.3_Am550_rho10.534,9.0,34.97,632.3,550.0,10.534,4.252200896927327,18.081212467829566,0.49775423058674684,6.0009489166534875,36.71176638,33.4938173,3.21794908
F09_y34.97_Vol632.3_Am550_rho10.575,9.0,34.97,632.3,550.0,10.575,4.252200896927327,18.081212467829566,0.49775423058674684,6.0009489166534875,36.71176638,33.50173803,3.21002835
F09_y34.97_Vol632.3_Am550_rho10.616,9.0,34.97,632.3,550.0,10.616,4.252200896927327,18.081212467829566,0.49775423058674684,6.0009489166534875,36.71176638,33.50966384,3.20210254
F09_y34.97_Vol691.2_Am450_rho10.493,9.0,34.97,691.2,450.0,10.493,4.445842248338532,19.765513297111813,0.4553385416666666,5.489583333333333,36.54997445,33.47489067,3.07508378
F09_y34.97_Vol691.2_Am450_rho10.534,9.0,34.97,691.2,450.0,10.534,4.445842248338532,19.765513297111813,0.4553385416666666,5.489583333333333,36.54997445,33.47810106,3.07187339
F09_y34.97_Vol691.2_Am450_rho10.575,9.0,34.97,691.2,450.0,10.575,4.445842248338532,19.765513297111813,0.4553385416666666,5.489583333333333,36.54997446,33.48153451,3.06843994
F09_y34.97_Vol691.2_Am450_rho10.616,9.0,34.97,691.2,450.0,10.616,4.445842248338532,19.765513297111813,0.4553385416666666,5.489583333333333,36.54997446,33.89540989,2.65456457
F09_y34.97_Vol691.2_Am500_rho10.493,9.0,34.97,691.2,500.0,10.493,4.445842248338532,19.765513297111813,0.4553385416666666,5.489583333333333,36.54997445,33.48096233,3.06901212
F09_y34.97_Vol691.2_Am500_rho10.534,9.0,34.97,691.2,500.0,10.534,4.445842248338532,19.765513297111813,0.4553385416666666,5.489583333333333,36.54997445,33.48471125,3.0652632
F09_y34.97_Vol691.2_Am500_rho10.575,9.0,34.97,691.2,500.0,10.575,4.445842248338532,19.765513297111813,0.4553385416666666,5.489583333333333,36.54997445,33.48859665,3.0613778
F09_y34.97_Vol691.2_Am500_rho10.616,9.0,34.97,691.2,500.0,10.616,4.445842248338532,19.765513297111813,0.4553385416666666,5.489583333333333,36.54997446,33.49264765,3.05732681
F09_y34.97_Vol691.2_Am550_rho10.493,9.0,34.97,691.2,550.0,10.493,4.445842248338532,19.765513297111813,0.4553385416666666,5.489583333333333,36.54997444,33.48842558,3.06154887
F09_y34.97_Vol691.2_Am550_rho10.534,9.0,34.97,691.2,550.0,10.534,4.445842248338532,19.765513297111813,0.4553385416666666,5.489583333333333,36.54997445,33.49259623,3.05737822
F09_y34.97_Vol691.2_Am550_rho10.575,9.0,34.97,691.2,550.0,10.575,4.445842248338532,19.765513297111813,0.4553385416666666,5.489583333333333,36.54997445,33.49691149,3.05306296
F09_y34.97_Vol691.2_Am550_rho10.616,9.0,34.97,691.2,550.0,10.616,4.445842248338532,19.765513297111813,0.4553385416666666,5.489583333333333,36.54997446,33.50139969,3.04857476
F09_y34.97_Vol738.0_Am450_rho10.493,9.0,34.97,738.0,450.0,10.493,4.593887597660296,21.103803259937088,0.4264634146341464,5.141463414634147,36.44138763,33.55166948,2.88971815
F09_y34.97_Vol738.0_Am450_rho10.534,9.0,34.97,738.0,450.0,10.534,4.593887597660296,21.103803259937088,0.4264634146341464,5.141463414634147,36.44138763,33.5532636,2.88812403
F09_y34.97_Vol738.0_Am450_rho10.575,9.0,34.97,738.0,450.0,10.575,4.593887597660296,21.103803259937088,0.4264634146341464,5.141463414634147,36.44138763,33.55495638,2.88643125
F09_y34.97_Vol738.0_Am450_rho10.616,9.0,34.97,738.0,450.0,10.616,4.593887597660296,21.103803259937088,0.4264634146341464,5.141463414634147,36.44138763,33.55658278,2.88480486
F09_y34.97_Vol738.0_Am500_rho10.493,9.0,34.97,738.0,500.0,10.493,4.593887597660296,21.103803259937088,0.4264634146341464,5.141463414634147,36.44138763,33.55363128,2.88775635
F09_y34.97_Vol738.0_Am500_rho10.534,9.0,34.97,738.0,500.0,10.534,4.593887597660296,21.103803259937088,0.4264634146341464,5.141463414634147,36.44138763,35.10176042,1.33962721
F09_y34.97_Vol738.0_Am500_rho10.575,9.0,34.97,738.0,500.0,10.575,4.593887597660296,21.103803259937088,0.4264634146341464,5.141463414634147,36.44138763,33.5566571,2.88473054
F09_y34.97_Vol738.0_Am500_rho10.616,9.0,34.97,738.0,500.0,10.616,4.593887597660296,21.103803259937088,0.4264634146341464,5.141463414634147,36.44138763,33.55823255,2.88315508
F09_y34.97_Vol738.0_Am550_rho10.493,9.0,34.97,738.0,550.0,10.493,4.593887597660296,21.103803259937088,0.4264634146341464,5.141463414634147,36.44138763,33.55591345,2.88547418
F09_y34.97_Vol738.0_Am550_rho10.534,9.0,34.97,738.0,550.0,10.534,4.593887597660296,21.103803259937088,0.4264634146341464,5.141463414634147,36.44138763,33.55751831,2.88386932
F09_y34.97_Vol738.0_Am550_rho10.575,9.0,34.97,738.0,550.0,10.575,4.593887597660296,21.103803259937088,0.4264634146341464,5.141463414634147,36.44138763,33.55902971,2.88235792
F09_y34.97_Vol738.0_Am550_rho10.616,9.0,34.97,738.0,550.0,10.616,4.593887597660296,21.103803259937088,0.4264634146341464,5.141463414634147,36.44138763,33.56051813,2.8808695
F12_y32.69_Vol421.6_Am450_rho10.493,12.0,32.69,421.6,450.0,10.493,3.591226861414324,12.896910370143777,0.9304554079696393,11.217615098655989,36.02392433,32.12399345,3.89993088
F12_y32.69_Vol421.6_Am450_rho10.534,12.0,32.69,421.6,450.0,10.534,3.591226861414324,12.896910370143777,0.9304554079696393,11.217615098655989,36.02392434,32.13511409,3.88881024
F12_y32.69_Vol421.6_Am450_rho10.575,12.0,32.69,421.6,450.0,10.575,3.591226861414324,12.896910370143777,0.9304554079696393,11.217615098655989,36.02392434,32.14609694,3.8778274
F12_y32.69_Vol421.6_Am450_rho10.616,12.0,32.69,421.6,450.0,10.616,3.591226861414324,12.896910370143777,0.9304554079696393,11.217615098655989,36.02392435,32.15702301,3.86690134
F12_y32.69_Vol421.6_Am500_rho10.493,12.0,32.69,421.6,500.0,10.493,3.591226861414324,12.896910370143777,0.9304554079696393,11.217615098655989,36.02392432,32.14891826,3.87500606
F12_y32.69_Vol421.6_Am500_rho10.534,12.0,32.69,421.6,500.0,10.534,3.591226861414324,12.896910370143777,0.9304554079696393,11.217615098655989,36.02392433,32.16010872,3.8638156
F12_y32.69_Vol421.6_Am500_rho10.575,12.0,32.69,421.6,500.0,10.575,3.591226861414324,12.896910370143777,0.9304554079696393,11.217615098655989,36.02392433,32.17114439,3.85277994
F12_y32.69_Vol421.6_Am500_rho10.616,12.0,32.69,421.6,500.0,10.616,3.591226861414324,12.896910370143777,0.9304554079696393,11.217615098655989,36.02392434,32.1821397,3.84178464
F12_y32.69_Vol421.6_Am550_rho10.493,12.0,32.69,421.6,550.0,10.493,3.591226861414324,12.896910370143777,0.9304554079696393,11.217615098655989,36.02392432,32.17166517,3.85225915
F12_y32.69_Vol421.6_Am550_rho10.534,12.0,32.69,421.6,550.0,10.534,3.591226861414324,12.896910370143777,0.9304554079696393,11.217615098655989,36.02392432,32.18276941,3.84115491
F12_y32.69_Vol421.6_Am550_rho10.575,12.0,32.69,421.6,550.0,10.575,3.591226861414324,12.896910370143777,0.9304554079696393,11.217615098655989,36.02392433,32.19377175,3.83015258
F12_y32.69_Vol421.6_Am550_rho10.616,12.0,32.69,421.6,550.0,10.616,3.591226861414324,12.896910370143777,0.9304554079696393,11.217615098655989,36.02392433,32.2046454,3.81927894
F12_y32.69_Vol455.9_Am450_rho10.493,12.0,32.69,455.9,450.0,10.493,3.734455904877668,13.946160905475681,0.8604518534766395,10.373648882635152,35.72596438,31.91760336,3.80836102
F12_y32.69_Vol455.9_Am450_rho10.534,12.0,32.69,455.9,450.0,10.534,3.734455904877668,13.946160905475681,0.8604518534766395,10.373648882635152,35.72596438,31.92801266,3.79795172
F12_y32.69_Vol455.9_Am450_rho10.575,12.0,32.69,455.9,450.0,10.575,3.734455904877668,13.946160905475681,0.8604518534766395,10.373648882635152,35.72596439,35.14249671,0.58346768
F12_y32.69_Vol455.9_Am450_rho10.616,12.0,32.69,455.9,450.0,10.616,3.734455904877668,13.946160905475681,0.8604518534766395,10.373648882635152,35.72596439,31.94871607,3.77724832
F12_y32.69_Vol455.9_Am500_rho10.493,12.0,32.69,455.9,500.0,10.493,3.734455904877668,13.946160905475681,0.8604518534766395,10.373648882635152,35.72596437,31.93657799,3.78938639
F12_y32.69_Vol455.9_Am500_rho10.534,12.0,32.69,455.9,500.0,10.534,3.734455904877668,13.946160905475681,0.8604518534766395,10.373648882635152,35.72596438,31.94731676,3.77864762
F12_y32.69_Vol455.9_Am500_rho10.575,12.0,32.69,455.9,500.0,10.575,3.734455904877668,13.946160905475681,0.8604518534766395,10.373648882635152,35.72596438,31.95806685,3.76789753
F12_y32.69_Vol455.9_Am500_rho10.616,12.0,32.69,455.9,500.0,10.616,3.734455904877668,13.946160905475681,0.8604518534766395,10.373648882635152,35.72596438,31.96875187,3.75721251
F12_y32.69_Vol455.9_Am550_rho10.493,12.0,32.69,455.9,550.0,10.493,3.734455904877668,13.946160905475681,0.8604518534766395,10.373648882635152,35.72596437,31.95579936,3.77016501
F12_y32.69_Vol455.9_Am550_rho10.534,12.0,32.69,455.9,550.0,10.534,3.734455904877668,13.946160905475681,0.8604518534766395,10.373648882635152,35.72596437,31.96682906,3.75913531
F12_y32.69_Vol455.9_Am550_rho10.575,12.0,32.69,455.9,550.0,10.575,3.734455904877668,13.946160905475681,0.8604518534766395,10.373648882635152,35.72596438,31.97772589,3.74823849
F12_y32.69_Vol455.9_Am550_rho10.616,12.0,32.69,455.9,550.0,10.616,3.734455904877668,13.946160905475681,0.8604518534766395,10.373648882635152,35.72596438,31.98853614,3.73742824
F12_y32.69_Vol514.7_Am450_rho10.493,12.0,32.69,514.7,450.0,10.493,3.967981364485197,15.744876108901808,0.7621527103166892,9.188549690292142,35.32275958,31.75943798,3.5633216
F12_y32.69_Vol514.7_Am450_rho10.534,12.0,32.69,514.7,450.0,10.534,3.967981364485197,15.744876108901808,0.7621527103166892,9.188549690292142,35.32275958,31.76442311,3.55833648
F12_y32.69_Vol514.7_Am450_rho10.575,12.0,32.69,514.7,450.0,10.575,3.967981364485197,15.744876108901808,0.7621527103166892,9.188549690292142,35.32275959,31.76954,3.55321959
F12_y32.69_Vol514.7_Am450_rho10.616,12.0,32.69,514.7,450.0,10.616,3.967981364485197,15.744876108901808,0.7621527103166892,9.188549690292142,35.32275959,31.77482035,3.54793924
F12_y32.69_Vol514.7_Am500_rho10.493,12.0,32.69,514.7,500.0,10.493,3.967981364485197,15.744876108901808,0.7621527103166892,9.188549690292142,35.32275958,31.7571946,3.56556498
F12_y32.69_Vol514.7_Am500_rho10.534,12.0,32.69,514.7,500.0,10.534,3.967981364485197,15.744876108901808,0.7621527103166892,9.188549690292142,35.32275958,31.76273181,3.56002777
F12_y32.69_Vol514.7_Am500_rho10.575,12.0,32.69,514.7,500.0,10.575,3.967981364485197,15.744876108901808,0.7621527103166892,9.188549690292142,35.32275958,31.76837438,3.5543852
F12_y32.69_Vol514.7_Am500_rho10.616,12.0,32.69,514.7,500.0,10.616,3.967981364485197,15.744876108901808,0.7621527103166892,9.188549690292142,35.32275959,31.77415132,3.54860827
F12_y32.69_Vol514.7_Am550_rho10.493,12.0,32.69,514.7,550.0,10.493,3.967981364485197,15.744876108901808,0.7621527103166892,9.188549690292142,35.32275958,31.75771002,3.56504955
F12_y32.69_Vol514.7_Am550_rho10.534,12.0,32.69,514.7,550.0,10.534,3.967981364485197,15.744876108901808,0.7621527103166892,9.188549690292142,35.32275958,31.76380245,3.55895712
F12_y32.69_Vol514.7_Am550_rho10.575,12.0,32.69,514.7,550.0,10.575,3.967981364485197,15.744876108901808,0.7621527103166892,9.188549690292142,35.32275958,31.77012301,3.55263658
F12_y32.69_Vol514.7_Am550_rho10.616,12.0,32.69,514.7,550.0,10.616,3.967981364485197,15.744876108901808,0.7621527103166892,9.188549690292142,35.32275958,31.77656265,3.54619693
F12_y32.69_Vol573.5_Am450_rho10.493,12.0,32.69,573.5,450.0,10.493,4.188507050528616,17.54359131232793,0.6840104620749782,8.246462991444403,35.01420925,31.82017716,3.19403209
F12_y32.69_Vol573.5_Am450_rho10.534,12.0,32.69,573.5,450.0,10.534,4.188507050528616,17.54359131232793,0.6840104620749782,8.246462991444403,35.01420925,31.82216815,3.19204109
F12_y32.69_Vol573.5_Am450_rho10.575,12.0,32.69,573.5,450.0,10.575,4.188507050528616,17.54359131232793,0.6840104620749782,8.246462991444403,35.01420925,31.82419101,3.19001824
F12_y32.69_Vol573.5_Am450_rho10.616,12.0,32.69,573.5,450.0,10.616,4.188507050528616,17.54359131232793,0.6840104620749782,8.246462991444403,35.01420925,31.8262015,3.18800775
F12_y32.69_Vol573.5_Am500_rho10.493,12.0,32.69,573.5,500.0,10.493,4.188507050528616,17.54359131232793,0.6840104620749782,8.246462991444403,35.01420924,31.81205081,3.20215844
F12_y32.69_Vol573.5_Am500_rho10.534,12.0,32.69,573.5,500.0,10.534,4.188507050528616,17.54359131232793,0.6840104620749782,8.246462991444403,35.01420925,31.81406918,3.20014007
F12_y32.69_Vol573.5_Am500_rho10.575,12.0,32.69,573.5,500.0,10.575,4.188507050528616,17.54359131232793,0.6840104620749782,8.246462991444403,35.01420925,31.81608345,3.1981258
F12_y32.69_Vol573.5_Am500_rho10.616,12.0,32.69,573.5,500.0,10.616,4.188507050528616,17.54359131232793,0.6840104620749782,8.246462991444403,35.01420925,31.81809731,3.19611194
F12_y32.69_Vol573.5_Am550_rho10.493,12.0,32.69,573.5,550.0,10.493,4.188507050528616,17.54359131232793,0.6840104620749782,8.246462991444403,35.01420924,31.80453804,3.2096712
F12_y32.69_Vol573.5_Am550_rho10.534,12.0,32.69,573.5,550.0,10.534,4.188507050528616,17.54359131232793,0.6840104620749782,8.246462991444403,35.01420925,31.80651158,3.20769766
F12_y32.69_Vol573.5_Am550_rho10.575,12.0,32.69,573.5,550.0,10.575,4.188507050528616,17.54359131232793,0.6840104620749782,8.246462991444403,35.01420925,31.80842582,3.20578343
F12_y32.69_Vol573.5_Am550_rho10.616,12.0,32.69,573.5,550.0,10.616,4.188507050528616,17.54359131232793,0.6840104620749782,8.246462991444403,35.01420925,31.81035278,3.20385647
F12_y32.69_Vol632.3_Am450_rho10.493,12.0,32.69,632.3,450.0,10.493,4.397988917193182,19.342306515754053,0.6204017080499763,7.479592797079497,34.77046452,31.88547195,2.88499257
F12_y32.69_Vol632.3_Am450_rho10.534,12.0,32.69,632.3,450.0,10.534,4.397988917193182,19.342306515754053,0.6204017080499763,7.479592797079497,34.77046452,31.88719421,2.88327031
F12_y32.69_Vol632.3_Am450_rho10.575,12.0,32.69,632.3,450.0,10.575,4.397988917193182,19.342306515754053,0.6204017080499763,7.479592797079497,34.77046452,31.88885035,2.88161417
F12_y32.69_Vol632.3_Am450_rho10.616,12.0,32.69,632.3,450.0,10.616,4.397988917193182,19.342306515754053,0.6204017080499763,7.479592797079497,34.77046452,31.89041795,2.88004657
F12_y32.69_Vol632.3_Am500_rho10.493,12.0,32.69,632.3,500.0,10.493,4.397988917193182,19.342306515754053,0.6204017080499763,7.479592797079497,34.77046452,31.88008072,2.8903838
F12_y32.69_Vol632.3_Am500_rho10.534,12.0,32.69,632.3,500.0,10.534,4.397988917193182,19.342306515754053,0.6204017080499763,7.479592797079497,34.77046452,31.88168017,2.88878434
F12_y32.69_Vol632.3_Am500_rho10.575,12.0,32.69,632.3,500.0,10.575,4.397988917193182,19.342306515754053,0.6204017080499763,7.479592797079497,34.77046452,31.8832558,2.88720872
F12_y32.69_Vol632.3_Am500_rho10.616,12.0,32.69,632.3,500.0,10.616,4.397988917193182,19.342306515754053,0.6204017080499763,7.479592797079497,34.77046452,31.88488004,2.88558448
F12_y32.69_Vol632.3_Am550_rho10.493,12.0,32.69,632.3,550.0,10.493,4.397988917193182,19.342306515754053,0.6204017080499763,7.479592797079497,34.77046452,31.87518799,2.89527652
F12_y32.69_Vol632.3_Am550_rho10.534,12.0,32.69,632.3,550.0,10.534,4.397988917193182,19.342306515754053,0.6204017080499763,7.479592797079497,34.77046452,31.87660701,2.8938575
F12_y32.69_Vol632.3_Am550_rho10.575,12.0,32.69,632.3,550.0,10.575,4.397988917193182,19.342306515754053,0.6204017080499763,7.479592797079497,34.77046452,31.87820358,2.89226094
F12_y32.69_Vol632.3_Am550_rho10.616,12.0,32.69,632.3,550.0,10.616,4.397988917193182,19.342306515754053,0.6204017080499763,7.479592797079497,34.77046452,31.87993602,2.8905285
F12_y32.69_Vol691.2_Am450_rho10.493,12.0,32.69,691.2,450.0,10.493,4.598269322108242,21.14408075864179,0.5675347222222221,6.8422258761478085,34.57273044,31.94249541,2.63023503
F12_y32.69_Vol691.2_Am450_rho10.534,12.0,32.69,691.2,450.0,10.534,4.598269322108242,21.14408075864179,0.5675347222222221,6.8422258761478085,34.57273044,31.94382628,2.62890416
F12_y32.69_Vol691.2_Am450_rho10.575,12.0,32.69,691.2,450.0,10.575,4.598269322108242,21.14408075864179,0.5675347222222221,6.8422258761478085,34.57273045,31.94507931,2.62765114
F12_y32.69_Vol691.2_Am450_rho10.616,12.0,32.69,691.2,450.0,10.616,4.598269322108242,21.14408075864179,0.5675347222222221,6.8422258761478085,34.57273045,31.94632064,2.62640981
F12_y32.69_Vol691.2_Am500_rho10.493,12.0,32.69,691.2,500.0,10.493,4.598269322108242,21.14408075864179,0.5675347222222221,6.8422258761478085,34.57273044,31.93949861,2.63323183
F12_y32.69_Vol691.2_Am500_rho10.534,12.0,32.69,691.2,500.0,10.534,4.598269322108242,21.14408075864179,0.5675347222222221,6.8422258761478085,34.57273044,31.94073982,2.63199062
F12_y32.69_Vol691.2_Am500_rho10.575,12.0,32.69,691.2,500.0,10.575,4.598269322108242,21.14408075864179,0.5675347222222221,6.8422258761478085,34.57273044,31.94201976,2.63071069
F12_y32.69_Vol691.2_Am500_rho10.616,12.0,32.69,691.2,500.0,10.616,4.598269322108242,21.14408075864179,0.5675347222222221,6.8422258761478085,34.57273045,31.94325002,2.62948043
F12_y32.69_Vol691.2_Am550_rho10.493,12.0,32.69,691.2,550.0,10.493,4.598269322108242,21.14408075864179,0.5675347222222221,6.8422258761478085,34.57273044,31.93648987,2.63624057
F12_y32.69_Vol691.2_Am550_rho10.534,12.0,32.69,691.2,550.0,10.534,4.598269322108242,21.14408075864179,0.5675347222222221,6.8422258761478085,34.57273044,31.93784687,2.63488357
F12_y32.69_Vol691.2_Am550_rho10.575,12.0,32.69,691.2,550.0,10.575,4.598269322108242,21.14408075864179,0.5675347222222221,6.8422258761478085,34.57273044,31.93908913,2.63364131
F12_y32.69_Vol691.2_Am550_rho10.616,12.0,32.69,691.2,550.0,10.616,4.598269322108242,21.14408075864179,0.5675347222222221,6.8422258761478085,34.57273045,31.94036891,2.63236153
F12_y32.69_Vol738.0_Am450_rho10.493,12.0,32.69,738.0,450.0,10.493,4.751390451928238,22.575711226674827,0.5315447154471544,6.4083286254652645,34.44055487,31.98117653,2.45937835
F12_y32.69_Vol738.0_Am450_rho10.534,12.0,32.69,738.0,450.0,10.534,4.751390451928238,22.575711226674827,0.5315447154471544,6.4083286254652645,34.44055487,31.98231509,2.45823978
F12_y32.69_Vol738.0_Am450_rho10.575,12.0,32.69,738.0,450.0,10.575,4.751390451928238,22.575711226674827,0.5315447154471544,6.4083286254652645,34.44055487,31.98344929,2.45710559
F12_y32.69_Vol738.0_Am450_rho10.616,12.0,32.69,738.0,450.0,10.616,4.751390451928238,22.575711226674827,0.5315447154471544,6.4083286254652645,34.44055488,31.98457085,2.45598402
F12_y32.69_Vol738.0_Am500_rho10.493,12.0,32.69,738.0,500.0,10.493,4.751390451928238,22.575711226674827,0.5315447154471544,6.4083286254652645,34.44055487,31.979197,2.46135787
F12_y32.69_Vol738.0_Am500_rho10.534,12.0,32.69,738.0,500.0,10.534,4.751390451928238,22.575711226674827,0.5315447154471544,6.4083286254652645,34.44055487,31.98033598,2.46021889
F12_y32.69_Vol738.0_Am500_rho10.575,12.0,32.69,738.0,500.0,10.575,4.751390451928238,22.575711226674827,0.5315447154471544,6.4083286254652645,34.44055487,31.98153665,2.45901822
F12_y32.69_Vol738.0_Am500_rho10.616,12.0,32.69,738.0,500.0,10.616,4.751390451928238,22.575711226674827,0.5315447154471544,6.4083286254652645,34.44055487,31.98265501,2.45789987
F12_y32.69_Vol738.0_Am550_rho10.493,12.0,32.69,738.0,550.0,10.493,4.751390451928238,22.575711226674827,0.5315447154471544,6.4083286254652645,34.44055487,31.97695485,2.46360002
F12_y32.69_Vol738.0_Am550_rho10.534,12.0,32.69,738.0,550.0,10.534,4.751390451928238,22.575711226674827,0.5315447154471544,6.4083286254652645,34.44055487,31.97802161,2.46253326
F12_y32.69_Vol738.0_Am550_rho10.575,12.0,32.69,738.0,550.0,10.575,4.751390451928238,22.575711226674827,0.5315447154471544,6.4083286254652645,34.44055487,31.97909853,2.46145635
F12_y32.69_Vol738.0_Am550_rho10.616,12.0,32.69,738.0,550.0,10.616,4.751390451928238,22.575711226674827,0.5315447154471544,6.4083286254652645,34.44055487,31.9802478,2.46030707
F12_y33.19_Vol421.6_Am450_rho10.493,12.0,33.19,421.6,450.0,10.493,3.564073690521467,12.702621271467311,0.9446869070208728,11.38919073491564,36.63758295,32.77126488,3.86631807
F12_y33.19_Vol421.6_Am450_rho10.534,12.0,33.19,421.6,450.0,10.534,3.564073690521467,12.702621271467311,0.9446869070208728,11.38919073491564,36.63758296,32.78073136,3.8568516
F12_y33.19_Vol421.6_Am450_rho10.575,12.0,33.19,421.6,450.0,10.575,3.564073690521467,12.702621271467311,0.9446869070208728,11.38919073491564,36.63758297,32.79007254,3.84751043
F12_y33.19_Vol421.6_Am450_rho10.616,12.0,33.19,421.6,450.0,10.616,3.564073690521467,12.702621271467311,0.9446869070208728,11.38919073491564,36.63758298,32.79929455,3.83828843
F12_y33.19_Vol421.6_Am500_rho10.493,12.0,33.19,421.6,500.0,10.493,3.564073690521467,12.702621271467311,0.9446869070208728,11.38919073491564,36.63758294,32.79249671,3.84508623
F12_y33.19_Vol421.6_Am500_rho10.534,12.0,33.19,421.6,500.0,10.534,3.564073690521467,12.702621271467311,0.9446869070208728,11.38919073491564,36.63758295,32.80176637,3.83581658
F12_y33.19_Vol421.6_Am500_rho10.575,12.0,33.19,421.6,500.0,10.575,3.564073690521467,12.702621271467311,0.9446869070208728,11.38919073491564,36.63758296,32.81085509,3.82672787
F12_y33.19_Vol421.6_Am500_rho10.616,12.0,33.19,421.6,500.0,10.616,3.564073690521467,12.702621271467311,0.9446869070208728,11.38919073491564,36.63758296,32.81983638,3.81774659
F12_y33.19_Vol421.6_Am550_rho10.493,12.0,33.19,421.6,550.0,10.493,3.564073690521467,12.702621271467311,0.9446869070208728,11.38919073491564,36.63758293,32.81035004,3.82723289
F12_y33.19_Vol421.6_Am550_rho10.534,12.0,33.19,421.6,550.0,10.534,3.564073690521467,12.702621271467311,0.9446869070208728,11.38919073491564,36.63758294,32.81934796,3.81823498
F12_y33.19_Vol421.6_Am550_rho10.575,12.0,33.19,421.6,550.0,10.575,3.564073690521467,12.702621271467311,0.9446869070208728,11.38919073491564,36.63758295,32.82827406,3.80930889
F12_y33.19_Vol421.6_Am550_rho10.616,12.0,33.19,421.6,550.0,10.616,3.564073690521467,12.702621271467311,0.9446869070208728,11.38919073491564,36.63758296,32.83705024,3.80053271
F12_y33.19_Vol455.9_Am450_rho10.493,12.0,33.19,455.9,450.0,10.493,3.7062197829922776,13.736065079843327,0.8736126343496381,10.53231588909944,36.32855858,32.58243746,3.74612113
F12_y33.19_Vol455.9_Am450_rho10.534,12.0,33.19,455.9,450.0,10.534,3.7062197829922776,13.736065079843327,0.8736126343496381,10.53231588909944,36.32855859,32.5921517,3.73640689
F12_y33.19_Vol455.9_Am450_rho10.575,12.0,33.19,455.9,450.0,10.575,3.7062197829922776,13.736065079843327,0.8736126343496381,10.53231588909944,36.32855859,36.09536931,0.23318929
F12_y33.19_Vol455.9_Am450_rho10.616,12.0,33.19,455.9,450.0,10.616,3.7062197829922776,13.736065079843327,0.8736126343496381,10.53231588909944,36.3285586,32.61123105,3.71732755
F12_y33.19_Vol455.9_Am500_rho10.493,12.0,33.19,455.9,500.0,10.493,3.7062197829922776,13.736065079843327,0.8736126343496381,10.53231588909944,36.32855858,32.60390013,3.72465844
F12_y33.19_Vol455.9_Am500_rho10.534,12.0,33.19,455.9,500.0,10.534,3.7062197829922776,13.736065079843327,0.8736126343496381,10.53231588909944,36.32855858,32.61367242,3.71488616
F12_y33.19_Vol455.9_Am500_rho10.575,12.0,33.19,455.9,500.0,10.575,3.7062197829922776,13.736065079843327,0.8736126343496381,10.53231588909944,36.32855859,32.62329135,3.70526724
F12_y33.19_Vol455.9_Am500_rho10.616,12.0,33.19,455.9,500.0,10.616,3.7062197829922776,13.736065079843327,0.8736126343496381,10.53231588909944,36.32855859,32.63265896,3.69589963
F12_y33.19_Vol455.9_Am550_rho10.493,12.0,33.19,455.9,550.0,10.493,3.7062197829922776,13.736065079843327,0.8736126343496381,10.53231588909944,36.32855857,32.62294658,3.70561199
F12_y33.19_Vol455.9_Am550_rho10.534,12.0,33.19,455.9,550.0,10.534,3.7062197829922776,13.736065079843327,0.8736126343496381,10.53231588909944,36.32855858,32.63262316,3.69593542
F12_y33.19_Vol455.9_Am550_rho10.575,12.0,33.19,455.9,550.0,10.575,3.7062197829922776,13.736065079843327,0.8736126343496381,10.53231588909944,36.32855858,32.64211546,3.68644312
F12_y33.19_Vol455.9_Am550_rho10.616,12.0,33.19,455.9,550.0,10.616,3.7062197829922776,13.736065079843327,0.8736126343496381,10.53231588909944,36.32855859,32.65146203,3.67709656
F12_y33.19_Vol514.7_Am450_rho10.493,12.0,33.19,514.7,450.0,10.493,3.9379795628036667,15.507683037059358,0.7738099863998444,9.329090370779937,35.91066708,32.34083078,3.5698363
F12_y33.19_Vol514.7_Am450_rho10.534,12.0,33.19,514.7,450.0,10.534,3.9379795628036667,15.507683037059358,0.7738099863998444,9.329090370779937,35.91066709,32.34929427,3.56137282
F12_y33.19_Vol514.7_Am450_rho10.575,12.0,33.19,514.7,450.0,10.575,3.9379795628036667,15.507683037059358,0.7738099863998444,9.329090370779937,35.91066709,32.35782742,3.55283967
F12_y33.19_Vol514.7_Am450_rho10.616,12.0,33.19,514.7,450.0,10.616,3.9379795628036667,15.507683037059358,0.7738099863998444,9.329090370779937,35.9106671,32.3663515,3.5443156
F12_y33.19_Vol514.7_Am500_rho10.493,12.0,33.19,514.7,500.0,10.493,3.9379795628036667,15.507683037059358,0.7738099863998444,9.329090370779937,35.91066708,32.35394817,3.55671891
F12_y33.19_Vol514.7_Am500_rho10.534,12.0,33.19,514.7,500.0,10.534,3.9379795628036667,15.507683037059358,0.7738099863998444,9.329090370779937,35.91066708,32.36284417,3.54782291
F12_y33.19_Vol514.7_Am500_rho10.575,12.0,33.19,514.7,500.0,10.575,3.9379795628036667,15.507683037059358,0.7738099863998444,9.329090370779937,35.91066709,32.37172488,3.53894221
F12_y33.19_Vol514.7_Am500_rho10.616,12.0,33.19,514.7,500.0,10.616,3.9379795628036667,15.507683037059358,0.7738099863998444,9.329090370779937,35.91066709,32.3805435,3.53012359
F12_y33.19_Vol514.7_Am550_rho10.493,12.0,33.19,514.7,550.0,10.493,3.9379795628036667,15.507683037059358,0.7738099863998444,9.329090370779937,35.91066708,32.3678474,3.54281968
F12_y33.19_Vol514.7_Am550_rho10.534,12.0,33.19,514.7,550.0,10.534,3.9379795628036667,15.507683037059358,0.7738099863998444,9.329090370779937,35.91066708,32.37683863,3.53382845
F12_y33.19_Vol514.7_Am550_rho10.575,12.0,33.19,514.7,550.0,10.575,3.9379795628036667,15.507683037059358,0.7738099863998444,9.329090370779937,35.91066708,32.38590584,3.52476124
F12_y33.19_Vol514.7_Am550_rho10.616,12.0,33.19,514.7,550.0,10.616,3.9379795628036667,15.507683037059358,0.7738099863998444,9.329090370779937,35.91066709,32.39505995,3.51560714
F12_y33.19_Vol573.5_Am450_rho10.493,12.0,33.19,573.5,450.0,10.493,4.156837859993505,17.279300994275385,0.6944725370531822,8.37259426999204,35.5911004,32.27599202,3.31510838
F12_y33.19_Vol573.5_Am450_rho10.534,12.0,33.19,573.5,450.0,10.534,4.156837859993505,17.279300994275385,0.6944725370531822,8.37259426999204,35.5911004,32.27899438,3.31210602
F12_y33.19_Vol573.5_Am450_rho10.575,12.0,33.19,573.5,450.0,10.575,4.156837859993505,17.279300994275385,0.6944725370531822,8.37259426999204,35.59110041,32.28230379,3.30879662
F12_y33.19_Vol573.5_Am450_rho10.616,12.0,33.19,573.5,450.0,10.616,4.156837859993505,17.279300994275385,0.6944725370531822,8.37259426999204,35.59110041,32.2857132,3.30538721
F12_y33.19_Vol573.5_Am500_rho10.493,12.0,33.19,573.5,500.0,10.493,4.156837859993505,17.279300994275385,0.6944725370531822,8.37259426999204,35.5911004,32.27372423,3.31737617
F12_y33.19_Vol573.5_Am500_rho10.534,12.0,33.19,573.5,500.0,10.534,4.156837859993505,17.279300994275385,0.6944725370531822,8.37259426999204,35.5911004,32.27728373,3.31381668
F12_y33.19_Vol573.5_Am500_rho10.575,12.0,33.19,573.5,500.0,10.575,4.156837859993505,17.279300994275385,0.6944725370531822,8.37259426999204,35.5911004,32.28092614,3.31017427
F12_y33.19_Vol573.5_Am500_rho10.616,12.0,33.19,573.5,500.0,10.616,4.156837859993505,17.279300994275385,0.6944725370531822,8.37259426999204,35.59110041,32.28483919,3.30626122
F12_y33.19_Vol573.5_Am550_rho10.493,12.0,33.19,573.5,550.0,10.493,4.156837859993505,17.279300994275385,0.6944725370531822,8.37259426999204,35.5911004,32.27304763,3.31805277
F12_y33.19_Vol573.5_Am550_rho10.534,12.0,33.19,573.5,550.0,10.534,4.156837859993505,17.279300994275385,0.6944725370531822,8.37259426999204,35.5911004,32.27715595,3.31394445
F12_y33.19_Vol573.5_Am550_rho10.575,12.0,33.19,573.5,550.0,10.575,4.156837859993505,17.279300994275385,0.6944725370531822,8.37259426999204,35.5911004,32.28140138,3.30969902
F12_y33.19_Vol573.5_Am550_rho10.616,12.0,33.19,573.5,550.0,10.616,4.156837859993505,17.279300994275385,0.6944725370531822,8.37259426999204,35.5911004,32.2857613,3.30533911
F12_y33.19_Vol632.3_Am450_rho10.493,12.0,33.19,632.3,450.0,10.493,4.364735839829417,19.05091895149141,0.629890874584849,7.593994644694663,35.33878661,32.34022215,2.99856446
F12_y33.19_Vol632.3_Am450_rho10.534,12.0,33.19,632.3,450.0,10.534,4.364735839829417,19.05091895149141,0.629890874584849,7.593994644694663,35.33878661,32.3420267,2.99675991
F12_y33.19_Vol632.3_Am450_rho10.575,12.0,33.19,632.3,450.0,10.575,4.364735839829417,19.05091895149141,0.629890874584849,7.593994644694663,35.33878662,32.34374106,2.99504556
F12_y33.19_Vol632.3_Am450_rho10.616,12.0,33.19,632.3,450.0,10.616,4.364735839829417,19.05091895149141,0.629890874584849,7.593994644694663,35.33878662,32.34553207,2.99325455
F12_y33.19_Vol632.3_Am500_rho10.493,12.0,33.19,632.3,500.0,10.493,4.364735839829417,19.05091895149141,0.629890874584849,7.593994644694663,35.33878661,32.3364156,3.00237101
F12_y33.19_Vol632.3_Am500_rho10.534,12.0,33.19,632.3,500.0,10.534,4.364735839829417,19.05091895149141,0.629890874584849,7.593994644694663,35.33878661,32.33817405,3.00061256
F12_y33.19_Vol632.3_Am500_rho10.575,12.0,33.19,632.3,500.0,10.575,4.364735839829417,19.05091895149141,0.629890874584849,7.593994644694663,35.33878661,32.33993742,2.9988492
F12_y33.19_Vol632.3_Am500_rho10.616,12.0,33.19,632.3,500.0,10.616,4.364735839829417,19.05091895149141,0.629890874584849,7.593994644694663,35.33878662,32.34168495,2.99710166
F12_y33.19_Vol632.3_Am550_rho10.493,12.0,33.19,632.3,550.0,10.493,4.364735839829417,19.05091895149141,0.629890874584849,7.593994644694663,35.33878661,32.33306837,3.00571824
F12_y33.19_Vol632.3_Am550_rho10.534,12.0,33.19,632.3,550.0,10.534,4.364735839829417,19.05091895149141,0.629890874584849,7.593994644694663,35.33878661,32.33487112,3.00391549
F12_y33.19_Vol632.3_Am550_rho10.575,12.0,33.19,632.3,550.0,10.575,4.364735839829417,19.05091895149141,0.629890874584849,7.593994644694663,35.33878661,32.33653307,3.00225354
F12_y33.19_Vol632.3_Am550_rho10.616,12.0,33.19,632.3,550.0,10.616,4.364735839829417,19.05091895149141,0.629890874584849,7.593994644694663,35.33878662,32.33815232,3.0006343
F12_y33.19_Vol691.2_Am450_rho10.493,12.0,33.19,691.2,450.0,10.493,4.563501929923663,20.825549864416995,0.5762152777777777,6.946879070949702,35.13419116,32.39940604,2.73478511
F12_y33.19_Vol691.2_Am450_rho10.534,12.0,33.19,691.2,450.0,10.534,4.563501929923663,20.825549864416995,0.5762152777777777,6.946879070949702,35.13419116,32.40085736,2.7333338
F12_y33.19_Vol691.2_Am450_rho10.575,12.0,33.19,691.2,450.0,10.575,4.563501929923663,20.825549864416995,0.5762152777777777,6.946879070949702,35.13419116,32.40223357,2.73195759
F12_y33.19_Vol691.2_Am450_rho10.616,12.0,33.19,691.2,450.0,10.616,4.563501929923663,20.825549864416995,0.5762152777777777,6.946879070949702,35.13419116,32.40367676,2.7305144
F12_y33.19_Vol691.2_Am500_rho10.493,12.0,33.19,691.2,500.0,10.493,4.563501929923663,20.825549864416995,0.5762152777777777,6.946879070949702,35.13419116,32.39781224,2.73637892
F12_y33.19_Vol691.2_Am500_rho10.534,12.0,33.19,691.2,500.0,10.534,4.563501929923663,20.825549864416995,0.5762152777777777,6.946879070949702,35.13419116,32.39913505,2.73505611
F12_y33.19_Vol691.2_Am500_rho10.575,12.0,33.19,691.2,500.0,10.575,4.563501929923663,20.825549864416995,0.5762152777777777,6.946879070949702,35.13419116,32.4004927,2.73369846
F12_y33.19_Vol691.2_Am500_rho10.616,12.0,33.19,691.2,500.0,10.616,4.563501929923663,20.825549864416995,0.5762152777777777,6.946879070949702,35.13419116,32.4018571,2.73233406
F12_y33.19_Vol691.2_Am550_rho10.493,12.0,33.19,691.2,550.0,10.493,4.563501929923663,20.825549864416995,0.5762152777777777,6.946879070949702,35.13419115,32.3960758,2.73811535
F12_y33.19_Vol691.2_Am550_rho10.534,12.0,33.19,691.2,550.0,10.534,4.563501929923663,20.825549864416995,0.5762152777777777,6.946879070949702,35.13419116,32.39741755,2.7367736
F12_y33.19_Vol691.2_Am550_rho10.575,12.0,33.19,691.2,550.0,10.575,4.563501929923663,20.825549864416995,0.5762152777777777,6.946879070949702,35.13419116,32.39883119,2.73535997
F12_y33.19_Vol691.2_Am550_rho10.616,12.0,33.19,691.2,550.0,10.616,4.563501929923663,20.825549864416995,0.5762152777777777,6.946879070949702,35.13419116,32.40014972,2.73404144
F12_y33.19_Vol738.0_Am450_rho10.493,12.0,33.19,738.0,450.0,10.493,4.715465314948981,22.235613136486894,0.5396747967479675,6.5063452762065515,34.997472,32.44103798,2.55643401
F12_y33.19_Vol738.0_Am450_rho10.534,12.0,33.19,738.0,450.0,10.534,4.715465314948981,22.235613136486894,0.5396747967479675,6.5063452762065515,34.997472,32.44227214,2.55519986
F12_y33.19_Vol738.0_Am450_rho10.575,12.0,33.19,738.0,450.0,10.575,4.715465314948981,22.235613136486894,0.5396747967479675,6.5063452762065515,34.997472,32.44344664,2.55402536
F12_y33.19_Vol738.0_Am450_rho10.616,12.0,33.19,738.0,450.0,10.616,4.715465314948981,22.235613136486894,0.5396747967479675,6.5063452762065515,34.997472,32.44464294,2.55282906
F12_y33.19_Vol738.0_Am500_rho10.493,12.0,33.19,738.0,500.0,10.493,4.715465314948981,22.235613136486894,0.5396747967479675,6.5063452762065515,34.997472,32.44057359,2.55689841
F12_y33.19_Vol738.0_Am500_rho10.534,12.0,33.19,738.0,500.0,10.534,4.715465314948981,22.235613136486894,0.5396747967479675,6.5063452762065515,34.997472,32.44175476,2.55571723
F12_y33.19_Vol738.0_Am500_rho10.575,12.0,33.19,738.0,500.0,10.575,4.715465314948981,22.235613136486894,0.5396747967479675,6.5063452762065515,34.997472,32.4430049,2.5544671
F12_y33.19_Vol738.0_Am500_rho10.616,12.0,33.19,738.0,500.0,10.616,4.715465314948981,22.235613136486894,0.5396747967479675,6.5063452762065515,34.997472,32.44421079,2.55326121
F12_y33.19_Vol738.0_Am550_rho10.493,12.0,33.19,738.0,550.0,10.493,4.715465314948981,22.235613136486894,0.5396747967479675,6.5063452762065515,34.997472,32.44001601,2.55745598
F12_y33.19_Vol738.0_Am550_rho10.534,12.0,33.19,738.0,550.0,10.534,4.715465314948981,22.235613136486894,0.5396747967479675,6.5063452762065515,34.997472,32.44125608,2.55621591
F12_y33.19_Vol738.0_Am550_rho10.575,12.0,33.19,738.0,550.0,10.575,4.715465314948981,22.235613136486894,0.5396747967479675,6.5063452762065515,34.997472,32.44242348,2.55504852
F12_y33.19_Vol738.0_Am550_rho10.616,12.0,33.19,738.0,550.0,10.616,4.715465314948981,22.235613136486894,0.5396747967479675,6.5063452762065515,34.997472,32.44361469,2.55385731
F12_y33.69_Vol421.6_Am450_rho10.493,12.0,33.69,421.6,450.0,10.493,3.537527263387584,12.51409913921045,0.9589184060721062,11.560766371175292,37.25354088,33.35604404,3.89749684
F12_y33.69_Vol421.6_Am450_rho10.534,12.0,33.69,421.6,450.0,10.534,3.537527263387584,12.51409913921045,0.9589184060721062,11.560766371175292,37.25354089,33.36479318,3.88874772
F12_y33.69_Vol421.6_Am450_rho10.575,12.0,33.69,421.6,450.0,10.575,3.537527263387584,12.51409913921045,0.9589184060721062,11.560766371175292,37.25354091,33.37351381,3.88002709
F12_y33.69_Vol421.6_Am450_rho10.616,12.0,33.69,421.6,450.0,10.616,3.537527263387584,12.51409913921045,0.9589184060721062,11.560766371175292,37.25354092,33.38211465,3.87142627
F12_y33.69_Vol421.6_Am500_rho10.493,12.0,33.69,421.6,500.0,10.493,3.537527263387584,12.51409913921045,0.9589184060721062,11.560766371175292,37.25354087,33.37377515,3.87976572
F12_y33.69_Vol421.6_Am500_rho10.534,12.0,33.69,421.6,500.0,10.534,3.537527263387584,12.51409913921045,0.9589184060721062,11.560766371175292,37.25354088,33.38237123,3.87116965
F12_y33.69_Vol421.6_Am500_rho10.575,12.0,33.69,421.6,500.0,10.575,3.537527263387584,12.51409913921045,0.9589184060721062,11.560766371175292,37.25354089,33.39092863,3.86261226
F12_y33.69_Vol421.6_Am500_rho10.616,12.0,33.69,421.6,500.0,10.616,3.537527263387584,12.51409913921045,0.9589184060721062,11.560766371175292,37.2535409,33.39941539,3.85412551
F12_y33.69_Vol421.6_Am550_rho10.493,12.0,33.69,421.6,550.0,10.493,3.537527263387584,12.51409913921045,0.9589184060721062,11.560766371175292,37.25354086,33.3888015,3.86473935
F12_y33.69_Vol421.6_Am550_rho10.534,12.0,33.69,421.6,550.0,10.534,3.537527263387584,12.51409913921045,0.9589184060721062,11.560766371175292,37.25354087,33.39725302,3.85628785
F12_y33.69_Vol421.6_Am550_rho10.575,12.0,33.69,421.6,550.0,10.575,3.537527263387584,12.51409913921045,0.9589184060721062,11.560766371175292,37.25354088,33.40573398,3.8478069
F12_y33.69_Vol421.6_Am550_rho10.616,12.0,33.69,421.6,550.0,10.616,3.537527263387584,12.51409913921045,0.9589184060721062,11.560766371175292,37.25354089,33.41412479,3.8394161
F12_y33.69_Vol455.9_Am450_rho10.493,12.0,33.69,455.9,450.0,10.493,3.6786146036512846,13.532205402196498,0.8867734152226365,10.690982895563728,36.93317758,33.18220841,3.75096918
F12_y33.69_Vol455.9_Am450_rho10.534,12.0,33.69,455.9,450.0,10.534,3.6786146036512846,13.532205402196498,0.8867734152226365,10.690982895563728,36.93317759,33.19046061,3.74271698
F12_y33.69_Vol455.9_Am450_rho10.575,12.0,33.69,455.9,450.0,10.575,3.6786146036512846,13.532205402196498,0.8867734152226365,10.690982895563728,36.9331776,33.19862444,3.73455315
F12_y33.69_Vol455.9_Am450_rho10.616,12.0,33.69,455.9,450.0,10.616,3.6786146036512846,13.532205402196498,0.8867734152226365,10.690982895563728,36.9331776,33.20670397,3.72647364
F12_y33.69_Vol455.9_Am500_rho10.493,12.0,33.69,455.9,500.0,10.493,3.6786146036512846,13.532205402196498,0.8867734152226365,10.690982895563728,36.93317757,33.20076946,3.73240811
F12_y33.69_Vol455.9_Am500_rho10.534,12.0,33.69,455.9,500.0,10.534,3.6786146036512846,13.532205402196498,0.8867734152226365,10.690982895563728,36.93317758,33.20888961,3.72428797
F12_y33.69_Vol455.9_Am500_rho10.575,12.0,33.69,455.9,500.0,10.575,3.6786146036512846,13.532205402196498,0.8867734152226365,10.690982895563728,36.93317759,33.21698549,3.7161921
F12_y33.69_Vol455.9_Am500_rho10.616,12.0,33.69,455.9,500.0,10.616,3.6786146036512846,13.532205402196498,0.8867734152226365,10.690982895563728,36.93317759,33.22479983,3.70837777
F12_y33.69_Vol455.9_Am550_rho10.493,12.0,33.69,455.9,550.0,10.493,3.6786146036512846,13.532205402196498,0.8867734152226365,10.690982895563728,36.93317757,33.2163976,3.71677997
F12_y33.69_Vol455.9_Am550_rho10.534,12.0,33.69,455.9,550.0,10.534,3.6786146036512846,13.532205402196498,0.8867734152226365,10.690982895563728,36.93317757,33.22427138,3.7089062
F12_y33.69_Vol455.9_Am550_rho10.575,12.0,33.69,455.9,550.0,10.575,3.6786146036512846,13.532205402196498,0.8867734152226365,10.690982895563728,36.93317758,33.23201144,3.70116614
F12_y33.69_Vol455.9_Am550_rho10.616,12.0,33.69,455.9,550.0,10.616,3.6786146036512846,13.532205402196498,0.8867734152226365,10.690982895563728,36.93317759,33.23973336,3.69344423
F12_y33.69_Vol514.7_Am450_rho10.493,12.0,33.69,514.7,450.0,10.493,3.908648158181841,15.277530424458298,0.7854672624829997,9.469631051267735,36.50025282,32.94182265,3.55843018
F12_y33.69_Vol514.7_Am450_rho10.534,12.0,33.69,514.7,450.0,10.534,3.908648158181841,15.277530424458298,0.7854672624829997,9.469631051267735,36.50025283,32.9510171,3.54923574
F12_y33.69_Vol514.7_Am450_rho10.575,12.0,33.69,514.7,450.0,10.575,3.908648158181841,15.277530424458298,0.7854672624829997,9.469631051267735,36.50025284,32.96018265,3.54007019
F12_y33.69_Vol514.7_Am450_rho10.616,12.0,33.69,514.7,450.0,10.616,3.908648158181841,15.277530424458298,0.7854672624829997,9.469631051267735,36.50025284,32.96931463,3.53093821
F12_y33.69_Vol514.7_Am500_rho10.493,12.0,33.69,514.7,500.0,10.493,3.908648158181841,15.277530424458298,0.7854672624829997,9.469631051267735,36.50025282,32.96115318,3.53909964
F12_y33.69_Vol514.7_Am500_rho10.534,12.0,33.69,514.7,500.0,10.534,3.908648158181841,15.277530424458298,0.7854672624829997,9.469631051267735,36.50025282,32.97042628,3.52982654
F12_y33.69_Vol514.7_Am500_rho10.575,12.0,33.69,514.7,500.0,10.575,3.908648158181841,15.277530424458298,0.7854672624829997,9.469631051267735,36.50025283,32.97955313,3.52069969
F12_y33.69_Vol514.7_Am500_rho10.616,12.0,33.69,514.7,500.0,10.616,3.908648158181841,15.277530424458298,0.7854672624829997,9.469631051267735,36.50025284,32.98865144,3.51160139
F12_y33.69_Vol514.7_Am550_rho10.493,12.0,33.69,514.7,550.0,10.493,3.908648158181841,15.277530424458298,0.7854672624829997,9.469631051267735,36.50025281,32.97894918,3.52130363
F12_y33.69_Vol514.7_Am550_rho10.534,12.0,33.69,514.7,550.0,10.534,3.908648158181841,15.277530424458298,0.7854672624829997,9.469631051267735,36.50025282,32.98813469,3.51211813
F12_y33.69_Vol514.7_Am550_rho10.575,12.0,33.69,514.7,550.0,10.575,3.908648158181841,15.277530424458298,0.7854672624829997,9.469631051267735,36.50025283,36.05306742,0.44718541
F12_y33.69_Vol514.7_Am550_rho10.616,12.0,33.69,514.7,550.0,10.616,3.908648158181841,15.277530424458298,0.7854672624829997,9.469631051267735,36.50025283,33.00617643,3.4940764
F12_y33.69_Vol573.5_Am450_rho10.493,12.0,33.69,573.5,450.0,10.493,4.125876324700014,17.022855446720097,0.7049346120313862,8.498725548539674,36.16942164,32.7789315,3.39049014
F12_y33.69_Vol573.5_Am450_rho10.534,12.0,33.69,573.5,450.0,10.534,4.125876324700014,17.022855446720097,0.7049346120313862,8.498725548539674,36.16942164,32.78606432,3.38335733
F12_y33.69_Vol573.5_Am450_rho10.575,12.0,33.69,573.5,450.0,10.575,4.125876324700014,17.022855446720097,0.7049346120313862,8.498725548539674,36.16942165,32.79326992,3.37615173
F12_y33.69_Vol573.5_Am450_rho10.616,12.0,33.69,573.5,450.0,10.616,4.125876324700014,17.022855446720097,0.7049346120313862,8.498725548539674,36.16942165,32.80054803,3.36887362
F12_y33.69_Vol573.5_Am500_rho10.493,12.0,33.69,573.5,500.0,10.493,4.125876324700014,17.022855446720097,0.7049346120313862,8.498725548539674,36.16942164,32.79058457,3.37883706
F12_y33.69_Vol573.5_Am500_rho10.534,12.0,33.69,573.5,500.0,10.534,4.125876324700014,17.022855446720097,0.7049346120313862,8.498725548539674,36.16942164,32.79799808,3.37142356
F12_y33.69_Vol573.5_Am500_rho10.575,12.0,33.69,573.5,500.0,10.575,4.125876324700014,17.022855446720097,0.7049346120313862,8.498725548539674,36.16942164,32.80547571,3.36394594
F12_y33.69_Vol573.5_Am500_rho10.616,12.0,33.69,573.5,500.0,10.616,4.125876324700014,17.022855446720097,0.7049346120313862,8.498725548539674,36.16942165,32.81310149,3.35632016
F12_y33.69_Vol573.5_Am550_rho10.493,12.0,33.69,573.5,550.0,10.493,4.125876324700014,17.022855446720097,0.7049346120313862,8.498725548539674,36.16942163,32.80246611,3.36695552
F12_y33.69_Vol573.5_Am550_rho10.534,12.0,33.69,573.5,550.0,10.534,4.125876324700014,17.022855446720097,0.7049346120313862,8.498725548539674,36.16942164,32.81019554,3.3592261
F12_y33.69_Vol573.5_Am550_rho10.575,12.0,33.69,573.5,550.0,10.575,4.125876324700014,17.022855446720097,0.7049346120313862,8.498725548539674,36.16942164,32.81797921,3.35144243
F12_y33.69_Vol573.5_Am550_rho10.616,12.0,33.69,573.5,550.0,10.616,4.125876324700014,17.022855446720097,0.7049346120313862,8.498725548539674,36.16942165,32.82576835,3.34365329
F12_y33.69_Vol632.3_Am450_rho10.493,12.0,33.69,632.3,450.0,10.493,4.332225810017513,18.768180468981893,0.6393800411197217,7.708396492309827,35.90835688,32.77040771,3.13794917
F12_y33.69_Vol632.3_Am450_rho10.534,12.0,33.69,632.3,450.0,10.534,4.332225810017513,18.768180468981893,0.6393800411197217,7.708396492309827,35.90835689,32.77229158,3.13606531
F12_y33.69_Vol632.3_Am450_rho10.575,12.0,33.69,632.3,450.0,10.575,4.332225810017513,18.768180468981893,0.6393800411197217,7.708396492309827,35.90835689,32.77418422,3.13417267
F12_y33.69_Vol632.3_Am450_rho10.616,12.0,33.69,632.3,450.0,10.616,4.332225810017513,18.768180468981893,0.6393800411197217,7.708396492309827,35.90835689,32.77620249,3.13215441
F12_y33.69_Vol632.3_Am500_rho10.493,12.0,33.69,632.3,500.0,10.493,4.332225810017513,18.768180468981893,0.6393800411197217,7.708396492309827,35.90835688,32.76841663,3.13994025
F12_y33.69_Vol632.3_Am500_rho10.534,12.0,33.69,632.3,500.0,10.534,4.332225810017513,18.768180468981893,0.6393800411197217,7.708396492309827,35.90835689,32.77049506,3.13786182
F12_y33.69_Vol632.3_Am500_rho10.575,12.0,33.69,632.3,500.0,10.575,4.332225810017513,18.768180468981893,0.6393800411197217,7.708396492309827,35.90835689,32.77281953,3.13553736
F12_y33.69_Vol632.3_Am500_rho10.616,12.0,33.69,632.3,500.0,10.616,4.332225810017513,18.768180468981893,0.6393800411197217,7.708396492309827,35.90835689,32.77539577,3.13296112
F12_y33.69_Vol632.3_Am550_rho10.493,12.0,33.69,632.3,550.0,10.493,4.332225810017513,18.768180468981893,0.6393800411197217,7.708396492309827,35.90835688,32.76797458,3.1403823
F12_y33.69_Vol632.3_Am550_rho10.534,12.0,33.69,632.3,550.0,10.534,4.332225810017513,18.768180468981893,0.6393800411197217,7.708396492309827,35.90835688,32.77060044,3.13775645
F12_y33.69_Vol632.3_Am550_rho10.575,12.0,33.69,632.3,550.0,10.575,4.332225810017513,18.768180468981893,0.6393800411197217,7.708396492309827,35.90835689,32.77338051,3.13497638
F12_y33.69_Vol632.3_Am550_rho10.616,12.0,33.69,632.3,550.0,10.616,4.332225810017513,18.768180468981893,0.6393800411197217,7.708396492309827,35.90835689,32.7763117,3.13204519
F12_y33.69_Vol691.2_Am450_rho10.493,12.0,33.69,691.2,450.0,10.493,4.529511422998895,20.516473731077475,0.5848958333333332,7.051532265751595,35.69675543,32.83304459,2.86371085
F12_y33.69_Vol691.2_Am450_rho10.534,12.0,33.69,691.2,450.0,10.534,4.529511422998895,20.516473731077475,0.5848958333333332,7.051532265751595,35.69675543,32.83464123,2.8621142
F12_y33.69_Vol691.2_Am450_rho10.575,12.0,33.69,691.2,450.0,10.575,4.529511422998895,20.516473731077475,0.5848958333333332,7.051532265751595,35.69675544,32.83621591,2.86053953
F12_y33.69_Vol691.2_Am450_rho10.616,12.0,33.69,691.2,450.0,10.616,4.529511422998895,20.516473731077475,0.5848958333333332,7.051532265751595,35.69675544,32.83777308,2.85898236
F12_y33.69_Vol691.2_Am500_rho10.493,12.0,33.69,691.2,500.0,10.493,4.529511422998895,20.516473731077475,0.5848958333333332,7.051532265751595,35.69675543,32.83240458,2.86435085
F12_y33.69_Vol691.2_Am500_rho10.534,12.0,33.69,691.2,500.0,10.534,4.529511422998895,20.516473731077475,0.5848958333333332,7.051532265751595,35.69675543,32.83396769,2.86278774
F12_y33.69_Vol691.2_Am500_rho10.575,12.0,33.69,691.2,500.0,10.575,4.529511422998895,20.516473731077475,0.5848958333333332,7.051532265751595,35.69675543,32.83550295,2.86125248
F12_y33.69_Vol691.2_Am500_rho10.616,12.0,33.69,691.2,500.0,10.616,4.529511422998895,20.516473731077475,0.5848958333333332,7.051532265751595,35.69675544,32.83710691,2.85964852
F12_y33.69_Vol691.2_Am550_rho10.493,12.0,33.69,691.2,550.0,10.493,4.529511422998895,20.516473731077475,0.5848958333333332,7.051532265751595,35.69675543,32.83208763,2.8646678
F12_y33.69_Vol691.2_Am550_rho10.534,12.0,33.69,691.2,550.0,10.534,4.529511422998895,20.516473731077475,0.5848958333333332,7.051532265751595,35.69675543,32.83359956,2.86315587
F12_y33.69_Vol691.2_Am550_rho10.575,12.0,33.69,691.2,550.0,10.575,4.529511422998895,20.516473731077475,0.5848958333333332,7.051532265751595,35.69675543,32.83500052,2.86175492
F12_y33.69_Vol691.2_Am550_rho10.616,12.0,33.69,691.2,550.0,10.616,4.529511422998895,20.516473731077475,0.5848958333333332,7.051532265751595,35.69675543,32.83649065,2.86026478
F12_y33.69_Vol738.0_Am450_rho10.493,12.0,33.69,738.0,450.0,10.493,4.680342933299422,21.90560997328584,0.5478048780487805,6.6043619269478375,35.55540254,32.8784281,2.67697444
F12_y33.69_Vol738.0_Am450_rho10.534,12.0,33.69,738.0,450.0,10.534,4.680342933299422,21.90560997328584,0.5478048780487805,6.6043619269478375,35.55540255,32.87975213,2.67565041
F12_y33.69_Vol738.0_Am450_rho10.575,12.0,33.69,738.0,450.0,10.575,4.680342933299422,21.90560997328584,0.5478048780487805,6.6043619269478375,35.55540255,32.88107392,2.67432863
F12_y33.69_Vol738.0_Am450_rho10.616,12.0,33.69,738.0,450.0,10.616,4.680342933299422,21.90560997328584,0.5478048780487805,6.6043619269478375,35.55540255,32.88245748,2.67294507
F12_y33.69_Vol738.0_Am500_rho10.493,12.0,33.69,738.0,500.0,10.493,4.680342933299422,21.90560997328584,0.5478048780487805,6.6043619269478375,35.55540254,32.87875728,2.67664527
F12_y33.69_Vol738.0_Am500_rho10.534,12.0,33.69,738.0,500.0,10.534,4.680342933299422,21.90560997328584,0.5478048780487805,6.6043619269478375,35.55540255,32.88008094,2.67532161
F12_y33.69_Vol738.0_Am500_rho10.575,12.0,33.69,738.0,500.0,10.575,4.680342933299422,21.90560997328584,0.5478048780487805,6.6043619269478375,35.55540255,32.88143624,2.67396631
F12_y33.69_Vol738.0_Am500_rho10.616,12.0,33.69,738.0,500.0,10.616,4.680342933299422,21.90560997328584,0.5478048780487805,6.6043619269478375,35.55540255,32.88274304,2.67265951
F12_y33.69_Vol738.0_Am550_rho10.493,12.0,33.69,738.0,550.0,10.493,4.680342933299422,21.90560997328584,0.5478048780487805,6.6043619269478375,35.55540254,32.87931253,2.67609001
F12_y33.69_Vol738.0_Am550_rho10.534,12.0,33.69,738.0,550.0,10.534,4.680342933299422,21.90560997328584,0.5478048780487805,6.6043619269478375,35.55540254,32.88060207,2.67480048
F12_y33.69_Vol738.0_Am550_rho10.575,12.0,33.69,738.0,550.0,10.575,4.680342933299422,21.90560997328584,0.5478048780487805,6.6043619269478375,35.55540255,32.88189106,2.67351148
F12_y33.69_Vol738.0_Am550_rho10.616,12.0,33.69,738.0,550.0,10.616,4.680342933299422,21.90560997328584,0.5478048780487805,6.6043619269478375,35.55540255,32.88323212,2.67217042
F12_y34.19_Vol421.6_Am450_rho10.493,12.0,34.19,421.6,450.0,10.493,3.5115653151080175,12.331090962269672,0.9731499051233395,11.732342007434942,37.87181497,33.93277163,3.93904334
F12_y34.19_Vol421.6_Am450_rho10.534,12.0,34.19,421.6,450.0,10.534,3.5115653151080175,12.331090962269672,0.9731499051233395,11.732342007434942,37.87181499,33.94233242,3.92948257
F12_y34.19_Vol421.6_Am450_rho10.575,12.0,34.19,421.6,450.0,10.575,3.5115653151080175,12.331090962269672,0.9731499051233395,11.732342007434942,37.871815,33.95206581,3.91974919
F12_y34.19_Vol421.6_Am450_rho10.616,12.0,34.19,421.6,450.0,10.616,3.5115653151080175,12.331090962269672,0.9731499051233395,11.732342007434942,37.87181501,33.9619154,3.90989962
F12_y34.19_Vol421.6_Am500_rho10.493,12.0,34.19,421.6,500.0,10.493,3.5115653151080175,12.331090962269672,0.9731499051233395,11.732342007434942,37.87181496,33.95108209,3.92073286
F12_y34.19_Vol421.6_Am500_rho10.534,12.0,34.19,421.6,500.0,10.534,3.5115653151080175,12.331090962269672,0.9731499051233395,11.732342007434942,37.87181497,33.96080801,3.91100696
F12_y34.19_Vol421.6_Am500_rho10.575,12.0,34.19,421.6,500.0,10.575,3.5115653151080175,12.331090962269672,0.9731499051233395,11.732342007434942,37.87181498,33.97064239,3.90117259
F12_y34.19_Vol421.6_Am500_rho10.616,12.0,34.19,421.6,500.0,10.616,3.5115653151080175,12.331090962269672,0.9731499051233395,11.732342007434942,37.87181499,33.98065949,3.89115551
F12_y34.19_Vol421.6_Am550_rho10.493,12.0,34.19,421.6,550.0,10.493,3.5115653151080175,12.331090962269672,0.9731499051233395,11.732342007434942,37.87181495,33.96886816,3.90294679
F12_y34.19_Vol421.6_Am550_rho10.534,12.0,34.19,421.6,550.0,10.534,3.5115653151080175,12.331090962269672,0.9731499051233395,11.732342007434942,37.87181495,33.97885929,3.89295567
F12_y34.19_Vol421.6_Am550_rho10.575,12.0,34.19,421.6,550.0,10.575,3.5115653151080175,12.331090962269672,0.9731499051233395,11.732342007434942,37.87181497,33.98892747,3.8828875
F12_y34.19_Vol421.6_Am550_rho10.616,12.0,34.19,421.6,550.0,10.616,3.5115653151080175,12.331090962269672,0.9731499051233395,11.732342007434942,37.87181498,33.99902274,3.87279224
F12_y34.19_Vol455.9_Am450_rho10.493,12.0,34.19,455.9,450.0,10.493,3.651617213957955,13.334308277274056,0.8999341960956351,10.849649902028018,37.53983875,33.7397081,3.80013064
F12_y34.19_Vol455.9_Am450_rho10.534,12.0,34.19,455.9,450.0,10.534,3.651617213957955,13.334308277274056,0.8999341960956351,10.849649902028018,37.53983876,33.74712026,3.7927185
F12_y34.19_Vol455.9_Am450_rho10.575,12.0,34.19,455.9,450.0,10.575,3.651617213957955,13.334308277274056,0.8999341960956351,10.849649902028018,37.53983876,33.75448143,3.78535733
F12_y34.19_Vol455.9_Am450_rho10.616,12.0,34.19,455.9,450.0,10.616,3.651617213957955,13.334308277274056,0.8999341960956351,10.849649902028018,37.53983877,33.76190952,3.77792926
F12_y34.19_Vol455.9_Am500_rho10.493,12.0,34.19,455.9,500.0,10.493,3.651617213957955,13.334308277274056,0.8999341960956351,10.849649902028018,37.53983873,33.75503801,3.78480072
F12_y34.19_Vol455.9_Am500_rho10.534,12.0,34.19,455.9,500.0,10.534,3.651617213957955,13.334308277274056,0.8999341960956351,10.849649902028018,37.53983874,33.76226073,3.77757802
F12_y34.19_Vol455.9_Am500_rho10.575,12.0,34.19,455.9,500.0,10.575,3.651617213957955,13.334308277274056,0.8999341960956351,10.849649902028018,37.53983875,33.76941614,3.77042261
F12_y34.19_Vol455.9_Am500_rho10.616,12.0,34.19,455.9,500.0,10.616,3.651617213957955,13.334308277274056,0.8999341960956351,10.849649902028018,37.53983876,33.77669807,3.76314069
F12_y34.19_Vol455.9_Am550_rho10.493,12.0,34.19,455.9,550.0,10.493,3.651617213957955,13.334308277274056,0.8999341960956351,10.849649902028018,37.53983872,33.76816534,3.77167338
F12_y34.19_Vol455.9_Am550_rho10.534,12.0,34.19,455.9,550.0,10.534,3.651617213957955,13.334308277274056,0.8999341960956351,10.849649902028018,37.53983873,33.77530348,3.76453525
F12_y34.19_Vol455.9_Am550_rho10.575,12.0,34.19,455.9,550.0,10.575,3.651617213957955,13.334308277274056,0.8999341960956351,10.849649902028018,37.53983874,33.78245804,3.75738071
F12_y34.19_Vol455.9_Am550_rho10.616,12.0,34.19,455.9,550.0,10.616,3.651617213957955,13.334308277274056,0.8999341960956351,10.849649902028018,37.53983875,33.78955748,3.75028127
F12_y34.19_Vol514.7_Am450_rho10.493,12.0,34.19,514.7,450.0,10.493,3.8799625499107786,15.05410938871015,0.797124538566155,9.610171731755532,37.0915322,33.52626272,3.56526948
F12_y34.19_Vol514.7_Am450_rho10.534,12.0,34.19,514.7,450.0,10.534,3.8799625499107786,15.05410938871015,0.797124538566155,9.610171731755532,37.09153221,33.53443936,3.55709285
F12_y34.19_Vol514.7_Am450_rho10.575,12.0,34.19,514.7,450.0,10.575,3.8799625499107786,15.05410938871015,0.797124538566155,9.610171731755532,37.09153222,33.54246788,3.54906434
F12_y34.19_Vol514.7_Am450_rho10.616,12.0,34.19,514.7,450.0,10.616,3.8799625499107786,15.05410938871015,0.797124538566155,9.610171731755532,37.09153223,33.55042735,3.54110488
F12_y34.19_Vol514.7_Am500_rho10.493,12.0,34.19,514.7,500.0,10.493,3.8799625499107786,15.05410938871015,0.797124538566155,9.610171731755532,37.09153219,33.54480462,3.54672757
F12_y34.19_Vol514.7_Am500_rho10.534,12.0,34.19,514.7,500.0,10.534,3.8799625499107786,15.05410938871015,0.797124538566155,9.610171731755532,37.0915322,33.55272754,3.53880466
F12_y34.19_Vol514.7_Am500_rho10.575,12.0,34.19,514.7,500.0,10.575,3.8799625499107786,15.05410938871015,0.797124538566155,9.610171731755532,37.09153221,33.56059764,3.53093456
F12_y34.19_Vol514.7_Am500_rho10.616,12.0,34.19,514.7,500.0,10.616,3.8799625499107786,15.05410938871015,0.797124538566155,9.610171731755532,37.09153222,33.56835457,3.52317764
F12_y34.19_Vol514.7_Am550_rho10.493,12.0,34.19,514.7,550.0,10.493,3.8799625499107786,15.05410938871015,0.797124538566155,9.610171731755532,37.09153219,33.56077059,3.5307616
F12_y34.19_Vol514.7_Am550_rho10.534,12.0,34.19,514.7,550.0,10.534,3.8799625499107786,15.05410938871015,0.797124538566155,9.610171731755532,37.0915322,33.56853305,3.52299915
F12_y34.19_Vol514.7_Am550_rho10.575,12.0,34.19,514.7,550.0,10.575,3.8799625499107786,15.05410938871015,0.797124538566155,9.610171731755532,37.0915322,33.57606517,3.51546704
F12_y34.19_Vol514.7_Am550_rho10.616,12.0,34.19,514.7,550.0,10.616,3.8799625499107786,15.05410938871015,0.797124538566155,9.610171731755532,37.09153221,33.58353076,3.50800145
F12_y34.19_Vol573.5_Am450_rho10.493,12.0,34.19,573.5,450.0,10.493,4.095596476723048,16.773910500146243,0.7153966870095901,8.62485682708731,36.74918452,33.33860014,3.41058438
F12_y34.19_Vol573.5_Am450_rho10.534,12.0,34.19,573.5,450.0,10.534,4.095596476723048,16.773910500146243,0.7153966870095901,8.62485682708731,36.74918453,33.34744665,3.40173788
F12_y34.19_Vol573.5_Am450_rho10.575,12.0,34.19,573.5,450.0,10.575,4.095596476723048,16.773910500146243,0.7153966870095901,8.62485682708731,36.74918453,33.35621146,3.39297307
F12_y34.19_Vol573.5_Am450_rho10.616,12.0,34.19,573.5,450.0,10.616,4.095596476723048,16.773910500146243,0.7153966870095901,8.62485682708731,36.74918454,33.36494298,3.38424155
F12_y34.19_Vol573.5_Am500_rho10.493,12.0,34.19,573.5,500.0,10.493,4.095596476723048,16.773910500146243,0.7153966870095901,8.62485682708731,36.74918451,33.35736717,3.39181735
F12_y34.19_Vol573.5_Am500_rho10.534,12.0,34.19,573.5,500.0,10.534,4.095596476723048,16.773910500146243,0.7153966870095901,8.62485682708731,36.74918452,33.36625127,3.38293325
F12_y34.19_Vol573.5_Am500_rho10.575,12.0,34.19,573.5,500.0,10.575,4.095596476723048,16.773910500146243,0.7153966870095901,8.62485682708731,36.74918453,33.37505078,3.37413375
F12_y34.19_Vol573.5_Am500_rho10.616,12.0,34.19,573.5,500.0,10.616,4.095596476723048,16.773910500146243,0.7153966870095901,8.62485682708731,36.74918453,33.38381888,3.36536565
F12_y34.19_Vol573.5_Am550_rho10.493,12.0,34.19,573.5,550.0,10.493,4.095596476723048,16.773910500146243,0.7153966870095901,8.62485682708731,36.74918451,33.37492242,3.37426209
F12_y34.19_Vol573.5_Am550_rho10.534,12.0,34.19,573.5,550.0,10.534,4.095596476723048,16.773910500146243,0.7153966870095901,8.62485682708731,36.74918452,33.383871,3.36531352
F12_y34.19_Vol573.5_Am550_rho10.575,12.0,34.19,573.5,550.0,10.575,4.095596476723048,16.773910500146243,0.7153966870095901,8.62485682708731,36.74918452,33.39272441,3.35646011
F12_y34.19_Vol573.5_Am550_rho10.616,12.0,34.19,573.5,550.0,10.616,4.095596476723048,16.773910500146243,0.7153966870095901,8.62485682708731,36.74918453,33.40136455,3.34781997
F12_y34.19_Vol632.3_Am450_rho10.493,12.0,34.19,632.3,450.0,10.493,4.30043156108574,18.493711611582334,0.6488692076545943,7.822798339924992,36.4791801,33.23087646,3.24830364
F12_y34.19_Vol632.3_Am450_rho10.534,12.0,34.19,632.3,450.0,10.534,4.30043156108574,18.493711611582334,0.6488692076545943,7.822798339924992,36.4791801,33.23683847,3.24234163
F12_y34.19_Vol632.3_Am450_rho10.575,12.0,34.19,632.3,450.0,10.575,4.30043156108574,18.493711611582334,0.6488692076545943,7.822798339924992,36.4791801,33.24293717,3.23624293
F12_y34.19_Vol632.3_Am450_rho10.616,12.0,34.19,632.3,450.0,10.616,4.30043156108574,18.493711611582334,0.6488692076545943,7.822798339924992,36.47918011,33.24910771,3.23007239
F12_y34.19_Vol632.3_Am500_rho10.493,12.0,34.19,632.3,500.0,10.493,4.30043156108574,18.493711611582334,0.6488692076545943,7.822798339924992,36.47918009,33.24151651,3.23766359
F12_y34.19_Vol632.3_Am500_rho10.534,12.0,34.19,632.3,500.0,10.534,4.30043156108574,18.493711611582334,0.6488692076545943,7.822798339924992,36.4791801,33.24781287,3.23136723
F12_y34.19_Vol632.3_Am500_rho10.575,12.0,34.19,632.3,500.0,10.575,4.30043156108574,18.493711611582334,0.6488692076545943,7.822798339924992,36.4791801,33.25421457,3.22496553
F12_y34.19_Vol632.3_Am500_rho10.616,12.0,34.19,632.3,500.0,10.616,4.30043156108574,18.493711611582334,0.6488692076545943,7.822798339924992,36.4791801,33.26074197,3.21843814
F12_y34.19_Vol632.3_Am550_rho10.493,12.0,34.19,632.3,550.0,10.493,4.30043156108574,18.493711611582334,0.6488692076545943,7.822798339924992,36.47918009,33.25277331,3.22640678
F12_y34.19_Vol632.3_Am550_rho10.534,12.0,34.19,632.3,550.0,10.534,4.30043156108574,18.493711611582334,0.6488692076545943,7.822798339924992,36.4791801,33.25939698,3.21978311
F12_y34.19_Vol632.3_Am550_rho10.575,12.0,34.19,632.3,550.0,10.575,4.30043156108574,18.493711611582334,0.6488692076545943,7.822798339924992,36.4791801,33.26611715,3.21306295
F12_y34.19_Vol632.3_Am550_rho10.616,12.0,34.19,632.3,550.0,10.616,4.30043156108574,18.493711611582334,0.6488692076545943,7.822798339924992,36.4791801,33.27291034,3.20626977
F12_y34.19_Vol691.2_Am450_rho10.493,12.0,34.19,691.2,450.0,10.493,4.496269292962845,20.2164375548406,0.5935763888888889,7.15618546055349,36.26042701,33.25570557,3.00472143
F12_y34.19_Vol691.2_Am450_rho10.534,12.0,34.19,691.2,450.0,10.534,4.496269292962845,20.2164375548406,0.5935763888888889,7.15618546055349,36.26042701,33.25742363,3.00300338
F12_y34.19_Vol691.2_Am450_rho10.575,12.0,34.19,691.2,450.0,10.575,4.496269292962845,20.2164375548406,0.5935763888888889,7.15618546055349,36.26042701,33.2591376,3.00128941
F12_y34.19_Vol691.2_Am450_rho10.616,12.0,34.19,691.2,450.0,10.616,4.496269292962845,20.2164375548406,0.5935763888888889,7.15618546055349,36.26042701,33.38207372,2.87835329
F12_y34.19_Vol691.2_Am500_rho10.493,12.0,34.19,691.2,500.0,10.493,4.496269292962845,20.2164375548406,0.5935763888888889,7.15618546055349,36.260427,33.25574081,3.0046862
F12_y34.19_Vol691.2_Am500_rho10.534,12.0,34.19,691.2,500.0,10.534,4.496269292962845,20.2164375548406,0.5935763888888889,7.15618546055349,36.26042701,33.25747997,3.00294703
F12_y34.19_Vol691.2_Am500_rho10.575,12.0,34.19,691.2,500.0,10.575,4.496269292962845,20.2164375548406,0.5935763888888889,7.15618546055349,36.26042701,33.2592615,3.00116551
F12_y34.19_Vol691.2_Am500_rho10.616,12.0,34.19,691.2,500.0,10.616,4.496269292962845,20.2164375548406,0.5935763888888889,7.15618546055349,36.26042701,33.26096613,2.99946088
F12_y34.19_Vol691.2_Am550_rho10.493,12.0,34.19,691.2,550.0,10.493,4.496269292962845,20.2164375548406,0.5935763888888889,7.15618546055349,36.260427,33.25625566,3.00417135
F12_y34.19_Vol691.2_Am550_rho10.534,12.0,34.19,691.2,550.0,10.534,4.496269292962845,20.2164375548406,0.5935763888888889,7.15618546055349,36.26042701,33.2578911,3.0025359
F12_y34.19_Vol691.2_Am550_rho10.575,12.0,34.19,691.2,550.0,10.575,4.496269292962845,20.2164375548406,0.5935763888888889,7.15618546055349,36.26042701,33.25964435,3.00078266
F12_y34.19_Vol691.2_Am550_rho10.616,12.0,34.19,691.2,550.0,10.616,4.496269292962845,20.2164375548406,0.5935763888888889,7.15618546055349,36.26042701,33.26160207,2.99882494
F12_y34.19_Vol738.0_Am450_rho10.493,12.0,34.19,738.0,450.0,10.493,4.6459938492873905,21.585258847616263,0.5559349593495935,6.702378577689123,36.11434305,33.30438591,2.80995714
F12_y34.19_Vol738.0_Am450_rho10.534,12.0,34.19,738.0,450.0,10.534,4.6459938492873905,21.585258847616263,0.5559349593495935,6.702378577689123,36.11434306,33.30586668,2.80847638
F12_y34.19_Vol738.0_Am450_rho10.575,12.0,34.19,738.0,450.0,10.575,4.6459938492873905,21.585258847616263,0.5559349593495935,6.702378577689123,36.11434306,33.30734885,2.8069942
F12_y34.19_Vol738.0_Am450_rho10.616,12.0,34.19,738.0,450.0,10.616,4.6459938492873905,21.585258847616263,0.5559349593495935,6.702378577689123,36.11434306,33.30889952,2.80544354
F12_y34.19_Vol738.0_Am500_rho10.493,12.0,34.19,738.0,500.0,10.493,4.6459938492873905,21.585258847616263,0.5559349593495935,6.702378577689123,36.11434305,33.30527891,2.80906414
F12_y34.19_Vol738.0_Am500_rho10.534,12.0,34.19,738.0,500.0,10.534,4.6459938492873905,21.585258847616263,0.5559349593495935,6.702378577689123,36.11434305,33.30675743,2.80758562
F12_y34.19_Vol738.0_Am500_rho10.575,12.0,34.19,738.0,500.0,10.575,4.6459938492873905,21.585258847616263,0.5559349593495935,6.702378577689123,36.11434306,33.30824479,2.80609826
F12_y34.19_Vol738.0_Am500_rho10.616,12.0,34.19,738.0,500.0,10.616,4.6459938492873905,21.585258847616263,0.5559349593495935,6.702378577689123,36.11434306,33.30971785,2.8046252
F12_y34.19_Vol738.0_Am550_rho10.493,12.0,34.19,738.0,550.0,10.493,4.6459938492873905,21.585258847616263,0.5559349593495935,6.702378577689123,36.11434305,33.30659048,2.80775257
F12_y34.19_Vol738.0_Am550_rho10.534,12.0,34.19,738.0,550.0,10.534,4.6459938492873905,21.585258847616263,0.5559349593495935,6.702378577689123,36.11434305,33.30798909,2.80635397
F12_y34.19_Vol738.0_Am550_rho10.575,12.0,34.19,738.0,550.0,10.575,4.6459938492873905,21.585258847616263,0.5559349593495935,6.702378577689123,36.11434306,33.30945119,2.80489186
F12_y34.19_Vol738.0_Am550_rho10.616,12.0,34.19,738.0,550.0,10.616,4.6459938492873905,21.585258847616263,0.5559349593495935,6.702378577689123,36.11434306,33.31088086,2.8034622
F12_y34.97_Vol421.6_Am450_rho10.493,12.0,34.97,421.6,450.0,10.493,3.4721820288081315,12.056048041178153,0.9953510436432638,12.0,38.84100793,34.919795,3.92121294
F12_y34.97_Vol421.6_Am450_rho10.534,12.0,34.97,421.6,450.0,10.534,3.4721820288081315,12.056048041178153,0.9953510436432638,12.0,38.84100795,34.93441048,3.90659747
F12_y34.97_Vol421.6_Am450_rho10.575,12.0,34.97,421.6,450.0,10.575,3.4721820288081315,12.056048041178153,0.9953510436432638,12.0,38.84100796,34.94891713,3.89209084
F12_y34.97_Vol421.6_Am450_rho10.616,12.0,34.97,421.6,450.0,10.616,3.4721820288081315,12.056048041178153,0.9953510436432638,12.0,38.84100798,34.96362355,3.87738443
F12_y34.97_Vol421.6_Am500_rho10.493,12.0,34.97,421.6,500.0,10.493,3.4721820288081315,12.056048041178153,0.9953510436432638,12.0,38.84100791,34.95130852,3.88969939
F12_y34.97_Vol421.6_Am500_rho10.534,12.0,34.97,421.6,500.0,10.534,3.4721820288081315,12.056048041178153,0.9953510436432638,12.0,38.84100792,34.96627454,3.87473338
F12_y34.97_Vol421.6_Am500_rho10.575,12.0,34.97,421.6,500.0,10.575,3.4721820288081315,12.056048041178153,0.9953510436432638,12.0,38.84100794,34.98140883,3.85959911
F12_y34.97_Vol421.6_Am500_rho10.616,12.0,34.97,421.6,500.0,10.616,3.4721820288081315,12.056048041178153,0.9953510436432638,12.0,38.84100795,34.99662884,3.84437912
F12_y34.97_Vol421.6_Am550_rho10.493,12.0,34.97,421.6,550.0,10.493,3.4721820288081315,12.056048041178153,0.9953510436432638,12.0,38.84100789,34.98483783,3.85617006
F12_y34.97_Vol421.6_Am550_rho10.534,12.0,34.97,421.6,550.0,10.534,3.4721820288081315,12.056048041178153,0.9953510436432638,12.0,38.84100791,35.00036386,3.84064405
F12_y34.97_Vol421.6_Am550_rho10.575,12.0,34.97,421.6,550.0,10.575,3.4721820288081315,12.056048041178153,0.9953510436432638,12.0,38.84100793,35.01595361,3.82505431
F12_y34.97_Vol421.6_Am550_rho10.616,12.0,34.97,421.6,550.0,10.616,3.4721820288081315,12.056048041178153,0.9953510436432638,12.0,38.84100794,35.0315307,3.80947724
F12_y34.97_Vol455.9_Am450_rho10.493,12.0,34.97,455.9,450.0,10.493,3.610663202487297,13.036888761795824,0.9204650142575127,11.097170432112307,38.49035382,34.60267754,3.88767628
F12_y34.97_Vol455.9_Am450_rho10.534,12.0,34.97,455.9,450.0,10.534,3.610663202487297,13.036888761795824,0.9204650142575127,11.097170432112307,38.49035384,34.6121073,3.87824654
F12_y34.97_Vol455.9_Am450_rho10.575,12.0,34.97,455.9,450.0,10.575,3.610663202487297,13.036888761795824,0.9204650142575127,11.097170432112307,38.49035385,34.62154195,3.86881189
F12_y34.97_Vol455.9_Am450_rho10.616,12.0,34.97,455.9,450.0,10.616,3.610663202487297,13.036888761795824,0.9204650142575127,11.097170432112307,38.49035386,34.63111414,3.85923971
F12_y34.97_Vol455.9_Am500_rho10.493,12.0,34.97,455.9,500.0,10.493,3.610663202487297,13.036888761795824,0.9204650142575127,11.097170432112307,38.49035381,34.62121729,3.86913652
F12_y34.97_Vol455.9_Am500_rho10.534,12.0,34.97,455.9,500.0,10.534,3.610663202487297,13.036888761795824,0.9204650142575127,11.097170432112307,38.49035382,34.6308522,3.85950162
F12_y34.97_Vol455.9_Am500_rho10.575,12.0,34.97,455.9,500.0,10.575,3.610663202487297,13.036888761795824,0.9204650142575127,11.097170432112307,38.49035383,34.64056442,3.84978941
F12_y34.97_Vol455.9_Am500_rho10.616,12.0,34.97,455.9,500.0,10.616,3.610663202487297,13.036888761795824,0.9204650142575127,11.097170432112307,38.49035384,34.65046105,3.83989279
F12_y34.97_Vol455.9_Am550_rho10.493,12.0,34.97,455.9,550.0,10.493,3.610663202487297,13.036888761795824,0.9204650142575127,11.097170432112307,38.4903538,34.64037072,3.84998307
F12_y34.97_Vol455.9_Am550_rho10.534,12.0,34.97,455.9,550.0,10.534,3.610663202487297,13.036888761795824,0.9204650142575127,11.097170432112307,38.49035381,34.65042035,3.83993346
F12_y34.97_Vol455.9_Am550_rho10.575,12.0,34.97,455.9,550.0,10.575,3.610663202487297,13.036888761795824,0.9204650142575127,11.097170432112307,38.49035382,34.66056778,3.82978604
F12_y34.97_Vol455.9_Am550_rho10.616,12.0,34.97,455.9,550.0,10.616,3.610663202487297,13.036888761795824,0.9204650142575127,11.097170432112307,38.49035383,34.6707606,3.81959323
F12_y34.97_Vol514.7_Am450_rho10.493,12.0,34.97,514.7,450.0,10.493,3.8364475751846796,14.718329997140408,0.8153098892558771,9.829415193316494,38.01733664,34.37016262,3.64717402
F12_y34.97_Vol514.7_Am450_rho10.534,12.0,34.97,514.7,450.0,10.534,3.8364475751846796,14.718329997140408,0.8153098892558771,9.829415193316494,38.01733665,34.37632605,3.6410106
F12_y34.97_Vol514.7_Am450_rho10.575,12.0,34.97,514.7,450.0,10.575,3.8364475751846796,14.718329997140408,0.8153098892558771,9.829415193316494,38.01733666,34.382345,3.63499166
F12_y34.97_Vol514.7_Am450_rho10.616,12.0,34.97,514.7,450.0,10.616,3.8364475751846796,14.718329997140408,0.8153098892558771,9.829415193316494,38.01733666,34.38843986,3.6288968
F12_y34.97_Vol514.7_Am500_rho10.493,12.0,34.97,514.7,500.0,10.493,3.8364475751846796,14.718329997140408,0.8153098892558771,9.829415193316494,38.01733663,34.38293061,3.63440602
F12_y34.97_Vol514.7_Am500_rho10.534,12.0,34.97,514.7,500.0,10.534,3.8364475751846796,14.718329997140408,0.8153098892558771,9.829415193316494,38.01733664,34.38890813,3.6284285
F12_y34.97_Vol514.7_Am500_rho10.575,12.0,34.97,514.7,500.0,10.575,3.8364475751846796,14.718329997140408,0.8153098892558771,9.829415193316494,38.01733665,34.39483593,3.62250072
F12_y34.97_Vol514.7_Am500_rho10.616,12.0,34.97,514.7,500.0,10.616,3.8364475751846796,14.718329997140408,0.8153098892558771,9.829415193316494,38.01733665,34.40066892,3.61666773
F12_y34.97_Vol514.7_Am550_rho10.493,12.0,34.97,514.7,550.0,10.493,3.8364475751846796,14.718329997140408,0.8153098892558771,9.829415193316494,38.01733662,34.39376728,3.62356934
F12_y34.97_Vol514.7_Am550_rho10.534,12.0,34.97,514.7,550.0,10.534,3.8364475751846796,14.718329997140408,0.8153098892558771,9.829415193316494,38.01733663,34.39961757,3.61771906
F12_y34.97_Vol514.7_Am550_rho10.575,12.0,34.97,514.7,550.0,10.575,3.8364475751846796,14.718329997140408,0.8153098892558771,9.829415193316494,38.01733664,34.40539773,3.61193891
F12_y34.97_Vol514.7_Am550_rho10.616,12.0,34.97,514.7,550.0,10.616,3.8364475751846796,14.718329997140408,0.8153098892558771,9.829415193316494,38.01733665,34.41115742,3.60617923
F12_y34.97_Vol573.5_Am450_rho10.493,12.0,34.97,573.5,450.0,10.493,4.049663101109151,16.399771232484987,0.7317175239755885,8.821621621621622,37.65651707,34.21956365,3.43695343
F12_y34.97_Vol573.5_Am450_rho10.534,12.0,34.97,573.5,450.0,10.534,4.049663101109151,16.399771232484987,0.7317175239755885,8.821621621621622,37.65651708,34.22726426,3.42925282
F12_y34.97_Vol573.5_Am450_rho10.575,12.0,34.97,573.5,450.0,10.575,4.049663101109151,16.399771232484987,0.7317175239755885,8.821621621621622,37.65651709,34.23477546,3.42174163
F12_y34.97_Vol573.5_Am450_rho10.616,12.0,34.97,573.5,450.0,10.616,4.049663101109151,16.399771232484987,0.7317175239755885,8.821621621621622,37.65651709,34.24206643,3.41445066
F12_y34.97_Vol573.5_Am500_rho10.493,12.0,34.97,573.5,500.0,10.493,4.049663101109151,16.399771232484987,0.7317175239755885,8.821621621621622,37.65651707,34.23754672,3.41897034
F12_y34.97_Vol573.5_Am500_rho10.534,12.0,34.97,573.5,500.0,10.534,4.049663101109151,16.399771232484987,0.7317175239755885,8.821621621621622,37.65651707,34.24474662,3.41177045
F12_y34.97_Vol573.5_Am500_rho10.575,12.0,34.97,573.5,500.0,10.575,4.049663101109151,16.399771232484987,0.7317175239755885,8.821621621621622,37.65651708,34.25196333,3.40455374
F12_y34.97_Vol573.5_Am500_rho10.616,12.0,34.97,573.5,500.0,10.616,4.049663101109151,16.399771232484987,0.7317175239755885,8.821621621621622,37.65651709,34.25904069,3.39747639
F12_y34.97_Vol573.5_Am550_rho10.493,12.0,34.97,573.5,550.0,10.493,4.049663101109151,16.399771232484987,0.7317175239755885,8.821621621621622,37.65651706,34.25271348,3.40380358
F12_y34.97_Vol573.5_Am550_rho10.534,12.0,34.97,573.5,550.0,10.534,4.049663101109151,16.399771232484987,0.7317175239755885,8.821621621621622,37.65651707,34.2596953,3.39682177
F12_y34.97_Vol573.5_Am550_rho10.575,12.0,34.97,573.5,550.0,10.575,4.049663101109151,16.399771232484987,0.7317175239755885,8.821621621621622,37.65651708,34.26654119,3.38997588
F12_y34.97_Vol573.5_Am550_rho10.616,12.0,34.97,573.5,550.0,10.616,4.049663101109151,16.399771232484987,0.7317175239755885,8.821621621621622,37.65651708,34.27322477,3.38329231
F12_y34.97_Vol632.3_Am450_rho10.493,12.0,34.97,632.3,450.0,10.493,4.252200896927327,18.081212467829566,0.6636723074489959,8.001265222204651,37.37218706,34.0698155,3.30237156
F12_y34.97_Vol632.3_Am450_rho10.534,12.0,34.97,632.3,450.0,10.534,4.252200896927327,18.081212467829566,0.6636723074489959,8.001265222204651,37.37218707,34.0784005,3.29378657
F12_y34.97_Vol632.3_Am450_rho10.575,12.0,34.97,632.3,450.0,10.575,4.252200896927327,18.081212467829566,0.6636723074489959,8.001265222204651,37.37218707,34.08688388,3.28530319
F12_y34.97_Vol632.3_Am450_rho10.616,12.0,34.97,632.3,450.0,10.616,4.252200896927327,18.081212467829566,0.6636723074489959,8.001265222204651,37.37218708,34.09536267,3.2768244
F12_y34.97_Vol632.3_Am500_rho10.493,12.0,34.97,632.3,500.0,10.493,4.252200896927327,18.081212467829566,0.6636723074489959,8.001265222204651,37.37218706,34.08989077,3.28229629
F12_y34.97_Vol632.3_Am500_rho10.534,12.0,34.97,632.3,500.0,10.534,4.252200896927327,18.081212467829566,0.6636723074489959,8.001265222204651,37.37218706,34.09843267,3.2737544
F12_y34.97_Vol632.3_Am500_rho10.575,12.0,34.97,632.3,500.0,10.575,4.252200896927327,18.081212467829566,0.6636723074489959,8.001265222204651,37.37218707,34.10689676,3.26529031
F12_y34.97_Vol632.3_Am500_rho10.616,12.0,34.97,632.3,500.0,10.616,4.252200896927327,18.081212467829566,0.6636723074489959,8.001265222204651,37.37218707,34.115239,3.25694808
F12_y34.97_Vol632.3_Am550_rho10.493,12.0,34.97,632.3,550.0,10.493,4.252200896927327,18.081212467829566,0.6636723074489959,8.001265222204651,37.37218706,34.1084496,3.26373746
F12_y34.97_Vol632.3_Am550_rho10.534,12.0,34.97,632.3,550.0,10.534,4.252200896927327,18.081212467829566,0.6636723074489959,8.001265222204651,37.37218706,34.11683362,3.25535344
F12_y34.97_Vol632.3_Am550_rho10.575,12.0,34.97,632.3,550.0,10.575,4.252200896927327,18.081212467829566,0.6636723074489959,8.001265222204651,37.37218707,34.12514063,3.24704643
F12_y34.97_Vol632.3_Am550_rho10.616,12.0,34.97,632.3,550.0,10.616,4.252200896927327,18.081212467829566,0.6636723074489959,8.001265222204651,37.37218707,34.13326039,3.23892668
F12_y34.97_Vol691.2_Am450_rho10.493,12.0,34.97,691.2,450.0,10.493,4.445842248338532,19.765513297111813,0.6071180555555554,7.319444444444443,37.14198367,33.97109886,3.17088481
F12_y34.97_Vol691.2_Am450_rho10.534,12.0,34.97,691.2,450.0,10.534,4.445842248338532,19.765513297111813,0.6071180555555554,7.319444444444443,37.14198367,33.97769477,3.1642889
F12_y34.97_Vol691.2_Am450_rho10.575,12.0,34.97,691.2,450.0,10.575,4.445842248338532,19.765513297111813,0.6071180555555554,7.319444444444443,37.14198368,33.98449906,3.15748462
F12_y34.97_Vol691.2_Am450_rho10.616,12.0,34.97,691.2,450.0,10.616,4.445842248338532,19.765513297111813,0.6071180555555554,7.319444444444443,37.14198368,34.39974323,2.74224045
F12_y34.97_Vol691.2_Am500_rho10.493,12.0,34.97,691.2,500.0,10.493,4.445842248338532,19.765513297111813,0.6071180555555554,7.319444444444443,37.14198367,33.98590054,3.15608313
F12_y34.97_Vol691.2_Am500_rho10.534,12.0,34.97,691.2,500.0,10.534,4.445842248338532,19.765513297111813,0.6071180555555554,7.319444444444443,37.14198367,33.99280639,3.14917728
F12_y34.97_Vol691.2_Am500_rho10.575,12.0,34.97,691.2,500.0,10.575,4.445842248338532,19.765513297111813,0.6071180555555554,7.319444444444443,37.14198368,33.9998219,3.14216177
F12_y34.97_Vol691.2_Am500_rho10.616,12.0,34.97,691.2,500.0,10.616,4.445842248338532,19.765513297111813,0.6071180555555554,7.319444444444443,37.14198368,34.0068991,3.13508458
F12_y34.97_Vol691.2_Am550_rho10.493,12.0,34.97,691.2,550.0,10.493,4.445842248338532,19.765513297111813,0.6071180555555554,7.319444444444443,37.14198367,34.0008022,3.14118147
F12_y34.97_Vol691.2_Am550_rho10.534,12.0,34.97,691.2,550.0,10.534,4.445842248338532,19.765513297111813,0.6071180555555554,7.319444444444443,37.14198367,34.00786554,3.13411813
F12_y34.97_Vol691.2_Am550_rho10.575,12.0,34.97,691.2,550.0,10.575,4.445842248338532,19.765513297111813,0.6071180555555554,7.319444444444443,37.14198367,34.01503713,3.12694654
F12_y34.97_Vol691.2_Am550_rho10.616,12.0,34.97,691.2,550.0,10.616,4.445842248338532,19.765513297111813,0.6071180555555554,7.319444444444443,37.14198368,34.02231156,3.11967211
F12_y34.97_Vol738.0_Am450_rho10.493,12.0,34.97,738.0,450.0,10.493,4.593887597660296,21.103803259937088,0.5686178861788618,6.855284552845529,36.98833124,33.96297821,3.02535303
F12_y34.97_Vol738.0_Am450_rho10.534,12.0,34.97,738.0,450.0,10.534,4.593887597660296,21.103803259937088,0.5686178861788618,6.855284552845529,36.98833124,33.96626984,3.0220614
F12_y34.97_Vol738.0_Am450_rho10.575,12.0,34.97,738.0,450.0,10.575,4.593887597660296,21.103803259937088,0.5686178861788618,6.855284552845529,36.98833124,33.96971058,3.01862066
F12_y34.97_Vol738.0_Am450_rho10.616,12.0,34.97,738.0,450.0,10.616,4.593887597660296,21.103803259937088,0.5686178861788618,6.855284552845529,36.98833125,33.97333549,3.01499576
F12_y34.97_Vol738.0_Am500_rho10.493,12.0,34.97,738.0,500.0,10.493,4.593887597660296,21.103803259937088,0.5686178861788618,6.855284552845529,36.98833124,33.96911669,3.01921455
F12_y34.97_Vol738.0_Am500_rho10.534,12.0,34.97,738.0,500.0,10.534,4.593887597660296,21.103803259937088,0.5686178861788618,6.855284552845529,36.98833124,35.74462524,1.243706
F12_y34.97_Vol738.0_Am500_rho10.575,12.0,34.97,738.0,500.0,10.575,4.593887597660296,21.103803259937088,0.5686178861788618,6.855284552845529,36.98833124,33.97682299,3.01150825
F12_y34.97_Vol738.0_Am500_rho10.616,12.0,34.97,738.0,500.0,10.616,4.593887597660296,21.103803259937088,0.5686178861788618,6.855284552845529,36.98833125,33.98084012,3.00749113
F12_y34.97_Vol738.0_Am550_rho10.493,12.0,34.97,738.0,550.0,10.493,4.593887597660296,21.103803259937088,0.5686178861788618,6.855284552845529,36.98833124,33.97667152,3.01165972
F12_y34.97_Vol738.0_Am550_rho10.534,12.0,34.97,738.0,550.0,10.534,4.593887597660296,21.103803259937088,0.5686178861788618,6.855284552845529,36.98833124,33.98082688,3.00750436
F12_y34.97_Vol738.0_Am550_rho10.575,12.0,34.97,738.0,550.0,10.575,4.593887597660296,21.103803259937088,0.5686178861788618,6.855284552845529,36.98833124,33.98517464,3.0031566
F12_y34.97_Vol738.0_Am550_rho10.616,12.0,34.97,738.0,550.0,10.616,4.593887597660296,21.103803259937088,0.5686178861788618,6.855284552845529,36.98833125,33.98964473,2.99868651
F15_y32.69_Vol421.6_Am450_rho10.493,15.0,32.69,421.6,450.0,10.493,3.591226861414324,12.896910370143777,1.1630692599620491,14.022018873319986,37.08491185,33.15623764,3.92867421
F15_y32.69_Vol421.6_Am450_rho10.534,15.0,32.69,421.6,450.0,10.534,3.591226861414324,12.896910370143777,1.1630692599620491,14.022018873319986,37.08491186,33.16686987,3.91804199
F15_y32.69_Vol421.6_Am450_rho10.575,15.0,32.69,421.6,450.0,10.575,3.591226861414324,12.896910370143777,1.1630692599620491,14.022018873319986,37.08491186,33.17752415,3.90738772
F15_y32.69_Vol421.6_Am450_rho10.616,15.0,32.69,421.6,450.0,10.616,3.591226861414324,12.896910370143777,1.1630692599620491,14.022018873319986,37.08491187,33.18799665,3.89691522
F15_y32.69_Vol421.6_Am500_rho10.493,15.0,32.69,421.6,500.0,10.493,3.591226861414324,12.896910370143777,1.1630692599620491,14.022018873319986,37.08491184,33.1770952,3.90781664
F15_y32.69_Vol421.6_Am500_rho10.534,15.0,32.69,421.6,500.0,10.534,3.591226861414324,12.896910370143777,1.1630692599620491,14.022018873319986,37.08491185,33.18734528,3.89756657
F15_y32.69_Vol421.6_Am500_rho10.575,15.0,32.69,421.6,500.0,10.575,3.591226861414324,12.896910370143777,1.1630692599620491,14.022018873319986,37.08491185,33.19736175,3.8875501
F15_y32.69_Vol421.6_Am500_rho10.616,15.0,32.69,421.6,500.0,10.616,3.591226861414324,12.896910370143777,1.1630692599620491,14.022018873319986,37.08491186,33.20752741,3.87738445
F15_y32.69_Vol421.6_Am550_rho10.493,15.0,32.69,421.6,550.0,10.493,3.591226861414324,12.896910370143777,1.1630692599620491,14.022018873319986,37.08491183,33.19387134,3.89104049
F15_y32.69_Vol421.6_Am550_rho10.534,15.0,32.69,421.6,550.0,10.534,3.591226861414324,12.896910370143777,1.1630692599620491,14.022018873319986,37.08491184,33.2037772,3.88113464
F15_y32.69_Vol421.6_Am550_rho10.575,15.0,32.69,421.6,550.0,10.575,3.591226861414324,12.896910370143777,1.1630692599620491,14.022018873319986,37.08491185,33.21358032,3.87133152
F15_y32.69_Vol421.6_Am550_rho10.616,15.0,32.69,421.6,550.0,10.616,3.591226861414324,12.896910370143777,1.1630692599620491,14.022018873319986,37.08491185,33.22321597,3.86169588
F15_y32.69_Vol455.9_Am450_rho10.493,15.0,32.69,455.9,450.0,10.493,3.734455904877668,13.946160905475681,1.0755648168457994,12.967061103293938,36.67236507,32.83777036,3.83459471
F15_y32.69_Vol455.9_Am450_rho10.534,15.0,32.69,455.9,450.0,10.534,3.734455904877668,13.946160905475681,1.0755648168457994,12.967061103293938,36.67236508,32.84865044,3.82371464
F15_y32.69_Vol455.9_Am450_rho10.575,15.0,32.69,455.9,450.0,10.575,3.734455904877668,13.946160905475681,1.0755648168457994,12.967061103293938,36.67236508,36.07462316,0.59774193
F15_y32.69_Vol455.9_Am450_rho10.616,15.0,32.69,455.9,450.0,10.616,3.734455904877668,13.946160905475681,1.0755648168457994,12.967061103293938,36.67236509,32.86998817,3.80237691
F15_y32.69_Vol455.9_Am500_rho10.493,15.0,32.69,455.9,500.0,10.493,3.734455904877668,13.946160905475681,1.0755648168457994,12.967061103293938,36.67236507,32.86286564,3.80949942
F15_y32.69_Vol455.9_Am500_rho10.534,15.0,32.69,455.9,500.0,10.534,3.734455904877668,13.946160905475681,1.0755648168457994,12.967061103293938,36.67236507,32.87363647,3.7987286
F15_y32.69_Vol455.9_Am500_rho10.575,15.0,32.69,455.9,500.0,10.575,3.734455904877668,13.946160905475681,1.0755648168457994,12.967061103293938,36.67236507,32.88421377,3.78815131
F15_y32.69_Vol455.9_Am500_rho10.616,15.0,32.69,455.9,500.0,10.616,3.734455904877668,13.946160905475681,1.0755648168457994,12.967061103293938,36.67236508,32.89468384,3.77768124
F15_y32.69_Vol455.9_Am550_rho10.493,15.0,32.69,455.9,550.0,10.493,3.734455904877668,13.946160905475681,1.0755648168457994,12.967061103293938,36.67236506,32.88530855,3.78705651
F15_y32.69_Vol455.9_Am550_rho10.534,15.0,32.69,455.9,550.0,10.534,3.734455904877668,13.946160905475681,1.0755648168457994,12.967061103293938,36.67236507,32.89580231,3.77656276
F15_y32.69_Vol455.9_Am550_rho10.575,15.0,32.69,455.9,550.0,10.575,3.734455904877668,13.946160905475681,1.0755648168457994,12.967061103293938,36.67236507,32.9061294,3.76623567
F15_y32.69_Vol455.9_Am550_rho10.616,15.0,32.69,455.9,550.0,10.616,3.734455904877668,13.946160905475681,1.0755648168457994,12.967061103293938,36.67236507,32.91633471,3.75603036
F15_y32.69_Vol514.7_Am450_rho10.493,15.0,32.69,514.7,450.0,10.493,3.967981364485197,15.744876108901808,0.9526908878958614,11.485687112865175,36.1205337,32.4412031,3.6793306
F15_y32.69_Vol514.7_Am450_rho10.534,15.0,32.69,514.7,450.0,10.534,3.967981364485197,15.744876108901808,0.9526908878958614,11.485687112865175,36.12053371,32.45034953,3.67018417
F15_y32.69_Vol514.7_Am450_rho10.575,15.0,32.69,514.7,450.0,10.575,3.967981364485197,15.744876108901808,0.9526908878958614,11.485687112865175,36.12053371,32.45942262,3.66111109
F15_y32.69_Vol514.7_Am450_rho10.616,15.0,32.69,514.7,450.0,10.616,3.967981364485197,15.744876108901808,0.9526908878958614,11.485687112865175,36.12053371,32.4686122,3.65192152
F15_y32.69_Vol514.7_Am500_rho10.493,15.0,32.69,514.7,500.0,10.493,3.967981364485197,15.744876108901808,0.9526908878958614,11.485687112865175,36.1205337,32.45502388,3.66550981
F15_y32.69_Vol514.7_Am500_rho10.534,15.0,32.69,514.7,500.0,10.534,3.967981364485197,15.744876108901808,0.9526908878958614,11.485687112865175,36.1205337,32.46473734,3.65579636
F15_y32.69_Vol514.7_Am500_rho10.575,15.0,32.69,514.7,500.0,10.575,3.967981364485197,15.744876108901808,0.9526908878958614,11.485687112865175,36.12053371,32.47440466,3.64612904
F15_y32.69_Vol514.7_Am500_rho10.616,15.0,32.69,514.7,500.0,10.616,3.967981364485197,15.744876108901808,0.9526908878958614,11.485687112865175,36.12053371,32.48408172,3.63645199
F15_y32.69_Vol514.7_Am550_rho10.493,15.0,32.69,514.7,550.0,10.493,3.967981364485197,15.744876108901808,0.9526908878958614,11.485687112865175,36.12053369,32.46998555,3.65054815
F15_y32.69_Vol514.7_Am550_rho10.534,15.0,32.69,514.7,550.0,10.534,3.967981364485197,15.744876108901808,0.9526908878958614,11.485687112865175,36.1205337,32.4800398,3.64049389
F15_y32.69_Vol514.7_Am550_rho10.575,15.0,32.69,514.7,550.0,10.575,3.967981364485197,15.744876108901808,0.9526908878958614,11.485687112865175,36.1205337,32.49014738,3.63038633
F15_y32.69_Vol514.7_Am550_rho10.616,15.0,32.69,514.7,550.0,10.616,3.967981364485197,15.744876108901808,0.9526908878958614,11.485687112865175,36.12053371,32.50029382,3.62023989
F15_y32.69_Vol573.5_Am450_rho10.493,15.0,32.69,573.5,450.0,10.493,4.188507050528616,17.54359131232793,0.8550130775937227,10.308078739305504,35.70319803,32.30983016,3.39336787
F15_y32.69_Vol573.5_Am450_rho10.534,15.0,32.69,573.5,450.0,10.534,4.188507050528616,17.54359131232793,0.8550130775937227,10.308078739305504,35.70319803,32.31230236,3.39089567
F15_y32.69_Vol573.5_Am450_rho10.575,15.0,32.69,573.5,450.0,10.575,4.188507050528616,17.54359131232793,0.8550130775937227,10.308078739305504,35.70319804,32.31493894,3.38825909
F15_y32.69_Vol573.5_Am450_rho10.616,15.0,32.69,573.5,450.0,10.616,4.188507050528616,17.54359131232793,0.8550130775937227,10.308078739305504,35.70319804,32.31783108,3.38536696
F15_y32.69_Vol573.5_Am500_rho10.493,15.0,32.69,573.5,500.0,10.493,4.188507050528616,17.54359131232793,0.8550130775937227,10.308078739305504,35.70319803,32.30102086,3.40217717
F15_y32.69_Vol573.5_Am500_rho10.534,15.0,32.69,573.5,500.0,10.534,4.188507050528616,17.54359131232793,0.8550130775937227,10.308078739305504,35.70319803,32.30417008,3.39902795
F15_y32.69_Vol573.5_Am500_rho10.575,15.0,32.69,573.5,500.0,10.575,4.188507050528616,17.54359131232793,0.8550130775937227,10.308078739305504,35.70319803,32.30749638,3.39570166
F15_y32.69_Vol573.5_Am500_rho10.616,15.0,32.69,573.5,500.0,10.616,4.188507050528616,17.54359131232793,0.8550130775937227,10.308078739305504,35.70319804,32.31104957,3.39214846
F15_y32.69_Vol573.5_Am550_rho10.493,15.0,32.69,573.5,550.0,10.493,4.188507050528616,17.54359131232793,0.8550130775937227,10.308078739305504,35.70319802,32.29465261,3.40854541
F15_y32.69_Vol573.5_Am550_rho10.534,15.0,32.69,573.5,550.0,10.534,4.188507050528616,17.54359131232793,0.8550130775937227,10.308078739305504,35.70319803,32.29840647,3.40479156
F15_y32.69_Vol573.5_Am550_rho10.575,15.0,32.69,573.5,550.0,10.575,4.188507050528616,17.54359131232793,0.8550130775937227,10.308078739305504,35.70319803,32.30242883,3.4007692
F15_y32.69_Vol573.5_Am550_rho10.616,15.0,32.69,573.5,550.0,10.616,4.188507050528616,17.54359131232793,0.8550130775937227,10.308078739305504,35.70319803,32.30661274,3.39658529
F15_y32.69_Vol632.3_Am450_rho10.493,15.0,32.69,632.3,450.0,10.493,4.397988917193182,19.342306515754053,0.7755021350624703,9.34949099634937,35.37651154,32.32767752,3.04883403
F15_y32.69_Vol632.3_Am450_rho10.534,15.0,32.69,632.3,450.0,10.534,4.397988917193182,19.342306515754053,0.7755021350624703,9.34949099634937,35.37651154,32.3294097,3.04710184
F15_y32.69_Vol632.3_Am450_rho10.575,15.0,32.69,632.3,450.0,10.575,4.397988917193182,19.342306515754053,0.7755021350624703,9.34949099634937,35.37651155,32.33134406,3.04516749
F15_y32.69_Vol632.3_Am450_rho10.616,15.0,32.69,632.3,450.0,10.616,4.397988917193182,19.342306515754053,0.7755021350624703,9.34949099634937,35.37651155,32.33324624,3.04326531
F15_y32.69_Vol632.3_Am500_rho10.493,15.0,32.69,632.3,500.0,10.493,4.397988917193182,19.342306515754053,0.7755021350624703,9.34949099634937,35.37651154,32.32089102,3.05562052
F15_y32.69_Vol632.3_Am500_rho10.534,15.0,32.69,632.3,500.0,10.534,4.397988917193182,19.342306515754053,0.7755021350624703,9.34949099634937,35.37651154,32.32268772,3.05382382
F15_y32.69_Vol632.3_Am500_rho10.575,15.0,32.69,632.3,500.0,10.575,4.397988917193182,19.342306515754053,0.7755021350624703,9.34949099634937,35.37651154,32.32449327,3.05201828
F15_y32.69_Vol632.3_Am500_rho10.616,15.0,32.69,632.3,500.0,10.616,4.397988917193182,19.342306515754053,0.7755021350624703,9.34949099634937,35.37651155,32.32640068,3.05011087
F15_y32.69_Vol632.3_Am550_rho10.493,15.0,32.69,632.3,550.0,10.493,4.397988917193182,19.342306515754053,0.7755021350624703,9.34949099634937,35.37651154,32.31428047,3.06223107
F15_y32.69_Vol632.3_Am550_rho10.534,15.0,32.69,632.3,550.0,10.534,4.397988917193182,19.342306515754053,0.7755021350624703,9.34949099634937,35.37651154,32.31603303,3.06047851
F15_y32.69_Vol632.3_Am550_rho10.575,15.0,32.69,632.3,550.0,10.575,4.397988917193182,19.342306515754053,0.7755021350624703,9.34949099634937,35.37651154,32.3178525,3.05865904
F15_y32.69_Vol632.3_Am550_rho10.616,15.0,32.69,632.3,550.0,10.616,4.397988917193182,19.342306515754053,0.7755021350624703,9.34949099634937,35.37651155,32.3196345,3.05687705
F15_y32.69_Vol691.2_Am450_rho10.493,15.0,32.69,691.2,450.0,10.493,4.598269322108242,21.14408075864179,0.7094184027777777,8.552782345184761,35.11340855,32.34694815,2.7664604
F15_y32.69_Vol691.2_Am450_rho10.534,15.0,32.69,691.2,450.0,10.534,4.598269322108242,21.14408075864179,0.7094184027777777,8.552782345184761,35.11340855,32.34842807,2.76498048
F15_y32.69_Vol691.2_Am450_rho10.575,15.0,32.69,691.2,450.0,10.575,4.598269322108242,21.14408075864179,0.7094184027777777,8.552782345184761,35.11340855,32.34992105,2.7634875
F15_y32.69_Vol691.2_Am450_rho10.616,15.0,32.69,691.2,450.0,10.616,4.598269322108242,21.14408075864179,0.7094184027777777,8.552782345184761,35.11340855,32.35140263,2.76200592
F15_y32.69_Vol691.2_Am500_rho10.493,15.0,32.69,691.2,500.0,10.493,4.598269322108242,21.14408075864179,0.7094184027777777,8.552782345184761,35.11340855,32.34290102,2.77050752
F15_y32.69_Vol691.2_Am500_rho10.534,15.0,32.69,691.2,500.0,10.534,4.598269322108242,21.14408075864179,0.7094184027777777,8.552782345184761,35.11340855,32.34435949,2.76904906
F15_y32.69_Vol691.2_Am500_rho10.575,15.0,32.69,691.2,500.0,10.575,4.598269322108242,21.14408075864179,0.7094184027777777,8.552782345184761,35.11340855,32.34591228,2.76749627
F15_y32.69_Vol691.2_Am500_rho10.616,15.0,32.69,691.2,500.0,10.616,4.598269322108242,21.14408075864179,0.7094184027777777,8.552782345184761,35.11340855,32.34736598,2.76604257
F15_y32.69_Vol691.2_Am550_rho10.493,15.0,32.69,691.2,550.0,10.493,4.598269322108242,21.14408075864179,0.7094184027777777,8.552782345184761,35.11340855,32.33873645,2.7746721
F15_y32.69_Vol691.2_Am550_rho10.534,15.0,32.69,691.2,550.0,10.534,4.598269322108242,21.14408075864179,0.7094184027777777,8.552782345184761,35.11340855,32.34020902,2.77319952
F15_y32.69_Vol691.2_Am550_rho10.575,15.0,32.69,691.2,550.0,10.575,4.598269322108242,21.14408075864179,0.7094184027777777,8.552782345184761,35.11340855,32.34168038,2.77172817
F15_y32.69_Vol691.2_Am550_rho10.616,15.0,32.69,691.2,550.0,10.616,4.598269322108242,21.14408075864179,0.7094184027777777,8.552782345184761,35.11340855,32.34316671,2.77024183
F15_y32.69_Vol738.0_Am450_rho10.493,15.0,32.69,738.0,450.0,10.493,4.751390451928238,22.575711226674827,0.664430894308943,8.010410781831581,34.93848793,32.36088238,2.57760556
F15_y32.69_Vol738.0_Am450_rho10.534,15.0,32.69,738.0,450.0,10.534,4.751390451928238,22.575711226674827,0.664430894308943,8.010410781831581,34.93848794,32.36216811,2.57631983
F15_y32.69_Vol738.0_Am450_rho10.575,15.0,32.69,738.0,450.0,10.575,4.751390451928238,22.575711226674827,0.664430894308943,8.010410781831581,34.93848794,32.36337118,2.57511675
F15_y32.69_Vol738.0_Am450_rho10.616,15.0,32.69,738.0,450.0,10.616,4.751390451928238,22.575711226674827,0.664430894308943,8.010410781831581,34.93848794,32.3646791,2.57380884
F15_y32.69_Vol738.0_Am500_rho10.493,15.0,32.69,738.0,500.0,10.493,4.751390451928238,22.575711226674827,0.664430894308943,8.010410781831581,34.93848793,32.35819495,2.58029298
F15_y32.69_Vol738.0_Am500_rho10.534,15.0,32.69,738.0,500.0,10.534,4.751390451928238,22.575711226674827,0.664430894308943,8.010410781831581,34.93848793,32.35944931,2.57903862
F15_y32.69_Vol738.0_Am500_rho10.575,15.0,32.69,738.0,500.0,10.575,4.751390451928238,22.575711226674827,0.664430894308943,8.010410781831581,34.93848794,32.36073704,2.5777509
F15_y32.69_Vol738.0_Am500_rho10.616,15.0,32.69,738.0,500.0,10.616,4.751390451928238,22.575711226674827,0.664430894308943,8.010410781831581,34.93848794,32.36199018,2.57649776
F15_y32.69_Vol738.0_Am550_rho10.493,15.0,32.69,738.0,550.0,10.493,4.751390451928238,22.575711226674827,0.664430894308943,8.010410781831581,34.93848793,32.35540863,2.5830793
F15_y32.69_Vol738.0_Am550_rho10.534,15.0,32.69,738.0,550.0,10.534,4.751390451928238,22.575711226674827,0.664430894308943,8.010410781831581,34.93848793,32.35657991,2.58190803
F15_y32.69_Vol738.0_Am550_rho10.575,15.0,32.69,738.0,550.0,10.575,4.751390451928238,22.575711226674827,0.664430894308943,8.010410781831581,34.93848794,32.35788056,2.58060738
F15_y32.69_Vol738.0_Am550_rho10.616,15.0,32.69,738.0,550.0,10.616,4.751390451928238,22.575711226674827,0.664430894308943,8.010410781831581,34.93848794,32.35922921,2.57925873
F15_y33.19_Vol421.6_Am450_rho10.493,15.0,33.19,421.6,450.0,10.493,3.564073690521467,12.702621271467311,1.180858633776091,14.236488418644552,37.73941261,33.80346506,3.93594755
F15_y33.19_Vol421.6_Am450_rho10.534,15.0,33.19,421.6,450.0,10.534,3.564073690521467,12.702621271467311,1.180858633776091,14.236488418644552,37.73941262,33.81361181,3.9258008
F15_y33.19_Vol421.6_Am450_rho10.575,15.0,33.19,421.6,450.0,10.575,3.564073690521467,12.702621271467311,1.180858633776091,14.236488418644552,37.73941262,33.82371297,3.91569965
F15_y33.19_Vol421.6_Am450_rho10.616,15.0,33.19,421.6,450.0,10.616,3.564073690521467,12.702621271467311,1.180858633776091,14.236488418644552,37.73941263,33.83384362,3.90556901
F15_y33.19_Vol421.6_Am500_rho10.493,15.0,33.19,421.6,500.0,10.493,3.564073690521467,12.702621271467311,1.180858633776091,14.236488418644552,37.73941259,33.82021617,3.91919642
F15_y33.19_Vol421.6_Am500_rho10.534,15.0,33.19,421.6,500.0,10.534,3.564073690521467,12.702621271467311,1.180858633776091,14.236488418644552,37.7394126,33.83013327,3.90927933
F15_y33.19_Vol421.6_Am500_rho10.575,15.0,33.19,421.6,500.0,10.575,3.564073690521467,12.702621271467311,1.180858633776091,14.236488418644552,37.73941261,33.84015978,3.89925283
F15_y33.19_Vol421.6_Am500_rho10.616,15.0,33.19,421.6,500.0,10.616,3.564073690521467,12.702621271467311,1.180858633776091,14.236488418644552,37.73941262,33.85014629,3.88926633
F15_y33.19_Vol421.6_Am550_rho10.493,15.0,33.19,421.6,550.0,10.493,3.564073690521467,12.702621271467311,1.180858633776091,14.236488418644552,37.73941258,33.83554548,3.9038671
F15_y33.19_Vol421.6_Am550_rho10.534,15.0,33.19,421.6,550.0,10.534,3.564073690521467,12.702621271467311,1.180858633776091,14.236488418644552,37.73941259,33.84537962,3.89403297
F15_y33.19_Vol421.6_Am550_rho10.575,15.0,33.19,421.6,550.0,10.575,3.564073690521467,12.702621271467311,1.180858633776091,14.236488418644552,37.7394126,33.85524697,3.88416563
F15_y33.19_Vol421.6_Am550_rho10.616,15.0,33.19,421.6,550.0,10.616,3.564073690521467,12.702621271467311,1.180858633776091,14.236488418644552,37.73941261,33.86518431,3.8742283
F15_y33.19_Vol455.9_Am450_rho10.493,15.0,33.19,455.9,450.0,10.493,3.7062197829922776,13.736065079843327,1.0920157929370475,13.165394861374299,37.31072031,33.49894119,3.81177912
F15_y33.19_Vol455.9_Am450_rho10.534,15.0,33.19,455.9,450.0,10.534,3.7062197829922776,13.736065079843327,1.0920157929370475,13.165394861374299,37.31072032,33.5078292,3.80289112
F15_y33.19_Vol455.9_Am450_rho10.575,15.0,33.19,455.9,450.0,10.575,3.7062197829922776,13.736065079843327,1.0920157929370475,13.165394861374299,37.31072032,33.51665694,3.79406338
F15_y33.19_Vol455.9_Am450_rho10.616,15.0,33.19,455.9,450.0,10.616,3.7062197829922776,13.736065079843327,1.0920157929370475,13.165394861374299,37.31072033,33.52537893,3.7853414
F15_y33.19_Vol455.9_Am500_rho10.493,15.0,33.19,455.9,500.0,10.493,3.7062197829922776,13.736065079843327,1.0920157929370475,13.165394861374299,37.3107203,33.51826852,3.79245179
F15_y33.19_Vol455.9_Am500_rho10.534,15.0,33.19,455.9,500.0,10.534,3.7062197829922776,13.736065079843327,1.0920157929370475,13.165394861374299,37.31072031,33.52683036,3.78388995
F15_y33.19_Vol455.9_Am500_rho10.575,15.0,33.19,455.9,500.0,10.575,3.7062197829922776,13.736065079843327,1.0920157929370475,13.165394861374299,37.31072031,33.53532978,3.77539054
F15_y33.19_Vol455.9_Am500_rho10.616,15.0,33.19,455.9,500.0,10.616,3.7062197829922776,13.736065079843327,1.0920157929370475,13.165394861374299,37.31072032,33.54375384,3.76696648
F15_y33.19_Vol455.9_Am550_rho10.493,15.0,33.19,455.9,550.0,10.493,3.7062197829922776,13.736065079843327,1.0920157929370475,13.165394861374299,37.3107203,33.5342542,3.77646609
F15_y33.19_Vol455.9_Am550_rho10.534,15.0,33.19,455.9,550.0,10.534,3.7062197829922776,13.736065079843327,1.0920157929370475,13.165394861374299,37.3107203,33.54265769,3.76806261
F15_y33.19_Vol455.9_Am550_rho10.575,15.0,33.19,455.9,550.0,10.575,3.7062197829922776,13.736065079843327,1.0920157929370475,13.165394861374299,37.31072031,33.55102532,3.75969499
F15_y33.19_Vol455.9_Am550_rho10.616,15.0,33.19,455.9,550.0,10.616,3.7062197829922776,13.736065079843327,1.0920157929370475,13.165394861374299,37.31072031,33.55926338,3.75145693
F15_y33.19_Vol514.7_Am450_rho10.493,15.0,33.19,514.7,450.0,10.493,3.9379795628036667,15.507683037059358,0.9672624829998056,11.661362963474922,36.73781941,33.1152606,3.62255881
F15_y33.19_Vol514.7_Am450_rho10.534,15.0,33.19,514.7,450.0,10.534,3.9379795628036667,15.507683037059358,0.9672624829998056,11.661362963474922,36.73781941,33.12475863,3.61306078
F15_y33.19_Vol514.7_Am450_rho10.575,15.0,33.19,514.7,450.0,10.575,3.9379795628036667,15.507683037059358,0.9672624829998056,11.661362963474922,36.73781942,33.13424113,3.60357829
F15_y33.19_Vol514.7_Am450_rho10.616,15.0,33.19,514.7,450.0,10.616,3.9379795628036667,15.507683037059358,0.9672624829998056,11.661362963474922,36.73781942,33.14358254,3.59423688
F15_y33.19_Vol514.7_Am500_rho10.493,15.0,33.19,514.7,500.0,10.493,3.9379795628036667,15.507683037059358,0.9672624829998056,11.661362963474922,36.7378194,33.13553738,3.60228202
F15_y33.19_Vol514.7_Am500_rho10.534,15.0,33.19,514.7,500.0,10.534,3.9379795628036667,15.507683037059358,0.9672624829998056,11.661362963474922,36.73781941,33.14518068,3.59263872
F15_y33.19_Vol514.7_Am500_rho10.575,15.0,33.19,514.7,500.0,10.575,3.9379795628036667,15.507683037059358,0.9672624829998056,11.661362963474922,36.73781941,33.15463414,3.58318527
F15_y33.19_Vol514.7_Am500_rho10.616,15.0,33.19,514.7,500.0,10.616,3.9379795628036667,15.507683037059358,0.9672624829998056,11.661362963474922,36.73781942,33.16398346,3.57383596
F15_y33.19_Vol514.7_Am550_rho10.493,15.0,33.19,514.7,550.0,10.493,3.9379795628036667,15.507683037059358,0.9672624829998056,11.661362963474922,36.7378194,33.15401019,3.58380921
F15_y33.19_Vol514.7_Am550_rho10.534,15.0,33.19,514.7,550.0,10.534,3.9379795628036667,15.507683037059358,0.9672624829998056,11.661362963474922,36.7378194,33.16360811,3.57421129
F15_y33.19_Vol514.7_Am550_rho10.575,15.0,33.19,514.7,550.0,10.575,3.9379795628036667,15.507683037059358,0.9672624829998056,11.661362963474922,36.73781941,35.97249226,0.76532715
F15_y33.19_Vol514.7_Am550_rho10.616,15.0,33.19,514.7,550.0,10.616,3.9379795628036667,15.507683037059358,0.9672624829998056,11.661362963474922,36.73781941,33.18243073,3.55538869
F15_y33.19_Vol573.5_Am450_rho10.493,15.0,33.19,573.5,450.0,10.493,4.156837859993505,17.279300994275385,0.8680906713164778,10.46574283749005,36.30495559,32.85708804,3.44786755
F15_y33.19_Vol573.5_Am450_rho10.534,15.0,33.19,573.5,450.0,10.534,4.156837859993505,17.279300994275385,0.8680906713164778,10.46574283749005,36.3049556,32.86434088,3.44061471
F15_y33.19_Vol573.5_Am450_rho10.575,15.0,33.19,573.5,450.0,10.575,4.156837859993505,17.279300994275385,0.8680906713164778,10.46574283749005,36.3049556,32.87167002,3.43328558
F15_y33.19_Vol573.5_Am450_rho10.616,15.0,33.19,573.5,450.0,10.616,4.156837859993505,17.279300994275385,0.8680906713164778,10.46574283749005,36.30495561,32.87900142,3.42595418
F15_y33.19_Vol573.5_Am500_rho10.493,15.0,33.19,573.5,500.0,10.493,4.156837859993505,17.279300994275385,0.8680906713164778,10.46574283749005,36.30495559,32.86655749,3.4383981
F15_y33.19_Vol573.5_Am500_rho10.534,15.0,33.19,573.5,500.0,10.534,4.156837859993505,17.279300994275385,0.8680906713164778,10.46574283749005,36.30495559,32.87433449,3.43062111
F15_y33.19_Vol573.5_Am500_rho10.575,15.0,33.19,573.5,500.0,10.575,4.156837859993505,17.279300994275385,0.8680906713164778,10.46574283749005,36.3049556,32.88208587,3.42286973
F15_y33.19_Vol573.5_Am500_rho10.616,15.0,33.19,573.5,500.0,10.616,4.156837859993505,17.279300994275385,0.8680906713164778,10.46574283749005,36.3049556,32.88982364,3.41513197
F15_y33.19_Vol573.5_Am550_rho10.493,15.0,33.19,573.5,550.0,10.493,4.156837859993505,17.279300994275385,0.8680906713164778,10.46574283749005,36.30495559,32.87719295,3.42776263
F15_y33.19_Vol573.5_Am550_rho10.534,15.0,33.19,573.5,550.0,10.534,4.156837859993505,17.279300994275385,0.8680906713164778,10.46574283749005,36.30495559,32.88520915,3.41974645
F15_y33.19_Vol573.5_Am550_rho10.575,15.0,33.19,573.5,550.0,10.575,4.156837859993505,17.279300994275385,0.8680906713164778,10.46574283749005,36.3049556,32.89326061,3.41169498
F15_y33.19_Vol573.5_Am550_rho10.616,15.0,33.19,573.5,550.0,10.616,4.156837859993505,17.279300994275385,0.8680906713164778,10.46574283749005,36.3049556,32.90145765,3.40349795
F15_y33.19_Vol632.3_Am450_rho10.493,15.0,33.19,632.3,450.0,10.493,4.364735839829417,19.05091895149141,0.7873635932310613,9.49249330586833,35.96635752,32.79725736,3.16910016
F15_y33.19_Vol632.3_Am450_rho10.534,15.0,33.19,632.3,450.0,10.534,4.364735839829417,19.05091895149141,0.7873635932310613,9.49249330586833,35.96635752,32.7992885,3.16706903
F15_y33.19_Vol632.3_Am450_rho10.575,15.0,33.19,632.3,450.0,10.575,4.364735839829417,19.05091895149141,0.7873635932310613,9.49249330586833,35.96635753,32.80128552,3.165072
F15_y33.19_Vol632.3_Am450_rho10.616,15.0,33.19,632.3,450.0,10.616,4.364735839829417,19.05091895149141,0.7873635932310613,9.49249330586833,35.96635753,32.80331258,3.16304495
F15_y33.19_Vol632.3_Am500_rho10.493,15.0,33.19,632.3,500.0,10.493,4.364735839829417,19.05091895149141,0.7873635932310613,9.49249330586833,35.96635752,32.79233978,3.17401774
F15_y33.19_Vol632.3_Am500_rho10.534,15.0,33.19,632.3,500.0,10.534,4.364735839829417,19.05091895149141,0.7873635932310613,9.49249330586833,35.96635752,32.79426453,3.17209299
F15_y33.19_Vol632.3_Am500_rho10.575,15.0,33.19,632.3,500.0,10.575,4.364735839829417,19.05091895149141,0.7873635932310613,9.49249330586833,35.96635752,32.79621027,3.17014726
F15_y33.19_Vol632.3_Am500_rho10.616,15.0,33.19,632.3,500.0,10.616,4.364735839829417,19.05091895149141,0.7873635932310613,9.49249330586833,35.96635753,32.79824169,3.16811584
F15_y33.19_Vol632.3_Am550_rho10.493,15.0,33.19,632.3,550.0,10.493,4.364735839829417,19.05091895149141,0.7873635932310613,9.49249330586833,35.96635752,32.78772722,3.1786303
F15_y33.19_Vol632.3_Am550_rho10.534,15.0,33.19,632.3,550.0,10.534,4.364735839829417,19.05091895149141,0.7873635932310613,9.49249330586833,35.96635752,32.7899243,3.17643322
F15_y33.19_Vol632.3_Am550_rho10.575,15.0,33.19,632.3,550.0,10.575,4.364735839829417,19.05091895149141,0.7873635932310613,9.49249330586833,35.96635752,32.79224642,3.1741111
F15_y33.19_Vol632.3_Am550_rho10.616,15.0,33.19,632.3,550.0,10.616,4.364735839829417,19.05091895149141,0.7873635932310613,9.49249330586833,35.96635753,32.79494205,3.17141548
F15_y33.19_Vol691.2_Am450_rho10.493,15.0,33.19,691.2,450.0,10.493,4.563501929923663,20.825549864416995,0.7202690972222221,8.683598838687127,35.69382121,32.81612996,2.87769125
F15_y33.19_Vol691.2_Am450_rho10.534,15.0,33.19,691.2,450.0,10.534,4.563501929923663,20.825549864416995,0.7202690972222221,8.683598838687127,35.69382122,32.81778737,2.87603385
F15_y33.19_Vol691.2_Am450_rho10.575,15.0,33.19,691.2,450.0,10.575,4.563501929923663,20.825549864416995,0.7202690972222221,8.683598838687127,35.69382122,32.81940573,2.87441549
F15_y33.19_Vol691.2_Am450_rho10.616,15.0,33.19,691.2,450.0,10.616,4.563501929923663,20.825549864416995,0.7202690972222221,8.683598838687127,35.69382122,32.82103788,2.87278334
F15_y33.19_Vol691.2_Am500_rho10.493,15.0,33.19,691.2,500.0,10.493,4.563501929923663,20.825549864416995,0.7202690972222221,8.683598838687127,35.69382121,32.81322129,2.88059993
F15_y33.19_Vol691.2_Am500_rho10.534,15.0,33.19,691.2,500.0,10.534,4.563501929923663,20.825549864416995,0.7202690972222221,8.683598838687127,35.69382122,32.81485611,2.8789651
F15_y33.19_Vol691.2_Am500_rho10.575,15.0,33.19,691.2,500.0,10.575,4.563501929923663,20.825549864416995,0.7202690972222221,8.683598838687127,35.69382122,32.81647157,2.87734965
F15_y33.19_Vol691.2_Am500_rho10.616,15.0,33.19,691.2,500.0,10.616,4.563501929923663,20.825549864416995,0.7202690972222221,8.683598838687127,35.69382122,32.81810908,2.87571214
F15_y33.19_Vol691.2_Am550_rho10.493,15.0,33.19,691.2,550.0,10.493,4.563501929923663,20.825549864416995,0.7202690972222221,8.683598838687127,35.69382121,32.81066457,2.88315665
F15_y33.19_Vol691.2_Am550_rho10.534,15.0,33.19,691.2,550.0,10.534,4.563501929923663,20.825549864416995,0.7202690972222221,8.683598838687127,35.69382121,32.81223859,2.88158263
F15_y33.19_Vol691.2_Am550_rho10.575,15.0,33.19,691.2,550.0,10.575,4.563501929923663,20.825549864416995,0.7202690972222221,8.683598838687127,35.69382122,32.81388177,2.87993945
F15_y33.19_Vol691.2_Am550_rho10.616,15.0,33.19,691.2,550.0,10.616,4.563501929923663,20.825549864416995,0.7202690972222221,8.683598838687127,35.69382122,32.81543759,2.87838362
F15_y33.19_Vol738.0_Am450_rho10.493,15.0,33.19,738.0,450.0,10.493,4.715465314948981,22.235613136486894,0.6745934959349593,8.132931595258189,35.51270348,32.83162269,2.68108079
F15_y33.19_Vol738.0_Am450_rho10.534,15.0,33.19,738.0,450.0,10.534,4.715465314948981,22.235613136486894,0.6745934959349593,8.132931595258189,35.51270348,32.83304,2.67966348
F15_y33.19_Vol738.0_Am450_rho10.575,15.0,33.19,738.0,450.0,10.575,4.715465314948981,22.235613136486894,0.6745934959349593,8.132931595258189,35.51270348,32.83443038,2.67827311
F15_y33.19_Vol738.0_Am450_rho10.616,15.0,33.19,738.0,450.0,10.616,4.715465314948981,22.235613136486894,0.6745934959349593,8.132931595258189,35.51270349,32.83584042,2.67686307
F15_y33.19_Vol738.0_Am500_rho10.493,15.0,33.19,738.0,500.0,10.493,4.715465314948981,22.235613136486894,0.6745934959349593,8.132931595258189,35.51270348,32.83026035,2.68244313
F15_y33.19_Vol738.0_Am500_rho10.534,15.0,33.19,738.0,500.0,10.534,4.715465314948981,22.235613136486894,0.6745934959349593,8.132931595258189,35.51270348,32.83160883,2.68109465
F15_y33.19_Vol738.0_Am500_rho10.575,15.0,33.19,738.0,500.0,10.575,4.715465314948981,22.235613136486894,0.6745934959349593,8.132931595258189,35.51270348,32.8329712,2.67973228
F15_y33.19_Vol738.0_Am500_rho10.616,15.0,33.19,738.0,500.0,10.616,4.715465314948981,22.235613136486894,0.6745934959349593,8.132931595258189,35.51270348,32.83434519,2.67835829
F15_y33.19_Vol738.0_Am550_rho10.493,15.0,33.19,738.0,550.0,10.493,4.715465314948981,22.235613136486894,0.6745934959349593,8.132931595258189,35.51270348,32.8289948,2.68370868
F15_y33.19_Vol738.0_Am550_rho10.534,15.0,33.19,738.0,550.0,10.534,4.715465314948981,22.235613136486894,0.6745934959349593,8.132931595258189,35.51270348,32.83027349,2.68242999
F15_y33.19_Vol738.0_Am550_rho10.575,15.0,33.19,738.0,550.0,10.575,4.715465314948981,22.235613136486894,0.6745934959349593,8.132931595258189,35.51270348,32.8315884,2.68111509
F15_y33.19_Vol738.0_Am550_rho10.616,15.0,33.19,738.0,550.0,10.616,4.715465314948981,22.235613136486894,0.6745934959349593,8.132931595258189,35.51270348,32.83287772,2.67982576
F15_y33.69_Vol421.6_Am450_rho10.493,15.0,33.69,421.6,450.0,10.493,3.537527263387584,12.51409913921045,1.1986480075901327,14.450957963969115,38.39729242,34.4544732,3.94281922
F15_y33.69_Vol421.6_Am450_rho10.534,15.0,33.69,421.6,450.0,10.534,3.537527263387584,12.51409913921045,1.1986480075901327,14.450957963969115,38.39729243,34.46650703,3.93078539
F15_y33.69_Vol421.6_Am450_rho10.575,15.0,33.69,421.6,450.0,10.575,3.537527263387584,12.51409913921045,1.1986480075901327,14.450957963969115,38.39729244,34.4786456,3.91864684
F15_y33.69_Vol421.6_Am450_rho10.616,15.0,33.69,421.6,450.0,10.616,3.537527263387584,12.51409913921045,1.1986480075901327,14.450957963969115,38.39729245,34.49092273,3.90636972
F15_y33.69_Vol421.6_Am500_rho10.493,15.0,33.69,421.6,500.0,10.493,3.537527263387584,12.51409913921045,1.1986480075901327,14.450957963969115,38.3972924,34.47560185,3.92169055
F15_y33.69_Vol421.6_Am500_rho10.534,15.0,33.69,421.6,500.0,10.534,3.537527263387584,12.51409913921045,1.1986480075901327,14.450957963969115,38.39729241,34.48780203,3.90949038
F15_y33.69_Vol421.6_Am500_rho10.575,15.0,33.69,421.6,500.0,10.575,3.537527263387584,12.51409913921045,1.1986480075901327,14.450957963969115,38.39729242,34.50020675,3.89708567
F15_y33.69_Vol421.6_Am500_rho10.616,15.0,33.69,421.6,500.0,10.616,3.537527263387584,12.51409913921045,1.1986480075901327,14.450957963969115,38.39729243,34.51257166,3.88472078
F15_y33.69_Vol421.6_Am550_rho10.493,15.0,33.69,421.6,550.0,10.493,3.537527263387584,12.51409913921045,1.1986480075901327,14.450957963969115,38.39729239,34.49809495,3.89919744
F15_y33.69_Vol421.6_Am550_rho10.534,15.0,33.69,421.6,550.0,10.534,3.537527263387584,12.51409913921045,1.1986480075901327,14.450957963969115,38.3972924,34.510612,3.8866804
F15_y33.69_Vol421.6_Am550_rho10.575,15.0,33.69,421.6,550.0,10.575,3.537527263387584,12.51409913921045,1.1986480075901327,14.450957963969115,38.39729241,34.52320008,3.87409233
F15_y33.69_Vol421.6_Am550_rho10.616,15.0,33.69,421.6,550.0,10.616,3.537527263387584,12.51409913921045,1.1986480075901327,14.450957963969115,38.39729242,34.53595401,3.86133841
F15_y33.69_Vol455.9_Am450_rho10.493,15.0,33.69,455.9,450.0,10.493,3.6786146036512846,13.532205402196498,1.1084667690282957,13.36372861945466,37.95201279,34.10094795,3.85106484
F15_y33.69_Vol455.9_Am450_rho10.534,15.0,33.69,455.9,450.0,10.534,3.6786146036512846,13.532205402196498,1.1084667690282957,13.36372861945466,37.9520128,34.10937259,3.84264021
F15_y33.69_Vol455.9_Am450_rho10.575,15.0,33.69,455.9,450.0,10.575,3.6786146036512846,13.532205402196498,1.1084667690282957,13.36372861945466,37.95201281,34.11787411,3.83413869
F15_y33.69_Vol455.9_Am450_rho10.616,15.0,33.69,455.9,450.0,10.616,3.6786146036512846,13.532205402196498,1.1084667690282957,13.36372861945466,37.95201282,34.12638921,3.82562361
F15_y33.69_Vol455.9_Am500_rho10.493,15.0,33.69,455.9,500.0,10.493,3.6786146036512846,13.532205402196498,1.1084667690282957,13.36372861945466,37.95201278,34.11687117,3.83514161
F15_y33.69_Vol455.9_Am500_rho10.534,15.0,33.69,455.9,500.0,10.534,3.6786146036512846,13.532205402196498,1.1084667690282957,13.36372861945466,37.95201279,34.12526804,3.82674475
F15_y33.69_Vol455.9_Am500_rho10.575,15.0,33.69,455.9,500.0,10.575,3.6786146036512846,13.532205402196498,1.1084667690282957,13.36372861945466,37.95201279,34.1337258,3.81828699
F15_y33.69_Vol455.9_Am500_rho10.616,15.0,33.69,455.9,500.0,10.616,3.6786146036512846,13.532205402196498,1.1084667690282957,13.36372861945466,37.9520128,34.14208349,3.80992931
F15_y33.69_Vol455.9_Am550_rho10.493,15.0,33.69,455.9,550.0,10.493,3.6786146036512846,13.532205402196498,1.1084667690282957,13.36372861945466,37.95201277,34.1316977,3.82031507
F15_y33.69_Vol455.9_Am550_rho10.534,15.0,33.69,455.9,550.0,10.534,3.6786146036512846,13.532205402196498,1.1084667690282957,13.36372861945466,37.95201278,34.1400783,3.81193448
F15_y33.69_Vol455.9_Am550_rho10.575,15.0,33.69,455.9,550.0,10.575,3.6786146036512846,13.532205402196498,1.1084667690282957,13.36372861945466,37.95201279,34.14841581,3.80359697
F15_y33.69_Vol455.9_Am550_rho10.616,15.0,33.69,455.9,550.0,10.616,3.6786146036512846,13.532205402196498,1.1084667690282957,13.36372861945466,37.95201279,34.15686524,3.79514755
F15_y33.69_Vol514.7_Am450_rho10.493,15.0,33.69,514.7,450.0,10.493,3.908648158181841,15.277530424458298,0.9818340781037497,11.83703881408467,37.35749175,33.74078392,3.61670782
F15_y33.69_Vol514.7_Am450_rho10.534,15.0,33.69,514.7,450.0,10.534,3.908648158181841,15.277530424458298,0.9818340781037497,11.83703881408467,37.35749175,33.74898711,3.60850464
F15_y33.69_Vol514.7_Am450_rho10.575,15.0,33.69,514.7,450.0,10.575,3.908648158181841,15.277530424458298,0.9818340781037497,11.83703881408467,37.35749176,33.75704491,3.60044685
F15_y33.69_Vol514.7_Am450_rho10.616,15.0,33.69,514.7,450.0,10.616,3.908648158181841,15.277530424458298,0.9818340781037497,11.83703881408467,37.35749177,33.76492292,3.59256885
F15_y33.69_Vol514.7_Am500_rho10.493,15.0,33.69,514.7,500.0,10.493,3.908648158181841,15.277530424458298,0.9818340781037497,11.83703881408467,37.35749174,33.75913839,3.59835334
F15_y33.69_Vol514.7_Am500_rho10.534,15.0,33.69,514.7,500.0,10.534,3.908648158181841,15.277530424458298,0.9818340781037497,11.83703881408467,37.35749174,33.76705169,3.59044006
F15_y33.69_Vol514.7_Am500_rho10.575,15.0,33.69,514.7,500.0,10.575,3.908648158181841,15.277530424458298,0.9818340781037497,11.83703881408467,37.35749175,33.77494326,3.5825485
F15_y33.69_Vol514.7_Am500_rho10.616,15.0,33.69,514.7,500.0,10.616,3.908648158181841,15.277530424458298,0.9818340781037497,11.83703881408467,37.35749176,33.7826089,3.57488286
F15_y33.69_Vol514.7_Am550_rho10.493,15.0,33.69,514.7,550.0,10.493,3.908648158181841,15.277530424458298,0.9818340781037497,11.83703881408467,37.35749173,33.77460099,3.58289074
F15_y33.69_Vol514.7_Am550_rho10.534,15.0,33.69,514.7,550.0,10.534,3.908648158181841,15.277530424458298,0.9818340781037497,11.83703881408467,37.35749174,33.78225717,3.57523457
F15_y33.69_Vol514.7_Am550_rho10.575,15.0,33.69,514.7,550.0,10.575,3.908648158181841,15.277530424458298,0.9818340781037497,11.83703881408467,37.35749175,36.93028548,0.42720627
F15_y33.69_Vol514.7_Am550_rho10.616,15.0,33.69,514.7,550.0,10.616,3.908648158181841,15.277530424458298,0.9818340781037497,11.83703881408467,37.35749175,33.79717558,3.56031618
F15_y33.69_Vol573.5_Am450_rho10.493,15.0,33.69,573.5,450.0,10.493,4.125876324700014,17.022855446720097,0.8811682650392326,10.623406935674591,36.9087157,33.45712421,3.45159149
F15_y33.69_Vol573.5_Am450_rho10.534,15.0,33.69,573.5,450.0,10.534,4.125876324700014,17.022855446720097,0.8811682650392326,10.623406935674591,36.90871571,33.46608549,3.44263022
F15_y33.69_Vol573.5_Am450_rho10.575,15.0,33.69,573.5,450.0,10.575,4.125876324700014,17.022855446720097,0.8811682650392326,10.623406935674591,36.90871571,33.47490533,3.43381038
F15_y33.69_Vol573.5_Am450_rho10.616,15.0,33.69,573.5,450.0,10.616,4.125876324700014,17.022855446720097,0.8811682650392326,10.623406935674591,36.90871572,33.48366286,3.42505286
F15_y33.69_Vol573.5_Am500_rho10.493,15.0,33.69,573.5,500.0,10.493,4.125876324700014,17.022855446720097,0.8811682650392326,10.623406935674591,36.9087157,33.47520917,3.43350652
F15_y33.69_Vol573.5_Am500_rho10.534,15.0,33.69,573.5,500.0,10.534,4.125876324700014,17.022855446720097,0.8811682650392326,10.623406935674591,36.9087157,33.48411979,3.42459591
F15_y33.69_Vol573.5_Am500_rho10.575,15.0,33.69,573.5,500.0,10.575,4.125876324700014,17.022855446720097,0.8811682650392326,10.623406935674591,36.90871571,33.49302795,3.41568776
F15_y33.69_Vol573.5_Am500_rho10.616,15.0,33.69,573.5,500.0,10.616,4.125876324700014,17.022855446720097,0.8811682650392326,10.623406935674591,36.90871571,33.50184646,3.40686925
F15_y33.69_Vol573.5_Am550_rho10.493,15.0,33.69,573.5,550.0,10.493,4.125876324700014,17.022855446720097,0.8811682650392326,10.623406935674591,36.90871569,33.49222672,3.41648897
F15_y33.69_Vol573.5_Am550_rho10.534,15.0,33.69,573.5,550.0,10.534,4.125876324700014,17.022855446720097,0.8811682650392326,10.623406935674591,36.9087157,33.50122353,3.40749217
F15_y33.69_Vol573.5_Am550_rho10.575,15.0,33.69,573.5,550.0,10.575,4.125876324700014,17.022855446720097,0.8811682650392326,10.623406935674591,36.9087157,33.51009299,3.39862272
F15_y33.69_Vol573.5_Am550_rho10.616,15.0,33.69,573.5,550.0,10.616,4.125876324700014,17.022855446720097,0.8811682650392326,10.623406935674591,36.90871571,33.5188671,3.38984861
F15_y33.69_Vol632.3_Am450_rho10.493,15.0,33.69,632.3,450.0,10.493,4.332225810017513,18.768180468981893,0.7992250513996522,9.635495615387285,36.5579275,33.27995831,3.27796919
F15_y33.69_Vol632.3_Am450_rho10.534,15.0,33.69,632.3,450.0,10.534,4.332225810017513,18.768180468981893,0.7992250513996522,9.635495615387285,36.55792751,33.28579358,3.27213393
F15_y33.69_Vol632.3_Am450_rho10.575,15.0,33.69,632.3,450.0,10.575,4.332225810017513,18.768180468981893,0.7992250513996522,9.635495615387285,36.55792751,33.29179158,3.26613593
F15_y33.69_Vol632.3_Am450_rho10.616,15.0,33.69,632.3,450.0,10.616,4.332225810017513,18.768180468981893,0.7992250513996522,9.635495615387285,36.55792752,33.29778354,3.26014397
F15_y33.69_Vol632.3_Am500_rho10.493,15.0,33.69,632.3,500.0,10.493,4.332225810017513,18.768180468981893,0.7992250513996522,9.635495615387285,36.5579275,33.28843951,3.26948799
F15_y33.69_Vol632.3_Am500_rho10.534,15.0,33.69,632.3,500.0,10.534,4.332225810017513,18.768180468981893,0.7992250513996522,9.635495615387285,36.55792751,33.29463307,3.26329443
F15_y33.69_Vol632.3_Am500_rho10.575,15.0,33.69,632.3,500.0,10.575,4.332225810017513,18.768180468981893,0.7992250513996522,9.635495615387285,36.55792751,33.30101466,3.25691285
F15_y33.69_Vol632.3_Am500_rho10.616,15.0,33.69,632.3,500.0,10.616,4.332225810017513,18.768180468981893,0.7992250513996522,9.635495615387285,36.55792751,33.30750545,3.25042207
F15_y33.69_Vol632.3_Am550_rho10.493,15.0,33.69,632.3,550.0,10.493,4.332225810017513,18.768180468981893,0.7992250513996522,9.635495615387285,36.5579275,33.29777725,3.26015025
F15_y33.69_Vol632.3_Am550_rho10.534,15.0,33.69,632.3,550.0,10.534,4.332225810017513,18.768180468981893,0.7992250513996522,9.635495615387285,36.5579275,33.30436016,3.25356735
F15_y33.69_Vol632.3_Am550_rho10.575,15.0,33.69,632.3,550.0,10.575,4.332225810017513,18.768180468981893,0.7992250513996522,9.635495615387285,36.55792751,33.31106572,3.24686179
F15_y33.69_Vol632.3_Am550_rho10.616,15.0,33.69,632.3,550.0,10.616,4.332225810017513,18.768180468981893,0.7992250513996522,9.635495615387285,36.55792751,33.31781742,3.24011009
F15_y33.69_Vol691.2_Am450_rho10.493,15.0,33.69,691.2,450.0,10.493,4.529511422998895,20.516473731077475,0.7311197916666665,8.814415332189494,36.27574334,33.26181031,3.01393302
F15_y33.69_Vol691.2_Am450_rho10.534,15.0,33.69,691.2,450.0,10.534,4.529511422998895,20.516473731077475,0.7311197916666665,8.814415332189494,36.27574334,33.26353788,3.01220546
F15_y33.69_Vol691.2_Am450_rho10.575,15.0,33.69,691.2,450.0,10.575,4.529511422998895,20.516473731077475,0.7311197916666665,8.814415332189494,36.27574334,33.26542288,3.01032046
F15_y33.69_Vol691.2_Am450_rho10.616,15.0,33.69,691.2,450.0,10.616,4.529511422998895,20.516473731077475,0.7311197916666665,8.814415332189494,36.27574334,33.26728384,3.0084595
F15_y33.69_Vol691.2_Am500_rho10.493,15.0,33.69,691.2,500.0,10.493,4.529511422998895,20.516473731077475,0.7311197916666665,8.814415332189494,36.27574333,33.26017275,3.01557058
F15_y33.69_Vol691.2_Am500_rho10.534,15.0,33.69,691.2,500.0,10.534,4.529511422998895,20.516473731077475,0.7311197916666665,8.814415332189494,36.27574334,33.26191547,3.01382786
F15_y33.69_Vol691.2_Am500_rho10.575,15.0,33.69,691.2,500.0,10.575,4.529511422998895,20.516473731077475,0.7311197916666665,8.814415332189494,36.27574334,33.26373997,3.01200337
F15_y33.69_Vol691.2_Am500_rho10.616,15.0,33.69,691.2,500.0,10.616,4.529511422998895,20.516473731077475,0.7311197916666665,8.814415332189494,36.27574334,33.26551456,3.01022878
F15_y33.69_Vol691.2_Am550_rho10.493,15.0,33.69,691.2,550.0,10.493,4.529511422998895,20.516473731077475,0.7311197916666665,8.814415332189494,36.27574333,33.25888777,3.01685556
F15_y33.69_Vol691.2_Am550_rho10.534,15.0,33.69,691.2,550.0,10.534,4.529511422998895,20.516473731077475,0.7311197916666665,8.814415332189494,36.27574334,33.26064455,3.01509879
F15_y33.69_Vol691.2_Am550_rho10.575,15.0,33.69,691.2,550.0,10.575,4.529511422998895,20.516473731077475,0.7311197916666665,8.814415332189494,36.27574334,33.26236576,3.01337758
F15_y33.69_Vol691.2_Am550_rho10.616,15.0,33.69,691.2,550.0,10.616,4.529511422998895,20.516473731077475,0.7311197916666665,8.814415332189494,36.27574334,33.26400121,3.01174213
F15_y33.69_Vol738.0_Am450_rho10.493,15.0,33.69,738.0,450.0,10.493,4.680342933299422,21.90560997328584,0.6847560975609757,8.255452408684796,36.08829337,33.27944326,2.80885011
F15_y33.69_Vol738.0_Am450_rho10.534,15.0,33.69,738.0,450.0,10.534,4.680342933299422,21.90560997328584,0.6847560975609757,8.255452408684796,36.08829337,33.28102846,2.80726491
F15_y33.69_Vol738.0_Am450_rho10.575,15.0,33.69,738.0,450.0,10.575,4.680342933299422,21.90560997328584,0.6847560975609757,8.255452408684796,36.08829337,33.28251396,2.80577941
F15_y33.69_Vol738.0_Am450_rho10.616,15.0,33.69,738.0,450.0,10.616,4.680342933299422,21.90560997328584,0.6847560975609757,8.255452408684796,36.08829337,33.28402094,2.80427244
F15_y33.69_Vol738.0_Am500_rho10.493,15.0,33.69,738.0,500.0,10.493,4.680342933299422,21.90560997328584,0.6847560975609757,8.255452408684796,36.08829337,33.27895714,2.80933623
F15_y33.69_Vol738.0_Am500_rho10.534,15.0,33.69,738.0,500.0,10.534,4.680342933299422,21.90560997328584,0.6847560975609757,8.255452408684796,36.08829337,33.28046366,2.80782971
F15_y33.69_Vol738.0_Am500_rho10.575,15.0,33.69,738.0,500.0,10.575,4.680342933299422,21.90560997328584,0.6847560975609757,8.255452408684796,36.08829337,33.28199529,2.80629809
F15_y33.69_Vol738.0_Am500_rho10.616,15.0,33.69,738.0,500.0,10.616,4.680342933299422,21.90560997328584,0.6847560975609757,8.255452408684796,36.08829337,33.28347309,2.80482028
F15_y33.69_Vol738.0_Am550_rho10.493,15.0,33.69,738.0,550.0,10.493,4.680342933299422,21.90560997328584,0.6847560975609757,8.255452408684796,36.08829337,33.27873226,2.80956111
F15_y33.69_Vol738.0_Am550_rho10.534,15.0,33.69,738.0,550.0,10.534,4.680342933299422,21.90560997328584,0.6847560975609757,8.255452408684796,36.08829337,33.2801724,2.80812098
F15_y33.69_Vol738.0_Am550_rho10.575,15.0,33.69,738.0,550.0,10.575,4.680342933299422,21.90560997328584,0.6847560975609757,8.255452408684796,36.08829337,33.281739,2.80655437
F15_y33.69_Vol738.0_Am550_rho10.616,15.0,33.69,738.0,550.0,10.616,4.680342933299422,21.90560997328584,0.6847560975609757,8.255452408684796,36.08829337,33.28325552,2.80503785
F15_y34.19_Vol421.6_Am450_rho10.493,15.0,34.19,421.6,450.0,10.493,3.5115653151080175,12.331090962269672,1.2164373814041745,14.665427509293679,39.05859644,35.16996723,3.88862921
F15_y34.19_Vol421.6_Am450_rho10.534,15.0,34.19,421.6,450.0,10.534,3.5115653151080175,12.331090962269672,1.2164373814041745,14.665427509293679,39.05859646,35.18553825,3.87305821
F15_y34.19_Vol421.6_Am450_rho10.575,15.0,34.19,421.6,450.0,10.575,3.5115653151080175,12.331090962269672,1.2164373814041745,14.665427509293679,39.05859647,35.20125746,3.85733902
F15_y34.19_Vol421.6_Am450_rho10.616,15.0,34.19,421.6,450.0,10.616,3.5115653151080175,12.331090962269672,1.2164373814041745,14.665427509293679,39.05859649,35.21702507,3.84157142
F15_y34.19_Vol421.6_Am500_rho10.493,15.0,34.19,421.6,500.0,10.493,3.5115653151080175,12.331090962269672,1.2164373814041745,14.665427509293679,39.05859642,35.20262036,3.85597606
F15_y34.19_Vol421.6_Am500_rho10.534,15.0,34.19,421.6,500.0,10.534,3.5115653151080175,12.331090962269672,1.2164373814041745,14.665427509293679,39.05859643,35.2186508,3.83994564
F15_y34.19_Vol421.6_Am500_rho10.575,15.0,34.19,421.6,500.0,10.575,3.5115653151080175,12.331090962269672,1.2164373814041745,14.665427509293679,39.05859645,35.23474317,3.82385327
F15_y34.19_Vol421.6_Am500_rho10.616,15.0,34.19,421.6,500.0,10.616,3.5115653151080175,12.331090962269672,1.2164373814041745,14.665427509293679,39.05859646,35.25094881,3.80764765
F15_y34.19_Vol421.6_Am550_rho10.493,15.0,34.19,421.6,550.0,10.493,3.5115653151080175,12.331090962269672,1.2164373814041745,14.665427509293679,39.0585964,35.23812354,3.82047286
F15_y34.19_Vol421.6_Am550_rho10.534,15.0,34.19,421.6,550.0,10.534,3.5115653151080175,12.331090962269672,1.2164373814041745,14.665427509293679,39.05859642,35.25451992,3.8040765
F15_y34.19_Vol421.6_Am550_rho10.575,15.0,34.19,421.6,550.0,10.575,3.5115653151080175,12.331090962269672,1.2164373814041745,14.665427509293679,39.05859643,35.27103041,3.78756602
F15_y34.19_Vol421.6_Am550_rho10.616,15.0,34.19,421.6,550.0,10.616,3.5115653151080175,12.331090962269672,1.2164373814041745,14.665427509293679,39.05859645,35.28757912,3.77101733
F15_y34.19_Vol455.9_Am450_rho10.493,15.0,34.19,455.9,450.0,10.493,3.651617213957955,13.334308277274056,1.1249177451195438,13.562062377535021,38.59627592,34.7068952,3.88938073
F15_y34.19_Vol455.9_Am450_rho10.534,15.0,34.19,455.9,450.0,10.534,3.651617213957955,13.334308277274056,1.1249177451195438,13.562062377535021,38.59627593,34.71700457,3.87927137
F15_y34.19_Vol455.9_Am450_rho10.575,15.0,34.19,455.9,450.0,10.575,3.651617213957955,13.334308277274056,1.1249177451195438,13.562062377535021,38.59627594,34.72738314,3.8688928
F15_y34.19_Vol455.9_Am450_rho10.616,15.0,34.19,455.9,450.0,10.616,3.651617213957955,13.334308277274056,1.1249177451195438,13.562062377535021,38.59627596,34.73772423,3.85855172
F15_y34.19_Vol455.9_Am500_rho10.493,15.0,34.19,455.9,500.0,10.493,3.651617213957955,13.334308277274056,1.1249177451195438,13.562062377535021,38.59627591,34.72614943,3.87012648
F15_y34.19_Vol455.9_Am500_rho10.534,15.0,34.19,455.9,500.0,10.534,3.651617213957955,13.334308277274056,1.1249177451195438,13.562062377535021,38.59627592,34.73647727,3.85979865
F15_y34.19_Vol455.9_Am500_rho10.575,15.0,34.19,455.9,500.0,10.575,3.651617213957955,13.334308277274056,1.1249177451195438,13.562062377535021,38.59627593,34.74696274,3.84931319
F15_y34.19_Vol455.9_Am500_rho10.616,15.0,34.19,455.9,500.0,10.616,3.651617213957955,13.334308277274056,1.1249177451195438,13.562062377535021,38.59627594,34.75746982,3.83880612
F15_y34.19_Vol455.9_Am550_rho10.493,15.0,34.19,455.9,550.0,10.493,3.651617213957955,13.334308277274056,1.1249177451195438,13.562062377535021,38.59627589,34.74658925,3.84968664
F15_y34.19_Vol455.9_Am550_rho10.534,15.0,34.19,455.9,550.0,10.534,3.651617213957955,13.334308277274056,1.1249177451195438,13.562062377535021,38.59627591,34.75729718,3.83897872
F15_y34.19_Vol455.9_Am550_rho10.575,15.0,34.19,455.9,550.0,10.575,3.651617213957955,13.334308277274056,1.1249177451195438,13.562062377535021,38.59627592,34.76811124,3.82816467
F15_y34.19_Vol455.9_Am550_rho10.616,15.0,34.19,455.9,550.0,10.616,3.651617213957955,13.334308277274056,1.1249177451195438,13.562062377535021,38.59627593,34.77900212,3.81727381
F15_y34.19_Vol514.7_Am450_rho10.493,15.0,34.19,514.7,450.0,10.493,3.8799625499107786,15.05410938871015,0.9964056732076937,12.012714664694414,37.97957777,34.31991022,3.65966754
F15_y34.19_Vol514.7_Am450_rho10.534,15.0,34.19,514.7,450.0,10.534,3.8799625499107786,15.05410938871015,0.9964056732076937,12.012714664694414,37.97957778,34.32668693,3.65289085
F15_y34.19_Vol514.7_Am450_rho10.575,15.0,34.19,514.7,450.0,10.575,3.8799625499107786,15.05410938871015,0.9964056732076937,12.012714664694414,37.97957779,34.33331811,3.64625968
F15_y34.19_Vol514.7_Am450_rho10.616,15.0,34.19,514.7,450.0,10.616,3.8799625499107786,15.05410938871015,0.9964056732076937,12.012714664694414,37.9795778,34.33996453,3.63961327
F15_y34.19_Vol514.7_Am500_rho10.493,15.0,34.19,514.7,500.0,10.493,3.8799625499107786,15.05410938871015,0.9964056732076937,12.012714664694414,37.97957775,34.33409649,3.64548126
F15_y34.19_Vol514.7_Am500_rho10.534,15.0,34.19,514.7,500.0,10.534,3.8799625499107786,15.05410938871015,0.9964056732076937,12.012714664694414,37.97957776,34.34069744,3.63888032
F15_y34.19_Vol514.7_Am500_rho10.575,15.0,34.19,514.7,500.0,10.575,3.8799625499107786,15.05410938871015,0.9964056732076937,12.012714664694414,37.97957777,34.34716377,3.632414
F15_y34.19_Vol514.7_Am500_rho10.616,15.0,34.19,514.7,500.0,10.616,3.8799625499107786,15.05410938871015,0.9964056732076937,12.012714664694414,37.97957778,34.35358498,3.6259928
F15_y34.19_Vol514.7_Am550_rho10.493,15.0,34.19,514.7,550.0,10.493,3.8799625499107786,15.05410938871015,0.9964056732076937,12.012714664694414,37.97957775,34.34586703,3.63371072
F15_y34.19_Vol514.7_Am550_rho10.534,15.0,34.19,514.7,550.0,10.534,3.8799625499107786,15.05410938871015,0.9964056732076937,12.012714664694414,37.97957776,34.35236763,3.62721013
F15_y34.19_Vol514.7_Am550_rho10.575,15.0,34.19,514.7,550.0,10.575,3.8799625499107786,15.05410938871015,0.9964056732076937,12.012714664694414,37.97957777,34.35871435,3.62086342
F15_y34.19_Vol514.7_Am550_rho10.616,15.0,34.19,514.7,550.0,10.616,3.8799625499107786,15.05410938871015,0.9964056732076937,12.012714664694414,37.97957778,34.36498103,3.61459675
F15_y34.19_Vol573.5_Am450_rho10.493,15.0,34.19,573.5,450.0,10.493,4.095596476723048,16.773910500146243,0.8942458587619877,10.781071033859137,37.51449946,34.05869181,3.45580765
F15_y34.19_Vol573.5_Am450_rho10.534,15.0,34.19,573.5,450.0,10.534,4.095596476723048,16.773910500146243,0.8942458587619877,10.781071033859137,37.51449947,34.06687701,3.44762245
F15_y34.19_Vol573.5_Am450_rho10.575,15.0,34.19,573.5,450.0,10.575,4.095596476723048,16.773910500146243,0.8942458587619877,10.781071033859137,37.51449947,34.07498803,3.43951145
F15_y34.19_Vol573.5_Am450_rho10.616,15.0,34.19,573.5,450.0,10.616,4.095596476723048,16.773910500146243,0.8942458587619877,10.781071033859137,37.51449948,34.08289528,3.4316042
F15_y34.19_Vol573.5_Am500_rho10.493,15.0,34.19,573.5,500.0,10.493,4.095596476723048,16.773910500146243,0.8942458587619877,10.781071033859137,37.51449945,34.07719116,3.43730829
F15_y34.19_Vol573.5_Am500_rho10.534,15.0,34.19,573.5,500.0,10.534,4.095596476723048,16.773910500146243,0.8942458587619877,10.781071033859137,37.51449946,34.0851929,3.42930656
F15_y34.19_Vol573.5_Am500_rho10.575,15.0,34.19,573.5,500.0,10.575,4.095596476723048,16.773910500146243,0.8942458587619877,10.781071033859137,37.51449947,34.09300195,3.42149752
F15_y34.19_Vol573.5_Am500_rho10.616,15.0,34.19,573.5,500.0,10.616,4.095596476723048,16.773910500146243,0.8942458587619877,10.781071033859137,37.51449947,34.1007043,3.41379518
F15_y34.19_Vol573.5_Am550_rho10.493,15.0,34.19,573.5,550.0,10.493,4.095596476723048,16.773910500146243,0.8942458587619877,10.781071033859137,37.51449945,34.09309364,3.4214058
F15_y34.19_Vol573.5_Am550_rho10.534,15.0,34.19,573.5,550.0,10.534,4.095596476723048,16.773910500146243,0.8942458587619877,10.781071033859137,37.51449945,34.10084278,3.41365668
F15_y34.19_Vol573.5_Am550_rho10.575,15.0,34.19,573.5,550.0,10.575,4.095596476723048,16.773910500146243,0.8942458587619877,10.781071033859137,37.51449946,34.10847185,3.40602761
F15_y34.19_Vol573.5_Am550_rho10.616,15.0,34.19,573.5,550.0,10.616,4.095596476723048,16.773910500146243,0.8942458587619877,10.781071033859137,37.51449947,34.11591758,3.39858189
F15_y34.19_Vol632.3_Am450_rho10.493,15.0,34.19,632.3,450.0,10.493,4.30043156108574,18.493711611582334,0.8110865095682429,9.77849792490624,37.15123452,33.83512899,3.31610554
F15_y34.19_Vol632.3_Am450_rho10.534,15.0,34.19,632.3,450.0,10.534,4.30043156108574,18.493711611582334,0.8110865095682429,9.77849792490624,37.15123453,33.84342047,3.30781405
F15_y34.19_Vol632.3_Am450_rho10.575,15.0,34.19,632.3,450.0,10.575,4.30043156108574,18.493711611582334,0.8110865095682429,9.77849792490624,37.15123453,33.85159313,3.2996414
F15_y34.19_Vol632.3_Am450_rho10.616,15.0,34.19,632.3,450.0,10.616,4.30043156108574,18.493711611582334,0.8110865095682429,9.77849792490624,37.15123454,33.85982105,3.29141349
F15_y34.19_Vol632.3_Am500_rho10.493,15.0,34.19,632.3,500.0,10.493,4.30043156108574,18.493711611582334,0.8110865095682429,9.77849792490624,37.15123452,33.85247134,3.29876318
F15_y34.19_Vol632.3_Am500_rho10.534,15.0,34.19,632.3,500.0,10.534,4.30043156108574,18.493711611582334,0.8110865095682429,9.77849792490624,37.15123452,33.86082887,3.29040565
F15_y34.19_Vol632.3_Am500_rho10.575,15.0,34.19,632.3,500.0,10.575,4.30043156108574,18.493711611582334,0.8110865095682429,9.77849792490624,37.15123453,33.86918954,3.28204499
F15_y34.19_Vol632.3_Am500_rho10.616,15.0,34.19,632.3,500.0,10.616,4.30043156108574,18.493711611582334,0.8110865095682429,9.77849792490624,37.15123453,33.87750579,3.27372875
F15_y34.19_Vol632.3_Am550_rho10.493,15.0,34.19,632.3,550.0,10.493,4.30043156108574,18.493711611582334,0.8110865095682429,9.77849792490624,37.15123451,33.86899987,3.28223465
F15_y34.19_Vol632.3_Am550_rho10.534,15.0,34.19,632.3,550.0,10.534,4.30043156108574,18.493711611582334,0.8110865095682429,9.77849792490624,37.15123452,33.87739007,3.27384445
F15_y34.19_Vol632.3_Am550_rho10.575,15.0,34.19,632.3,550.0,10.575,4.30043156108574,18.493711611582334,0.8110865095682429,9.77849792490624,37.15123453,33.88572181,3.26551271
F15_y34.19_Vol632.3_Am550_rho10.616,15.0,34.19,632.3,550.0,10.616,4.30043156108574,18.493711611582334,0.8110865095682429,9.77849792490624,37.15123453,33.89400533,3.2572292
F15_y34.19_Vol691.2_Am450_rho10.493,15.0,34.19,691.2,450.0,10.493,4.496269292962845,20.2164375548406,0.741970486111111,8.945231825691863,36.85918337,33.71499385,3.14418953
F15_y34.19_Vol691.2_Am450_rho10.534,15.0,34.19,691.2,450.0,10.534,4.496269292962845,20.2164375548406,0.741970486111111,8.945231825691863,36.85918338,33.71970409,3.13947929
F15_y34.19_Vol691.2_Am450_rho10.575,15.0,34.19,691.2,450.0,10.575,4.496269292962845,20.2164375548406,0.741970486111111,8.945231825691863,36.85918338,33.72449102,3.13469236
F15_y34.19_Vol691.2_Am450_rho10.616,15.0,34.19,691.2,450.0,10.616,4.496269292962845,20.2164375548406,0.741970486111111,8.945231825691863,36.85918339,33.95788952,2.90129386
F15_y34.19_Vol691.2_Am500_rho10.493,15.0,34.19,691.2,500.0,10.493,4.496269292962845,20.2164375548406,0.741970486111111,8.945231825691863,36.85918337,33.72270406,3.13647931
F15_y34.19_Vol691.2_Am500_rho10.534,15.0,34.19,691.2,500.0,10.534,4.496269292962845,20.2164375548406,0.741970486111111,8.945231825691863,36.85918338,33.72782406,3.13135932
F15_y34.19_Vol691.2_Am500_rho10.575,15.0,34.19,691.2,500.0,10.575,4.496269292962845,20.2164375548406,0.741970486111111,8.945231825691863,36.85918338,33.73314647,3.12603691
F15_y34.19_Vol691.2_Am500_rho10.616,15.0,34.19,691.2,500.0,10.616,4.496269292962845,20.2164375548406,0.741970486111111,8.945231825691863,36.85918338,33.73849982,3.12068357
F15_y34.19_Vol691.2_Am550_rho10.493,15.0,34.19,691.2,550.0,10.493,4.496269292962845,20.2164375548406,0.741970486111111,8.945231825691863,36.85918337,33.73144814,3.12773523
F15_y34.19_Vol691.2_Am550_rho10.534,15.0,34.19,691.2,550.0,10.534,4.496269292962845,20.2164375548406,0.741970486111111,8.945231825691863,36.85918337,33.73695766,3.12222571
F15_y34.19_Vol691.2_Am550_rho10.575,15.0,34.19,691.2,550.0,10.575,4.496269292962845,20.2164375548406,0.741970486111111,8.945231825691863,36.85918338,33.74257869,3.11660469
F15_y34.19_Vol691.2_Am550_rho10.616,15.0,34.19,691.2,550.0,10.616,4.496269292962845,20.2164375548406,0.741970486111111,8.945231825691863,36.85918338,33.74831488,3.1108685
F15_y34.19_Vol738.0_Am450_rho10.493,15.0,34.19,738.0,450.0,10.493,4.6459938492873905,21.585258847616263,0.6949186991869918,8.377973222111402,36.66526456,33.71619319,2.94907137
F15_y34.19_Vol738.0_Am450_rho10.534,15.0,34.19,738.0,450.0,10.534,4.6459938492873905,21.585258847616263,0.6949186991869918,8.377973222111402,36.66526456,33.71792017,2.94734439
F15_y34.19_Vol738.0_Am450_rho10.575,15.0,34.19,738.0,450.0,10.575,4.6459938492873905,21.585258847616263,0.6949186991869918,8.377973222111402,36.66526456,33.71964472,2.94561984
F15_y34.19_Vol738.0_Am450_rho10.616,15.0,34.19,738.0,450.0,10.616,4.6459938492873905,21.585258847616263,0.6949186991869918,8.377973222111402,36.66526456,33.72134178,2.94392278
F15_y34.19_Vol738.0_Am500_rho10.493,15.0,34.19,738.0,500.0,10.493,4.6459938492873905,21.585258847616263,0.6949186991869918,8.377973222111402,36.66526455,33.71630689,2.94895766
F15_y34.19_Vol738.0_Am500_rho10.534,15.0,34.19,738.0,500.0,10.534,4.6459938492873905,21.585258847616263,0.6949186991869918,8.377973222111402,36.66526456,34.05644276,2.60882179
F15_y34.19_Vol738.0_Am500_rho10.575,15.0,34.19,738.0,500.0,10.575,4.6459938492873905,21.585258847616263,0.6949186991869918,8.377973222111402,36.66526456,33.71956581,2.94569875
F15_y34.19_Vol738.0_Am500_rho10.616,15.0,34.19,738.0,500.0,10.616,4.6459938492873905,21.585258847616263,0.6949186991869918,8.377973222111402,36.66526456,33.72123898,2.94402558
F15_y34.19_Vol738.0_Am550_rho10.493,15.0,34.19,738.0,550.0,10.493,4.6459938492873905,21.585258847616263,0.6949186991869918,8.377973222111402,36.66526455,33.71688456,2.94837999
F15_y34.19_Vol738.0_Am550_rho10.534,15.0,34.19,738.0,550.0,10.534,4.6459938492873905,21.585258847616263,0.6949186991869918,8.377973222111402,36.66526456,33.71848288,2.94678167
F15_y34.19_Vol738.0_Am550_rho10.575,15.0,34.19,738.0,550.0,10.575,4.6459938492873905,21.585258847616263,0.6949186991869918,8.377973222111402,36.66526456,33.72013508,2.94512948
F15_y34.19_Vol738.0_Am550_rho10.616,15.0,34.19,738.0,550.0,10.616,4.6459938492873905,21.585258847616263,0.6949186991869918,8.377973222111402,36.66526456,33.72203481,2.94322975
F15_y34.97_Vol421.6_Am450_rho10.493,15.0,34.97,421.6,450.0,10.493,3.4721820288081315,12.056048041178153,1.2441888045540797,15.0,40.09716643,36.46302703,3.6341394
F15_y34.97_Vol421.6_Am450_rho10.534,15.0,34.97,421.6,450.0,10.534,3.4721820288081315,12.056048041178153,1.2441888045540797,15.0,40.09716645,36.48386657,3.61329988
F15_y34.97_Vol421.6_Am450_rho10.575,15.0,34.97,421.6,450.0,10.575,3.4721820288081315,12.056048041178153,1.2441888045540797,15.0,40.09716647,36.5046288,3.59253767
F15_y34.97_Vol421.6_Am450_rho10.616,15.0,34.97,421.6,450.0,10.616,3.4721820288081315,12.056048041178153,1.2441888045540797,15.0,40.09716648,36.52535889,3.57180759
F15_y34.97_Vol421.6_Am500_rho10.493,15.0,34.97,421.6,500.0,10.493,3.4721820288081315,12.056048041178153,1.2441888045540797,15.0,40.09716641,36.51709066,3.58007575
F15_y34.97_Vol421.6_Am500_rho10.534,15.0,34.97,421.6,500.0,10.534,3.4721820288081315,12.056048041178153,1.2441888045540797,15.0,40.09716642,36.53813877,3.55902765
F15_y34.97_Vol421.6_Am500_rho10.575,15.0,34.97,421.6,500.0,10.575,3.4721820288081315,12.056048041178153,1.2441888045540797,15.0,40.09716644,36.55918557,3.53798087
F15_y34.97_Vol421.6_Am500_rho10.616,15.0,34.97,421.6,500.0,10.616,3.4721820288081315,12.056048041178153,1.2441888045540797,15.0,40.09716645,36.58010653,3.51705993
F15_y34.97_Vol421.6_Am550_rho10.493,15.0,34.97,421.6,550.0,10.493,3.4721820288081315,12.056048041178153,1.2441888045540797,15.0,40.09716639,36.5718831,3.52528329
F15_y34.97_Vol421.6_Am550_rho10.534,15.0,34.97,421.6,550.0,10.534,3.4721820288081315,12.056048041178153,1.2441888045540797,15.0,40.09716641,36.59309046,3.50407595
F15_y34.97_Vol421.6_Am550_rho10.575,15.0,34.97,421.6,550.0,10.575,3.4721820288081315,12.056048041178153,1.2441888045540797,15.0,40.09716642,36.61414839,3.48301803
F15_y34.97_Vol421.6_Am550_rho10.616,15.0,34.97,421.6,550.0,10.616,3.4721820288081315,12.056048041178153,1.2441888045540797,15.0,40.09716644,36.6351111,3.46205534
F15_y34.97_Vol455.9_Am450_rho10.493,15.0,34.97,455.9,450.0,10.493,3.610663202487297,13.036888761795824,1.150581267821891,13.871463040140384,39.60734251,35.76847929,3.83886323
F15_y34.97_Vol455.9_Am450_rho10.534,15.0,34.97,455.9,450.0,10.534,3.610663202487297,13.036888761795824,1.150581267821891,13.871463040140384,39.60734252,35.78421655,3.82312597
F15_y34.97_Vol455.9_Am450_rho10.575,15.0,34.97,455.9,450.0,10.575,3.610663202487297,13.036888761795824,1.150581267821891,13.871463040140384,39.60734254,35.80002982,3.80731272
F15_y34.97_Vol455.9_Am450_rho10.616,15.0,34.97,455.9,450.0,10.616,3.610663202487297,13.036888761795824,1.150581267821891,13.871463040140384,39.60734255,35.81594261,3.79139993
F15_y34.97_Vol455.9_Am500_rho10.493,15.0,34.97,455.9,500.0,10.493,3.610663202487297,13.036888761795824,1.150581267821891,13.871463040140384,39.60734249,35.80524773,3.80209477
F15_y34.97_Vol455.9_Am500_rho10.534,15.0,34.97,455.9,500.0,10.534,3.610663202487297,13.036888761795824,1.150581267821891,13.871463040140384,39.60734251,35.82146595,3.78587656
F15_y34.97_Vol455.9_Am500_rho10.575,15.0,34.97,455.9,500.0,10.575,3.610663202487297,13.036888761795824,1.150581267821891,13.871463040140384,39.60734252,35.83779551,3.76954701
F15_y34.97_Vol455.9_Am500_rho10.616,15.0,34.97,455.9,500.0,10.616,3.610663202487297,13.036888761795824,1.150581267821891,13.871463040140384,39.60734253,35.85419818,3.75314435
F15_y34.97_Vol455.9_Am550_rho10.493,15.0,34.97,455.9,550.0,10.493,3.610663202487297,13.036888761795824,1.150581267821891,13.871463040140384,39.60734248,35.84409093,3.76325155
F15_y34.97_Vol455.9_Am550_rho10.534,15.0,34.97,455.9,550.0,10.534,3.610663202487297,13.036888761795824,1.150581267821891,13.871463040140384,39.60734249,35.86074443,3.74659806
F15_y34.97_Vol455.9_Am550_rho10.575,15.0,34.97,455.9,550.0,10.575,3.610663202487297,13.036888761795824,1.150581267821891,13.871463040140384,39.60734251,35.87746048,3.72988202
F15_y34.97_Vol455.9_Am550_rho10.616,15.0,34.97,455.9,550.0,10.616,3.610663202487297,13.036888761795824,1.150581267821891,13.871463040140384,39.60734252,35.89425378,3.71308874
F15_y34.97_Vol514.7_Am450_rho10.493,15.0,34.97,514.7,450.0,10.493,3.8364475751846796,14.718329997140408,1.0191373615698465,12.28676899164562,38.95490368,35.18543483,3.76946885
F15_y34.97_Vol514.7_Am450_rho10.534,15.0,34.97,514.7,450.0,10.534,3.8364475751846796,14.718329997140408,1.0191373615698465,12.28676899164562,38.95490369,35.19316485,3.76173883
F15_y34.97_Vol514.7_Am450_rho10.575,15.0,34.97,514.7,450.0,10.575,3.8364475751846796,14.718329997140408,1.0191373615698465,12.28676899164562,38.9549037,35.20077557,3.75412813
F15_y34.97_Vol514.7_Am450_rho10.616,15.0,34.97,514.7,450.0,10.616,3.8364475751846796,14.718329997140408,1.0191373615698465,12.28676899164562,38.95490371,35.2085699,3.74633381
F15_y34.97_Vol514.7_Am500_rho10.493,15.0,34.97,514.7,500.0,10.493,3.8364475751846796,14.718329997140408,1.0191373615698465,12.28676899164562,38.95490366,35.2000093,3.75489436
F15_y34.97_Vol514.7_Am500_rho10.534,15.0,34.97,514.7,500.0,10.534,3.8364475751846796,14.718329997140408,1.0191373615698465,12.28676899164562,38.95490367,35.20785474,3.74704893
F15_y34.97_Vol514.7_Am500_rho10.575,15.0,34.97,514.7,500.0,10.575,3.8364475751846796,14.718329997140408,1.0191373615698465,12.28676899164562,38.95490368,35.21577391,3.73912978
F15_y34.97_Vol514.7_Am500_rho10.616,15.0,34.97,514.7,500.0,10.616,3.8364475751846796,14.718329997140408,1.0191373615698465,12.28676899164562,38.95490369,35.22399397,3.73090973
F15_y34.97_Vol514.7_Am550_rho10.493,15.0,34.97,514.7,550.0,10.493,3.8364475751846796,14.718329997140408,1.0191373615698465,12.28676899164562,38.95490365,35.21577082,3.73913283
F15_y34.97_Vol514.7_Am550_rho10.534,15.0,34.97,514.7,550.0,10.534,3.8364475751846796,14.718329997140408,1.0191373615698465,12.28676899164562,38.95490366,35.22378418,3.73111948
F15_y34.97_Vol514.7_Am550_rho10.575,15.0,34.97,514.7,550.0,10.575,3.8364475751846796,14.718329997140408,1.0191373615698465,12.28676899164562,38.95490368,35.23200084,3.72290284
F15_y34.97_Vol514.7_Am550_rho10.616,15.0,34.97,514.7,550.0,10.616,3.8364475751846796,14.718329997140408,1.0191373615698465,12.28676899164562,38.95490369,35.24042253,3.71448116
F15_y34.97_Vol573.5_Am450_rho10.493,15.0,34.97,573.5,450.0,10.493,4.049663101109151,16.399771232484987,0.9146469049694856,11.027027027027028,38.46360113,34.93694619,3.52665494
F15_y34.97_Vol573.5_Am450_rho10.534,15.0,34.97,573.5,450.0,10.534,4.049663101109151,16.399771232484987,0.9146469049694856,11.027027027027028,38.46360114,34.94293696,3.52066418
F15_y34.97_Vol573.5_Am450_rho10.575,15.0,34.97,573.5,450.0,10.575,4.049663101109151,16.399771232484987,0.9146469049694856,11.027027027027028,38.46360114,34.9487462,3.51485495
F15_y34.97_Vol573.5_Am450_rho10.616,15.0,34.97,573.5,450.0,10.616,4.049663101109151,16.399771232484987,0.9146469049694856,11.027027027027028,38.46360115,34.95449828,3.50910287
F15_y34.97_Vol573.5_Am500_rho10.493,15.0,34.97,573.5,500.0,10.493,4.049663101109151,16.399771232484987,0.9146469049694856,11.027027027027028,38.46360112,34.94937284,3.51422828
F15_y34.97_Vol573.5_Am500_rho10.534,15.0,34.97,573.5,500.0,10.534,4.049663101109151,16.399771232484987,0.9146469049694856,11.027027027027028,38.46360113,34.95499268,3.50860845
F15_y34.97_Vol573.5_Am500_rho10.575,15.0,34.97,573.5,500.0,10.575,4.049663101109151,16.399771232484987,0.9146469049694856,11.027027027027028,38.46360114,34.96061202,3.50298912
F15_y34.97_Vol573.5_Am500_rho10.616,15.0,34.97,573.5,500.0,10.616,4.049663101109151,16.399771232484987,0.9146469049694856,11.027027027027028,38.46360114,34.96612649,3.49747465
F15_y34.97_Vol573.5_Am550_rho10.493,15.0,34.97,573.5,550.0,10.493,4.049663101109151,16.399771232484987,0.9146469049694856,11.027027027027028,38.46360111,34.95968803,3.50391308
F15_y34.97_Vol573.5_Am550_rho10.534,15.0,34.97,573.5,550.0,10.534,4.049663101109151,16.399771232484987,0.9146469049694856,11.027027027027028,38.46360112,34.96521697,3.49838415
F15_y34.97_Vol573.5_Am550_rho10.575,15.0,34.97,573.5,550.0,10.575,4.049663101109151,16.399771232484987,0.9146469049694856,11.027027027027028,38.46360113,34.97073994,3.49286119
F15_y34.97_Vol573.5_Am550_rho10.616,15.0,34.97,573.5,550.0,10.616,4.049663101109151,16.399771232484987,0.9146469049694856,11.027027027027028,38.46360114,34.97621529,3.48738585
F15_y34.97_Vol632.3_Am450_rho10.493,15.0,34.97,632.3,450.0,10.493,4.252200896927327,18.081212467829566,0.8295903843112448,10.001581527755814,38.08029619,34.73616039,3.3441358
F15_y34.97_Vol632.3_Am450_rho10.534,15.0,34.97,632.3,450.0,10.534,4.252200896927327,18.081212467829566,0.8295903843112448,10.001581527755814,38.0802962,34.7437919,3.3365043
F15_y34.97_Vol632.3_Am450_rho10.575,15.0,34.97,632.3,450.0,10.575,4.252200896927327,18.081212467829566,0.8295903843112448,10.001581527755814,38.08029621,34.75126368,3.32903253
F15_y34.97_Vol632.3_Am450_rho10.616,15.0,34.97,632.3,450.0,10.616,4.252200896927327,18.081212467829566,0.8295903843112448,10.001581527755814,38.08029621,34.75852821,3.321768
F15_y34.97_Vol632.3_Am500_rho10.493,15.0,34.97,632.3,500.0,10.493,4.252200896927327,18.081212467829566,0.8295903843112448,10.001581527755814,38.08029619,34.75436945,3.32592674
F15_y34.97_Vol632.3_Am500_rho10.534,15.0,34.97,632.3,500.0,10.534,4.252200896927327,18.081212467829566,0.8295903843112448,10.001581527755814,38.08029619,34.76164876,3.31864743
F15_y34.97_Vol632.3_Am500_rho10.575,15.0,34.97,632.3,500.0,10.575,4.252200896927327,18.081212467829566,0.8295903843112448,10.001581527755814,38.0802962,34.76886377,3.31143243
F15_y34.97_Vol632.3_Am500_rho10.616,15.0,34.97,632.3,500.0,10.616,4.252200896927327,18.081212467829566,0.8295903843112448,10.001581527755814,38.08029621,34.7759399,3.30435631
F15_y34.97_Vol632.3_Am550_rho10.493,15.0,34.97,632.3,550.0,10.493,4.252200896927327,18.081212467829566,0.8295903843112448,10.001581527755814,38.08029618,34.76951864,3.31077754
F15_y34.97_Vol632.3_Am550_rho10.534,15.0,34.97,632.3,550.0,10.534,4.252200896927327,18.081212467829566,0.8295903843112448,10.001581527755814,38.08029619,34.77658871,3.30370748
F15_y34.97_Vol632.3_Am550_rho10.575,15.0,34.97,632.3,550.0,10.575,4.252200896927327,18.081212467829566,0.8295903843112448,10.001581527755814,38.0802962,34.78344978,3.29684642
F15_y34.97_Vol632.3_Am550_rho10.616,15.0,34.97,632.3,550.0,10.616,4.252200896927327,18.081212467829566,0.8295903843112448,10.001581527755814,38.0802962,34.79020767,3.29008854
F15_y34.97_Vol691.2_Am450_rho10.493,15.0,34.97,691.2,450.0,10.493,4.445842248338532,19.765513297111813,0.7588975694444443,9.149305555555554,37.77241316,34.55124412,3.22116904
F15_y34.97_Vol691.2_Am450_rho10.534,15.0,34.97,691.2,450.0,10.534,4.445842248338532,19.765513297111813,0.7588975694444443,9.149305555555554,37.77241317,34.55940722,3.21300595
F15_y34.97_Vol691.2_Am450_rho10.575,15.0,34.97,691.2,450.0,10.575,4.445842248338532,19.765513297111813,0.7588975694444443,9.149305555555554,37.77241317,34.56747487,3.2049383
F15_y34.97_Vol691.2_Am450_rho10.616,15.0,34.97,691.2,450.0,10.616,4.445842248338532,19.765513297111813,0.7588975694444443,9.149305555555554,37.77241317,35.01084811,2.76156506
F15_y34.97_Vol691.2_Am500_rho10.493,15.0,34.97,691.2,500.0,10.493,4.445842248338532,19.765513297111813,0.7588975694444443,9.149305555555554,37.77241316,34.57044042,3.20197274
F15_y34.97_Vol691.2_Am500_rho10.534,15.0,34.97,691.2,500.0,10.534,4.445842248338532,19.765513297111813,0.7588975694444443,9.149305555555554,37.77241316,34.57851493,3.19389823
F15_y34.97_Vol691.2_Am500_rho10.575,15.0,34.97,691.2,500.0,10.575,4.445842248338532,19.765513297111813,0.7588975694444443,9.149305555555554,37.77241317,34.58653574,3.18587743
F15_y34.97_Vol691.2_Am500_rho10.616,15.0,34.97,691.2,500.0,10.616,4.445842248338532,19.765513297111813,0.7588975694444443,9.149305555555554,37.77241317,34.59446606,3.17794711
F15_y34.97_Vol691.2_Am550_rho10.493,15.0,34.97,691.2,550.0,10.493,4.445842248338532,19.765513297111813,0.7588975694444443,9.149305555555554,37.77241316,34.58793055,3.18448261
F15_y34.97_Vol691.2_Am550_rho10.534,15.0,34.97,691.2,550.0,10.534,4.445842248338532,19.765513297111813,0.7588975694444443,9.149305555555554,37.77241316,34.59596073,3.17645243
F15_y34.97_Vol691.2_Am550_rho10.575,15.0,34.97,691.2,550.0,10.575,4.445842248338532,19.765513297111813,0.7588975694444443,9.149305555555554,37.77241317,34.60389535,3.16851781
F15_y34.97_Vol691.2_Am550_rho10.616,15.0,34.97,691.2,550.0,10.616,4.445842248338532,19.765513297111813,0.7588975694444443,9.149305555555554,37.77241317,34.61176404,3.16064913
F15_y34.97_Vol738.0_Am450_rho10.493,15.0,34.97,738.0,450.0,10.493,4.593887597660296,21.103803259937088,0.7107723577235773,8.569105691056912,37.56812099,34.45082505,3.11729594
F15_y34.97_Vol738.0_Am450_rho10.534,15.0,34.97,738.0,450.0,10.534,4.593887597660296,21.103803259937088,0.7107723577235773,8.569105691056912,37.56812099,34.45731016,3.11081083
F15_y34.97_Vol738.0_Am450_rho10.575,15.0,34.97,738.0,450.0,10.575,4.593887597660296,21.103803259937088,0.7107723577235773,8.569105691056912,37.56812099,34.46385411,3.10426688
F15_y34.97_Vol738.0_Am450_rho10.616,15.0,34.97,738.0,450.0,10.616,4.593887597660296,21.103803259937088,0.7107723577235773,8.569105691056912,37.568121,34.47042603,3.09769497
F15_y34.97_Vol738.0_Am500_rho10.493,15.0,34.97,738.0,500.0,10.493,4.593887597660296,21.103803259937088,0.7107723577235773,8.569105691056912,37.56812099,34.46531342,3.10280756
F15_y34.97_Vol738.0_Am500_rho10.534,15.0,34.97,738.0,500.0,10.534,4.593887597660296,21.103803259937088,0.7107723577235773,8.569105691056912,37.56812099,34.47205194,3.09606905
F15_y34.97_Vol738.0_Am500_rho10.575,15.0,34.97,738.0,500.0,10.575,4.593887597660296,21.103803259937088,0.7107723577235773,8.569105691056912,37.56812099,34.47879866,3.08932233
F15_y34.97_Vol738.0_Am500_rho10.616,15.0,34.97,738.0,500.0,10.616,4.593887597660296,21.103803259937088,0.7107723577235773,8.569105691056912,37.568121,34.48554468,3.08257632
F15_y34.97_Vol738.0_Am550_rho10.493,15.0,34.97,738.0,550.0,10.493,4.593887597660296,21.103803259937088,0.7107723577235773,8.569105691056912,37.56812099,34.47978378,3.08833721
F15_y34.97_Vol738.0_Am550_rho10.534,15.0,34.97,738.0,550.0,10.534,4.593887597660296,21.103803259937088,0.7107723577235773,8.569105691056912,37.56812099,34.48671639,3.0814046
F15_y34.97_Vol738.0_Am550_rho10.575,15.0,34.97,738.0,550.0,10.575,4.593887597660296,21.103803259937088,0.7107723577235773,8.569105691056912,37.56812099,34.49364582,3.07447518
F15_y34.97_Vol738.0_Am550_rho10.616,15.0,34.97,738.0,550.0,10.616,4.593887597660296,21.103803259937088,0.7107723577235773,8.569105691056912,37.56812099,34.50057669,3.06754431
F18_y32.69_Vol421.6_Am450_rho10.493,18.0,32.69,421.6,450.0,10.493,3.591226861414324,12.896910370143777,1.395683111954459,16.826422647983986,38.26908541,34.31441794,3.95466747
F18_y32.69_Vol421.6_Am450_rho10.534,18.0,32.69,421.6,450.0,10.534,3.591226861414324,12.896910370143777,1.395683111954459,16.826422647983986,38.26908543,34.32597395,3.94311148
F18_y32.69_Vol421.6_Am450_rho10.575,18.0,32.69,421.6,450.0,10.575,3.591226861414324,12.896910370143777,1.395683111954459,16.826422647983986,38.26908544,34.33746837,3.93161707
F18_y32.69_Vol421.6_Am450_rho10.616,18.0,32.69,421.6,450.0,10.616,3.591226861414324,12.896910370143777,1.395683111954459,16.826422647983986,38.26908546,34.34923404,3.91985142
F18_y32.69_Vol421.6_Am500_rho10.493,18.0,32.69,421.6,500.0,10.493,3.591226861414324,12.896910370143777,1.395683111954459,16.826422647983986,38.26908539,34.32236007,3.94672532
F18_y32.69_Vol421.6_Am500_rho10.534,18.0,32.69,421.6,500.0,10.534,3.591226861414324,12.896910370143777,1.395683111954459,16.826422647983986,38.26908541,34.33384452,3.93524088
F18_y32.69_Vol421.6_Am500_rho10.575,18.0,32.69,421.6,500.0,10.575,3.591226861414324,12.896910370143777,1.395683111954459,16.826422647983986,38.26908542,34.34502115,3.92406427
F18_y32.69_Vol421.6_Am500_rho10.616,18.0,32.69,421.6,500.0,10.616,3.591226861414324,12.896910370143777,1.395683111954459,16.826422647983986,38.26908544,34.35639953,3.9126859
F18_y32.69_Vol421.6_Am550_rho10.493,18.0,32.69,421.6,550.0,10.493,3.591226861414324,12.896910370143777,1.395683111954459,16.826422647983986,38.26908539,34.33322029,3.9358651
F18_y32.69_Vol421.6_Am550_rho10.534,18.0,32.69,421.6,550.0,10.534,3.591226861414324,12.896910370143777,1.395683111954459,16.826422647983986,38.26908539,34.34447472,3.92461067
F18_y32.69_Vol421.6_Am550_rho10.575,18.0,32.69,421.6,550.0,10.575,3.591226861414324,12.896910370143777,1.395683111954459,16.826422647983986,38.26908541,34.35581634,3.91326907
F18_y32.69_Vol421.6_Am550_rho10.616,18.0,32.69,421.6,550.0,10.616,3.591226861414324,12.896910370143777,1.395683111954459,16.826422647983986,38.26908542,34.36707884,3.90200659
F18_y32.69_Vol455.9_Am450_rho10.493,18.0,32.69,455.9,450.0,10.493,3.734455904877668,13.946160905475681,1.2906777802149594,15.560473323952728,37.71802445,33.8501757,3.86784875
F18_y32.69_Vol455.9_Am450_rho10.534,18.0,32.69,455.9,450.0,10.534,3.734455904877668,13.946160905475681,1.2906777802149594,15.560473323952728,37.71802447,33.86045854,3.85756592
F18_y32.69_Vol455.9_Am450_rho10.575,18.0,32.69,455.9,450.0,10.575,3.734455904877668,13.946160905475681,1.2906777802149594,15.560473323952728,37.71802448,37.09596768,0.62205679
F18_y32.69_Vol455.9_Am450_rho10.616,18.0,32.69,455.9,450.0,10.616,3.734455904877668,13.946160905475681,1.2906777802149594,15.560473323952728,37.71802449,33.88052752,3.83749697
F18_y32.69_Vol455.9_Am500_rho10.493,18.0,32.69,455.9,500.0,10.493,3.734455904877668,13.946160905475681,1.2906777802149594,15.560473323952728,37.71802444,33.86761845,3.850406
F18_y32.69_Vol455.9_Am500_rho10.534,18.0,32.69,455.9,500.0,10.534,3.734455904877668,13.946160905475681,1.2906777802149594,15.560473323952728,37.71802445,33.87718155,3.8408429
F18_y32.69_Vol455.9_Am500_rho10.575,18.0,32.69,455.9,500.0,10.575,3.734455904877668,13.946160905475681,1.2906777802149594,15.560473323952728,37.71802446,33.88681487,3.83120959
F18_y32.69_Vol455.9_Am500_rho10.616,18.0,32.69,455.9,500.0,10.616,3.734455904877668,13.946160905475681,1.2906777802149594,15.560473323952728,37.71802447,33.89640198,3.82162249
F18_y32.69_Vol455.9_Am550_rho10.493,18.0,32.69,455.9,550.0,10.493,3.734455904877668,13.946160905475681,1.2906777802149594,15.560473323952728,37.71802443,33.88288701,3.83513742
F18_y32.69_Vol455.9_Am550_rho10.534,18.0,32.69,455.9,550.0,10.534,3.734455904877668,13.946160905475681,1.2906777802149594,15.560473323952728,37.71802444,33.89214153,3.82588291
F18_y32.69_Vol455.9_Am550_rho10.575,18.0,32.69,455.9,550.0,10.575,3.734455904877668,13.946160905475681,1.2906777802149594,15.560473323952728,37.71802445,33.90137091,3.81665354
F18_y32.69_Vol455.9_Am550_rho10.616,18.0,32.69,455.9,550.0,10.616,3.734455904877668,13.946160905475681,1.2906777802149594,15.560473323952728,37.71802446,33.91059172,3.80743275
F18_y32.69_Vol514.7_Am450_rho10.493,18.0,32.69,514.7,450.0,10.493,3.967981364485197,15.744876108901808,1.1432290654750337,13.78282453543821,36.98988242,33.27170683,3.71817559
F18_y32.69_Vol514.7_Am450_rho10.534,18.0,32.69,514.7,450.0,10.534,3.967981364485197,15.744876108901808,1.1432290654750337,13.78282453543821,36.98988242,33.28231926,3.70756316
F18_y32.69_Vol514.7_Am450_rho10.575,18.0,32.69,514.7,450.0,10.575,3.967981364485197,15.744876108901808,1.1432290654750337,13.78282453543821,36.98988243,33.29273457,3.69714785
F18_y32.69_Vol514.7_Am450_rho10.616,18.0,32.69,514.7,450.0,10.616,3.967981364485197,15.744876108901808,1.1432290654750337,13.78282453543821,36.98988243,33.30299971,3.68688272
F18_y32.69_Vol514.7_Am500_rho10.493,18.0,32.69,514.7,500.0,10.493,3.967981364485197,15.744876108901808,1.1432290654750337,13.78282453543821,36.98988241,33.29559792,3.69428449
F18_y32.69_Vol514.7_Am500_rho10.534,18.0,32.69,514.7,500.0,10.534,3.967981364485197,15.744876108901808,1.1432290654750337,13.78282453543821,36.98988241,33.30610489,3.68377752
F18_y32.69_Vol514.7_Am500_rho10.575,18.0,32.69,514.7,500.0,10.575,3.967981364485197,15.744876108901808,1.1432290654750337,13.78282453543821,36.98988242,33.31665598,3.67322644
F18_y32.69_Vol514.7_Am500_rho10.616,18.0,32.69,514.7,500.0,10.616,3.967981364485197,15.744876108901808,1.1432290654750337,13.78282453543821,36.98988242,33.32705367,3.66282875
F18_y32.69_Vol514.7_Am550_rho10.493,18.0,32.69,514.7,550.0,10.493,3.967981364485197,15.744876108901808,1.1432290654750337,13.78282453543821,36.9898824,33.31752174,3.67236066
F18_y32.69_Vol514.7_Am550_rho10.534,18.0,32.69,514.7,550.0,10.534,3.967981364485197,15.744876108901808,1.1432290654750337,13.78282453543821,36.98988241,33.32803195,3.66185046
F18_y32.69_Vol514.7_Am550_rho10.575,18.0,32.69,514.7,550.0,10.575,3.967981364485197,15.744876108901808,1.1432290654750337,13.78282453543821,36.98988242,33.33843118,3.65145123
F18_y32.69_Vol514.7_Am550_rho10.616,18.0,32.69,514.7,550.0,10.616,3.967981364485197,15.744876108901808,1.1432290654750337,13.78282453543821,36.98988242,33.34871387,3.64116855
F18_y32.69_Vol573.5_Am450_rho10.493,18.0,32.69,573.5,450.0,10.493,4.188507050528616,17.54359131232793,1.0260156931124673,12.369694487166607,36.44609327,32.89851939,3.54757389
F18_y32.69_Vol573.5_Am450_rho10.534,18.0,32.69,573.5,450.0,10.534,4.188507050528616,17.54359131232793,1.0260156931124673,12.369694487166607,36.44609328,32.90600091,3.54009237
F18_y32.69_Vol573.5_Am450_rho10.575,18.0,32.69,573.5,450.0,10.575,4.188507050528616,17.54359131232793,1.0260156931124673,12.369694487166607,36.44609328,32.91347993,3.53261335
F18_y32.69_Vol573.5_Am450_rho10.616,18.0,32.69,573.5,450.0,10.616,4.188507050528616,17.54359131232793,1.0260156931124673,12.369694487166607,36.44609329,32.92101459,3.5250787
F18_y32.69_Vol573.5_Am500_rho10.493,18.0,32.69,573.5,500.0,10.493,4.188507050528616,17.54359131232793,1.0260156931124673,12.369694487166607,36.44609327,32.90639703,3.53969624
F18_y32.69_Vol573.5_Am500_rho10.534,18.0,32.69,573.5,500.0,10.534,4.188507050528616,17.54359131232793,1.0260156931124673,12.369694487166607,36.44609327,32.91439362,3.53169965
F18_y32.69_Vol573.5_Am500_rho10.575,18.0,32.69,573.5,500.0,10.575,4.188507050528616,17.54359131232793,1.0260156931124673,12.369694487166607,36.44609328,32.92240976,3.52368352
F18_y32.69_Vol573.5_Am500_rho10.616,18.0,32.69,573.5,500.0,10.616,4.188507050528616,17.54359131232793,1.0260156931124673,12.369694487166607,36.44609328,32.93062724,3.51546604
F18_y32.69_Vol573.5_Am550_rho10.493,18.0,32.69,573.5,550.0,10.493,4.188507050528616,17.54359131232793,1.0260156931124673,12.369694487166607,36.44609327,32.91605811,3.53003516
F18_y32.69_Vol573.5_Am550_rho10.534,18.0,32.69,573.5,550.0,10.534,4.188507050528616,17.54359131232793,1.0260156931124673,12.369694487166607,36.44609327,32.92461805,3.52147522
F18_y32.69_Vol573.5_Am550_rho10.575,18.0,32.69,573.5,550.0,10.575,4.188507050528616,17.54359131232793,1.0260156931124673,12.369694487166607,36.44609328,32.93329076,3.51280252
F18_y32.69_Vol573.5_Am550_rho10.616,18.0,32.69,573.5,550.0,10.616,4.188507050528616,17.54359131232793,1.0260156931124673,12.369694487166607,36.44609328,32.94190973,3.50418355
F18_y32.69_Vol632.3_Am450_rho10.493,18.0,32.69,632.3,450.0,10.493,4.397988917193182,19.342306515754053,0.9306025620749644,11.219389195619245,36.02455995,32.79680623,3.22775372
F18_y32.69_Vol632.3_Am450_rho10.534,18.0,32.69,632.3,450.0,10.534,4.397988917193182,19.342306515754053,0.9306025620749644,11.219389195619245,36.02455996,32.79900423,3.22555573
F18_y32.69_Vol632.3_Am450_rho10.575,18.0,32.69,632.3,450.0,10.575,4.397988917193182,19.342306515754053,0.9306025620749644,11.219389195619245,36.02455996,32.80117185,3.22338811
F18_y32.69_Vol632.3_Am450_rho10.616,18.0,32.69,632.3,450.0,10.616,4.397988917193182,19.342306515754053,0.9306025620749644,11.219389195619245,36.02455996,32.80333299,3.22122698
F18_y32.69_Vol632.3_Am500_rho10.493,18.0,32.69,632.3,500.0,10.493,4.397988917193182,19.342306515754053,0.9306025620749644,11.219389195619245,36.02455995,32.78802682,3.23653313
F18_y32.69_Vol632.3_Am500_rho10.534,18.0,32.69,632.3,500.0,10.534,4.397988917193182,19.342306515754053,0.9306025620749644,11.219389195619245,36.02455996,32.79010681,3.23445315
F18_y32.69_Vol632.3_Am500_rho10.575,18.0,32.69,632.3,500.0,10.575,4.397988917193182,19.342306515754053,0.9306025620749644,11.219389195619245,36.02455996,32.79226479,3.23229517
F18_y32.69_Vol632.3_Am500_rho10.616,18.0,32.69,632.3,500.0,10.616,4.397988917193182,19.342306515754053,0.9306025620749644,11.219389195619245,36.02455996,32.794421,3.23013896
F18_y32.69_Vol632.3_Am550_rho10.493,18.0,32.69,632.3,550.0,10.493,4.397988917193182,19.342306515754053,0.9306025620749644,11.219389195619245,36.02455995,32.77977736,3.24478259
F18_y32.69_Vol632.3_Am550_rho10.534,18.0,32.69,632.3,550.0,10.534,4.397988917193182,19.342306515754053,0.9306025620749644,11.219389195619245,36.02455995,32.78189417,3.24266578
F18_y32.69_Vol632.3_Am550_rho10.575,18.0,32.69,632.3,550.0,10.575,4.397988917193182,19.342306515754053,0.9306025620749644,11.219389195619245,36.02455996,32.78398773,3.24057223
F18_y32.69_Vol632.3_Am550_rho10.616,18.0,32.69,632.3,550.0,10.616,4.397988917193182,19.342306515754053,0.9306025620749644,11.219389195619245,36.02455996,32.78597816,3.2385818
F18_y32.69_Vol691.2_Am450_rho10.493,18.0,32.69,691.2,450.0,10.493,4.598269322108242,21.14408075864179,0.8513020833333332,10.263338814221713,35.68769598,32.77271697,2.91497901
F18_y32.69_Vol691.2_Am450_rho10.534,18.0,32.69,691.2,450.0,10.534,4.598269322108242,21.14408075864179,0.8513020833333332,10.263338814221713,35.68769598,32.77450601,2.91318997
F18_y32.69_Vol691.2_Am450_rho10.575,18.0,32.69,691.2,450.0,10.575,4.598269322108242,21.14408075864179,0.8513020833333332,10.263338814221713,35.68769598,32.77624664,2.91144934
F18_y32.69_Vol691.2_Am450_rho10.616,18.0,32.69,691.2,450.0,10.616,4.598269322108242,21.14408075864179,0.8513020833333332,10.263338814221713,35.68769599,32.77799571,2.90970027
F18_y32.69_Vol691.2_Am500_rho10.493,18.0,32.69,691.2,500.0,10.493,4.598269322108242,21.14408075864179,0.8513020833333332,10.263338814221713,35.68769598,32.76717565,2.92052032
F18_y32.69_Vol691.2_Am500_rho10.534,18.0,32.69,691.2,500.0,10.534,4.598269322108242,21.14408075864179,0.8513020833333332,10.263338814221713,35.68769598,32.76876666,2.91892932
F18_y32.69_Vol691.2_Am500_rho10.575,18.0,32.69,691.2,500.0,10.575,4.598269322108242,21.14408075864179,0.8513020833333332,10.263338814221713,35.68769598,32.77051674,2.91717924
F18_y32.69_Vol691.2_Am500_rho10.616,18.0,32.69,691.2,500.0,10.616,4.598269322108242,21.14408075864179,0.8513020833333332,10.263338814221713,35.68769598,32.77232137,2.91537461
F18_y32.69_Vol691.2_Am550_rho10.493,18.0,32.69,691.2,550.0,10.493,4.598269322108242,21.14408075864179,0.8513020833333332,10.263338814221713,35.68769598,32.76198241,2.92571357
F18_y32.69_Vol691.2_Am550_rho10.534,18.0,32.69,691.2,550.0,10.534,4.598269322108242,21.14408075864179,0.8513020833333332,10.263338814221713,35.68769598,32.76364193,2.92405405
F18_y32.69_Vol691.2_Am550_rho10.575,18.0,32.69,691.2,550.0,10.575,4.598269322108242,21.14408075864179,0.8513020833333332,10.263338814221713,35.68769598,32.76533695,2.92235903
F18_y32.69_Vol691.2_Am550_rho10.616,18.0,32.69,691.2,550.0,10.616,4.598269322108242,21.14408075864179,0.8513020833333332,10.263338814221713,35.68769598,32.76698982,2.92070616
F18_y32.69_Vol738.0_Am450_rho10.493,18.0,32.69,738.0,450.0,10.493,4.751390451928238,22.575711226674827,0.7973170731707316,9.612492938197898,35.46501852,32.75904477,2.70597375
F18_y32.69_Vol738.0_Am450_rho10.534,18.0,32.69,738.0,450.0,10.534,4.751390451928238,22.575711226674827,0.7973170731707316,9.612492938197898,35.46501852,32.76051042,2.7045081
F18_y32.69_Vol738.0_Am450_rho10.575,18.0,32.69,738.0,450.0,10.575,4.751390451928238,22.575711226674827,0.7973170731707316,9.612492938197898,35.46501852,32.76194177,2.70307676
F18_y32.69_Vol738.0_Am450_rho10.616,18.0,32.69,738.0,450.0,10.616,4.751390451928238,22.575711226674827,0.7973170731707316,9.612492938197898,35.46501853,32.76335608,2.70166245
F18_y32.69_Vol738.0_Am500_rho10.493,18.0,32.69,738.0,500.0,10.493,4.751390451928238,22.575711226674827,0.7973170731707316,9.612492938197898,35.46501852,32.75537114,2.70964739
F18_y32.69_Vol738.0_Am500_rho10.534,18.0,32.69,738.0,500.0,10.534,4.751390451928238,22.575711226674827,0.7973170731707316,9.612492938197898,35.46501852,32.75678748,2.70823105
F18_y32.69_Vol738.0_Am500_rho10.575,18.0,32.69,738.0,500.0,10.575,4.751390451928238,22.575711226674827,0.7973170731707316,9.612492938197898,35.46501852,32.75825652,2.70676201
F18_y32.69_Vol738.0_Am500_rho10.616,18.0,32.69,738.0,500.0,10.616,4.751390451928238,22.575711226674827,0.7973170731707316,9.612492938197898,35.46501852,32.75967802,2.70534051
F18_y32.69_Vol738.0_Am550_rho10.493,18.0,32.69,738.0,550.0,10.493,4.751390451928238,22.575711226674827,0.7973170731707316,9.612492938197898,35.46501852,32.75176954,2.71324899
F18_y32.69_Vol738.0_Am550_rho10.534,18.0,32.69,738.0,550.0,10.534,4.751390451928238,22.575711226674827,0.7973170731707316,9.612492938197898,35.46501852,32.75314703,2.71187149
F18_y32.69_Vol738.0_Am550_rho10.575,18.0,32.69,738.0,550.0,10.575,4.751390451928238,22.575711226674827,0.7973170731707316,9.612492938197898,35.46501852,32.75451126,2.71050727
F18_y32.69_Vol738.0_Am550_rho10.616,18.0,32.69,738.0,550.0,10.616,4.751390451928238,22.575711226674827,0.7973170731707316,9.612492938197898,35.46501852,32.7559458,2.70907273
F18_y33.19_Vol421.6_Am450_rho10.493,18.0,33.19,421.6,450.0,10.493,3.564073690521467,12.702621271467311,1.417030360531309,17.08378610237346,38.97172386,35.06520158,3.90652229
F18_y33.19_Vol421.6_Am450_rho10.534,18.0,33.19,421.6,450.0,10.534,3.564073690521467,12.702621271467311,1.417030360531309,17.08378610237346,38.97172387,35.07947861,3.89224526
F18_y33.19_Vol421.6_Am450_rho10.575,18.0,33.19,421.6,450.0,10.575,3.564073690521467,12.702621271467311,1.417030360531309,17.08378610237346,38.97172389,35.09395361,3.87777028
F18_y33.19_Vol421.6_Am450_rho10.616,18.0,33.19,421.6,450.0,10.616,3.564073690521467,12.702621271467311,1.417030360531309,17.08378610237346,38.97172391,35.10841593,3.86330797
F18_y33.19_Vol421.6_Am500_rho10.493,18.0,33.19,421.6,500.0,10.493,3.564073690521467,12.702621271467311,1.417030360531309,17.08378610237346,38.97172384,35.08632021,3.88540363
F18_y33.19_Vol421.6_Am500_rho10.534,18.0,33.19,421.6,500.0,10.534,3.564073690521467,12.702621271467311,1.417030360531309,17.08378610237346,38.97172385,35.10089482,3.87082903
F18_y33.19_Vol421.6_Am500_rho10.575,18.0,33.19,421.6,500.0,10.575,3.564073690521467,12.702621271467311,1.417030360531309,17.08378610237346,38.97172386,35.11543018,3.85629369
F18_y33.19_Vol421.6_Am500_rho10.616,18.0,33.19,421.6,500.0,10.616,3.564073690521467,12.702621271467311,1.417030360531309,17.08378610237346,38.97172388,35.13020033,3.84152354
F18_y33.19_Vol421.6_Am550_rho10.493,18.0,33.19,421.6,550.0,10.493,3.564073690521467,12.702621271467311,1.417030360531309,17.08378610237346,38.97172383,35.11290107,3.85882276
F18_y33.19_Vol421.6_Am550_rho10.534,18.0,33.19,421.6,550.0,10.534,3.564073690521467,12.702621271467311,1.417030360531309,17.08378610237346,38.97172384,35.1278437,3.84388014
F18_y33.19_Vol421.6_Am550_rho10.575,18.0,33.19,421.6,550.0,10.575,3.564073690521467,12.702621271467311,1.417030360531309,17.08378610237346,38.97172385,35.1426767,3.82904715
F18_y33.19_Vol421.6_Am550_rho10.616,18.0,33.19,421.6,550.0,10.616,3.564073690521467,12.702621271467311,1.417030360531309,17.08378610237346,38.97172386,35.1576719,3.81405196
F18_y33.19_Vol455.9_Am450_rho10.493,18.0,33.19,455.9,450.0,10.493,3.7062197829922776,13.736065079843327,1.310418951524457,15.79847383364916,38.39794042,34.51548874,3.88245168
F18_y33.19_Vol455.9_Am450_rho10.534,18.0,33.19,455.9,450.0,10.534,3.7062197829922776,13.736065079843327,1.310418951524457,15.79847383364916,38.39794043,34.52558873,3.8723517
F18_y33.19_Vol455.9_Am450_rho10.575,18.0,33.19,455.9,450.0,10.575,3.7062197829922776,13.736065079843327,1.310418951524457,15.79847383364916,38.39794044,34.53560188,3.86233855
F18_y33.19_Vol455.9_Am450_rho10.616,18.0,33.19,455.9,450.0,10.616,3.7062197829922776,13.736065079843327,1.310418951524457,15.79847383364916,38.39794045,34.54571464,3.85222581
F18_y33.19_Vol455.9_Am500_rho10.493,18.0,33.19,455.9,500.0,10.493,3.7062197829922776,13.736065079843327,1.310418951524457,15.79847383364916,38.39794041,34.53058798,3.86735243
F18_y33.19_Vol455.9_Am500_rho10.534,18.0,33.19,455.9,500.0,10.534,3.7062197829922776,13.736065079843327,1.310418951524457,15.79847383364916,38.39794041,34.54057191,3.8573685
F18_y33.19_Vol455.9_Am500_rho10.575,18.0,33.19,455.9,500.0,10.575,3.7062197829922776,13.736065079843327,1.310418951524457,15.79847383364916,38.39794042,34.55048679,3.84745364
F18_y33.19_Vol455.9_Am500_rho10.616,18.0,33.19,455.9,500.0,10.616,3.7062197829922776,13.736065079843327,1.310418951524457,15.79847383364916,38.39794043,34.56045318,3.83748725
F18_y33.19_Vol455.9_Am550_rho10.493,18.0,33.19,455.9,550.0,10.493,3.7062197829922776,13.736065079843327,1.310418951524457,15.79847383364916,38.3979404,34.54733049,3.85060991
F18_y33.19_Vol455.9_Am550_rho10.534,18.0,33.19,455.9,550.0,10.534,3.7062197829922776,13.736065079843327,1.310418951524457,15.79847383364916,38.39794041,34.55714242,3.84079799
F18_y33.19_Vol455.9_Am550_rho10.575,18.0,33.19,455.9,550.0,10.575,3.7062197829922776,13.736065079843327,1.310418951524457,15.79847383364916,38.39794041,34.56710239,3.83083803
F18_y33.19_Vol455.9_Am550_rho10.616,18.0,33.19,455.9,550.0,10.616,3.7062197829922776,13.736065079843327,1.310418951524457,15.79847383364916,38.39794042,34.57714603,3.82079439
F18_y33.19_Vol514.7_Am450_rho10.493,18.0,33.19,514.7,450.0,10.493,3.9379795628036667,15.507683037059358,1.1607149795997667,13.993635556169906,37.64063574,33.96394598,3.67668976
F18_y33.19_Vol514.7_Am450_rho10.534,18.0,33.19,514.7,450.0,10.534,3.9379795628036667,15.507683037059358,1.1607149795997667,13.993635556169906,37.64063575,33.97262167,3.66801408
F18_y33.19_Vol514.7_Am450_rho10.575,18.0,33.19,514.7,450.0,10.575,3.9379795628036667,15.507683037059358,1.1607149795997667,13.993635556169906,37.64063575,33.98105013,3.65958562
F18_y33.19_Vol514.7_Am450_rho10.616,18.0,33.19,514.7,450.0,10.616,3.9379795628036667,15.507683037059358,1.1607149795997667,13.993635556169906,37.64063576,33.98943192,3.65120384
F18_y33.19_Vol514.7_Am500_rho10.493,18.0,33.19,514.7,500.0,10.493,3.9379795628036667,15.507683037059358,1.1607149795997667,13.993635556169906,37.64063573,33.98333202,3.65730371
F18_y33.19_Vol514.7_Am500_rho10.534,18.0,33.19,514.7,500.0,10.534,3.9379795628036667,15.507683037059358,1.1607149795997667,13.993635556169906,37.64063574,33.99164027,3.64899547
F18_y33.19_Vol514.7_Am500_rho10.575,18.0,33.19,514.7,500.0,10.575,3.9379795628036667,15.507683037059358,1.1607149795997667,13.993635556169906,37.64063575,33.99981401,3.64082173
F18_y33.19_Vol514.7_Am500_rho10.616,18.0,33.19,514.7,500.0,10.616,3.9379795628036667,15.507683037059358,1.1607149795997667,13.993635556169906,37.64063575,34.00791219,3.63272356
F18_y33.19_Vol514.7_Am550_rho10.493,18.0,33.19,514.7,550.0,10.493,3.9379795628036667,15.507683037059358,1.1607149795997667,13.993635556169906,37.64063573,33.99966071,3.64097502
F18_y33.19_Vol514.7_Am550_rho10.534,18.0,33.19,514.7,550.0,10.534,3.9379795628036667,15.507683037059358,1.1607149795997667,13.993635556169906,37.64063573,34.00768842,3.63294732
F18_y33.19_Vol514.7_Am550_rho10.575,18.0,33.19,514.7,550.0,10.575,3.9379795628036667,15.507683037059358,1.1607149795997667,13.993635556169906,37.64063574,36.99730815,0.64332759
F18_y33.19_Vol514.7_Am550_rho10.616,18.0,33.19,514.7,550.0,10.616,3.9379795628036667,15.507683037059358,1.1607149795997667,13.993635556169906,37.64063575,34.02346928,3.61716647
F18_y33.19_Vol573.5_Am450_rho10.493,18.0,33.19,573.5,450.0,10.493,4.156837859993505,17.279300994275385,1.0417088055797732,12.558891404988058,37.07573978,33.56382462,3.51191516
F18_y33.19_Vol573.5_Am450_rho10.534,18.0,33.19,573.5,450.0,10.534,4.156837859993505,17.279300994275385,1.0417088055797732,12.558891404988058,37.07573979,33.5729824,3.50275739
F18_y33.19_Vol573.5_Am450_rho10.575,18.0,33.19,573.5,450.0,10.575,4.156837859993505,17.279300994275385,1.0417088055797732,12.558891404988058,37.07573979,33.58207221,3.49366758
F18_y33.19_Vol573.5_Am450_rho10.616,18.0,33.19,573.5,450.0,10.616,4.156837859993505,17.279300994275385,1.0417088055797732,12.558891404988058,37.0757398,33.59113331,3.48460649
F18_y33.19_Vol573.5_Am500_rho10.493,18.0,33.19,573.5,500.0,10.493,4.156837859993505,17.279300994275385,1.0417088055797732,12.558891404988058,37.07573977,33.58213749,3.49360228
F18_y33.19_Vol573.5_Am500_rho10.534,18.0,33.19,573.5,500.0,10.534,4.156837859993505,17.279300994275385,1.0417088055797732,12.558891404988058,37.07573978,33.59140844,3.48433134
F18_y33.19_Vol573.5_Am500_rho10.575,18.0,33.19,573.5,500.0,10.575,4.156837859993505,17.279300994275385,1.0417088055797732,12.558891404988058,37.07573979,33.60051436,3.47522543
F18_y33.19_Vol573.5_Am500_rho10.616,18.0,33.19,573.5,500.0,10.616,4.156837859993505,17.279300994275385,1.0417088055797732,12.558891404988058,37.07573979,33.60957865,3.46616114
F18_y33.19_Vol573.5_Am550_rho10.493,18.0,33.19,573.5,550.0,10.493,4.156837859993505,17.279300994275385,1.0417088055797732,12.558891404988058,37.07573977,33.59927357,3.4764662
F18_y33.19_Vol573.5_Am550_rho10.534,18.0,33.19,573.5,550.0,10.534,4.156837859993505,17.279300994275385,1.0417088055797732,12.558891404988058,37.07573978,33.60861318,3.4671266
F18_y33.19_Vol573.5_Am550_rho10.575,18.0,33.19,573.5,550.0,10.575,4.156837859993505,17.279300994275385,1.0417088055797732,12.558891404988058,37.07573978,33.61772098,3.4580188
F18_y33.19_Vol573.5_Am550_rho10.616,18.0,33.19,573.5,550.0,10.616,4.156837859993505,17.279300994275385,1.0417088055797732,12.558891404988058,37.07573979,33.62684627,3.44889352
F18_y33.19_Vol632.3_Am450_rho10.493,18.0,33.19,632.3,450.0,10.493,4.364735839829417,19.05091895149141,0.9448363118772736,11.390991967041995,36.63824251,33.31390323,3.32433928
F18_y33.19_Vol632.3_Am450_rho10.534,18.0,33.19,632.3,450.0,10.534,4.364735839829417,19.05091895149141,0.9448363118772736,11.390991967041995,36.63824252,33.31949989,3.31874262
F18_y33.19_Vol632.3_Am450_rho10.575,18.0,33.19,632.3,450.0,10.575,4.364735839829417,19.05091895149141,0.9448363118772736,11.390991967041995,36.63824252,33.32532776,3.31291476
F18_y33.19_Vol632.3_Am450_rho10.616,18.0,33.19,632.3,450.0,10.616,4.364735839829417,19.05091895149141,0.9448363118772736,11.390991967041995,36.63824253,33.33119395,3.30704858
F18_y33.19_Vol632.3_Am500_rho10.493,18.0,33.19,632.3,500.0,10.493,4.364735839829417,19.05091895149141,0.9448363118772736,11.390991967041995,36.63824251,33.3191153,3.31912721
F18_y33.19_Vol632.3_Am500_rho10.534,18.0,33.19,632.3,500.0,10.534,4.364735839829417,19.05091895149141,0.9448363118772736,11.390991967041995,36.63824251,33.32521451,3.31302801
F18_y33.19_Vol632.3_Am500_rho10.575,18.0,33.19,632.3,500.0,10.575,4.364735839829417,19.05091895149141,0.9448363118772736,11.390991967041995,36.63824252,33.33137596,3.30686656
F18_y33.19_Vol632.3_Am500_rho10.616,18.0,33.19,632.3,500.0,10.616,4.364735839829417,19.05091895149141,0.9448363118772736,11.390991967041995,36.63824252,33.33786594,3.30037658
F18_y33.19_Vol632.3_Am550_rho10.493,18.0,33.19,632.3,550.0,10.493,4.364735839829417,19.05091895149141,0.9448363118772736,11.390991967041995,36.63824251,33.32584609,3.31239642
F18_y33.19_Vol632.3_Am550_rho10.534,18.0,33.19,632.3,550.0,10.534,4.364735839829417,19.05091895149141,0.9448363118772736,11.390991967041995,36.63824251,33.33233194,3.30591057
F18_y33.19_Vol632.3_Am550_rho10.575,18.0,33.19,632.3,550.0,10.575,4.364735839829417,19.05091895149141,0.9448363118772736,11.390991967041995,36.63824252,33.33902373,3.29921878
F18_y33.19_Vol632.3_Am550_rho10.616,18.0,33.19,632.3,550.0,10.616,4.364735839829417,19.05091895149141,0.9448363118772736,11.390991967041995,36.63824252,33.34583409,3.29240843
F18_y33.19_Vol691.2_Am450_rho10.493,18.0,33.19,691.2,450.0,10.493,4.563501929923663,20.825549864416995,0.8643229166666666,10.420318606424553,36.28888386,33.25614352,3.03274034
F18_y33.19_Vol691.2_Am450_rho10.534,18.0,33.19,691.2,450.0,10.534,4.563501929923663,20.825549864416995,0.8643229166666666,10.420318606424553,36.28888387,33.25803149,3.03085237
F18_y33.19_Vol691.2_Am450_rho10.575,18.0,33.19,691.2,450.0,10.575,4.563501929923663,20.825549864416995,0.8643229166666666,10.420318606424553,36.28888387,33.25993384,3.02895003
F18_y33.19_Vol691.2_Am450_rho10.616,18.0,33.19,691.2,450.0,10.616,4.563501929923663,20.825549864416995,0.8643229166666666,10.420318606424553,36.28888387,33.26184977,3.0270341
F18_y33.19_Vol691.2_Am500_rho10.493,18.0,33.19,691.2,500.0,10.493,4.563501929923663,20.825549864416995,0.8643229166666666,10.420318606424553,36.28888386,33.25196928,3.03691458
F18_y33.19_Vol691.2_Am500_rho10.534,18.0,33.19,691.2,500.0,10.534,4.563501929923663,20.825549864416995,0.8643229166666666,10.420318606424553,36.28888386,33.25378261,3.03510126
F18_y33.19_Vol691.2_Am500_rho10.575,18.0,33.19,691.2,500.0,10.575,4.563501929923663,20.825549864416995,0.8643229166666666,10.420318606424553,36.28888387,33.25560576,3.03327811
F18_y33.19_Vol691.2_Am500_rho10.616,18.0,33.19,691.2,500.0,10.616,4.563501929923663,20.825549864416995,0.8643229166666666,10.420318606424553,36.28888387,33.25744399,3.03143988
F18_y33.19_Vol691.2_Am550_rho10.493,18.0,33.19,691.2,550.0,10.493,4.563501929923663,20.825549864416995,0.8643229166666666,10.420318606424553,36.28888386,33.24820536,3.0406785
F18_y33.19_Vol691.2_Am550_rho10.534,18.0,33.19,691.2,550.0,10.534,4.563501929923663,20.825549864416995,0.8643229166666666,10.420318606424553,36.28888386,33.24995273,3.03893113
F18_y33.19_Vol691.2_Am550_rho10.575,18.0,33.19,691.2,550.0,10.575,4.563501929923663,20.825549864416995,0.8643229166666666,10.420318606424553,36.28888387,33.25173332,3.03715054
F18_y33.19_Vol691.2_Am550_rho10.616,18.0,33.19,691.2,550.0,10.616,4.563501929923663,20.825549864416995,0.8643229166666666,10.420318606424553,36.28888387,33.25352542,3.03535845
F18_y33.19_Vol738.0_Am450_rho10.493,18.0,33.19,738.0,450.0,10.493,4.715465314948981,22.235613136486894,0.8095121951219513,9.759517914309827,36.05807011,33.2417645,2.81630561
F18_y33.19_Vol738.0_Am450_rho10.534,18.0,33.19,738.0,450.0,10.534,4.715465314948981,22.235613136486894,0.8095121951219513,9.759517914309827,36.05807011,33.24330533,2.81476478
F18_y33.19_Vol738.0_Am450_rho10.575,18.0,33.19,738.0,450.0,10.575,4.715465314948981,22.235613136486894,0.8095121951219513,9.759517914309827,36.05807011,33.24489576,2.81317435
F18_y33.19_Vol738.0_Am450_rho10.616,18.0,33.19,738.0,450.0,10.616,4.715465314948981,22.235613136486894,0.8095121951219513,9.759517914309827,36.05807011,33.24651651,2.8115536
F18_y33.19_Vol738.0_Am500_rho10.493,18.0,33.19,738.0,500.0,10.493,4.715465314948981,22.235613136486894,0.8095121951219513,9.759517914309827,36.05807011,33.23949991,2.81857019
F18_y33.19_Vol738.0_Am500_rho10.534,18.0,33.19,738.0,500.0,10.534,4.715465314948981,22.235613136486894,0.8095121951219513,9.759517914309827,36.05807011,33.24099877,2.81707134
F18_y33.19_Vol738.0_Am500_rho10.575,18.0,33.19,738.0,500.0,10.575,4.715465314948981,22.235613136486894,0.8095121951219513,9.759517914309827,36.05807011,33.24248885,2.81558126
F18_y33.19_Vol738.0_Am500_rho10.616,18.0,33.19,738.0,500.0,10.616,4.715465314948981,22.235613136486894,0.8095121951219513,9.759517914309827,36.05807011,33.24409583,2.81397428
F18_y33.19_Vol738.0_Am550_rho10.493,18.0,33.19,738.0,550.0,10.493,4.715465314948981,22.235613136486894,0.8095121951219513,9.759517914309827,36.05807011,33.23717012,2.82089999
F18_y33.19_Vol738.0_Am550_rho10.534,18.0,33.19,738.0,550.0,10.534,4.715465314948981,22.235613136486894,0.8095121951219513,9.759517914309827,36.05807011,33.23862931,2.81944079
F18_y33.19_Vol738.0_Am550_rho10.575,18.0,33.19,738.0,550.0,10.575,4.715465314948981,22.235613136486894,0.8095121951219513,9.759517914309827,36.05807011,33.24014195,2.81792816
F18_y33.19_Vol738.0_Am550_rho10.616,18.0,33.19,738.0,550.0,10.616,4.715465314948981,22.235613136486894,0.8095121951219513,9.759517914309827,36.05807011,33.24165378,2.81641633
F18_y33.69_Vol421.6_Am450_rho10.493,18.0,33.69,421.6,450.0,10.493,3.537527263387584,12.51409913921045,1.4383776091081593,17.34114955676294,39.67915581,35.90574265,3.77341316
F18_y33.69_Vol421.6_Am450_rho10.534,18.0,33.69,421.6,450.0,10.534,3.537527263387584,12.51409913921045,1.4383776091081593,17.34114955676294,39.67915582,35.92398485,3.75517097
F18_y33.69_Vol421.6_Am450_rho10.575,18.0,33.69,421.6,450.0,10.575,3.537527263387584,12.51409913921045,1.4383776091081593,17.34114955676294,39.67915583,35.94224968,3.73690616
F18_y33.69_Vol421.6_Am450_rho10.616,18.0,33.69,421.6,450.0,10.616,3.537527263387584,12.51409913921045,1.4383776091081593,17.34114955676294,39.67915584,35.96048147,3.71867438
F18_y33.69_Vol421.6_Am500_rho10.493,18.0,33.69,421.6,500.0,10.493,3.537527263387584,12.51409913921045,1.4383776091081593,17.34114955676294,39.67915579,35.94397469,3.7351811
F18_y33.69_Vol421.6_Am500_rho10.534,18.0,33.69,421.6,500.0,10.534,3.537527263387584,12.51409913921045,1.4383776091081593,17.34114955676294,39.6791558,35.96256533,3.71659047
F18_y33.69_Vol421.6_Am500_rho10.575,18.0,33.69,421.6,500.0,10.575,3.537527263387584,12.51409913921045,1.4383776091081593,17.34114955676294,39.67915581,35.98113091,3.6980249
F18_y33.69_Vol421.6_Am500_rho10.616,18.0,33.69,421.6,500.0,10.616,3.537527263387584,12.51409913921045,1.4383776091081593,17.34114955676294,39.67915582,35.99983103,3.67932479
F18_y33.69_Vol421.6_Am550_rho10.493,18.0,33.69,421.6,550.0,10.493,3.537527263387584,12.51409913921045,1.4383776091081593,17.34114955676294,39.67915578,35.9877933,3.69136247
F18_y33.69_Vol421.6_Am550_rho10.534,18.0,33.69,421.6,550.0,10.534,3.537527263387584,12.51409913921045,1.4383776091081593,17.34114955676294,39.67915579,36.00647542,3.67268036
F18_y33.69_Vol421.6_Am550_rho10.575,18.0,33.69,421.6,550.0,10.575,3.537527263387584,12.51409913921045,1.4383776091081593,17.34114955676294,39.6791558,36.02524218,3.65391362
F18_y33.69_Vol421.6_Am550_rho10.616,18.0,33.69,421.6,550.0,10.616,3.537527263387584,12.51409913921045,1.4383776091081593,17.34114955676294,39.67915581,36.04405408,3.63510173
F18_y33.69_Vol455.9_Am450_rho10.493,18.0,33.69,455.9,450.0,10.493,3.6786146036512846,13.532205402196498,1.3301601228339548,16.036474343345592,39.08196684,35.19896748,3.88299936
F18_y33.69_Vol455.9_Am450_rho10.534,18.0,33.69,455.9,450.0,10.534,3.6786146036512846,13.532205402196498,1.3301601228339548,16.036474343345592,39.08196684,35.21147347,3.87049338
F18_y33.69_Vol455.9_Am450_rho10.575,18.0,33.69,455.9,450.0,10.575,3.6786146036512846,13.532205402196498,1.3301601228339548,16.036474343345592,39.08196685,35.22414111,3.85782574
F18_y33.69_Vol455.9_Am450_rho10.616,18.0,33.69,455.9,450.0,10.616,3.6786146036512846,13.532205402196498,1.3301601228339548,16.036474343345592,39.08196686,35.23690216,3.8450647
F18_y33.69_Vol455.9_Am500_rho10.493,18.0,33.69,455.9,500.0,10.493,3.6786146036512846,13.532205402196498,1.3301601228339548,16.036474343345592,39.08196682,35.22187361,3.86009321
F18_y33.69_Vol455.9_Am500_rho10.534,18.0,33.69,455.9,500.0,10.534,3.6786146036512846,13.532205402196498,1.3301601228339548,16.036474343345592,39.08196683,35.23466964,3.84729719
F18_y33.69_Vol455.9_Am500_rho10.575,18.0,33.69,455.9,500.0,10.575,3.6786146036512846,13.532205402196498,1.3301601228339548,16.036474343345592,39.08196684,35.24757578,3.83439106
F18_y33.69_Vol455.9_Am500_rho10.616,18.0,33.69,455.9,500.0,10.616,3.6786146036512846,13.532205402196498,1.3301601228339548,16.036474343345592,39.08196685,35.26062997,3.82133687
F18_y33.69_Vol455.9_Am550_rho10.493,18.0,33.69,455.9,550.0,10.493,3.6786146036512846,13.532205402196498,1.3301601228339548,16.036474343345592,39.08196681,35.24867251,3.8332943
F18_y33.69_Vol455.9_Am550_rho10.534,18.0,33.69,455.9,550.0,10.534,3.6786146036512846,13.532205402196498,1.3301601228339548,16.036474343345592,39.08196682,35.26187639,3.82009043
F18_y33.69_Vol455.9_Am550_rho10.575,18.0,33.69,455.9,550.0,10.575,3.6786146036512846,13.532205402196498,1.3301601228339548,16.036474343345592,39.08196683,35.27510942,3.80685741
F18_y33.69_Vol455.9_Am550_rho10.616,18.0,33.69,455.9,550.0,10.616,3.6786146036512846,13.532205402196498,1.3301601228339548,16.036474343345592,39.08196684,35.28843562,3.79353121
F18_y33.69_Vol514.7_Am450_rho10.493,18.0,33.69,514.7,450.0,10.493,3.908648158181841,15.277530424458298,1.1782008937244997,14.204446576901603,38.29466285,34.58316382,3.71149903
F18_y33.69_Vol514.7_Am450_rho10.534,18.0,33.69,514.7,450.0,10.534,3.908648158181841,15.277530424458298,1.1782008937244997,14.204446576901603,38.29466286,34.59049721,3.70416565
F18_y33.69_Vol514.7_Am450_rho10.575,18.0,33.69,514.7,450.0,10.575,3.908648158181841,15.277530424458298,1.1782008937244997,14.204446576901603,38.29466287,34.59777045,3.69689242
F18_y33.69_Vol514.7_Am450_rho10.616,18.0,33.69,514.7,450.0,10.616,3.908648158181841,15.277530424458298,1.1782008937244997,14.204446576901603,38.29466288,34.60506822,3.68959466
F18_y33.69_Vol514.7_Am500_rho10.493,18.0,33.69,514.7,500.0,10.493,3.908648158181841,15.277530424458298,1.1782008937244997,14.204446576901603,38.29466284,34.59744776,3.69721509
F18_y33.69_Vol514.7_Am500_rho10.534,18.0,33.69,514.7,500.0,10.534,3.908648158181841,15.277530424458298,1.1782008937244997,14.204446576901603,38.29466285,34.60459267,3.69007018
F18_y33.69_Vol514.7_Am500_rho10.575,18.0,33.69,514.7,500.0,10.575,3.908648158181841,15.277530424458298,1.1782008937244997,14.204446576901603,38.29466286,34.61173507,3.68292779
F18_y33.69_Vol514.7_Am500_rho10.616,18.0,33.69,514.7,500.0,10.616,3.908648158181841,15.277530424458298,1.1782008937244997,14.204446576901603,38.29466287,34.618834,3.67582887
F18_y33.69_Vol514.7_Am550_rho10.493,18.0,33.69,514.7,550.0,10.493,3.908648158181841,15.277530424458298,1.1782008937244997,14.204446576901603,38.29466284,34.61055158,3.68411126
F18_y33.69_Vol514.7_Am550_rho10.534,18.0,33.69,514.7,550.0,10.534,3.908648158181841,15.277530424458298,1.1782008937244997,14.204446576901603,38.29466285,34.61762091,3.67704194
F18_y33.69_Vol514.7_Am550_rho10.575,18.0,33.69,514.7,550.0,10.575,3.908648158181841,15.277530424458298,1.1782008937244997,14.204446576901603,38.29466285,37.93422275,0.36044011
F18_y33.69_Vol514.7_Am550_rho10.616,18.0,33.69,514.7,550.0,10.616,3.908648158181841,15.277530424458298,1.1782008937244997,14.204446576901603,38.29466286,34.63181577,3.66284709
F18_y33.69_Vol573.5_Am450_rho10.493,18.0,33.69,573.5,450.0,10.493,4.125876324700014,17.022855446720097,1.0574019180470793,12.748088322809512,37.70808748,34.20724048,3.50084701
F18_y33.69_Vol573.5_Am450_rho10.534,18.0,33.69,573.5,450.0,10.534,4.125876324700014,17.022855446720097,1.0574019180470793,12.748088322809512,37.70808749,34.21548243,3.49260506
F18_y33.69_Vol573.5_Am450_rho10.575,18.0,33.69,573.5,450.0,10.575,4.125876324700014,17.022855446720097,1.0574019180470793,12.748088322809512,37.7080875,34.22349941,3.48458809
F18_y33.69_Vol573.5_Am450_rho10.616,18.0,33.69,573.5,450.0,10.616,4.125876324700014,17.022855446720097,1.0574019180470793,12.748088322809512,37.70808751,34.23149464,3.47659287
F18_y33.69_Vol573.5_Am500_rho10.493,18.0,33.69,573.5,500.0,10.493,4.125876324700014,17.022855446720097,1.0574019180470793,12.748088322809512,37.70808747,34.22542523,3.48266224
F18_y33.69_Vol573.5_Am500_rho10.534,18.0,33.69,573.5,500.0,10.534,4.125876324700014,17.022855446720097,1.0574019180470793,12.748088322809512,37.70808748,34.23337989,3.47470759
F18_y33.69_Vol573.5_Am500_rho10.575,18.0,33.69,573.5,500.0,10.575,4.125876324700014,17.022855446720097,1.0574019180470793,12.748088322809512,37.70808749,34.24118764,3.46689985
F18_y33.69_Vol573.5_Am500_rho10.616,18.0,33.69,573.5,500.0,10.616,4.125876324700014,17.022855446720097,1.0574019180470793,12.748088322809512,37.7080875,34.2489078,3.4591797
F18_y33.69_Vol573.5_Am550_rho10.493,18.0,33.69,573.5,550.0,10.493,4.125876324700014,17.022855446720097,1.0574019180470793,12.748088322809512,37.70808747,34.24084687,3.4672406
F18_y33.69_Vol573.5_Am550_rho10.534,18.0,33.69,573.5,550.0,10.534,4.125876324700014,17.022855446720097,1.0574019180470793,12.748088322809512,37.70808748,34.24864666,3.45944082
F18_y33.69_Vol573.5_Am550_rho10.575,18.0,33.69,573.5,550.0,10.575,4.125876324700014,17.022855446720097,1.0574019180470793,12.748088322809512,37.70808749,34.25627756,3.45180993
F18_y33.69_Vol573.5_Am550_rho10.616,18.0,33.69,573.5,550.0,10.616,4.125876324700014,17.022855446720097,1.0574019180470793,12.748088322809512,37.70808749,34.26371447,3.44437303
F18_y33.69_Vol632.3_Am450_rho10.493,18.0,33.69,632.3,450.0,10.493,4.332225810017513,18.768180468981893,0.9590700616795825,11.56259473846474,37.25422455,33.90218877,3.35203579
F18_y33.69_Vol632.3_Am450_rho10.534,18.0,33.69,632.3,450.0,10.534,4.332225810017513,18.768180468981893,0.9590700616795825,11.56259473846474,37.25422456,33.91046807,3.34375649
F18_y33.69_Vol632.3_Am450_rho10.575,18.0,33.69,632.3,450.0,10.575,4.332225810017513,18.768180468981893,0.9590700616795825,11.56259473846474,37.25422457,33.91870911,3.33551545
F18_y33.69_Vol632.3_Am450_rho10.616,18.0,33.69,632.3,450.0,10.616,4.332225810017513,18.768180468981893,0.9590700616795825,11.56259473846474,37.25422457,33.92688155,3.32734303
F18_y33.69_Vol632.3_Am500_rho10.493,18.0,33.69,632.3,500.0,10.493,4.332225810017513,18.768180468981893,0.9590700616795825,11.56259473846474,37.25422455,33.91844393,3.33578062
F18_y33.69_Vol632.3_Am500_rho10.534,18.0,33.69,632.3,500.0,10.534,4.332225810017513,18.768180468981893,0.9590700616795825,11.56259473846474,37.25422456,33.92686165,3.3273629
F18_y33.69_Vol632.3_Am500_rho10.575,18.0,33.69,632.3,500.0,10.575,4.332225810017513,18.768180468981893,0.9590700616795825,11.56259473846474,37.25422456,33.93522705,3.31899751
F18_y33.69_Vol632.3_Am500_rho10.616,18.0,33.69,632.3,500.0,10.616,4.332225810017513,18.768180468981893,0.9590700616795825,11.56259473846474,37.25422457,33.94349305,3.31073152
F18_y33.69_Vol632.3_Am550_rho10.493,18.0,33.69,632.3,550.0,10.493,4.332225810017513,18.768180468981893,0.9590700616795825,11.56259473846474,37.25422455,33.93380134,3.32042321
F18_y33.69_Vol632.3_Am550_rho10.534,18.0,33.69,632.3,550.0,10.534,4.332225810017513,18.768180468981893,0.9590700616795825,11.56259473846474,37.25422455,33.94230434,3.31192021
F18_y33.69_Vol632.3_Am550_rho10.575,18.0,33.69,632.3,550.0,10.575,4.332225810017513,18.768180468981893,0.9590700616795825,11.56259473846474,37.25422456,33.95070193,3.30352263
F18_y33.69_Vol632.3_Am550_rho10.616,18.0,33.69,632.3,550.0,10.616,4.332225810017513,18.768180468981893,0.9590700616795825,11.56259473846474,37.25422457,33.95904072,3.29518384
F18_y33.69_Vol691.2_Am450_rho10.493,18.0,33.69,691.2,450.0,10.493,4.529511422998895,20.516473731077475,0.8773437499999999,10.577298398627393,36.89206038,33.72830659,3.16375379
F18_y33.69_Vol691.2_Am450_rho10.534,18.0,33.69,691.2,450.0,10.534,4.529511422998895,20.516473731077475,0.8773437499999999,10.577298398627393,36.89206038,33.73264687,3.15941351
F18_y33.69_Vol691.2_Am450_rho10.575,18.0,33.69,691.2,450.0,10.575,4.529511422998895,20.516473731077475,0.8773437499999999,10.577298398627393,36.89206038,33.73723684,3.15482354
F18_y33.69_Vol691.2_Am450_rho10.616,18.0,33.69,691.2,450.0,10.616,4.529511422998895,20.516473731077475,0.8773437499999999,10.577298398627393,36.89206039,33.74185639,3.150204
F18_y33.69_Vol691.2_Am500_rho10.493,18.0,33.69,691.2,500.0,10.493,4.529511422998895,20.516473731077475,0.8773437499999999,10.577298398627393,36.89206037,33.73308027,3.1589801
F18_y33.69_Vol691.2_Am500_rho10.534,18.0,33.69,691.2,500.0,10.534,4.529511422998895,20.516473731077475,0.8773437499999999,10.577298398627393,36.89206038,33.73788631,3.15417406
F18_y33.69_Vol691.2_Am500_rho10.575,18.0,33.69,691.2,500.0,10.575,4.529511422998895,20.516473731077475,0.8773437499999999,10.577298398627393,36.89206038,33.74291907,3.14914132
F18_y33.69_Vol691.2_Am500_rho10.616,18.0,33.69,691.2,500.0,10.616,4.529511422998895,20.516473731077475,0.8773437499999999,10.577298398627393,36.89206039,33.74803273,3.14402766
F18_y33.69_Vol691.2_Am550_rho10.493,18.0,33.69,691.2,550.0,10.493,4.529511422998895,20.516473731077475,0.8773437499999999,10.577298398627393,36.89206037,33.73933848,3.15272189
F18_y33.69_Vol691.2_Am550_rho10.534,18.0,33.69,691.2,550.0,10.534,4.529511422998895,20.516473731077475,0.8773437499999999,10.577298398627393,36.89206038,33.74457273,3.14748765
F18_y33.69_Vol691.2_Am550_rho10.575,18.0,33.69,691.2,550.0,10.575,4.529511422998895,20.516473731077475,0.8773437499999999,10.577298398627393,36.89206038,33.74991924,3.14214114
F18_y33.69_Vol691.2_Am550_rho10.616,18.0,33.69,691.2,550.0,10.616,4.529511422998895,20.516473731077475,0.8773437499999999,10.577298398627393,36.89206038,33.75543601,3.13662437
F18_y33.69_Vol738.0_Am450_rho10.493,18.0,33.69,738.0,450.0,10.493,4.680342933299422,21.90560997328584,0.8217073170731707,9.906542890421754,36.65292083,33.7014141,2.95150673
F18_y33.69_Vol738.0_Am450_rho10.534,18.0,33.69,738.0,450.0,10.534,4.680342933299422,21.90560997328584,0.8217073170731707,9.906542890421754,36.65292083,33.70319099,2.94972984
F18_y33.69_Vol738.0_Am450_rho10.575,18.0,33.69,738.0,450.0,10.575,4.680342933299422,21.90560997328584,0.8217073170731707,9.906542890421754,36.65292084,33.70494507,2.94797577
F18_y33.69_Vol738.0_Am450_rho10.616,18.0,33.69,738.0,450.0,10.616,4.680342933299422,21.90560997328584,0.8217073170731707,9.906542890421754,36.65292084,33.70668242,2.94623842
F18_y33.69_Vol738.0_Am500_rho10.493,18.0,33.69,738.0,500.0,10.493,4.680342933299422,21.90560997328584,0.8217073170731707,9.906542890421754,36.65292083,33.69996477,2.95295606
F18_y33.69_Vol738.0_Am500_rho10.534,18.0,33.69,738.0,500.0,10.534,4.680342933299422,21.90560997328584,0.8217073170731707,9.906542890421754,36.65292083,33.70169217,2.95122867
F18_y33.69_Vol738.0_Am500_rho10.575,18.0,33.69,738.0,500.0,10.575,4.680342933299422,21.90560997328584,0.8217073170731707,9.906542890421754,36.65292084,33.70339972,2.94952112
F18_y33.69_Vol738.0_Am500_rho10.616,18.0,33.69,738.0,500.0,10.616,4.680342933299422,21.90560997328584,0.8217073170731707,9.906542890421754,36.65292084,33.70511612,2.94780472
F18_y33.69_Vol738.0_Am550_rho10.493,18.0,33.69,738.0,550.0,10.493,4.680342933299422,21.90560997328584,0.8217073170731707,9.906542890421754,36.65292083,33.69895753,2.9539633
F18_y33.69_Vol738.0_Am550_rho10.534,18.0,33.69,738.0,550.0,10.534,4.680342933299422,21.90560997328584,0.8217073170731707,9.906542890421754,36.65292083,33.7005752,2.95234563
F18_y33.69_Vol738.0_Am550_rho10.575,18.0,33.69,738.0,550.0,10.575,4.680342933299422,21.90560997328584,0.8217073170731707,9.906542890421754,36.65292083,33.7022445,2.95067633
F18_y33.69_Vol738.0_Am550_rho10.616,18.0,33.69,738.0,550.0,10.616,4.680342933299422,21.90560997328584,0.8217073170731707,9.906542890421754,36.65292084,33.70395337,2.94896746
F18_y34.19_Vol421.6_Am450_rho10.493,18.0,34.19,421.6,450.0,10.493,3.5115653151080175,12.331090962269672,1.4597248576850093,17.598513011152413,40.39145825,36.84232163,3.54913662
F18_y34.19_Vol421.6_Am450_rho10.534,18.0,34.19,421.6,450.0,10.534,3.5115653151080175,12.331090962269672,1.4597248576850093,17.598513011152413,40.39145827,36.8633238,3.52813447
F18_y34.19_Vol421.6_Am450_rho10.575,18.0,34.19,421.6,450.0,10.575,3.5115653151080175,12.331090962269672,1.4597248576850093,17.598513011152413,40.39145828,36.88423964,3.50721864
F18_y34.19_Vol421.6_Am450_rho10.616,18.0,34.19,421.6,450.0,10.616,3.5115653151080175,12.331090962269672,1.4597248576850093,17.598513011152413,40.3914583,36.9050223,3.486436
F18_y34.19_Vol421.6_Am500_rho10.493,18.0,34.19,421.6,500.0,10.493,3.5115653151080175,12.331090962269672,1.4597248576850093,17.598513011152413,40.39145823,36.8953445,3.49611372
F18_y34.19_Vol421.6_Am500_rho10.534,18.0,34.19,421.6,500.0,10.534,3.5115653151080175,12.331090962269672,1.4597248576850093,17.598513011152413,40.39145824,36.91634747,3.47511077
F18_y34.19_Vol421.6_Am500_rho10.575,18.0,34.19,421.6,500.0,10.575,3.5115653151080175,12.331090962269672,1.4597248576850093,17.598513011152413,40.39145826,36.93731602,3.45414224
F18_y34.19_Vol421.6_Am500_rho10.616,18.0,34.19,421.6,500.0,10.616,3.5115653151080175,12.331090962269672,1.4597248576850093,17.598513011152413,40.39145827,36.95813837,3.43331991
F18_y34.19_Vol421.6_Am550_rho10.493,18.0,34.19,421.6,550.0,10.493,3.5115653151080175,12.331090962269672,1.4597248576850093,17.598513011152413,40.39145821,36.95152333,3.43993488
F18_y34.19_Vol421.6_Am550_rho10.534,18.0,34.19,421.6,550.0,10.534,3.5115653151080175,12.331090962269672,1.4597248576850093,17.598513011152413,40.39145823,36.97258918,3.41886905
F18_y34.19_Vol421.6_Am550_rho10.575,18.0,34.19,421.6,550.0,10.575,3.5115653151080175,12.331090962269672,1.4597248576850093,17.598513011152413,40.39145824,36.99347177,3.39798647
F18_y34.19_Vol421.6_Am550_rho10.616,18.0,34.19,421.6,550.0,10.616,3.5115653151080175,12.331090962269672,1.4597248576850093,17.598513011152413,40.39145826,37.01434483,3.37711343
F18_y34.19_Vol455.9_Am450_rho10.493,18.0,34.19,455.9,450.0,10.493,3.651617213957955,13.334308277274056,1.3499012941434525,16.274474853042026,39.77016092,35.95985876,3.81030216
F18_y34.19_Vol455.9_Am450_rho10.534,18.0,34.19,455.9,450.0,10.534,3.651617213957955,13.334308277274056,1.3499012941434525,16.274474853042026,39.77016093,35.97620868,3.79395225
F18_y34.19_Vol455.9_Am450_rho10.575,18.0,34.19,455.9,450.0,10.575,3.651617213957955,13.334308277274056,1.3499012941434525,16.274474853042026,39.77016095,35.99261209,3.77754886
F18_y34.19_Vol455.9_Am450_rho10.616,18.0,34.19,455.9,450.0,10.616,3.651617213957955,13.334308277274056,1.3499012941434525,16.274474853042026,39.77016096,36.00908745,3.7610735
F18_y34.19_Vol455.9_Am500_rho10.493,18.0,34.19,455.9,500.0,10.493,3.651617213957955,13.334308277274056,1.3499012941434525,16.274474853042026,39.7701609,35.99622989,3.77393101
F18_y34.19_Vol455.9_Am500_rho10.534,18.0,34.19,455.9,500.0,10.534,3.651617213957955,13.334308277274056,1.3499012941434525,16.274474853042026,39.77016091,36.01299014,3.75717077
F18_y34.19_Vol455.9_Am500_rho10.575,18.0,34.19,455.9,500.0,10.575,3.651617213957955,13.334308277274056,1.3499012941434525,16.274474853042026,39.77016093,36.0298769,3.74028403
F18_y34.19_Vol455.9_Am500_rho10.616,18.0,34.19,455.9,500.0,10.616,3.651617213957955,13.334308277274056,1.3499012941434525,16.274474853042026,39.77016094,36.04677541,3.72338552
F18_y34.19_Vol455.9_Am550_rho10.493,18.0,34.19,455.9,550.0,10.493,3.651617213957955,13.334308277274056,1.3499012941434525,16.274474853042026,39.77016089,36.03697949,3.7331814
F18_y34.19_Vol455.9_Am550_rho10.534,18.0,34.19,455.9,550.0,10.534,3.651617213957955,13.334308277274056,1.3499012941434525,16.274474853042026,39.7701609,36.05397811,3.7161828
F18_y34.19_Vol455.9_Am550_rho10.575,18.0,34.19,455.9,550.0,10.575,3.651617213957955,13.334308277274056,1.3499012941434525,16.274474853042026,39.77016091,36.07111033,3.69905058
F18_y34.19_Vol455.9_Am550_rho10.616,18.0,34.19,455.9,550.0,10.616,3.651617213957955,13.334308277274056,1.3499012941434525,16.274474853042026,39.77016093,36.08830458,3.68185634
F18_y34.19_Vol514.7_Am450_rho10.493,18.0,34.19,514.7,450.0,10.493,3.8799625499107786,15.05410938871015,1.1956868078492324,14.415257597633298,38.95200867,35.18038978,3.77161888
F18_y34.19_Vol514.7_Am450_rho10.534,18.0,34.19,514.7,450.0,10.534,3.8799625499107786,15.05410938871015,1.1956868078492324,14.415257597633298,38.95200868,35.18851074,3.76349794
F18_y34.19_Vol514.7_Am450_rho10.575,18.0,34.19,514.7,450.0,10.575,3.8799625499107786,15.05410938871015,1.1956868078492324,14.415257597633298,38.95200869,35.1965536,3.75545509
F18_y34.19_Vol514.7_Am450_rho10.616,18.0,34.19,514.7,450.0,10.616,3.8799625499107786,15.05410938871015,1.1956868078492324,14.415257597633298,38.9520087,35.20486947,3.74713923
F18_y34.19_Vol514.7_Am500_rho10.493,18.0,34.19,514.7,500.0,10.493,3.8799625499107786,15.05410938871015,1.1956868078492324,14.415257597633298,38.95200865,35.19547614,3.75653251
F18_y34.19_Vol514.7_Am500_rho10.534,18.0,34.19,514.7,500.0,10.534,3.8799625499107786,15.05410938871015,1.1956868078492324,14.415257597633298,38.95200866,35.20365763,3.74835104
F18_y34.19_Vol514.7_Am500_rho10.575,18.0,34.19,514.7,500.0,10.575,3.8799625499107786,15.05410938871015,1.1956868078492324,14.415257597633298,38.95200868,35.21186145,3.74014723
F18_y34.19_Vol514.7_Am500_rho10.616,18.0,34.19,514.7,500.0,10.616,3.8799625499107786,15.05410938871015,1.1956868078492324,14.415257597633298,38.95200869,35.22017697,3.73183172
F18_y34.19_Vol514.7_Am550_rho10.493,18.0,34.19,514.7,550.0,10.493,3.8799625499107786,15.05410938871015,1.1956868078492324,14.415257597633298,38.95200864,35.21178632,3.74022232
F18_y34.19_Vol514.7_Am550_rho10.534,18.0,34.19,514.7,550.0,10.534,3.8799625499107786,15.05410938871015,1.1956868078492324,14.415257597633298,38.95200865,35.22019141,3.73181724
F18_y34.19_Vol514.7_Am550_rho10.575,18.0,34.19,514.7,550.0,10.575,3.8799625499107786,15.05410938871015,1.1956868078492324,14.415257597633298,38.95200867,35.22865633,3.72335234
F18_y34.19_Vol514.7_Am550_rho10.616,18.0,34.19,514.7,550.0,10.616,3.8799625499107786,15.05410938871015,1.1956868078492324,14.415257597633298,38.95200868,35.23734936,3.71465932
F18_y34.19_Vol573.5_Am450_rho10.493,18.0,34.19,573.5,450.0,10.493,4.095596476723048,16.773910500146243,1.0730950305143852,12.937285240630963,38.34317241,34.80971139,3.53346101
F18_y34.19_Vol573.5_Am450_rho10.534,18.0,34.19,573.5,450.0,10.534,4.095596476723048,16.773910500146243,1.0730950305143852,12.937285240630963,38.34317241,34.81638109,3.52679132
F18_y34.19_Vol573.5_Am450_rho10.575,18.0,34.19,573.5,450.0,10.575,4.095596476723048,16.773910500146243,1.0730950305143852,12.937285240630963,38.34317242,34.8229423,3.52023012
F18_y34.19_Vol573.5_Am450_rho10.616,18.0,34.19,573.5,450.0,10.616,4.095596476723048,16.773910500146243,1.0730950305143852,12.937285240630963,38.34317243,34.829306,3.51386643
F18_y34.19_Vol573.5_Am500_rho10.493,18.0,34.19,573.5,500.0,10.493,4.095596476723048,16.773910500146243,1.0730950305143852,12.937285240630963,38.3431724,34.82371896,3.51945344
F18_y34.19_Vol573.5_Am500_rho10.534,18.0,34.19,573.5,500.0,10.534,4.095596476723048,16.773910500146243,1.0730950305143852,12.937285240630963,38.3431724,34.83005358,3.51311883
F18_y34.19_Vol573.5_Am500_rho10.575,18.0,34.19,573.5,500.0,10.575,4.095596476723048,16.773910500146243,1.0730950305143852,12.937285240630963,38.34317241,34.83634772,3.50682469
F18_y34.19_Vol573.5_Am500_rho10.616,18.0,34.19,573.5,500.0,10.616,4.095596476723048,16.773910500146243,1.0730950305143852,12.937285240630963,38.34317242,34.84256101,3.50061141
F18_y34.19_Vol573.5_Am550_rho10.493,18.0,34.19,573.5,550.0,10.493,4.095596476723048,16.773910500146243,1.0730950305143852,12.937285240630963,38.3431724,34.83543693,3.50773547
F18_y34.19_Vol573.5_Am550_rho10.534,18.0,34.19,573.5,550.0,10.534,4.095596476723048,16.773910500146243,1.0730950305143852,12.937285240630963,38.3431724,34.8416232,3.5015492
F18_y34.19_Vol573.5_Am550_rho10.575,18.0,34.19,573.5,550.0,10.575,4.095596476723048,16.773910500146243,1.0730950305143852,12.937285240630963,38.34317241,34.84771247,3.49545993
F18_y34.19_Vol573.5_Am550_rho10.616,18.0,34.19,573.5,550.0,10.616,4.095596476723048,16.773910500146243,1.0730950305143852,12.937285240630963,38.34317241,34.85370623,3.48946619
F18_y34.19_Vol632.3_Am450_rho10.493,18.0,34.19,632.3,450.0,10.493,4.30043156108574,18.493711611582334,0.9733038114818915,11.734197509887489,37.87252418,34.51271952,3.35980466
F18_y34.19_Vol632.3_Am450_rho10.534,18.0,34.19,632.3,450.0,10.534,4.30043156108574,18.493711611582334,0.9733038114818915,11.734197509887489,37.87252418,34.52090315,3.35162103
F18_y34.19_Vol632.3_Am450_rho10.575,18.0,34.19,632.3,450.0,10.575,4.30043156108574,18.493711611582334,0.9733038114818915,11.734197509887489,37.87252418,34.52893752,3.34358666
F18_y34.19_Vol632.3_Am450_rho10.616,18.0,34.19,632.3,450.0,10.616,4.30043156108574,18.493711611582334,0.9733038114818915,11.734197509887489,37.87252419,34.53687083,3.33565336
F18_y34.19_Vol632.3_Am500_rho10.493,18.0,34.19,632.3,500.0,10.493,4.30043156108574,18.493711611582334,0.9733038114818915,11.734197509887489,37.87252417,34.53127083,3.34125335
F18_y34.19_Vol632.3_Am500_rho10.534,18.0,34.19,632.3,500.0,10.534,4.30043156108574,18.493711611582334,0.9733038114818915,11.734197509887489,37.87252418,34.53921,3.33331417
F18_y34.19_Vol632.3_Am500_rho10.575,18.0,34.19,632.3,500.0,10.575,4.30043156108574,18.493711611582334,0.9733038114818915,11.734197509887489,37.87252418,34.54710256,3.32542162
F18_y34.19_Vol632.3_Am500_rho10.616,18.0,34.19,632.3,500.0,10.616,4.30043156108574,18.493711611582334,0.9733038114818915,11.734197509887489,37.87252418,34.55478693,3.31773726
F18_y34.19_Vol632.3_Am550_rho10.493,18.0,34.19,632.3,550.0,10.493,4.30043156108574,18.493711611582334,0.9733038114818915,11.734197509887489,37.87252417,34.54704101,3.32548316
F18_y34.19_Vol632.3_Am550_rho10.534,18.0,34.19,632.3,550.0,10.534,4.30043156108574,18.493711611582334,0.9733038114818915,11.734197509887489,37.87252418,34.5548933,3.31763087
F18_y34.19_Vol632.3_Am550_rho10.575,18.0,34.19,632.3,550.0,10.575,4.30043156108574,18.493711611582334,0.9733038114818915,11.734197509887489,37.87252418,34.56253916,3.30998502
F18_y34.19_Vol632.3_Am550_rho10.616,18.0,34.19,632.3,550.0,10.616,4.30043156108574,18.493711611582334,0.9733038114818915,11.734197509887489,37.87252418,34.57001961,3.30250457
F18_y34.19_Vol691.2_Am450_rho10.493,18.0,34.19,691.2,450.0,10.493,4.496269292962845,20.2164375548406,0.8903645833333332,10.734278190830235,37.49724593,34.27189383,3.22535211
F18_y34.19_Vol691.2_Am450_rho10.534,18.0,34.19,691.2,450.0,10.534,4.496269292962845,20.2164375548406,0.8903645833333332,10.734278190830235,37.49724594,34.27935286,3.21789307
F18_y34.19_Vol691.2_Am450_rho10.575,18.0,34.19,691.2,450.0,10.575,4.496269292962845,20.2164375548406,0.8903645833333332,10.734278190830235,37.49724594,34.2868288,3.21041714
F18_y34.19_Vol691.2_Am450_rho10.616,18.0,34.19,691.2,450.0,10.616,4.496269292962845,20.2164375548406,0.8903645833333332,10.734278190830235,37.49724594,34.53063837,2.96660757
F18_y34.19_Vol691.2_Am500_rho10.493,18.0,34.19,691.2,500.0,10.493,4.496269292962845,20.2164375548406,0.8903645833333332,10.734278190830235,37.49724593,34.28738056,3.20986537
F18_y34.19_Vol691.2_Am500_rho10.534,18.0,34.19,691.2,500.0,10.534,4.496269292962845,20.2164375548406,0.8903645833333332,10.734278190830235,37.49724593,34.29501402,3.20223191
F18_y34.19_Vol691.2_Am500_rho10.575,18.0,34.19,691.2,500.0,10.575,4.496269292962845,20.2164375548406,0.8903645833333332,10.734278190830235,37.49724594,34.30268736,3.19455858
F18_y34.19_Vol691.2_Am500_rho10.616,18.0,34.19,691.2,500.0,10.616,4.496269292962845,20.2164375548406,0.8903645833333332,10.734278190830235,37.49724594,34.31028995,3.18695599
F18_y34.19_Vol691.2_Am550_rho10.493,18.0,34.19,691.2,550.0,10.493,4.496269292962845,20.2164375548406,0.8903645833333332,10.734278190830235,37.49724593,34.30232027,3.19492566
F18_y34.19_Vol691.2_Am550_rho10.534,18.0,34.19,691.2,550.0,10.534,4.496269292962845,20.2164375548406,0.8903645833333332,10.734278190830235,37.49724593,34.31002901,3.18721692
F18_y34.19_Vol691.2_Am550_rho10.575,18.0,34.19,691.2,550.0,10.575,4.496269292962845,20.2164375548406,0.8903645833333332,10.734278190830235,37.49724593,34.31776194,3.179484
F18_y34.19_Vol691.2_Am550_rho10.616,18.0,34.19,691.2,550.0,10.616,4.496269292962845,20.2164375548406,0.8903645833333332,10.734278190830235,37.49724594,34.32540067,3.17184527
F18_y34.19_Vol738.0_Am450_rho10.493,18.0,34.19,738.0,450.0,10.493,4.6459938492873905,21.585258847616263,0.8339024390243902,10.053567866533683,37.24958355,34.16484045,3.08474311
F18_y34.19_Vol738.0_Am450_rho10.534,18.0,34.19,738.0,450.0,10.534,4.6459938492873905,21.585258847616263,0.8339024390243902,10.053567866533683,37.24958356,34.16922665,3.08035691
F18_y34.19_Vol738.0_Am450_rho10.575,18.0,34.19,738.0,450.0,10.575,4.6459938492873905,21.585258847616263,0.8339024390243902,10.053567866533683,37.24958356,34.17378851,3.07579505
F18_y34.19_Vol738.0_Am450_rho10.616,18.0,34.19,738.0,450.0,10.616,4.6459938492873905,21.585258847616263,0.8339024390243902,10.053567866533683,37.24958357,34.17844224,3.07114132
F18_y34.19_Vol738.0_Am500_rho10.493,18.0,34.19,738.0,500.0,10.493,4.6459938492873905,21.585258847616263,0.8339024390243902,10.053567866533683,37.24958355,34.17213842,3.07744513
F18_y34.19_Vol738.0_Am500_rho10.534,18.0,34.19,738.0,500.0,10.534,4.6459938492873905,21.585258847616263,0.8339024390243902,10.053567866533683,37.24958356,34.78647616,2.4631074
F18_y34.19_Vol738.0_Am500_rho10.575,18.0,34.19,738.0,500.0,10.575,4.6459938492873905,21.585258847616263,0.8339024390243902,10.053567866533683,37.24958356,34.18190576,3.0676778
F18_y34.19_Vol738.0_Am500_rho10.616,18.0,34.19,738.0,500.0,10.616,4.6459938492873905,21.585258847616263,0.8339024390243902,10.053567866533683,37.24958356,34.18691998,3.06266358
F18_y34.19_Vol738.0_Am550_rho10.493,18.0,34.19,738.0,550.0,10.493,4.6459938492873905,21.585258847616263,0.8339024390243902,10.053567866533683,37.24958355,34.18022392,3.06935963
F18_y34.19_Vol738.0_Am550_rho10.534,18.0,34.19,738.0,550.0,10.534,4.6459938492873905,21.585258847616263,0.8339024390243902,10.053567866533683,37.24958356,34.18539672,3.06418684
F18_y34.19_Vol738.0_Am550_rho10.575,18.0,34.19,738.0,550.0,10.575,4.6459938492873905,21.585258847616263,0.8339024390243902,10.053567866533683,37.24958356,34.19074028,3.05884328
F18_y34.19_Vol738.0_Am550_rho10.616,18.0,34.19,738.0,550.0,10.616,4.6459938492873905,21.585258847616263,0.8339024390243902,10.053567866533683,37.24958356,34.19620121,3.05338236
F18_y34.97_Vol421.6_Am450_rho10.493,18.0,34.97,421.6,450.0,10.493,3.4721820288081315,12.056048041178153,1.4930265654648955,18.0,41.51254467,38.41262714,3.09991754
F18_y34.97_Vol421.6_Am450_rho10.534,18.0,34.97,421.6,450.0,10.534,3.4721820288081315,12.056048041178153,1.4930265654648955,18.0,41.51254469,38.4333578,3.07918688
F18_y34.97_Vol421.6_Am450_rho10.575,18.0,34.97,421.6,450.0,10.575,3.4721820288081315,12.056048041178153,1.4930265654648955,18.0,41.51254471,38.45383426,3.05871045
F18_y34.97_Vol421.6_Am450_rho10.616,18.0,34.97,421.6,450.0,10.616,3.4721820288081315,12.056048041178153,1.4930265654648955,18.0,41.51254474,38.47406038,3.03848436
F18_y34.97_Vol421.6_Am500_rho10.493,18.0,34.97,421.6,500.0,10.493,3.4721820288081315,12.056048041178153,1.4930265654648955,18.0,41.51254465,38.4734075,3.03913714
F18_y34.97_Vol421.6_Am500_rho10.534,18.0,34.97,421.6,500.0,10.534,3.4721820288081315,12.056048041178153,1.4930265654648955,18.0,41.51254466,38.49364638,3.01889828
F18_y34.97_Vol421.6_Am500_rho10.575,18.0,34.97,421.6,500.0,10.575,3.4721820288081315,12.056048041178153,1.4930265654648955,18.0,41.51254468,38.5137229,2.99882178
F18_y34.97_Vol421.6_Am500_rho10.616,18.0,34.97,421.6,500.0,10.616,3.4721820288081315,12.056048041178153,1.4930265654648955,18.0,41.51254469,38.53350503,2.97903967
F18_y34.97_Vol421.6_Am550_rho10.493,18.0,34.97,421.6,550.0,10.493,3.4721820288081315,12.056048041178153,1.4930265654648955,18.0,41.51254463,38.5340609,2.97848373
F18_y34.97_Vol421.6_Am550_rho10.534,18.0,34.97,421.6,550.0,10.534,3.4721820288081315,12.056048041178153,1.4930265654648955,18.0,41.51254465,38.55382844,2.95871621
F18_y34.97_Vol421.6_Am550_rho10.575,18.0,34.97,421.6,550.0,10.575,3.4721820288081315,12.056048041178153,1.4930265654648955,18.0,41.51254466,38.57340085,2.93914381
F18_y34.97_Vol421.6_Am550_rho10.616,18.0,34.97,421.6,550.0,10.616,3.4721820288081315,12.056048041178153,1.4930265654648955,18.0,41.51254468,38.59267012,2.91987455
F18_y34.97_Vol455.9_Am450_rho10.493,18.0,34.97,455.9,450.0,10.493,3.610663202487297,13.036888761795824,1.380697521386269,16.64575564816846,40.85221088,37.32955647,3.52265442
F18_y34.97_Vol455.9_Am450_rho10.534,18.0,34.97,455.9,450.0,10.534,3.610663202487297,13.036888761795824,1.380697521386269,16.64575564816846,40.85221089,37.35041372,3.50179718
F18_y34.97_Vol455.9_Am450_rho10.575,18.0,34.97,455.9,450.0,10.575,3.610663202487297,13.036888761795824,1.380697521386269,16.64575564816846,40.85221092,37.37118931,3.4810216
F18_y34.97_Vol455.9_Am450_rho10.616,18.0,34.97,455.9,450.0,10.616,3.610663202487297,13.036888761795824,1.380697521386269,16.64575564816846,40.85221094,37.39183061,3.46038033
F18_y34.97_Vol455.9_Am500_rho10.493,18.0,34.97,455.9,500.0,10.493,3.610663202487297,13.036888761795824,1.380697521386269,16.64575564816846,40.85221086,37.3856641,3.46654676
F18_y34.97_Vol455.9_Am500_rho10.534,18.0,34.97,455.9,500.0,10.534,3.610663202487297,13.036888761795824,1.380697521386269,16.64575564816846,40.85221087,37.40655915,3.44565172
F18_y34.97_Vol455.9_Am500_rho10.575,18.0,34.97,455.9,500.0,10.575,3.610663202487297,13.036888761795824,1.380697521386269,16.64575564816846,40.85221089,37.42729158,3.4249193
F18_y34.97_Vol455.9_Am500_rho10.616,18.0,34.97,455.9,500.0,10.616,3.610663202487297,13.036888761795824,1.380697521386269,16.64575564816846,40.85221091,37.44789867,3.40431223
F18_y34.97_Vol455.9_Am550_rho10.493,18.0,34.97,455.9,550.0,10.493,3.610663202487297,13.036888761795824,1.380697521386269,16.64575564816846,40.85221085,37.4432637,3.40894715
F18_y34.97_Vol455.9_Am550_rho10.534,18.0,34.97,455.9,550.0,10.534,3.610663202487297,13.036888761795824,1.380697521386269,16.64575564816846,40.85221086,37.46405411,3.38815675
F18_y34.97_Vol455.9_Am550_rho10.575,18.0,34.97,455.9,550.0,10.575,3.610663202487297,13.036888761795824,1.380697521386269,16.64575564816846,40.85221087,37.48476405,3.36744683
F18_y34.97_Vol455.9_Am550_rho10.616,18.0,34.97,455.9,550.0,10.616,3.610663202487297,13.036888761795824,1.380697521386269,16.64575564816846,40.85221089,37.50519632,3.34701456
F18_y34.97_Vol514.7_Am450_rho10.493,18.0,34.97,514.7,450.0,10.493,3.8364475751846796,14.718329997140408,1.2229648338838157,14.744122789974742,39.98418545,36.18388994,3.80029551
F18_y34.97_Vol514.7_Am450_rho10.534,18.0,34.97,514.7,450.0,10.534,3.8364475751846796,14.718329997140408,1.2229648338838157,14.744122789974742,39.98418546,36.19665805,3.78752741
F18_y34.97_Vol514.7_Am450_rho10.575,18.0,34.97,514.7,450.0,10.575,3.8364475751846796,14.718329997140408,1.2229648338838157,14.744122789974742,39.98418548,36.2095099,3.77467558
F18_y34.97_Vol514.7_Am450_rho10.616,18.0,34.97,514.7,450.0,10.616,3.8364475751846796,14.718329997140408,1.2229648338838157,14.744122789974742,39.98418549,36.22252123,3.76166426
F18_y34.97_Vol514.7_Am500_rho10.493,18.0,34.97,514.7,500.0,10.493,3.8364475751846796,14.718329997140408,1.2229648338838157,14.744122789974742,39.98418543,36.21309609,3.77108935
F18_y34.97_Vol514.7_Am500_rho10.534,18.0,34.97,514.7,500.0,10.534,3.8364475751846796,14.718329997140408,1.2229648338838157,14.744122789974742,39.98418545,36.22632344,3.75786201
F18_y34.97_Vol514.7_Am500_rho10.575,18.0,34.97,514.7,500.0,10.575,3.8364475751846796,14.718329997140408,1.2229648338838157,14.744122789974742,39.98418546,36.23983302,3.74435244
F18_y34.97_Vol514.7_Am500_rho10.616,18.0,34.97,514.7,500.0,10.616,3.8364475751846796,14.718329997140408,1.2229648338838157,14.744122789974742,39.98418547,36.25329979,3.73088568
F18_y34.97_Vol514.7_Am550_rho10.493,18.0,34.97,514.7,550.0,10.493,3.8364475751846796,14.718329997140408,1.2229648338838157,14.744122789974742,39.98418542,36.24516428,3.73902114
F18_y34.97_Vol514.7_Am550_rho10.534,18.0,34.97,514.7,550.0,10.534,3.8364475751846796,14.718329997140408,1.2229648338838157,14.744122789974742,39.98418544,36.25877857,3.72540687
F18_y34.97_Vol514.7_Am550_rho10.575,18.0,34.97,514.7,550.0,10.575,3.8364475751846796,14.718329997140408,1.2229648338838157,14.744122789974742,39.98418545,36.27244426,3.71174119
F18_y34.97_Vol514.7_Am550_rho10.616,18.0,34.97,514.7,550.0,10.616,3.8364475751846796,14.718329997140408,1.2229648338838157,14.744122789974742,39.98418546,36.28625887,3.69792659
F18_y34.97_Vol573.5_Am450_rho10.493,18.0,34.97,573.5,450.0,10.493,4.049663101109151,16.399771232484987,1.0975762859633826,13.232432432432432,39.33943698,35.69198673,3.64745025
F18_y34.97_Vol573.5_Am450_rho10.534,18.0,34.97,573.5,450.0,10.534,4.049663101109151,16.399771232484987,1.0975762859633826,13.232432432432432,39.33943699,35.69837506,3.64106193
F18_y34.97_Vol573.5_Am450_rho10.575,18.0,34.97,573.5,450.0,10.575,4.049663101109151,16.399771232484987,1.0975762859633826,13.232432432432432,39.339437,35.70494575,3.63449125
F18_y34.97_Vol573.5_Am450_rho10.616,18.0,34.97,573.5,450.0,10.616,4.049663101109151,16.399771232484987,1.0975762859633826,13.232432432432432,39.33943701,35.71145105,3.62798596
F18_y34.97_Vol573.5_Am500_rho10.493,18.0,34.97,573.5,500.0,10.493,4.049663101109151,16.399771232484987,1.0975762859633826,13.232432432432432,39.33943697,35.70410779,3.63532918
F18_y34.97_Vol573.5_Am500_rho10.534,18.0,34.97,573.5,500.0,10.534,4.049663101109151,16.399771232484987,1.0975762859633826,13.232432432432432,39.33943698,35.7108114,3.62862558
F18_y34.97_Vol573.5_Am500_rho10.575,18.0,34.97,573.5,500.0,10.575,4.049663101109151,16.399771232484987,1.0975762859633826,13.232432432432432,39.33943699,35.71751319,3.62192379
F18_y34.97_Vol573.5_Am500_rho10.616,18.0,34.97,573.5,500.0,10.616,4.049663101109151,16.399771232484987,1.0975762859633826,13.232432432432432,39.339437,35.72419675,3.61524025
F18_y34.97_Vol573.5_Am550_rho10.493,18.0,34.97,573.5,550.0,10.493,4.049663101109151,16.399771232484987,1.0975762859633826,13.232432432432432,39.33943696,35.71700502,3.62243193
F18_y34.97_Vol573.5_Am550_rho10.534,18.0,34.97,573.5,550.0,10.534,4.049663101109151,16.399771232484987,1.0975762859633826,13.232432432432432,39.33943697,35.72383145,3.61560552
F18_y34.97_Vol573.5_Am550_rho10.575,18.0,34.97,573.5,550.0,10.575,4.049663101109151,16.399771232484987,1.0975762859633826,13.232432432432432,39.33943698,35.73081915,3.60861783
F18_y34.97_Vol573.5_Am550_rho10.616,18.0,34.97,573.5,550.0,10.616,4.049663101109151,16.399771232484987,1.0975762859633826,13.232432432432432,39.33943699,35.73778567,3.60165132
F18_y34.97_Vol632.3_Am450_rho10.493,18.0,34.97,632.3,450.0,10.493,4.252200896927327,18.081212467829566,0.9955084611734937,12.001897833306975,38.84175843,35.42294157,3.41881685
F18_y34.97_Vol632.3_Am450_rho10.534,18.0,34.97,632.3,450.0,10.534,4.252200896927327,18.081212467829566,0.9955084611734937,12.001897833306975,38.84175844,35.42904067,3.41271777
F18_y34.97_Vol632.3_Am450_rho10.575,18.0,34.97,632.3,450.0,10.575,4.252200896927327,18.081212467829566,0.9955084611734937,12.001897833306975,38.84175845,35.43495466,3.40680378
F18_y34.97_Vol632.3_Am450_rho10.616,18.0,34.97,632.3,450.0,10.616,4.252200896927327,18.081212467829566,0.9955084611734937,12.001897833306975,38.84175845,35.44067575,3.40108271
F18_y34.97_Vol632.3_Am500_rho10.493,18.0,34.97,632.3,500.0,10.493,4.252200896927327,18.081212467829566,0.9955084611734937,12.001897833306975,38.84175842,35.4357409,3.40601752
F18_y34.97_Vol632.3_Am500_rho10.534,18.0,34.97,632.3,500.0,10.534,4.252200896927327,18.081212467829566,0.9955084611734937,12.001897833306975,38.84175843,35.44143363,3.4003248
F18_y34.97_Vol632.3_Am500_rho10.575,18.0,34.97,632.3,500.0,10.575,4.252200896927327,18.081212467829566,0.9955084611734937,12.001897833306975,38.84175844,35.44705324,3.3947052
F18_y34.97_Vol632.3_Am500_rho10.616,18.0,34.97,632.3,500.0,10.616,4.252200896927327,18.081212467829566,0.9955084611734937,12.001897833306975,38.84175845,35.45262204,3.38913641
F18_y34.97_Vol632.3_Am550_rho10.493,18.0,34.97,632.3,550.0,10.493,4.252200896927327,18.081212467829566,0.9955084611734937,12.001897833306975,38.84175842,35.44617095,3.39558747
F18_y34.97_Vol632.3_Am550_rho10.534,18.0,34.97,632.3,550.0,10.534,4.252200896927327,18.081212467829566,0.9955084611734937,12.001897833306975,38.84175842,35.45170137,3.39005705
F18_y34.97_Vol632.3_Am550_rho10.575,18.0,34.97,632.3,550.0,10.575,4.252200896927327,18.081212467829566,0.9955084611734937,12.001897833306975,38.84175843,35.45723438,3.38452405
F18_y34.97_Vol632.3_Am550_rho10.616,18.0,34.97,632.3,550.0,10.616,4.252200896927327,18.081212467829566,0.9955084611734937,12.001897833306975,38.84175844,35.46267208,3.37908637
F18_y34.97_Vol691.2_Am450_rho10.493,18.0,34.97,691.2,450.0,10.493,4.445842248338532,19.765513297111813,0.9106770833333332,10.979166666666666,38.44538754,35.18461108,3.26077646
F18_y34.97_Vol691.2_Am450_rho10.534,18.0,34.97,691.2,450.0,10.534,4.445842248338532,19.765513297111813,0.9106770833333332,10.979166666666666,38.44538754,35.19217571,3.25321183
F18_y34.97_Vol691.2_Am450_rho10.575,18.0,34.97,691.2,450.0,10.575,4.445842248338532,19.765513297111813,0.9106770833333332,10.979166666666666,38.44538755,35.19970988,3.24567767
F18_y34.97_Vol691.2_Am450_rho10.616,18.0,34.97,691.2,450.0,10.616,4.445842248338532,19.765513297111813,0.9106770833333332,10.979166666666666,38.44538755,35.68359152,2.76179603
F18_y34.97_Vol691.2_Am500_rho10.493,18.0,34.97,691.2,500.0,10.493,4.445842248338532,19.765513297111813,0.9106770833333332,10.979166666666666,38.44538753,35.20272476,3.24266278
F18_y34.97_Vol691.2_Am500_rho10.534,18.0,34.97,691.2,500.0,10.534,4.445842248338532,19.765513297111813,0.9106770833333332,10.979166666666666,38.44538754,35.21004246,3.23534507
F18_y34.97_Vol691.2_Am500_rho10.575,18.0,34.97,691.2,500.0,10.575,4.445842248338532,19.765513297111813,0.9106770833333332,10.979166666666666,38.44538754,35.21724649,3.22814105
F18_y34.97_Vol691.2_Am500_rho10.616,18.0,34.97,691.2,500.0,10.616,4.445842248338532,19.765513297111813,0.9106770833333332,10.979166666666666,38.44538755,35.22435711,3.22103044
F18_y34.97_Vol691.2_Am550_rho10.493,18.0,34.97,691.2,550.0,10.493,4.445842248338532,19.765513297111813,0.9106770833333332,10.979166666666666,38.44538753,35.21807678,3.22731075
F18_y34.97_Vol691.2_Am550_rho10.534,18.0,34.97,691.2,550.0,10.534,4.445842248338532,19.765513297111813,0.9106770833333332,10.979166666666666,38.44538754,35.2252192,3.22016834
F18_y34.97_Vol691.2_Am550_rho10.575,18.0,34.97,691.2,550.0,10.575,4.445842248338532,19.765513297111813,0.9106770833333332,10.979166666666666,38.44538754,35.23213718,3.21325037
F18_y34.97_Vol691.2_Am550_rho10.616,18.0,34.97,691.2,550.0,10.616,4.445842248338532,19.765513297111813,0.9106770833333332,10.979166666666666,38.44538755,35.23889103,3.20649651
F18_y34.97_Vol738.0_Am450_rho10.493,18.0,34.97,738.0,450.0,10.493,4.593887597660296,21.103803259937088,0.8529268292682928,10.282926829268295,38.18403179,35.01559685,3.16843494
F18_y34.97_Vol738.0_Am450_rho10.534,18.0,34.97,738.0,450.0,10.534,4.593887597660296,21.103803259937088,0.8529268292682928,10.282926829268295,38.1840318,35.02341017,3.16062162
F18_y34.97_Vol738.0_Am450_rho10.575,18.0,34.97,738.0,450.0,10.575,4.593887597660296,21.103803259937088,0.8529268292682928,10.282926829268295,38.1840318,35.0311444,3.1528874
F18_y34.97_Vol738.0_Am450_rho10.616,18.0,34.97,738.0,450.0,10.616,4.593887597660296,21.103803259937088,0.8529268292682928,10.282926829268295,38.1840318,35.03883355,3.14519825
F18_y34.97_Vol738.0_Am500_rho10.493,18.0,34.97,738.0,500.0,10.493,4.593887597660296,21.103803259937088,0.8529268292682928,10.282926829268295,38.18403179,35.03427893,3.14975286
F18_y34.97_Vol738.0_Am500_rho10.534,18.0,34.97,738.0,500.0,10.534,4.593887597660296,21.103803259937088,0.8529268292682928,10.282926829268295,38.18403179,35.0420567,3.14197509
F18_y34.97_Vol738.0_Am500_rho10.575,18.0,34.97,738.0,500.0,10.575,4.593887597660296,21.103803259937088,0.8529268292682928,10.282926829268295,38.1840318,35.04973436,3.13429743
F18_y34.97_Vol738.0_Am500_rho10.616,18.0,34.97,738.0,500.0,10.616,4.593887597660296,21.103803259937088,0.8529268292682928,10.282926829268295,38.1840318,35.05734819,3.12668362
F18_y34.97_Vol738.0_Am550_rho10.493,18.0,34.97,738.0,550.0,10.493,4.593887597660296,21.103803259937088,0.8529268292682928,10.282926829268295,38.18403179,35.05120101,3.13283078
F18_y34.97_Vol738.0_Am550_rho10.534,18.0,34.97,738.0,550.0,10.534,4.593887597660296,21.103803259937088,0.8529268292682928,10.282926829268295,38.18403179,35.05876318,3.12526861
F18_y34.97_Vol738.0_Am550_rho10.575,18.0,34.97,738.0,550.0,10.575,4.593887597660296,21.103803259937088,0.8529268292682928,10.282926829268295,38.1840318,35.06638643,3.11764537
F18_y34.97_Vol738.0_Am550_rho10.616,18.0,34.97,738.0,550.0,10.616,4.593887597660296,21.103803259937088,0.8529268292682928,10.282926829268295,38.1840318,35.07384716,3.11018464
F21_y32.69_Vol421.6_Am450_rho10.493,21.0,32.69,421.6,450.0,10.493,3.591226861414324,12.896910370143777,1.6282969639468687,19.63082642264798,39.59659512,35.7213185,3.87527662
F21_y32.69_Vol421.6_Am450_rho10.534,21.0,32.69,421.6,450.0,10.534,3.591226861414324,12.896910370143777,1.6282969639468687,19.63082642264798,39.59659513,35.73671602,3.85987911
F21_y32.69_Vol421.6_Am450_rho10.575,21.0,32.69,421.6,450.0,10.575,3.591226861414324,12.896910370143777,1.6282969639468687,19.63082642264798,39.59659515,35.75216188,3.84443327
F21_y32.69_Vol421.6_Am450_rho10.616,21.0,32.69,421.6,450.0,10.616,3.591226861414324,12.896910370143777,1.6282969639468687,19.63082642264798,39.59659516,35.76765253,3.82894263
F21_y32.69_Vol421.6_Am500_rho10.493,21.0,32.69,421.6,500.0,10.493,3.591226861414324,12.896910370143777,1.6282969639468687,19.63082642264798,39.59659509,35.73447544,3.86211966
F21_y32.69_Vol421.6_Am500_rho10.534,21.0,32.69,421.6,500.0,10.534,3.591226861414324,12.896910370143777,1.6282969639468687,19.63082642264798,39.59659511,35.75032811,3.846267
F21_y32.69_Vol421.6_Am500_rho10.575,21.0,32.69,421.6,500.0,10.575,3.591226861414324,12.896910370143777,1.6282969639468687,19.63082642264798,39.59659512,35.76611084,3.83048428
F21_y32.69_Vol421.6_Am500_rho10.616,21.0,32.69,421.6,500.0,10.616,3.591226861414324,12.896910370143777,1.6282969639468687,19.63082642264798,39.59659514,35.78191414,3.814681
F21_y32.69_Vol421.6_Am550_rho10.493,21.0,32.69,421.6,550.0,10.493,3.591226861414324,12.896910370143777,1.6282969639468687,19.63082642264798,39.59659508,35.75677237,3.8398227
F21_y32.69_Vol421.6_Am550_rho10.534,21.0,32.69,421.6,550.0,10.534,3.591226861414324,12.896910370143777,1.6282969639468687,19.63082642264798,39.59659509,35.77274012,3.82385497
F21_y32.69_Vol421.6_Am550_rho10.575,21.0,32.69,421.6,550.0,10.575,3.591226861414324,12.896910370143777,1.6282969639468687,19.63082642264798,39.59659511,35.78888819,3.80770692
F21_y32.69_Vol421.6_Am550_rho10.616,21.0,32.69,421.6,550.0,10.616,3.591226861414324,12.896910370143777,1.6282969639468687,19.63082642264798,39.59659512,35.80499606,3.79159906
F21_y32.69_Vol455.9_Am450_rho10.493,21.0,32.69,455.9,450.0,10.493,3.734455904877668,13.946160905475681,1.5057907435841194,18.153885544611516,38.87832523,34.97870146,3.89962377
F21_y32.69_Vol455.9_Am450_rho10.534,21.0,32.69,455.9,450.0,10.534,3.734455904877668,13.946160905475681,1.5057907435841194,18.153885544611516,38.87832524,34.98996301,3.88836224
F21_y32.69_Vol455.9_Am450_rho10.575,21.0,32.69,455.9,450.0,10.575,3.734455904877668,13.946160905475681,1.5057907435841194,18.153885544611516,38.87832526,38.24518015,0.63314511
F21_y32.69_Vol455.9_Am450_rho10.616,21.0,32.69,455.9,450.0,10.616,3.734455904877668,13.946160905475681,1.5057907435841194,18.153885544611516,38.87832527,35.01246407,3.8658612
F21_y32.69_Vol455.9_Am500_rho10.493,21.0,32.69,455.9,500.0,10.493,3.734455904877668,13.946160905475681,1.5057907435841194,18.153885544611516,38.87832521,34.9860131,3.89231211
F21_y32.69_Vol455.9_Am500_rho10.534,21.0,32.69,455.9,500.0,10.534,3.734455904877668,13.946160905475681,1.5057907435841194,18.153885544611516,38.87832523,34.99724465,3.88108058
F21_y32.69_Vol455.9_Am500_rho10.575,21.0,32.69,455.9,500.0,10.575,3.734455904877668,13.946160905475681,1.5057907435841194,18.153885544611516,38.87832524,35.00836223,3.869963
F21_y32.69_Vol455.9_Am500_rho10.616,21.0,32.69,455.9,500.0,10.616,3.734455904877668,13.946160905475681,1.5057907435841194,18.153885544611516,38.87832525,35.01963544,3.85868981
F21_y32.69_Vol455.9_Am550_rho10.493,21.0,32.69,455.9,550.0,10.493,3.734455904877668,13.946160905475681,1.5057907435841194,18.153885544611516,38.8783252,34.99906817,3.87925703
F21_y32.69_Vol455.9_Am550_rho10.534,21.0,32.69,455.9,550.0,10.534,3.734455904877668,13.946160905475681,1.5057907435841194,18.153885544611516,38.87832521,35.01035945,3.86796576
F21_y32.69_Vol455.9_Am550_rho10.575,21.0,32.69,455.9,550.0,10.575,3.734455904877668,13.946160905475681,1.5057907435841194,18.153885544611516,38.87832523,35.02166803,3.8566572
F21_y32.69_Vol455.9_Am550_rho10.616,21.0,32.69,455.9,550.0,10.616,3.734455904877668,13.946160905475681,1.5057907435841194,18.153885544611516,38.87832524,35.03287733,3.84544791
F21_y32.69_Vol514.7_Am450_rho10.493,21.0,32.69,514.7,450.0,10.493,3.967981364485197,15.744876108901808,1.333767243054206,16.079961958011246,37.94074248,34.19474896,3.74599352
F21_y32.69_Vol514.7_Am450_rho10.534,21.0,32.69,514.7,450.0,10.534,3.967981364485197,15.744876108901808,1.333767243054206,16.079961958011246,37.94074249,34.20457558,3.73616691
F21_y32.69_Vol514.7_Am450_rho10.575,21.0,32.69,514.7,450.0,10.575,3.967981364485197,15.744876108901808,1.333767243054206,16.079961958011246,37.9407425,34.21438165,3.72636085
F21_y32.69_Vol514.7_Am450_rho10.616,21.0,32.69,514.7,450.0,10.616,3.967981364485197,15.744876108901808,1.333767243054206,16.079961958011246,37.9407425,34.22402988,3.71671262
F21_y32.69_Vol514.7_Am500_rho10.493,21.0,32.69,514.7,500.0,10.493,3.967981364485197,15.744876108901808,1.333767243054206,16.079961958011246,37.94074247,34.21540999,3.72533249
F21_y32.69_Vol514.7_Am500_rho10.534,21.0,32.69,514.7,500.0,10.534,3.967981364485197,15.744876108901808,1.333767243054206,16.079961958011246,37.94074248,34.22483501,3.71590747
F21_y32.69_Vol514.7_Am500_rho10.575,21.0,32.69,514.7,500.0,10.575,3.967981364485197,15.744876108901808,1.333767243054206,16.079961958011246,37.94074249,34.23421182,3.70653067
F21_y32.69_Vol514.7_Am500_rho10.616,21.0,32.69,514.7,500.0,10.616,3.967981364485197,15.744876108901808,1.333767243054206,16.079961958011246,37.94074249,34.24343274,3.69730975
F21_y32.69_Vol514.7_Am550_rho10.493,21.0,32.69,514.7,550.0,10.493,3.967981364485197,15.744876108901808,1.333767243054206,16.079961958011246,37.94074247,34.23413994,3.70660252
F21_y32.69_Vol514.7_Am550_rho10.534,21.0,32.69,514.7,550.0,10.534,3.967981364485197,15.744876108901808,1.333767243054206,16.079961958011246,37.94074247,34.24326314,3.69747933
F21_y32.69_Vol514.7_Am550_rho10.575,21.0,32.69,514.7,550.0,10.575,3.967981364485197,15.744876108901808,1.333767243054206,16.079961958011246,37.94074248,34.25206104,3.68868144
F21_y32.69_Vol514.7_Am550_rho10.616,21.0,32.69,514.7,550.0,10.616,3.967981364485197,15.744876108901808,1.333767243054206,16.079961958011246,37.94074249,34.26085658,3.67988591
F21_y32.69_Vol573.5_Am450_rho10.493,21.0,32.69,573.5,450.0,10.493,4.188507050528616,17.54359131232793,1.1970183086312118,14.431310235027707,37.24958224,33.63889206,3.61069018
F21_y32.69_Vol573.5_Am450_rho10.534,21.0,32.69,573.5,450.0,10.534,4.188507050528616,17.54359131232793,1.1970183086312118,14.431310235027707,37.24958224,33.64879619,3.60078606
F21_y32.69_Vol573.5_Am450_rho10.575,21.0,32.69,573.5,450.0,10.575,4.188507050528616,17.54359131232793,1.1970183086312118,14.431310235027707,37.24958225,33.65879071,3.59079154
F21_y32.69_Vol573.5_Am450_rho10.616,21.0,32.69,573.5,450.0,10.616,4.188507050528616,17.54359131232793,1.1970183086312118,14.431310235027707,37.24958226,33.6686006,3.58098166
F21_y32.69_Vol573.5_Am500_rho10.493,21.0,32.69,573.5,500.0,10.493,4.188507050528616,17.54359131232793,1.1970183086312118,14.431310235027707,37.24958223,33.65963094,3.5899513
F21_y32.69_Vol573.5_Am500_rho10.534,21.0,32.69,573.5,500.0,10.534,4.188507050528616,17.54359131232793,1.1970183086312118,14.431310235027707,37.24958224,33.66971109,3.57987115
F21_y32.69_Vol573.5_Am500_rho10.575,21.0,32.69,573.5,500.0,10.575,4.188507050528616,17.54359131232793,1.1970183086312118,14.431310235027707,37.24958225,33.67980929,3.56977296
F21_y32.69_Vol573.5_Am500_rho10.616,21.0,32.69,573.5,500.0,10.616,4.188507050528616,17.54359131232793,1.1970183086312118,14.431310235027707,37.24958225,33.68968617,3.55989608
F21_y32.69_Vol573.5_Am550_rho10.493,21.0,32.69,573.5,550.0,10.493,4.188507050528616,17.54359131232793,1.1970183086312118,14.431310235027707,37.24958223,33.67993404,3.56964819
F21_y32.69_Vol573.5_Am550_rho10.534,21.0,32.69,573.5,550.0,10.534,4.188507050528616,17.54359131232793,1.1970183086312118,14.431310235027707,37.24958224,33.69010429,3.55947795
F21_y32.69_Vol573.5_Am550_rho10.575,21.0,32.69,573.5,550.0,10.575,4.188507050528616,17.54359131232793,1.1970183086312118,14.431310235027707,37.24958224,33.70029594,3.5492863
F21_y32.69_Vol573.5_Am550_rho10.616,21.0,32.69,573.5,550.0,10.616,4.188507050528616,17.54359131232793,1.1970183086312118,14.431310235027707,37.24958225,33.71022868,3.53935356
F21_y32.69_Vol632.3_Am450_rho10.493,21.0,32.69,632.3,450.0,10.493,4.397988917193182,19.342306515754053,1.0857029890874585,13.089287394889121,36.71929967,33.31307517,3.4062245
F21_y32.69_Vol632.3_Am450_rho10.534,21.0,32.69,632.3,450.0,10.534,4.397988917193182,19.342306515754053,1.0857029890874585,13.089287394889121,36.71929967,33.31799075,3.40130893
F21_y32.69_Vol632.3_Am450_rho10.575,21.0,32.69,632.3,450.0,10.575,4.397988917193182,19.342306515754053,1.0857029890874585,13.089287394889121,36.71929968,33.32338929,3.39591039
F21_y32.69_Vol632.3_Am450_rho10.616,21.0,32.69,632.3,450.0,10.616,4.397988917193182,19.342306515754053,1.0857029890874585,13.089287394889121,36.71929968,33.3288169,3.39048279
F21_y32.69_Vol632.3_Am500_rho10.493,21.0,32.69,632.3,500.0,10.493,4.397988917193182,19.342306515754053,1.0857029890874585,13.089287394889121,36.71929966,33.31365287,3.40564679
F21_y32.69_Vol632.3_Am500_rho10.534,21.0,32.69,632.3,500.0,10.534,4.397988917193182,19.342306515754053,1.0857029890874585,13.089287394889121,36.71929967,33.31951206,3.39978761
F21_y32.69_Vol632.3_Am500_rho10.575,21.0,32.69,632.3,500.0,10.575,4.397988917193182,19.342306515754053,1.0857029890874585,13.089287394889121,36.71929967,33.32540295,3.39389673
F21_y32.69_Vol632.3_Am500_rho10.616,21.0,32.69,632.3,500.0,10.616,4.397988917193182,19.342306515754053,1.0857029890874585,13.089287394889121,36.71929968,33.33146596,3.38783372
F21_y32.69_Vol632.3_Am550_rho10.493,21.0,32.69,632.3,550.0,10.493,4.397988917193182,19.342306515754053,1.0857029890874585,13.089287394889121,36.71929966,33.31710283,3.40219684
F21_y32.69_Vol632.3_Am550_rho10.534,21.0,32.69,632.3,550.0,10.534,4.397988917193182,19.342306515754053,1.0857029890874585,13.089287394889121,36.71929967,33.3235039,3.39579576
F21_y32.69_Vol632.3_Am550_rho10.575,21.0,32.69,632.3,550.0,10.575,4.397988917193182,19.342306515754053,1.0857029890874585,13.089287394889121,36.71929967,33.32993331,3.38936636
F21_y32.69_Vol632.3_Am550_rho10.616,21.0,32.69,632.3,550.0,10.616,4.397988917193182,19.342306515754053,1.0857029890874585,13.089287394889121,36.71929968,33.33667116,3.38262852
F21_y32.69_Vol691.2_Am450_rho10.493,21.0,32.69,691.2,450.0,10.493,4.598269322108242,21.14408075864179,0.9931857638888888,11.973895283258665,36.29898758,33.22289317,3.07609441
F21_y32.69_Vol691.2_Am450_rho10.534,21.0,32.69,691.2,450.0,10.534,4.598269322108242,21.14408075864179,0.9931857638888888,11.973895283258665,36.29898758,33.22484886,3.07413872
F21_y32.69_Vol691.2_Am450_rho10.575,21.0,32.69,691.2,450.0,10.575,4.598269322108242,21.14408075864179,0.9931857638888888,11.973895283258665,36.29898758,33.22678519,3.0722024
F21_y32.69_Vol691.2_Am450_rho10.616,21.0,32.69,691.2,450.0,10.616,4.598269322108242,21.14408075864179,0.9931857638888888,11.973895283258665,36.29898759,33.22876513,3.07022246
F21_y32.69_Vol691.2_Am500_rho10.493,21.0,32.69,691.2,500.0,10.493,4.598269322108242,21.14408075864179,0.9931857638888888,11.973895283258665,36.29898757,33.2153628,3.08362478
F21_y32.69_Vol691.2_Am500_rho10.534,21.0,32.69,691.2,500.0,10.534,4.598269322108242,21.14408075864179,0.9931857638888888,11.973895283258665,36.29898758,33.2173337,3.08165387
F21_y32.69_Vol691.2_Am500_rho10.575,21.0,32.69,691.2,500.0,10.575,4.598269322108242,21.14408075864179,0.9931857638888888,11.973895283258665,36.29898758,33.21930486,3.07968272
F21_y32.69_Vol691.2_Am500_rho10.616,21.0,32.69,691.2,500.0,10.616,4.598269322108242,21.14408075864179,0.9931857638888888,11.973895283258665,36.29898758,33.22122504,3.07776255
F21_y32.69_Vol691.2_Am550_rho10.493,21.0,32.69,691.2,550.0,10.493,4.598269322108242,21.14408075864179,0.9931857638888888,11.973895283258665,36.29898757,33.20865149,3.09033608
F21_y32.69_Vol691.2_Am550_rho10.534,21.0,32.69,691.2,550.0,10.534,4.598269322108242,21.14408075864179,0.9931857638888888,11.973895283258665,36.29898758,33.21053465,3.08845293
F21_y32.69_Vol691.2_Am550_rho10.575,21.0,32.69,691.2,550.0,10.575,4.598269322108242,21.14408075864179,0.9931857638888888,11.973895283258665,36.29898758,33.21244615,3.08654143
F21_y32.69_Vol691.2_Am550_rho10.616,21.0,32.69,691.2,550.0,10.616,4.598269322108242,21.14408075864179,0.9931857638888888,11.973895283258665,36.29898758,33.21431083,3.08467676
F21_y32.69_Vol738.0_Am450_rho10.493,21.0,32.69,738.0,450.0,10.493,4.751390451928238,22.575711226674827,0.9302032520325202,11.214575094564212,36.02283312,33.1773966,2.84543652
F21_y32.69_Vol738.0_Am450_rho10.534,21.0,32.69,738.0,450.0,10.534,4.751390451928238,22.575711226674827,0.9302032520325202,11.214575094564212,36.02283313,33.17898256,2.84385056
F21_y32.69_Vol738.0_Am450_rho10.575,21.0,32.69,738.0,450.0,10.575,4.751390451928238,22.575711226674827,0.9302032520325202,11.214575094564212,36.02283313,33.18062241,2.84221072
F21_y32.69_Vol738.0_Am450_rho10.616,21.0,32.69,738.0,450.0,10.616,4.751390451928238,22.575711226674827,0.9302032520325202,11.214575094564212,36.02283313,33.18227382,2.84055931
F21_y32.69_Vol738.0_Am500_rho10.493,21.0,32.69,738.0,500.0,10.493,4.751390451928238,22.575711226674827,0.9302032520325202,11.214575094564212,36.02283312,33.17232889,2.85050423
F21_y32.69_Vol738.0_Am500_rho10.534,21.0,32.69,738.0,500.0,10.534,4.751390451928238,22.575711226674827,0.9302032520325202,11.214575094564212,36.02283313,33.17397766,2.84885546
F21_y32.69_Vol738.0_Am500_rho10.575,21.0,32.69,738.0,500.0,10.575,4.751390451928238,22.575711226674827,0.9302032520325202,11.214575094564212,36.02283313,33.17563737,2.84719576
F21_y32.69_Vol738.0_Am500_rho10.616,21.0,32.69,738.0,500.0,10.616,4.751390451928238,22.575711226674827,0.9302032520325202,11.214575094564212,36.02283313,33.17722406,2.84560907
F21_y32.69_Vol738.0_Am550_rho10.493,21.0,32.69,738.0,550.0,10.493,4.751390451928238,22.575711226674827,0.9302032520325202,11.214575094564212,36.02283312,33.16750145,2.85533167
F21_y32.69_Vol738.0_Am550_rho10.534,21.0,32.69,738.0,550.0,10.534,4.751390451928238,22.575711226674827,0.9302032520325202,11.214575094564212,36.02283312,33.16920841,2.85362471
F21_y32.69_Vol738.0_Am550_rho10.575,21.0,32.69,738.0,550.0,10.575,4.751390451928238,22.575711226674827,0.9302032520325202,11.214575094564212,36.02283313,33.17081963,2.8520135
F21_y32.69_Vol738.0_Am550_rho10.616,21.0,32.69,738.0,550.0,10.616,4.751390451928238,22.575711226674827,0.9302032520325202,11.214575094564212,36.02283313,33.17245512,2.850378
F21_y33.19_Vol421.6_Am450_rho10.493,21.0,33.19,421.6,450.0,10.493,3.564073690521467,12.702621271467311,1.6532020872865272,19.93108378610237,40.35603272,36.72313967,3.63289306
F21_y33.19_Vol421.6_Am450_rho10.534,21.0,33.19,421.6,450.0,10.534,3.564073690521467,12.702621271467311,1.6532020872865272,19.93108378610237,40.35603274,36.74260605,3.61342669
F21_y33.19_Vol421.6_Am450_rho10.575,21.0,33.19,421.6,450.0,10.575,3.564073690521467,12.702621271467311,1.6532020872865272,19.93108378610237,40.35603276,36.76202063,3.59401213
F21_y33.19_Vol421.6_Am450_rho10.616,21.0,33.19,421.6,450.0,10.616,3.564073690521467,12.702621271467311,1.6532020872865272,19.93108378610237,40.35603278,36.78140172,3.57463105
F21_y33.19_Vol421.6_Am500_rho10.493,21.0,33.19,421.6,500.0,10.493,3.564073690521467,12.702621271467311,1.6532020872865272,19.93108378610237,40.35603269,36.76393028,3.59210242
F21_y33.19_Vol421.6_Am500_rho10.534,21.0,33.19,421.6,500.0,10.534,3.564073690521467,12.702621271467311,1.6532020872865272,19.93108378610237,40.35603271,36.78358975,3.57244297
F21_y33.19_Vol421.6_Am500_rho10.575,21.0,33.19,421.6,500.0,10.575,3.564073690521467,12.702621271467311,1.6532020872865272,19.93108378610237,40.35603273,36.80323687,3.55279586
F21_y33.19_Vol421.6_Am500_rho10.616,21.0,33.19,421.6,500.0,10.616,3.564073690521467,12.702621271467311,1.6532020872865272,19.93108378610237,40.35603275,36.82286639,3.53316636
F21_y33.19_Vol421.6_Am550_rho10.493,21.0,33.19,421.6,550.0,10.493,3.564073690521467,12.702621271467311,1.6532020872865272,19.93108378610237,40.35603268,36.81036474,3.54566794
F21_y33.19_Vol421.6_Am550_rho10.534,21.0,33.19,421.6,550.0,10.534,3.564073690521467,12.702621271467311,1.6532020872865272,19.93108378610237,40.35603269,36.83014998,3.52588271
F21_y33.19_Vol421.6_Am550_rho10.575,21.0,33.19,421.6,550.0,10.575,3.564073690521467,12.702621271467311,1.6532020872865272,19.93108378610237,40.35603271,36.84981997,3.50621275
F21_y33.19_Vol421.6_Am550_rho10.616,21.0,33.19,421.6,550.0,10.616,3.564073690521467,12.702621271467311,1.6532020872865272,19.93108378610237,40.35603273,36.86941965,3.48661308
F21_y33.19_Vol455.9_Am450_rho10.493,21.0,33.19,455.9,450.0,10.493,3.7062197829922776,13.736065079843327,1.5288221101118666,18.43155280592402,39.60669236,35.76043724,3.84625512
F21_y33.19_Vol455.9_Am450_rho10.534,21.0,33.19,455.9,450.0,10.534,3.7062197829922776,13.736065079843327,1.5288221101118666,18.43155280592402,39.60669238,35.77506113,3.83163125
F21_y33.19_Vol455.9_Am450_rho10.575,21.0,33.19,455.9,450.0,10.575,3.7062197829922776,13.736065079843327,1.5288221101118666,18.43155280592402,39.60669239,35.78965854,3.81703386
F21_y33.19_Vol455.9_Am450_rho10.616,21.0,33.19,455.9,450.0,10.616,3.7062197829922776,13.736065079843327,1.5288221101118666,18.43155280592402,39.60669241,35.80444716,3.80224525
F21_y33.19_Vol455.9_Am500_rho10.493,21.0,33.19,455.9,500.0,10.493,3.7062197829922776,13.736065079843327,1.5288221101118666,18.43155280592402,39.60669234,35.78439169,3.82230064
F21_y33.19_Vol455.9_Am500_rho10.534,21.0,33.19,455.9,500.0,10.534,3.7062197829922776,13.736065079843327,1.5288221101118666,18.43155280592402,39.60669235,35.79921197,3.80748039
F21_y33.19_Vol455.9_Am500_rho10.575,21.0,33.19,455.9,500.0,10.575,3.7062197829922776,13.736065079843327,1.5288221101118666,18.43155280592402,39.60669237,35.81420709,3.79248528
F21_y33.19_Vol455.9_Am500_rho10.616,21.0,33.19,455.9,500.0,10.616,3.7062197829922776,13.736065079843327,1.5288221101118666,18.43155280592402,39.60669239,35.82917909,3.77751329
F21_y33.19_Vol455.9_Am550_rho10.493,21.0,33.19,455.9,550.0,10.493,3.7062197829922776,13.736065079843327,1.5288221101118666,18.43155280592402,39.60669232,35.8152705,3.79142183
F21_y33.19_Vol455.9_Am550_rho10.534,21.0,33.19,455.9,550.0,10.534,3.7062197829922776,13.736065079843327,1.5288221101118666,18.43155280592402,39.60669234,35.83039354,3.7762988
F21_y33.19_Vol455.9_Am550_rho10.575,21.0,33.19,455.9,550.0,10.575,3.7062197829922776,13.736065079843327,1.5288221101118666,18.43155280592402,39.60669235,35.84557133,3.76112102
F21_y33.19_Vol455.9_Am550_rho10.616,21.0,33.19,455.9,550.0,10.616,3.7062197829922776,13.736065079843327,1.5288221101118666,18.43155280592402,39.60669237,35.86084434,3.74584803
F21_y33.19_Vol514.7_Am450_rho10.493,21.0,33.19,514.7,450.0,10.493,3.9379795628036667,15.507683037059358,1.3541674761997278,16.32590814886489,38.62977788,34.87302023,3.75675765
F21_y33.19_Vol514.7_Am450_rho10.534,21.0,33.19,514.7,450.0,10.534,3.9379795628036667,15.507683037059358,1.3541674761997278,16.32590814886489,38.62977789,34.8813797,3.74839819
F21_y33.19_Vol514.7_Am450_rho10.575,21.0,33.19,514.7,450.0,10.575,3.9379795628036667,15.507683037059358,1.3541674761997278,16.32590814886489,38.6297779,34.88977301,3.74000489
F21_y33.19_Vol514.7_Am450_rho10.616,21.0,33.19,514.7,450.0,10.616,3.9379795628036667,15.507683037059358,1.3541674761997278,16.32590814886489,38.62977791,34.89811687,3.73166103
F21_y33.19_Vol514.7_Am500_rho10.493,21.0,33.19,514.7,500.0,10.493,3.9379795628036667,15.507683037059358,1.3541674761997278,16.32590814886489,38.62977787,34.88733643,3.74244143
F21_y33.19_Vol514.7_Am500_rho10.534,21.0,33.19,514.7,500.0,10.534,3.9379795628036667,15.507683037059358,1.3541674761997278,16.32590814886489,38.62977788,34.89557238,3.7342055
F21_y33.19_Vol514.7_Am500_rho10.575,21.0,33.19,514.7,500.0,10.575,3.9379795628036667,15.507683037059358,1.3541674761997278,16.32590814886489,38.62977789,34.90373449,3.72604339
F21_y33.19_Vol514.7_Am500_rho10.616,21.0,33.19,514.7,500.0,10.616,3.9379795628036667,15.507683037059358,1.3541674761997278,16.32590814886489,38.62977789,34.91194099,3.71783691
F21_y33.19_Vol514.7_Am550_rho10.493,21.0,33.19,514.7,550.0,10.493,3.9379795628036667,15.507683037059358,1.3541674761997278,16.32590814886489,38.62977786,34.90301655,3.72676132
F21_y33.19_Vol514.7_Am550_rho10.534,21.0,33.19,514.7,550.0,10.534,3.9379795628036667,15.507683037059358,1.3541674761997278,16.32590814886489,38.62977787,34.91115408,3.71862379
F21_y33.19_Vol514.7_Am550_rho10.575,21.0,33.19,514.7,550.0,10.575,3.9379795628036667,15.507683037059358,1.3541674761997278,16.32590814886489,38.62977788,38.00293924,0.62683864
F21_y33.19_Vol514.7_Am550_rho10.616,21.0,33.19,514.7,550.0,10.616,3.9379795628036667,15.507683037059358,1.3541674761997278,16.32590814886489,38.62977789,34.92744228,3.70233561
F21_y33.19_Vol573.5_Am450_rho10.493,21.0,33.19,573.5,450.0,10.493,4.156837859993505,17.279300994275385,1.2153269398430688,14.652039972486069,37.91063574,34.35195897,3.55867677
F21_y33.19_Vol573.5_Am450_rho10.534,21.0,33.19,573.5,450.0,10.534,4.156837859993505,17.279300994275385,1.2153269398430688,14.652039972486069,37.91063575,34.36056373,3.55007202
F21_y33.19_Vol573.5_Am450_rho10.575,21.0,33.19,573.5,450.0,10.575,4.156837859993505,17.279300994275385,1.2153269398430688,14.652039972486069,37.91063576,34.3690668,3.54156895
F21_y33.19_Vol573.5_Am450_rho10.616,21.0,33.19,573.5,450.0,10.616,4.156837859993505,17.279300994275385,1.2153269398430688,14.652039972486069,37.91063576,34.37747529,3.53316047
F21_y33.19_Vol573.5_Am500_rho10.493,21.0,33.19,573.5,500.0,10.493,4.156837859993505,17.279300994275385,1.2153269398430688,14.652039972486069,37.91063573,34.37092627,3.53970946
F21_y33.19_Vol573.5_Am500_rho10.534,21.0,33.19,573.5,500.0,10.534,4.156837859993505,17.279300994275385,1.2153269398430688,14.652039972486069,37.91063574,34.37932194,3.5313138
F21_y33.19_Vol573.5_Am500_rho10.575,21.0,33.19,573.5,500.0,10.575,4.156837859993505,17.279300994275385,1.2153269398430688,14.652039972486069,37.91063575,34.38747226,3.52316349
F21_y33.19_Vol573.5_Am500_rho10.616,21.0,33.19,573.5,500.0,10.616,4.156837859993505,17.279300994275385,1.2153269398430688,14.652039972486069,37.91063575,34.39557297,3.51506279
F21_y33.19_Vol573.5_Am550_rho10.493,21.0,33.19,573.5,550.0,10.493,4.156837859993505,17.279300994275385,1.2153269398430688,14.652039972486069,37.91063573,34.38755324,3.52308248
F21_y33.19_Vol573.5_Am550_rho10.534,21.0,33.19,573.5,550.0,10.534,4.156837859993505,17.279300994275385,1.2153269398430688,14.652039972486069,37.91063573,34.39573831,3.51489742
F21_y33.19_Vol573.5_Am550_rho10.575,21.0,33.19,573.5,550.0,10.575,4.156837859993505,17.279300994275385,1.2153269398430688,14.652039972486069,37.91063574,34.40379311,3.50684263
F21_y33.19_Vol573.5_Am550_rho10.616,21.0,33.19,573.5,550.0,10.616,4.156837859993505,17.279300994275385,1.2153269398430688,14.652039972486069,37.91063575,34.41167149,3.49896426
F21_y33.19_Vol632.3_Am450_rho10.493,21.0,33.19,632.3,450.0,10.493,4.364735839829417,19.05091895149141,1.1023090305234857,13.28949062821566,37.35947823,33.95236046,3.40711778
F21_y33.19_Vol632.3_Am450_rho10.534,21.0,33.19,632.3,450.0,10.534,4.364735839829417,19.05091895149141,1.1023090305234857,13.28949062821566,37.35947823,33.96066046,3.39881777
F21_y33.19_Vol632.3_Am450_rho10.575,21.0,33.19,632.3,450.0,10.575,4.364735839829417,19.05091895149141,1.1023090305234857,13.28949062821566,37.35947824,33.96896362,3.39051462
F21_y33.19_Vol632.3_Am450_rho10.616,21.0,33.19,632.3,450.0,10.616,4.364735839829417,19.05091895149141,1.1023090305234857,13.28949062821566,37.35947825,33.97723584,3.38224241
F21_y33.19_Vol632.3_Am500_rho10.493,21.0,33.19,632.3,500.0,10.493,4.364735839829417,19.05091895149141,1.1023090305234857,13.28949062821566,37.35947823,33.96748949,3.39198874
F21_y33.19_Vol632.3_Am500_rho10.534,21.0,33.19,632.3,500.0,10.534,4.364735839829417,19.05091895149141,1.1023090305234857,13.28949062821566,37.35947823,33.97604878,3.38342945
F21_y33.19_Vol632.3_Am500_rho10.575,21.0,33.19,632.3,500.0,10.575,4.364735839829417,19.05091895149141,1.1023090305234857,13.28949062821566,37.35947824,33.98462036,3.37485788
F21_y33.19_Vol632.3_Am500_rho10.616,21.0,33.19,632.3,500.0,10.616,4.364735839829417,19.05091895149141,1.1023090305234857,13.28949062821566,37.35947824,33.993251,3.36622724
F21_y33.19_Vol632.3_Am550_rho10.493,21.0,33.19,632.3,550.0,10.493,4.364735839829417,19.05091895149141,1.1023090305234857,13.28949062821566,37.35947823,33.98234013,3.37713809
F21_y33.19_Vol632.3_Am550_rho10.534,21.0,33.19,632.3,550.0,10.534,4.364735839829417,19.05091895149141,1.1023090305234857,13.28949062821566,37.35947823,33.991037,3.36844123
F21_y33.19_Vol632.3_Am550_rho10.575,21.0,33.19,632.3,550.0,10.575,4.364735839829417,19.05091895149141,1.1023090305234857,13.28949062821566,37.35947823,33.99963396,3.35984427
F21_y33.19_Vol632.3_Am550_rho10.616,21.0,33.19,632.3,550.0,10.616,4.364735839829417,19.05091895149141,1.1023090305234857,13.28949062821566,37.35947824,34.0082221,3.35125614
F21_y33.19_Vol691.2_Am450_rho10.493,21.0,33.19,691.2,450.0,10.493,4.563501929923663,20.825549864416995,1.008376736111111,12.157038374161978,36.92302121,33.72773867,3.19528254
F21_y33.19_Vol691.2_Am450_rho10.534,21.0,33.19,691.2,450.0,10.534,4.563501929923663,20.825549864416995,1.008376736111111,12.157038374161978,36.92302121,33.73136616,3.19165505
F21_y33.19_Vol691.2_Am450_rho10.575,21.0,33.19,691.2,450.0,10.575,4.563501929923663,20.825549864416995,1.008376736111111,12.157038374161978,36.92302121,33.73525174,3.18776948
F21_y33.19_Vol691.2_Am450_rho10.616,21.0,33.19,691.2,450.0,10.616,4.563501929923663,20.825549864416995,1.008376736111111,12.157038374161978,36.92302122,33.73928549,3.18373572
F21_y33.19_Vol691.2_Am500_rho10.493,21.0,33.19,691.2,500.0,10.493,4.563501929923663,20.825549864416995,1.008376736111111,12.157038374161978,36.92302121,33.72806708,3.19495413
F21_y33.19_Vol691.2_Am500_rho10.534,21.0,33.19,691.2,500.0,10.534,4.563501929923663,20.825549864416995,1.008376736111111,12.157038374161978,36.92302121,33.73233851,3.1906827
F21_y33.19_Vol691.2_Am500_rho10.575,21.0,33.19,691.2,500.0,10.575,4.563501929923663,20.825549864416995,1.008376736111111,12.157038374161978,36.92302121,33.73677233,3.18624888
F21_y33.19_Vol691.2_Am500_rho10.616,21.0,33.19,691.2,500.0,10.616,4.563501929923663,20.825549864416995,1.008376736111111,12.157038374161978,36.92302122,33.74148411,3.18153711
F21_y33.19_Vol691.2_Am550_rho10.493,21.0,33.19,691.2,550.0,10.493,4.563501929923663,20.825549864416995,1.008376736111111,12.157038374161978,36.92302121,33.73027812,3.19274309
F21_y33.19_Vol691.2_Am550_rho10.534,21.0,33.19,691.2,550.0,10.534,4.563501929923663,20.825549864416995,1.008376736111111,12.157038374161978,36.92302121,33.73518323,3.18783798
F21_y33.19_Vol691.2_Am550_rho10.575,21.0,33.19,691.2,550.0,10.575,4.563501929923663,20.825549864416995,1.008376736111111,12.157038374161978,36.92302121,33.74008343,3.18293778
F21_y33.19_Vol691.2_Am550_rho10.616,21.0,33.19,691.2,550.0,10.616,4.563501929923663,20.825549864416995,1.008376736111111,12.157038374161978,36.92302121,33.74515835,3.17786287
F21_y33.19_Vol738.0_Am450_rho10.493,21.0,33.19,738.0,450.0,10.493,4.715465314948981,22.235613136486894,0.9444308943089431,11.386104233361465,36.63645209,33.67371515,2.96273694
F21_y33.19_Vol738.0_Am450_rho10.534,21.0,33.19,738.0,450.0,10.534,4.715465314948981,22.235613136486894,0.9444308943089431,11.386104233361465,36.63645209,33.675546,2.96090609
F21_y33.19_Vol738.0_Am450_rho10.575,21.0,33.19,738.0,450.0,10.575,4.715465314948981,22.235613136486894,0.9444308943089431,11.386104233361465,36.6364521,33.67737436,2.95907774
F21_y33.19_Vol738.0_Am450_rho10.616,21.0,33.19,738.0,450.0,10.616,4.715465314948981,22.235613136486894,0.9444308943089431,11.386104233361465,36.6364521,33.67919211,2.95725999
F21_y33.19_Vol738.0_Am500_rho10.493,21.0,33.19,738.0,500.0,10.493,4.715465314948981,22.235613136486894,0.9444308943089431,11.386104233361465,36.63645209,33.66980708,2.96664501
F21_y33.19_Vol738.0_Am500_rho10.534,21.0,33.19,738.0,500.0,10.534,4.715465314948981,22.235613136486894,0.9444308943089431,11.386104233361465,36.63645209,33.67160225,2.96484985
F21_y33.19_Vol738.0_Am500_rho10.575,21.0,33.19,738.0,500.0,10.575,4.715465314948981,22.235613136486894,0.9444308943089431,11.386104233361465,36.6364521,33.67339412,2.96305797
F21_y33.19_Vol738.0_Am500_rho10.616,21.0,33.19,738.0,500.0,10.616,4.715465314948981,22.235613136486894,0.9444308943089431,11.386104233361465,36.6364521,33.67516183,2.96129027
F21_y33.19_Vol738.0_Am550_rho10.493,21.0,33.19,738.0,550.0,10.493,4.715465314948981,22.235613136486894,0.9444308943089431,11.386104233361465,36.63645209,33.66644271,2.97000938
F21_y33.19_Vol738.0_Am550_rho10.534,21.0,33.19,738.0,550.0,10.534,4.715465314948981,22.235613136486894,0.9444308943089431,11.386104233361465,36.63645209,33.66810887,2.96834322
F21_y33.19_Vol738.0_Am550_rho10.575,21.0,33.19,738.0,550.0,10.575,4.715465314948981,22.235613136486894,0.9444308943089431,11.386104233361465,36.63645209,33.66983601,2.96661609
F21_y33.19_Vol738.0_Am550_rho10.616,21.0,33.19,738.0,550.0,10.616,4.715465314948981,22.235613136486894,0.9444308943089431,11.386104233361465,36.6364521,33.67157831,2.96487379
F21_y33.69_Vol421.6_Am450_rho10.493,21.0,33.69,421.6,450.0,10.493,3.537527263387584,12.51409913921045,1.6781072106261858,20.231341149556762,41.12206132,37.79949054,3.32257078
F21_y33.69_Vol421.6_Am450_rho10.534,21.0,33.69,421.6,450.0,10.534,3.537527263387584,12.51409913921045,1.6781072106261858,20.231341149556762,41.12206134,37.82027034,3.30179101
F21_y33.69_Vol421.6_Am450_rho10.575,21.0,33.69,421.6,450.0,10.575,3.537527263387584,12.51409913921045,1.6781072106261858,20.231341149556762,41.12206136,37.84088837,3.28117299
F21_y33.69_Vol421.6_Am450_rho10.616,21.0,33.69,421.6,450.0,10.616,3.537527263387584,12.51409913921045,1.6781072106261858,20.231341149556762,41.12206139,37.86135678,3.26070461
F21_y33.69_Vol421.6_Am500_rho10.493,21.0,33.69,421.6,500.0,10.493,3.537527263387584,12.51409913921045,1.6781072106261858,20.231341149556762,41.12206129,37.8544326,3.26762869
F21_y33.69_Vol421.6_Am500_rho10.534,21.0,33.69,421.6,500.0,10.534,3.537527263387584,12.51409913921045,1.6781072106261858,20.231341149556762,41.12206131,37.8750422,3.24701911
F21_y33.69_Vol421.6_Am500_rho10.575,21.0,33.69,421.6,500.0,10.575,3.537527263387584,12.51409913921045,1.6781072106261858,20.231341149556762,41.12206133,37.89547379,3.22658754
F21_y33.69_Vol421.6_Am500_rho10.616,21.0,33.69,421.6,500.0,10.616,3.537527263387584,12.51409913921045,1.6781072106261858,20.231341149556762,41.12206135,37.91567905,3.20638231
F21_y33.69_Vol421.6_Am550_rho10.493,21.0,33.69,421.6,550.0,10.493,3.537527263387584,12.51409913921045,1.6781072106261858,20.231341149556762,41.12206126,37.91136157,3.21069969
F21_y33.69_Vol421.6_Am550_rho10.534,21.0,33.69,421.6,550.0,10.534,3.537527263387584,12.51409913921045,1.6781072106261858,20.231341149556762,41.12206129,37.93171138,3.19034991
F21_y33.69_Vol421.6_Am550_rho10.575,21.0,33.69,421.6,550.0,10.575,3.537527263387584,12.51409913921045,1.6781072106261858,20.231341149556762,41.12206131,37.95180547,3.17025584
F21_y33.69_Vol421.6_Am550_rho10.616,21.0,33.69,421.6,550.0,10.616,3.537527263387584,12.51409913921045,1.6781072106261858,20.231341149556762,41.12206133,37.97172471,3.15033662
F21_y33.69_Vol455.9_Am450_rho10.493,21.0,33.69,455.9,450.0,10.493,3.6786146036512846,13.532205402196498,1.551853476639614,18.709220067236522,40.34066164,36.64147277,3.69918887
F21_y33.69_Vol455.9_Am450_rho10.534,21.0,33.69,455.9,450.0,10.534,3.6786146036512846,13.532205402196498,1.551853476639614,18.709220067236522,40.34066166,36.6598644,3.68079726
F21_y33.69_Vol455.9_Am450_rho10.575,21.0,33.69,455.9,450.0,10.575,3.6786146036512846,13.532205402196498,1.551853476639614,18.709220067236522,40.34066168,36.67823128,3.6624304
F21_y33.69_Vol455.9_Am450_rho10.616,21.0,33.69,455.9,450.0,10.616,3.6786146036512846,13.532205402196498,1.551853476639614,18.709220067236522,40.3406617,36.6966071,3.6440546
F21_y33.69_Vol455.9_Am500_rho10.493,21.0,33.69,455.9,500.0,10.493,3.6786146036512846,13.532205402196498,1.551853476639614,18.709220067236522,40.34066161,36.68310152,3.65756009
F21_y33.69_Vol455.9_Am500_rho10.534,21.0,33.69,455.9,500.0,10.534,3.6786146036512846,13.532205402196498,1.551853476639614,18.709220067236522,40.34066163,36.70174858,3.63891305
F21_y33.69_Vol455.9_Am500_rho10.575,21.0,33.69,455.9,500.0,10.575,3.6786146036512846,13.532205402196498,1.551853476639614,18.709220067236522,40.34066165,36.72041106,3.62025059
F21_y33.69_Vol455.9_Am500_rho10.616,21.0,33.69,455.9,500.0,10.616,3.6786146036512846,13.532205402196498,1.551853476639614,18.709220067236522,40.34066167,36.73899012,3.60167156
F21_y33.69_Vol455.9_Am550_rho10.493,21.0,33.69,455.9,550.0,10.493,3.6786146036512846,13.532205402196498,1.551853476639614,18.709220067236522,40.34066159,36.73019472,3.61046687
F21_y33.69_Vol455.9_Am550_rho10.534,21.0,33.69,455.9,550.0,10.534,3.6786146036512846,13.532205402196498,1.551853476639614,18.709220067236522,40.34066161,36.74897996,3.59168166
F21_y33.69_Vol455.9_Am550_rho10.575,21.0,33.69,455.9,550.0,10.575,3.6786146036512846,13.532205402196498,1.551853476639614,18.709220067236522,40.34066163,36.76770618,3.57295546
F21_y33.69_Vol455.9_Am550_rho10.616,21.0,33.69,455.9,550.0,10.616,3.6786146036512846,13.532205402196498,1.551853476639614,18.709220067236522,40.34066165,36.78638934,3.55427231
F21_y33.69_Vol514.7_Am450_rho10.493,21.0,33.69,514.7,450.0,10.493,3.908648158181841,15.277530424458298,1.3745677093452495,16.571854339718538,39.32319288,35.52658402,3.79660886
F21_y33.69_Vol514.7_Am450_rho10.534,21.0,33.69,514.7,450.0,10.534,3.908648158181841,15.277530424458298,1.3745677093452495,16.571854339718538,39.32319289,35.53626468,3.78692821
F21_y33.69_Vol514.7_Am450_rho10.575,21.0,33.69,514.7,450.0,10.575,3.908648158181841,15.277530424458298,1.3745677093452495,16.571854339718538,39.3231929,35.54593722,3.77725568
F21_y33.69_Vol514.7_Am450_rho10.616,21.0,33.69,514.7,450.0,10.616,3.908648158181841,15.277530424458298,1.3745677093452495,16.571854339718538,39.32319291,35.55576252,3.76743039
F21_y33.69_Vol514.7_Am500_rho10.493,21.0,33.69,514.7,500.0,10.493,3.908648158181841,15.277530424458298,1.3745677093452495,16.571854339718538,39.32319286,35.54386443,3.77932843
F21_y33.69_Vol514.7_Am500_rho10.534,21.0,33.69,514.7,500.0,10.534,3.908648158181841,15.277530424458298,1.3745677093452495,16.571854339718538,39.32319287,35.55372335,3.76946952
F21_y33.69_Vol514.7_Am500_rho10.575,21.0,33.69,514.7,500.0,10.575,3.908648158181841,15.277530424458298,1.3745677093452495,16.571854339718538,39.32319288,35.56374756,3.75944532
F21_y33.69_Vol514.7_Am500_rho10.616,21.0,33.69,514.7,500.0,10.616,3.908648158181841,15.277530424458298,1.3745677093452495,16.571854339718538,39.32319289,35.57384089,3.749352
F21_y33.69_Vol514.7_Am550_rho10.493,21.0,33.69,514.7,550.0,10.493,3.908648158181841,15.277530424458298,1.3745677093452495,16.571854339718538,39.32319285,35.56543166,3.75776119
F21_y33.69_Vol514.7_Am550_rho10.534,21.0,33.69,514.7,550.0,10.534,3.908648158181841,15.277530424458298,1.3745677093452495,16.571854339718538,39.32319286,35.57551626,3.7476766
F21_y33.69_Vol514.7_Am550_rho10.575,21.0,33.69,514.7,550.0,10.575,3.908648158181841,15.277530424458298,1.3745677093452495,16.571854339718538,39.32319287,38.96071046,0.36248241
F21_y33.69_Vol514.7_Am550_rho10.616,21.0,33.69,514.7,550.0,10.616,3.908648158181841,15.277530424458298,1.3745677093452495,16.571854339718538,39.32319288,35.59617228,3.7270206
F21_y33.69_Vol573.5_Am450_rho10.493,21.0,33.69,573.5,450.0,10.493,4.125876324700014,17.022855446720097,1.2336355710549258,14.87276970994443,38.57523672,34.99446003,3.58077669
F21_y33.69_Vol573.5_Am450_rho10.534,21.0,33.69,573.5,450.0,10.534,4.125876324700014,17.022855446720097,1.2336355710549258,14.87276970994443,38.57523673,35.00142917,3.57380756
F21_y33.69_Vol573.5_Am450_rho10.575,21.0,33.69,573.5,450.0,10.575,4.125876324700014,17.022855446720097,1.2336355710549258,14.87276970994443,38.57523674,35.00823928,3.56699747
F21_y33.69_Vol573.5_Am450_rho10.616,21.0,33.69,573.5,450.0,10.616,4.125876324700014,17.022855446720097,1.2336355710549258,14.87276970994443,38.57523675,35.01506372,3.56017303
F21_y33.69_Vol573.5_Am500_rho10.493,21.0,33.69,573.5,500.0,10.493,4.125876324700014,17.022855446720097,1.2336355710549258,14.87276970994443,38.57523671,35.00847254,3.56676418
F21_y33.69_Vol573.5_Am500_rho10.534,21.0,33.69,573.5,500.0,10.534,4.125876324700014,17.022855446720097,1.2336355710549258,14.87276970994443,38.57523672,35.01516138,3.56007534
F21_y33.69_Vol573.5_Am500_rho10.575,21.0,33.69,573.5,500.0,10.575,4.125876324700014,17.022855446720097,1.2336355710549258,14.87276970994443,38.57523673,35.02187824,3.55335849
F21_y33.69_Vol573.5_Am500_rho10.616,21.0,33.69,573.5,500.0,10.616,4.125876324700014,17.022855446720097,1.2336355710549258,14.87276970994443,38.57523674,35.02844874,3.54678801
F21_y33.69_Vol573.5_Am550_rho10.493,21.0,33.69,573.5,550.0,10.493,4.125876324700014,17.022855446720097,1.2336355710549258,14.87276970994443,38.57523671,35.02117217,3.55406454
F21_y33.69_Vol573.5_Am550_rho10.534,21.0,33.69,573.5,550.0,10.534,4.125876324700014,17.022855446720097,1.2336355710549258,14.87276970994443,38.57523672,35.02783739,3.54739932
F21_y33.69_Vol573.5_Am550_rho10.575,21.0,33.69,573.5,550.0,10.575,4.125876324700014,17.022855446720097,1.2336355710549258,14.87276970994443,38.57523673,35.03442915,3.54080758
F21_y33.69_Vol573.5_Am550_rho10.616,21.0,33.69,573.5,550.0,10.616,4.125876324700014,17.022855446720097,1.2336355710549258,14.87276970994443,38.57523674,35.04094101,3.53429573
F21_y33.69_Vol632.3_Am450_rho10.493,21.0,33.69,632.3,450.0,10.493,4.332225810017513,18.768180468981893,1.118915071959513,13.489693861542198,38.00264026,34.60294137,3.39969889
F21_y33.69_Vol632.3_Am450_rho10.534,21.0,33.69,632.3,450.0,10.534,4.332225810017513,18.768180468981893,1.118915071959513,13.489693861542198,38.00264027,34.61118353,3.39145673
F21_y33.69_Vol632.3_Am450_rho10.575,21.0,33.69,632.3,450.0,10.575,4.332225810017513,18.768180468981893,1.118915071959513,13.489693861542198,38.00264027,34.61924966,3.38339061
F21_y33.69_Vol632.3_Am450_rho10.616,21.0,33.69,632.3,450.0,10.616,4.332225810017513,18.768180468981893,1.118915071959513,13.489693861542198,38.00264027,34.62723705,3.37540323
F21_y33.69_Vol632.3_Am500_rho10.493,21.0,33.69,632.3,500.0,10.493,4.332225810017513,18.768180468981893,1.118915071959513,13.489693861542198,38.00264026,34.62076056,3.3818797
F21_y33.69_Vol632.3_Am500_rho10.534,21.0,33.69,632.3,500.0,10.534,4.332225810017513,18.768180468981893,1.118915071959513,13.489693861542198,38.00264026,34.62879948,3.37384078
F21_y33.69_Vol632.3_Am500_rho10.575,21.0,33.69,632.3,500.0,10.575,4.332225810017513,18.768180468981893,1.118915071959513,13.489693861542198,38.00264027,34.63673035,3.36590992
F21_y33.69_Vol632.3_Am500_rho10.616,21.0,33.69,632.3,500.0,10.616,4.332225810017513,18.768180468981893,1.118915071959513,13.489693861542198,38.00264027,34.64451088,3.35812939
F21_y33.69_Vol632.3_Am550_rho10.493,21.0,33.69,632.3,550.0,10.493,4.332225810017513,18.768180468981893,1.118915071959513,13.489693861542198,38.00264026,34.63641793,3.36622233
F21_y33.69_Vol632.3_Am550_rho10.534,21.0,33.69,632.3,550.0,10.534,4.332225810017513,18.768180468981893,1.118915071959513,13.489693861542198,38.00264026,34.64412989,3.35851037
F21_y33.69_Vol632.3_Am550_rho10.575,21.0,33.69,632.3,550.0,10.575,4.332225810017513,18.768180468981893,1.118915071959513,13.489693861542198,38.00264026,34.65181488,3.35082538
F21_y33.69_Vol632.3_Am550_rho10.616,21.0,33.69,632.3,550.0,10.616,4.332225810017513,18.768180468981893,1.118915071959513,13.489693861542198,38.00264027,34.65942279,3.34321748
F21_y33.69_Vol691.2_Am450_rho10.493,21.0,33.69,691.2,450.0,10.493,4.529511422998895,20.516473731077475,1.0235677083333332,12.340181465065292,37.54961313,34.29438284,3.25523029
F21_y33.69_Vol691.2_Am450_rho10.534,21.0,33.69,691.2,450.0,10.534,4.529511422998895,20.516473731077475,1.0235677083333332,12.340181465065292,37.54961313,34.30170806,3.24790507
F21_y33.69_Vol691.2_Am450_rho10.575,21.0,33.69,691.2,450.0,10.575,4.529511422998895,20.516473731077475,1.0235677083333332,12.340181465065292,37.54961313,34.30908054,3.24053259
F21_y33.69_Vol691.2_Am450_rho10.616,21.0,33.69,691.2,450.0,10.616,4.529511422998895,20.516473731077475,1.0235677083333332,12.340181465065292,37.54961313,34.31645466,3.23315847
F21_y33.69_Vol691.2_Am500_rho10.493,21.0,33.69,691.2,500.0,10.493,4.529511422998895,20.516473731077475,1.0235677083333332,12.340181465065292,37.54961312,34.30803888,3.24157425
F21_y33.69_Vol691.2_Am500_rho10.534,21.0,33.69,691.2,500.0,10.534,4.529511422998895,20.516473731077475,1.0235677083333332,12.340181465065292,37.54961313,34.31559372,3.23401941
F21_y33.69_Vol691.2_Am500_rho10.575,21.0,33.69,691.2,500.0,10.575,4.529511422998895,20.516473731077475,1.0235677083333332,12.340181465065292,37.54961313,34.32316992,3.22644321
F21_y33.69_Vol691.2_Am500_rho10.616,21.0,33.69,691.2,500.0,10.616,4.529511422998895,20.516473731077475,1.0235677083333332,12.340181465065292,37.54961313,34.33076585,3.21884728
F21_y33.69_Vol691.2_Am550_rho10.493,21.0,33.69,691.2,550.0,10.493,4.529511422998895,20.516473731077475,1.0235677083333332,12.340181465065292,37.54961312,34.32151277,3.22810035
F21_y33.69_Vol691.2_Am550_rho10.534,21.0,33.69,691.2,550.0,10.534,4.529511422998895,20.516473731077475,1.0235677083333332,12.340181465065292,37.54961312,34.32916889,3.22044423
F21_y33.69_Vol691.2_Am550_rho10.575,21.0,33.69,691.2,550.0,10.575,4.529511422998895,20.516473731077475,1.0235677083333332,12.340181465065292,37.54961313,34.33682407,3.21278905
F21_y33.69_Vol691.2_Am550_rho10.616,21.0,33.69,691.2,550.0,10.616,4.529511422998895,20.516473731077475,1.0235677083333332,12.340181465065292,37.54961313,34.34440885,3.20520428
F21_y33.69_Vol738.0_Am450_rho10.493,21.0,33.69,738.0,450.0,10.493,4.680342933299422,21.90560997328584,0.9586585365853658,11.557633372158714,37.25236739,34.15481535,3.09755205
F21_y33.69_Vol738.0_Am450_rho10.534,21.0,33.69,738.0,450.0,10.534,4.680342933299422,21.90560997328584,0.9586585365853658,11.557633372158714,37.2523674,34.15865653,3.09371087
F21_y33.69_Vol738.0_Am450_rho10.575,21.0,33.69,738.0,450.0,10.575,4.680342933299422,21.90560997328584,0.9586585365853658,11.557633372158714,37.2523674,34.16262193,3.08974547
F21_y33.69_Vol738.0_Am450_rho10.616,21.0,33.69,738.0,450.0,10.616,4.680342933299422,21.90560997328584,0.9586585365853658,11.557633372158714,37.25236741,34.16675383,3.08561358
F21_y33.69_Vol738.0_Am500_rho10.493,21.0,33.69,738.0,500.0,10.493,4.680342933299422,21.90560997328584,0.9586585365853658,11.557633372158714,37.25236739,34.15871119,3.0936562
F21_y33.69_Vol738.0_Am500_rho10.534,21.0,33.69,738.0,500.0,10.534,4.680342933299422,21.90560997328584,0.9586585365853658,11.557633372158714,37.25236739,34.16303289,3.0893345
F21_y33.69_Vol738.0_Am500_rho10.575,21.0,33.69,738.0,500.0,10.575,4.680342933299422,21.90560997328584,0.9586585365853658,11.557633372158714,37.2523674,34.16745892,3.08490847
F21_y33.69_Vol738.0_Am500_rho10.616,21.0,33.69,738.0,500.0,10.616,4.680342933299422,21.90560997328584,0.9586585365853658,11.557633372158714,37.2523674,34.17202526,3.08034215
F21_y33.69_Vol738.0_Am550_rho10.493,21.0,33.69,738.0,550.0,10.493,4.680342933299422,21.90560997328584,0.9586585365853658,11.557633372158714,37.25236739,34.16381421,3.08855318
F21_y33.69_Vol738.0_Am550_rho10.534,21.0,33.69,738.0,550.0,10.534,4.680342933299422,21.90560997328584,0.9586585365853658,11.557633372158714,37.25236739,34.16857721,3.08379018
F21_y33.69_Vol738.0_Am550_rho10.575,21.0,33.69,738.0,550.0,10.575,4.680342933299422,21.90560997328584,0.9586585365853658,11.557633372158714,37.2523674,34.17344754,3.07891986
F21_y33.69_Vol738.0_Am550_rho10.616,21.0,33.69,738.0,550.0,10.616,4.680342933299422,21.90560997328584,0.9586585365853658,11.557633372158714,37.2523674,34.17846664,3.07390076
F21_y34.19_Vol421.6_Am450_rho10.493,21.0,34.19,421.6,450.0,10.493,3.5115653151080175,12.331090962269672,1.703012333965844,20.531598513011147,41.89479423,38.89670522,2.99808901
F21_y34.19_Vol421.6_Am450_rho10.534,21.0,34.19,421.6,450.0,10.534,3.5115653151080175,12.331090962269672,1.703012333965844,20.531598513011147,41.89479426,38.91614508,2.97864917
F21_y34.19_Vol421.6_Am450_rho10.575,21.0,34.19,421.6,450.0,10.575,3.5115653151080175,12.331090962269672,1.703012333965844,20.531598513011147,41.89479429,38.9354061,2.95938818
F21_y34.19_Vol421.6_Am450_rho10.616,21.0,34.19,421.6,450.0,10.616,3.5115653151080175,12.331090962269672,1.703012333965844,20.531598513011147,41.89479431,38.95429895,2.94049537
F21_y34.19_Vol421.6_Am500_rho10.493,21.0,34.19,421.6,500.0,10.493,3.5115653151080175,12.331090962269672,1.703012333965844,20.531598513011147,41.89479419,38.95448382,2.94031037
F21_y34.19_Vol421.6_Am500_rho10.534,21.0,34.19,421.6,500.0,10.534,3.5115653151080175,12.331090962269672,1.703012333965844,20.531598513011147,41.89479422,38.97344825,2.92134597
F21_y34.19_Vol421.6_Am500_rho10.575,21.0,34.19,421.6,500.0,10.575,3.5115653151080175,12.331090962269672,1.703012333965844,20.531598513011147,41.89479425,38.99207977,2.90271448
F21_y34.19_Vol421.6_Am500_rho10.616,21.0,34.19,421.6,500.0,10.616,3.5115653151080175,12.331090962269672,1.703012333965844,20.531598513011147,41.89479428,39.01054478,2.88424949
F21_y34.19_Vol421.6_Am550_rho10.493,21.0,34.19,421.6,550.0,10.493,3.5115653151080175,12.331090962269672,1.703012333965844,20.531598513011147,41.89479417,39.01224889,2.88254528
F21_y34.19_Vol421.6_Am550_rho10.534,21.0,34.19,421.6,550.0,10.534,3.5115653151080175,12.331090962269672,1.703012333965844,20.531598513011147,41.8947942,39.03076039,2.8640338
F21_y34.19_Vol421.6_Am550_rho10.575,21.0,34.19,421.6,550.0,10.575,3.5115653151080175,12.331090962269672,1.703012333965844,20.531598513011147,41.89479423,39.04898868,2.84580555
F21_y34.19_Vol421.6_Am550_rho10.616,21.0,34.19,421.6,550.0,10.616,3.5115653151080175,12.331090962269672,1.703012333965844,20.531598513011147,41.89479425,39.06694672,2.82784753
F21_y34.19_Vol455.9_Am450_rho10.493,21.0,34.19,455.9,450.0,10.493,3.651617213957955,13.334308277274056,1.5748848431673614,18.98688732854903,41.08030985,37.61699258,3.46331727
F21_y34.19_Vol455.9_Am450_rho10.534,21.0,34.19,455.9,450.0,10.534,3.651617213957955,13.334308277274056,1.5748848431673614,18.98688732854903,41.08030987,37.6376488,3.44266108
F21_y34.19_Vol455.9_Am450_rho10.575,21.0,34.19,455.9,450.0,10.575,3.651617213957955,13.334308277274056,1.5748848431673614,18.98688732854903,41.0803099,37.65810712,3.42220278
F21_y34.19_Vol455.9_Am450_rho10.616,21.0,34.19,455.9,450.0,10.616,3.651617213957955,13.334308277274056,1.5748848431673614,18.98688732854903,41.08030992,37.67851178,3.40179814
F21_y34.19_Vol455.9_Am500_rho10.493,21.0,34.19,455.9,500.0,10.493,3.651617213957955,13.334308277274056,1.5748848431673614,18.98688732854903,41.08030983,37.67172781,3.40858201
F21_y34.19_Vol455.9_Am500_rho10.534,21.0,34.19,455.9,500.0,10.534,3.651617213957955,13.334308277274056,1.5748848431673614,18.98688732854903,41.08030984,37.69239408,3.38791576
F21_y34.19_Vol455.9_Am500_rho10.575,21.0,34.19,455.9,500.0,10.575,3.651617213957955,13.334308277274056,1.5748848431673614,18.98688732854903,41.08030987,37.71284751,3.36746235
F21_y34.19_Vol455.9_Am500_rho10.616,21.0,34.19,455.9,500.0,10.616,3.651617213957955,13.334308277274056,1.5748848431673614,18.98688732854903,41.08030989,37.73314693,3.34716296
F21_y34.19_Vol455.9_Am550_rho10.493,21.0,34.19,455.9,550.0,10.493,3.651617213957955,13.334308277274056,1.5748848431673614,18.98688732854903,41.08030981,37.729406,3.35090382
F21_y34.19_Vol455.9_Am550_rho10.534,21.0,34.19,455.9,550.0,10.534,3.651617213957955,13.334308277274056,1.5748848431673614,18.98688732854903,41.08030982,37.74978345,3.33052637
F21_y34.19_Vol455.9_Am550_rho10.575,21.0,34.19,455.9,550.0,10.575,3.651617213957955,13.334308277274056,1.5748848431673614,18.98688732854903,41.08030984,37.77012968,3.31018016
F21_y34.19_Vol455.9_Am550_rho10.616,21.0,34.19,455.9,550.0,10.616,3.651617213957955,13.334308277274056,1.5748848431673614,18.98688732854903,41.08030987,37.7902619,3.29004797
F21_y34.19_Vol514.7_Am450_rho10.493,21.0,34.19,514.7,450.0,10.493,3.8799625499107786,15.05410938871015,1.3949679424907713,16.817800530572182,40.02105722,36.22687834,3.79417888
F21_y34.19_Vol514.7_Am450_rho10.534,21.0,34.19,514.7,450.0,10.534,3.8799625499107786,15.05410938871015,1.3949679424907713,16.817800530572182,40.02105723,36.23974142,3.78131581
F21_y34.19_Vol514.7_Am450_rho10.575,21.0,34.19,514.7,450.0,10.575,3.8799625499107786,15.05410938871015,1.3949679424907713,16.817800530572182,40.02105724,36.25270509,3.76835215
F21_y34.19_Vol514.7_Am450_rho10.616,21.0,34.19,514.7,450.0,10.616,3.8799625499107786,15.05410938871015,1.3949679424907713,16.817800530572182,40.02105726,36.26573126,3.755326
F21_y34.19_Vol514.7_Am500_rho10.493,21.0,34.19,514.7,500.0,10.493,3.8799625499107786,15.05410938871015,1.3949679424907713,16.817800530572182,40.0210572,36.25488995,3.76616725
F21_y34.19_Vol514.7_Am500_rho10.534,21.0,34.19,514.7,500.0,10.534,3.8799625499107786,15.05410938871015,1.3949679424907713,16.817800530572182,40.02105721,36.2681418,3.75291541
F21_y34.19_Vol514.7_Am500_rho10.575,21.0,34.19,514.7,500.0,10.575,3.8799625499107786,15.05410938871015,1.3949679424907713,16.817800530572182,40.02105723,36.28154427,3.73951296
F21_y34.19_Vol514.7_Am500_rho10.616,21.0,34.19,514.7,500.0,10.616,3.8799625499107786,15.05410938871015,1.3949679424907713,16.817800530572182,40.02105724,36.29502761,3.72602963
F21_y34.19_Vol514.7_Am550_rho10.493,21.0,34.19,514.7,550.0,10.493,3.8799625499107786,15.05410938871015,1.3949679424907713,16.817800530572182,40.02105719,36.28798649,3.73307069
F21_y34.19_Vol514.7_Am550_rho10.534,21.0,34.19,514.7,550.0,10.534,3.8799625499107786,15.05410938871015,1.3949679424907713,16.817800530572182,40.0210572,36.30167916,3.71937804
F21_y34.19_Vol514.7_Am550_rho10.575,21.0,34.19,514.7,550.0,10.575,3.8799625499107786,15.05410938871015,1.3949679424907713,16.817800530572182,40.02105721,36.31531762,3.70573959
F21_y34.19_Vol514.7_Am550_rho10.616,21.0,34.19,514.7,550.0,10.616,3.8799625499107786,15.05410938871015,1.3949679424907713,16.817800530572182,40.02105723,36.32909856,3.69195867
F21_y34.19_Vol573.5_Am450_rho10.493,21.0,34.19,573.5,450.0,10.493,4.095596476723048,16.773910500146243,1.2519442022667828,15.093499447402792,39.24345137,35.59925722,3.64419415
F21_y34.19_Vol573.5_Am450_rho10.534,21.0,34.19,573.5,450.0,10.534,4.095596476723048,16.773910500146243,1.2519442022667828,15.093499447402792,39.24345137,35.60601608,3.63743529
F21_y34.19_Vol573.5_Am450_rho10.575,21.0,34.19,573.5,450.0,10.575,4.095596476723048,16.773910500146243,1.2519442022667828,15.093499447402792,39.24345138,35.61282133,3.63063005
F21_y34.19_Vol573.5_Am450_rho10.616,21.0,34.19,573.5,450.0,10.616,4.095596476723048,16.773910500146243,1.2519442022667828,15.093499447402792,39.2434514,35.61968689,3.6237645
F21_y34.19_Vol573.5_Am500_rho10.493,21.0,34.19,573.5,500.0,10.493,4.095596476723048,16.773910500146243,1.2519442022667828,15.093499447402792,39.24345136,35.6118136,3.63163776
F21_y34.19_Vol573.5_Am500_rho10.534,21.0,34.19,573.5,500.0,10.534,4.095596476723048,16.773910500146243,1.2519442022667828,15.093499447402792,39.24345137,35.61855292,3.62489845
F21_y34.19_Vol573.5_Am500_rho10.575,21.0,34.19,573.5,500.0,10.575,4.095596476723048,16.773910500146243,1.2519442022667828,15.093499447402792,39.24345137,35.6253942,3.61805717
F21_y34.19_Vol573.5_Am500_rho10.616,21.0,34.19,573.5,500.0,10.616,4.095596476723048,16.773910500146243,1.2519442022667828,15.093499447402792,39.24345138,35.63229266,3.61115872
F21_y34.19_Vol573.5_Am550_rho10.493,21.0,34.19,573.5,550.0,10.493,4.095596476723048,16.773910500146243,1.2519442022667828,15.093499447402792,39.24345136,35.62559715,3.6178542
F21_y34.19_Vol573.5_Am550_rho10.534,21.0,34.19,573.5,550.0,10.534,4.095596476723048,16.773910500146243,1.2519442022667828,15.093499447402792,39.24345136,35.63248203,3.61096933
F21_y34.19_Vol573.5_Am550_rho10.575,21.0,34.19,573.5,550.0,10.575,4.095596476723048,16.773910500146243,1.2519442022667828,15.093499447402792,39.24345137,35.63954495,3.60390642
F21_y34.19_Vol573.5_Am550_rho10.616,21.0,34.19,573.5,550.0,10.616,4.095596476723048,16.773910500146243,1.2519442022667828,15.093499447402792,39.24345137,35.64663133,3.59682004
F21_y34.19_Vol632.3_Am450_rho10.493,21.0,34.19,632.3,450.0,10.493,4.30043156108574,18.493711611582334,1.13552111339554,13.689897094868737,38.64882286,35.22616958,3.42265329
F21_y34.19_Vol632.3_Am450_rho10.534,21.0,34.19,632.3,450.0,10.534,4.30043156108574,18.493711611582334,1.13552111339554,13.689897094868737,38.64882287,35.23301725,3.41580561
F21_y34.19_Vol632.3_Am450_rho10.575,21.0,34.19,632.3,450.0,10.575,4.30043156108574,18.493711611582334,1.13552111339554,13.689897094868737,38.64882287,35.23971401,3.40910886
F21_y34.19_Vol632.3_Am450_rho10.616,21.0,34.19,632.3,450.0,10.616,4.30043156108574,18.493711611582334,1.13552111339554,13.689897094868737,38.64882288,35.24617867,3.40264421
F21_y34.19_Vol632.3_Am500_rho10.493,21.0,34.19,632.3,500.0,10.493,4.30043156108574,18.493711611582334,1.13552111339554,13.689897094868737,38.64882286,35.24063879,3.40818406
F21_y34.19_Vol632.3_Am500_rho10.534,21.0,34.19,632.3,500.0,10.534,4.30043156108574,18.493711611582334,1.13552111339554,13.689897094868737,38.64882286,35.24719054,3.40163232
F21_y34.19_Vol632.3_Am500_rho10.575,21.0,34.19,632.3,500.0,10.575,4.30043156108574,18.493711611582334,1.13552111339554,13.689897094868737,38.64882287,35.25356465,3.39525821
F21_y34.19_Vol632.3_Am500_rho10.616,21.0,34.19,632.3,500.0,10.616,4.30043156108574,18.493711611582334,1.13552111339554,13.689897094868737,38.64882287,35.25981871,3.38900416
F21_y34.19_Vol632.3_Am550_rho10.493,21.0,34.19,632.3,550.0,10.493,4.30043156108574,18.493711611582334,1.13552111339554,13.689897094868737,38.64882285,35.25278459,3.39603827
F21_y34.19_Vol632.3_Am550_rho10.534,21.0,34.19,632.3,550.0,10.534,4.30043156108574,18.493711611582334,1.13552111339554,13.689897094868737,38.64882286,35.25909453,3.38972833
F21_y34.19_Vol632.3_Am550_rho10.575,21.0,34.19,632.3,550.0,10.575,4.30043156108574,18.493711611582334,1.13552111339554,13.689897094868737,38.64882286,35.26530057,3.38352229
F21_y34.19_Vol632.3_Am550_rho10.616,21.0,34.19,632.3,550.0,10.616,4.30043156108574,18.493711611582334,1.13552111339554,13.689897094868737,38.64882287,35.27139552,3.37742735
F21_y34.19_Vol691.2_Am450_rho10.493,21.0,34.19,691.2,450.0,10.493,4.496269292962845,20.2164375548406,1.0387586805555553,12.523324555968605,38.17879286,34.90604789,3.27274497
F21_y34.19_Vol691.2_Am450_rho10.534,21.0,34.19,691.2,450.0,10.534,4.496269292962845,20.2164375548406,1.0387586805555553,12.523324555968605,38.17879286,34.91403272,3.26476014
F21_y34.19_Vol691.2_Am450_rho10.575,21.0,34.19,691.2,450.0,10.575,4.496269292962845,20.2164375548406,1.0387586805555553,12.523324555968605,38.17879287,34.9219143,3.25687857
F21_y34.19_Vol691.2_Am450_rho10.616,21.0,34.19,691.2,450.0,10.616,4.496269292962845,20.2164375548406,1.0387586805555553,12.523324555968605,38.17879287,35.18057303,2.99821984
F21_y34.19_Vol691.2_Am500_rho10.493,21.0,34.19,691.2,500.0,10.493,4.496269292962845,20.2164375548406,1.0387586805555553,12.523324555968605,38.17879286,34.92386208,3.25493078
F21_y34.19_Vol691.2_Am500_rho10.534,21.0,34.19,691.2,500.0,10.534,4.496269292962845,20.2164375548406,1.0387586805555553,12.523324555968605,38.17879286,34.93178574,3.24700712
F21_y34.19_Vol691.2_Am500_rho10.575,21.0,34.19,691.2,500.0,10.575,4.496269292962845,20.2164375548406,1.0387586805555553,12.523324555968605,38.17879286,34.93966236,3.2391305
F21_y34.19_Vol691.2_Am500_rho10.616,21.0,34.19,691.2,500.0,10.616,4.496269292962845,20.2164375548406,1.0387586805555553,12.523324555968605,38.17879287,34.94733431,3.23145855
F21_y34.19_Vol691.2_Am550_rho10.493,21.0,34.19,691.2,550.0,10.493,4.496269292962845,20.2164375548406,1.0387586805555553,12.523324555968605,38.17879285,34.93967944,3.23911342
F21_y34.19_Vol691.2_Am550_rho10.534,21.0,34.19,691.2,550.0,10.534,4.496269292962845,20.2164375548406,1.0387586805555553,12.523324555968605,38.17879286,34.94736054,3.23143232
F21_y34.19_Vol691.2_Am550_rho10.575,21.0,34.19,691.2,550.0,10.575,4.496269292962845,20.2164375548406,1.0387586805555553,12.523324555968605,38.17879286,34.95491275,3.22388011
F21_y34.19_Vol691.2_Am550_rho10.616,21.0,34.19,691.2,550.0,10.616,4.496269292962845,20.2164375548406,1.0387586805555553,12.523324555968605,38.17879287,34.96232987,3.216463
F21_y34.19_Vol738.0_Am450_rho10.493,21.0,34.19,738.0,450.0,10.493,4.6459938492873905,21.585258847616263,0.9728861788617885,11.729162510955964,37.87059944,34.70329006,3.16730938
F21_y34.19_Vol738.0_Am450_rho10.534,21.0,34.19,738.0,450.0,10.534,4.6459938492873905,21.585258847616263,0.9728861788617885,11.729162510955964,37.87059944,34.7103341,3.16026535
F21_y34.19_Vol738.0_Am450_rho10.575,21.0,34.19,738.0,450.0,10.575,4.6459938492873905,21.585258847616263,0.9728861788617885,11.729162510955964,37.87059945,34.71744597,3.15315348
F21_y34.19_Vol738.0_Am450_rho10.616,21.0,34.19,738.0,450.0,10.616,4.6459938492873905,21.585258847616263,0.9728861788617885,11.729162510955964,37.87059945,34.72453488,3.14606458
F21_y34.19_Vol738.0_Am500_rho10.493,21.0,34.19,738.0,500.0,10.493,4.6459938492873905,21.585258847616263,0.9728861788617885,11.729162510955964,37.87059944,34.71798396,3.15261548
F21_y34.19_Vol738.0_Am500_rho10.534,21.0,34.19,738.0,500.0,10.534,4.6459938492873905,21.585258847616263,0.9728861788617885,11.729162510955964,37.87059944,35.60758644,2.263013
F21_y34.19_Vol738.0_Am500_rho10.575,21.0,34.19,738.0,500.0,10.575,4.6459938492873905,21.585258847616263,0.9728861788617885,11.729162510955964,37.87059945,34.73250832,3.13809113
F21_y34.19_Vol738.0_Am500_rho10.616,21.0,34.19,738.0,500.0,10.616,4.6459938492873905,21.585258847616263,0.9728861788617885,11.729162510955964,37.87059945,34.7397747,3.13082475
F21_y34.19_Vol738.0_Am550_rho10.493,21.0,34.19,738.0,550.0,10.493,4.6459938492873905,21.585258847616263,0.9728861788617885,11.729162510955964,37.87059944,34.73219916,3.13840028
F21_y34.19_Vol738.0_Am550_rho10.534,21.0,34.19,738.0,550.0,10.534,4.6459938492873905,21.585258847616263,0.9728861788617885,11.729162510955964,37.87059944,34.73950642,3.13109302
F21_y34.19_Vol738.0_Am550_rho10.575,21.0,34.19,738.0,550.0,10.575,4.6459938492873905,21.585258847616263,0.9728861788617885,11.729162510955964,37.87059944,34.7468302,3.12376924
F21_y34.19_Vol738.0_Am550_rho10.616,21.0,34.19,738.0,550.0,10.616,4.6459938492873905,21.585258847616263,0.9728861788617885,11.729162510955964,37.87059945,34.75406445,3.116535
F21_y34.97_Vol421.6_Am450_rho10.493,21.0,34.97,421.6,450.0,10.493,3.4721820288081315,12.056048041178153,1.7418643263757114,21.0,43.11390351,40.54403972,2.56986379
F21_y34.97_Vol421.6_Am450_rho10.534,21.0,34.97,421.6,450.0,10.534,3.4721820288081315,12.056048041178153,1.7418643263757114,21.0,43.11390354,40.55918084,2.5547227
F21_y34.97_Vol421.6_Am450_rho10.575,21.0,34.97,421.6,450.0,10.575,3.4721820288081315,12.056048041178153,1.7418643263757114,21.0,43.11390357,40.57412109,2.53978248
F21_y34.97_Vol421.6_Am450_rho10.616,21.0,34.97,421.6,450.0,10.616,3.4721820288081315,12.056048041178153,1.7418643263757114,21.0,43.11390359,40.5888651,2.5250385
F21_y34.97_Vol421.6_Am500_rho10.493,21.0,34.97,421.6,500.0,10.493,3.4721820288081315,12.056048041178153,1.7418643263757114,21.0,43.11390347,40.59486199,2.51904148
F21_y34.97_Vol421.6_Am500_rho10.534,21.0,34.97,421.6,500.0,10.534,3.4721820288081315,12.056048041178153,1.7418643263757114,21.0,43.1139035,40.60955649,2.50434701
F21_y34.97_Vol421.6_Am500_rho10.575,21.0,34.97,421.6,500.0,10.575,3.4721820288081315,12.056048041178153,1.7418643263757114,21.0,43.11390353,40.62404622,2.48985731
F21_y34.97_Vol421.6_Am500_rho10.616,21.0,34.97,421.6,500.0,10.616,3.4721820288081315,12.056048041178153,1.7418643263757114,21.0,43.11390355,40.63835455,2.47554901
F21_y34.97_Vol421.6_Am550_rho10.493,21.0,34.97,421.6,550.0,10.493,3.4721820288081315,12.056048041178153,1.7418643263757114,21.0,43.11390345,40.64543177,2.46847168
F21_y34.97_Vol421.6_Am550_rho10.534,21.0,34.97,421.6,550.0,10.534,3.4721820288081315,12.056048041178153,1.7418643263757114,21.0,43.11390348,40.65965591,2.45424757
F21_y34.97_Vol421.6_Am550_rho10.575,21.0,34.97,421.6,550.0,10.575,3.4721820288081315,12.056048041178153,1.7418643263757114,21.0,43.11390351,40.67385222,2.44005128
F21_y34.97_Vol421.6_Am550_rho10.616,21.0,34.97,421.6,550.0,10.616,3.4721820288081315,12.056048041178153,1.7418643263757114,21.0,43.11390353,40.68773149,2.42617205
F21_y34.97_Vol455.9_Am450_rho10.493,21.0,34.97,455.9,450.0,10.493,3.610663202487297,13.036888761795824,1.6108137749506473,19.420048256196537,42.24574373,39.23196675,3.01377697
F21_y34.97_Vol455.9_Am450_rho10.534,21.0,34.97,455.9,450.0,10.534,3.610663202487297,13.036888761795824,1.6108137749506473,19.420048256196537,42.24574375,39.25162052,2.99412323
F21_y34.97_Vol455.9_Am450_rho10.575,21.0,34.97,455.9,450.0,10.575,3.610663202487297,13.036888761795824,1.6108137749506473,19.420048256196537,42.24574377,39.27106501,2.97467876
F21_y34.97_Vol455.9_Am450_rho10.616,21.0,34.97,455.9,450.0,10.616,3.610663202487297,13.036888761795824,1.6108137749506473,19.420048256196537,42.2457438,39.29020593,2.95553787
F21_y34.97_Vol455.9_Am500_rho10.493,21.0,34.97,455.9,500.0,10.493,3.610663202487297,13.036888761795824,1.6108137749506473,19.420048256196537,42.24574369,39.29182307,2.95392062
F21_y34.97_Vol455.9_Am500_rho10.534,21.0,34.97,455.9,500.0,10.534,3.610663202487297,13.036888761795824,1.6108137749506473,19.420048256196537,42.24574371,39.31098843,2.93475528
F21_y34.97_Vol455.9_Am500_rho10.575,21.0,34.97,455.9,500.0,10.575,3.610663202487297,13.036888761795824,1.6108137749506473,19.420048256196537,42.24574374,39.32990646,2.91583728
F21_y34.97_Vol455.9_Am500_rho10.616,21.0,34.97,455.9,500.0,10.616,3.610663202487297,13.036888761795824,1.6108137749506473,19.420048256196537,42.24574376,39.34855941,2.89718435
F21_y34.97_Vol455.9_Am550_rho10.493,21.0,34.97,455.9,550.0,10.493,3.610663202487297,13.036888761795824,1.6108137749506473,19.420048256196537,42.24574367,39.35219714,2.89354652
F21_y34.97_Vol455.9_Am550_rho10.534,21.0,34.97,455.9,550.0,10.534,3.610663202487297,13.036888761795824,1.6108137749506473,19.420048256196537,42.24574369,39.37095176,2.87479193
F21_y34.97_Vol455.9_Am550_rho10.575,21.0,34.97,455.9,550.0,10.575,3.610663202487297,13.036888761795824,1.6108137749506473,19.420048256196537,42.24574372,39.3893435,2.85640022
F21_y34.97_Vol455.9_Am550_rho10.616,21.0,34.97,455.9,550.0,10.616,3.610663202487297,13.036888761795824,1.6108137749506473,19.420048256196537,42.24574374,39.40762266,2.83812108
F21_y34.97_Vol514.7_Am450_rho10.493,21.0,34.97,514.7,450.0,10.493,3.8364475751846796,14.718329997140408,1.426792306197785,17.201476588303866,41.11875649,37.49100469,3.6277518
F21_y34.97_Vol514.7_Am450_rho10.534,21.0,34.97,514.7,450.0,10.534,3.8364475751846796,14.718329997140408,1.426792306197785,17.201476588303866,41.1187565,37.50930354,3.60945296
F21_y34.97_Vol514.7_Am450_rho10.575,21.0,34.97,514.7,450.0,10.575,3.8364475751846796,14.718329997140408,1.426792306197785,17.201476588303866,41.11875652,37.52752689,3.59122963
F21_y34.97_Vol514.7_Am450_rho10.616,21.0,34.97,514.7,450.0,10.616,3.8364475751846796,14.718329997140408,1.426792306197785,17.201476588303866,41.11875653,37.54579452,3.57296201
F21_y34.97_Vol514.7_Am500_rho10.493,21.0,34.97,514.7,500.0,10.493,3.8364475751846796,14.718329997140408,1.426792306197785,17.201476588303866,41.11875647,37.53899409,3.57976238
F21_y34.97_Vol514.7_Am500_rho10.534,21.0,34.97,514.7,500.0,10.534,3.8364475751846796,14.718329997140408,1.426792306197785,17.201476588303866,41.11875648,37.55745703,3.56129945
F21_y34.97_Vol514.7_Am500_rho10.575,21.0,34.97,514.7,500.0,10.575,3.8364475751846796,14.718329997140408,1.426792306197785,17.201476588303866,41.1187565,37.57582056,3.54293593
F21_y34.97_Vol514.7_Am500_rho10.616,21.0,34.97,514.7,500.0,10.616,3.8364475751846796,14.718329997140408,1.426792306197785,17.201476588303866,41.11875651,37.5940835,3.524673
F21_y34.97_Vol514.7_Am550_rho10.493,21.0,34.97,514.7,550.0,10.493,3.8364475751846796,14.718329997140408,1.426792306197785,17.201476588303866,41.11875646,37.59019774,3.52855872
F21_y34.97_Vol514.7_Am550_rho10.534,21.0,34.97,514.7,550.0,10.534,3.8364475751846796,14.718329997140408,1.426792306197785,17.201476588303866,41.11875647,37.60864834,3.51010813
F21_y34.97_Vol514.7_Am550_rho10.575,21.0,34.97,514.7,550.0,10.575,3.8364475751846796,14.718329997140408,1.426792306197785,17.201476588303866,41.11875648,37.62702868,3.4917278
F21_y34.97_Vol514.7_Am550_rho10.616,21.0,34.97,514.7,550.0,10.616,3.8364475751846796,14.718329997140408,1.426792306197785,17.201476588303866,41.1187565,37.64538436,3.47337213
F21_y34.97_Vol573.5_Am450_rho10.493,21.0,34.97,573.5,450.0,10.493,4.049663101109151,16.399771232484987,1.2805056669572799,15.437837837837838,40.29318476,36.56740727,3.72577749
F21_y34.97_Vol573.5_Am450_rho10.534,21.0,34.97,573.5,450.0,10.534,4.049663101109151,16.399771232484987,1.2805056669572799,15.437837837837838,40.29318477,36.57748801,3.71569677
F21_y34.97_Vol573.5_Am450_rho10.575,21.0,34.97,573.5,450.0,10.575,4.049663101109151,16.399771232484987,1.2805056669572799,15.437837837837838,40.29318479,36.5877355,3.70544928
F21_y34.97_Vol573.5_Am450_rho10.616,21.0,34.97,573.5,450.0,10.616,4.049663101109151,16.399771232484987,1.2805056669572799,15.437837837837838,40.2931848,36.5980926,3.6950922
F21_y34.97_Vol573.5_Am500_rho10.493,21.0,34.97,573.5,500.0,10.493,4.049663101109151,16.399771232484987,1.2805056669572799,15.437837837837838,40.29318474,36.59033808,3.70284666
F21_y34.97_Vol573.5_Am500_rho10.534,21.0,34.97,573.5,500.0,10.534,4.049663101109151,16.399771232484987,1.2805056669572799,15.437837837837838,40.29318476,36.60086614,3.69231861
F21_y34.97_Vol573.5_Am500_rho10.575,21.0,34.97,573.5,500.0,10.575,4.049663101109151,16.399771232484987,1.2805056669572799,15.437837837837838,40.29318477,36.61162394,3.68156083
F21_y34.97_Vol573.5_Am500_rho10.616,21.0,34.97,573.5,500.0,10.616,4.049663101109151,16.399771232484987,1.2805056669572799,15.437837837837838,40.29318478,36.62236135,3.67082343
F21_y34.97_Vol573.5_Am550_rho10.493,21.0,34.97,573.5,550.0,10.493,4.049663101109151,16.399771232484987,1.2805056669572799,15.437837837837838,40.29318473,36.61636783,3.67681691
F21_y34.97_Vol573.5_Am550_rho10.534,21.0,34.97,573.5,550.0,10.534,4.049663101109151,16.399771232484987,1.2805056669572799,15.437837837837838,40.29318475,36.62729095,3.66589379
F21_y34.97_Vol573.5_Am550_rho10.575,21.0,34.97,573.5,550.0,10.575,4.049663101109151,16.399771232484987,1.2805056669572799,15.437837837837838,40.29318476,36.63831214,3.65487263
F21_y34.97_Vol573.5_Am550_rho10.616,21.0,34.97,573.5,550.0,10.616,4.049663101109151,16.399771232484987,1.2805056669572799,15.437837837837838,40.29318478,36.64947371,3.64371107
F21_y34.97_Vol632.3_Am450_rho10.493,21.0,34.97,632.3,450.0,10.493,4.252200896927327,18.081212467829566,1.1614265380357427,14.00221413885814,39.66298644,36.13440617,3.52858026
F21_y34.97_Vol632.3_Am450_rho10.534,21.0,34.97,632.3,450.0,10.534,4.252200896927327,18.081212467829566,1.1614265380357427,14.00221413885814,39.66298645,36.14011331,3.52287314
F21_y34.97_Vol632.3_Am450_rho10.575,21.0,34.97,632.3,450.0,10.575,4.252200896927327,18.081212467829566,1.1614265380357427,14.00221413885814,39.66298646,36.14602202,3.51696444
F21_y34.97_Vol632.3_Am450_rho10.616,21.0,34.97,632.3,450.0,10.616,4.252200896927327,18.081212467829566,1.1614265380357427,14.00221413885814,39.66298647,36.15188828,3.51109819
F21_y34.97_Vol632.3_Am500_rho10.493,21.0,34.97,632.3,500.0,10.493,4.252200896927327,18.081212467829566,1.1614265380357427,14.00221413885814,39.66298642,36.14530739,3.51767904
F21_y34.97_Vol632.3_Am500_rho10.534,21.0,34.97,632.3,500.0,10.534,4.252200896927327,18.081212467829566,1.1614265380357427,14.00221413885814,39.66298644,36.15114189,3.51184455
F21_y34.97_Vol632.3_Am500_rho10.575,21.0,34.97,632.3,500.0,10.575,4.252200896927327,18.081212467829566,1.1614265380357427,14.00221413885814,39.66298645,36.15708203,3.50590442
F21_y34.97_Vol632.3_Am500_rho10.616,21.0,34.97,632.3,500.0,10.616,4.252200896927327,18.081212467829566,1.1614265380357427,14.00221413885814,39.66298646,36.1630782,3.49990826
F21_y34.97_Vol632.3_Am550_rho10.493,21.0,34.97,632.3,550.0,10.493,4.252200896927327,18.081212467829566,1.1614265380357427,14.00221413885814,39.66298642,36.15667453,3.50631189
F21_y34.97_Vol632.3_Am550_rho10.534,21.0,34.97,632.3,550.0,10.534,4.252200896927327,18.081212467829566,1.1614265380357427,14.00221413885814,39.66298643,36.16276257,3.50022386
F21_y34.97_Vol632.3_Am550_rho10.575,21.0,34.97,632.3,550.0,10.575,4.252200896927327,18.081212467829566,1.1614265380357427,14.00221413885814,39.66298644,36.16880088,3.49418556
F21_y34.97_Vol632.3_Am550_rho10.616,21.0,34.97,632.3,550.0,10.616,4.252200896927327,18.081212467829566,1.1614265380357427,14.00221413885814,39.66298645,36.17489794,3.48808851
F21_y34.97_Vol691.2_Am450_rho10.493,21.0,34.97,691.2,450.0,10.493,4.445842248338532,19.765513297111813,1.0624565972222222,12.809027777777777,39.16554408,35.84281364,3.32273043
F21_y34.97_Vol691.2_Am450_rho10.534,21.0,34.97,691.2,450.0,10.534,4.445842248338532,19.765513297111813,1.0624565972222222,12.809027777777777,39.16554408,35.84900377,3.31654032
F21_y34.97_Vol691.2_Am450_rho10.575,21.0,34.97,691.2,450.0,10.575,4.445842248338532,19.765513297111813,1.0624565972222222,12.809027777777777,39.16554409,35.85510762,3.31043647
F21_y34.97_Vol691.2_Am450_rho10.616,21.0,34.97,691.2,450.0,10.616,4.445842248338532,19.765513297111813,1.0624565972222222,12.809027777777777,39.1655441,36.45327576,2.71226834
F21_y34.97_Vol691.2_Am500_rho10.493,21.0,34.97,691.2,500.0,10.493,4.445842248338532,19.765513297111813,1.0624565972222222,12.809027777777777,39.16554407,35.85629487,3.3092492
F21_y34.97_Vol691.2_Am500_rho10.534,21.0,34.97,691.2,500.0,10.534,4.445842248338532,19.765513297111813,1.0624565972222222,12.809027777777777,39.16554408,35.86232516,3.30321891
F21_y34.97_Vol691.2_Am500_rho10.575,21.0,34.97,691.2,500.0,10.575,4.445842248338532,19.765513297111813,1.0624565972222222,12.809027777777777,39.16554409,35.86812363,3.29742046
F21_y34.97_Vol691.2_Am500_rho10.616,21.0,34.97,691.2,500.0,10.616,4.445842248338532,19.765513297111813,1.0624565972222222,12.809027777777777,39.1655441,35.87391178,3.29163231
F21_y34.97_Vol691.2_Am550_rho10.493,21.0,34.97,691.2,550.0,10.493,4.445842248338532,19.765513297111813,1.0624565972222222,12.809027777777777,39.16554407,35.86757052,3.29797354
F21_y34.97_Vol691.2_Am550_rho10.534,21.0,34.97,691.2,550.0,10.534,4.445842248338532,19.765513297111813,1.0624565972222222,12.809027777777777,39.16554407,35.87329505,3.29224903
F21_y34.97_Vol691.2_Am550_rho10.575,21.0,34.97,691.2,550.0,10.575,4.445842248338532,19.765513297111813,1.0624565972222222,12.809027777777777,39.16554408,35.87893562,3.28660846
F21_y34.97_Vol691.2_Am550_rho10.616,21.0,34.97,691.2,550.0,10.616,4.445842248338532,19.765513297111813,1.0624565972222222,12.809027777777777,39.16554409,35.88448828,3.28105582
F21_y34.97_Vol738.0_Am450_rho10.493,21.0,34.97,738.0,450.0,10.493,4.593887597660296,21.103803259937088,0.9950813008130082,11.996747967479676,38.83972324,35.63059824,3.20912499
F21_y34.97_Vol738.0_Am450_rho10.534,21.0,34.97,738.0,450.0,10.534,4.593887597660296,21.103803259937088,0.9950813008130082,11.996747967479676,38.83972324,35.63794148,3.20178176
F21_y34.97_Vol738.0_Am450_rho10.575,21.0,34.97,738.0,450.0,10.575,4.593887597660296,21.103803259937088,0.9950813008130082,11.996747967479676,38.83972325,35.64520839,3.19451486
F21_y34.97_Vol738.0_Am450_rho10.616,21.0,34.97,738.0,450.0,10.616,4.593887597660296,21.103803259937088,0.9950813008130082,11.996747967479676,38.83972325,35.65228944,3.18743381
F21_y34.97_Vol738.0_Am500_rho10.493,21.0,34.97,738.0,500.0,10.493,4.593887597660296,21.103803259937088,0.9950813008130082,11.996747967479676,38.83972323,35.6480804,3.19164283
F21_y34.97_Vol738.0_Am500_rho10.534,21.0,34.97,738.0,500.0,10.534,4.593887597660296,21.103803259937088,0.9950813008130082,11.996747967479676,38.83972324,35.65509258,3.18463066
F21_y34.97_Vol738.0_Am500_rho10.575,21.0,34.97,738.0,500.0,10.575,4.593887597660296,21.103803259937088,0.9950813008130082,11.996747967479676,38.83972325,35.66211462,3.17760863
F21_y34.97_Vol738.0_Am500_rho10.616,21.0,34.97,738.0,500.0,10.616,4.593887597660296,21.103803259937088,0.9950813008130082,11.996747967479676,38.83972325,35.66892568,3.17079757
F21_y34.97_Vol738.0_Am550_rho10.493,21.0,34.97,738.0,550.0,10.493,4.593887597660296,21.103803259937088,0.9950813008130082,11.996747967479676,38.83972323,35.66270527,3.17701796
F21_y34.97_Vol738.0_Am550_rho10.534,21.0,34.97,738.0,550.0,10.534,4.593887597660296,21.103803259937088,0.9950813008130082,11.996747967479676,38.83972324,35.66947713,3.1702461
F21_y34.97_Vol738.0_Am550_rho10.575,21.0,34.97,738.0,550.0,10.575,4.593887597660296,21.103803259937088,0.9950813008130082,11.996747967479676,38.83972324,35.67621131,3.16351193
F21_y34.97_Vol738.0_Am550_rho10.616,21.0,34.97,738.0,550.0,10.616,4.593887597660296,21.103803259937088,0.9950813008130082,11.996747967479676,38.83972325,35.68282377,3.15689947
F24_y32.69_Vol421.6_Am450_rho10.493,24.0,32.69,421.6,450.0,10.493,3.591226861414324,12.896910370143777,1.8609108159392787,22.435230197311977,41.0874031,37.52823405,3.55916905
F24_y32.69_Vol421.6_Am450_rho10.534,24.0,32.69,421.6,450.0,10.534,3.591226861414324,12.896910370143777,1.8609108159392787,22.435230197311977,41.08740312,37.54762607,3.53977705
F24_y32.69_Vol421.6_Am450_rho10.575,24.0,32.69,421.6,450.0,10.575,3.591226861414324,12.896910370143777,1.8609108159392787,22.435230197311977,41.08740315,37.56698048,3.52042267
F24_y32.69_Vol421.6_Am450_rho10.616,24.0,32.69,421.6,450.0,10.616,3.591226861414324,12.896910370143777,1.8609108159392787,22.435230197311977,41.08740318,37.58617182,3.50123136
F24_y32.69_Vol421.6_Am500_rho10.493,24.0,32.69,421.6,500.0,10.493,3.591226861414324,12.896910370143777,1.8609108159392787,22.435230197311977,41.08740306,37.56586419,3.52153887
F24_y32.69_Vol421.6_Am500_rho10.534,24.0,32.69,421.6,500.0,10.534,3.591226861414324,12.896910370143777,1.8609108159392787,22.435230197311977,41.08740309,37.58545759,3.5019455
F24_y32.69_Vol421.6_Am500_rho10.575,24.0,32.69,421.6,500.0,10.575,3.591226861414324,12.896910370143777,1.8609108159392787,22.435230197311977,41.08740311,37.60496607,3.48243705
F24_y32.69_Vol421.6_Am500_rho10.616,24.0,32.69,421.6,500.0,10.616,3.591226861414324,12.896910370143777,1.8609108159392787,22.435230197311977,41.08740314,37.62423944,3.4631637
F24_y32.69_Vol421.6_Am550_rho10.493,24.0,32.69,421.6,550.0,10.493,3.591226861414324,12.896910370143777,1.8609108159392787,22.435230197311977,41.08740305,37.60677028,3.48063277
F24_y32.69_Vol421.6_Am550_rho10.534,24.0,32.69,421.6,550.0,10.534,3.591226861414324,12.896910370143777,1.8609108159392787,22.435230197311977,41.08740306,37.62639659,3.46100647
F24_y32.69_Vol421.6_Am550_rho10.575,24.0,32.69,421.6,550.0,10.575,3.591226861414324,12.896910370143777,1.8609108159392787,22.435230197311977,41.08740309,37.64575136,3.44165173
F24_y32.69_Vol421.6_Am550_rho10.616,24.0,32.69,421.6,550.0,10.616,3.591226861414324,12.896910370143777,1.8609108159392787,22.435230197311977,41.08740311,37.66505601,3.4223471
F24_y32.69_Vol455.9_Am450_rho10.493,24.0,32.69,455.9,450.0,10.493,3.734455904877668,13.946160905475681,1.720903706953279,20.747297765270304,40.16953999,36.3440408,3.82549919
F24_y32.69_Vol455.9_Am450_rho10.534,24.0,32.69,455.9,450.0,10.534,3.734455904877668,13.946160905475681,1.720903706953279,20.747297765270304,40.16954,36.35921322,3.81032678
F24_y32.69_Vol455.9_Am450_rho10.575,24.0,32.69,455.9,450.0,10.575,3.734455904877668,13.946160905475681,1.720903706953279,20.747297765270304,40.16954001,39.5103682,0.65917181
F24_y32.69_Vol455.9_Am450_rho10.616,24.0,32.69,455.9,450.0,10.616,3.734455904877668,13.946160905475681,1.720903706953279,20.747297765270304,40.16954002,36.38979314,3.77974689
F24_y32.69_Vol455.9_Am500_rho10.493,24.0,32.69,455.9,500.0,10.493,3.734455904877668,13.946160905475681,1.720903706953279,20.747297765270304,40.16953996,36.36117944,3.80836053
F24_y32.69_Vol455.9_Am500_rho10.534,24.0,32.69,455.9,500.0,10.534,3.734455904877668,13.946160905475681,1.720903706953279,20.747297765270304,40.16953998,36.37691895,3.79262103
F24_y32.69_Vol455.9_Am500_rho10.575,24.0,32.69,455.9,500.0,10.575,3.734455904877668,13.946160905475681,1.720903706953279,20.747297765270304,40.16953999,36.39257484,3.77696515
F24_y32.69_Vol455.9_Am500_rho10.616,24.0,32.69,455.9,500.0,10.616,3.734455904877668,13.946160905475681,1.720903706953279,20.747297765270304,40.16954,36.40817124,3.76136877
F24_y32.69_Vol455.9_Am550_rho10.493,24.0,32.69,455.9,550.0,10.493,3.734455904877668,13.946160905475681,1.720903706953279,20.747297765270304,40.16953995,36.38613099,3.78340896
F24_y32.69_Vol455.9_Am550_rho10.534,24.0,32.69,455.9,550.0,10.534,3.734455904877668,13.946160905475681,1.720903706953279,20.747297765270304,40.16953996,36.40204635,3.76749361
F24_y32.69_Vol455.9_Am550_rho10.575,24.0,32.69,455.9,550.0,10.575,3.734455904877668,13.946160905475681,1.720903706953279,20.747297765270304,40.16953998,36.41792295,3.75161703
F24_y32.69_Vol455.9_Am550_rho10.616,24.0,32.69,455.9,550.0,10.616,3.734455904877668,13.946160905475681,1.720903706953279,20.747297765270304,40.16953999,36.43388866,3.73565133
F24_y32.69_Vol514.7_Am450_rho10.493,24.0,32.69,514.7,450.0,10.493,3.967981364485197,15.744876108901808,1.5243054206333784,18.377099380584283,38.98407655,35.19004168,3.79403487
F24_y32.69_Vol514.7_Am450_rho10.534,24.0,32.69,514.7,450.0,10.534,3.967981364485197,15.744876108901808,1.5243054206333784,18.377099380584283,38.98407655,35.19971605,3.78436051
F24_y32.69_Vol514.7_Am450_rho10.575,24.0,32.69,514.7,450.0,10.575,3.967981364485197,15.744876108901808,1.5243054206333784,18.377099380584283,38.98407656,35.20939001,3.77468655
F24_y32.69_Vol514.7_Am450_rho10.616,24.0,32.69,514.7,450.0,10.616,3.967981364485197,15.744876108901808,1.5243054206333784,18.377099380584283,38.98407657,35.21897899,3.76509758
F24_y32.69_Vol514.7_Am500_rho10.493,24.0,32.69,514.7,500.0,10.493,3.967981364485197,15.744876108901808,1.5243054206333784,18.377099380584283,38.98407654,35.2009368,3.78313974
F24_y32.69_Vol514.7_Am500_rho10.534,24.0,32.69,514.7,500.0,10.534,3.967981364485197,15.744876108901808,1.5243054206333784,18.377099380584283,38.98407654,35.21027239,3.77380415
F24_y32.69_Vol514.7_Am500_rho10.575,24.0,32.69,514.7,500.0,10.575,3.967981364485197,15.744876108901808,1.5243054206333784,18.377099380584283,38.98407655,35.21954438,3.76453217
F24_y32.69_Vol514.7_Am500_rho10.616,24.0,32.69,514.7,500.0,10.616,3.967981364485197,15.744876108901808,1.5243054206333784,18.377099380584283,38.98407656,35.22886673,3.75520983
F24_y32.69_Vol514.7_Am550_rho10.493,24.0,32.69,514.7,550.0,10.493,3.967981364485197,15.744876108901808,1.5243054206333784,18.377099380584283,38.98407653,35.21604431,3.76803222
F24_y32.69_Vol514.7_Am550_rho10.534,24.0,32.69,514.7,550.0,10.534,3.967981364485197,15.744876108901808,1.5243054206333784,18.377099380584283,38.98407654,35.22524023,3.75883631
F24_y32.69_Vol514.7_Am550_rho10.575,24.0,32.69,514.7,550.0,10.575,3.967981364485197,15.744876108901808,1.5243054206333784,18.377099380584283,38.98407654,35.2345622,3.74951434
F24_y32.69_Vol514.7_Am550_rho10.616,24.0,32.69,514.7,550.0,10.616,3.967981364485197,15.744876108901808,1.5243054206333784,18.377099380584283,38.98407655,35.24376867,3.74030788
F24_y32.69_Vol573.5_Am450_rho10.493,24.0,32.69,573.5,450.0,10.493,4.188507050528616,17.54359131232793,1.3680209241499564,16.492925982888806,38.12115749,34.48270151,3.63845598
F24_y32.69_Vol573.5_Am450_rho10.534,24.0,32.69,573.5,450.0,10.534,4.188507050528616,17.54359131232793,1.3680209241499564,16.492925982888806,38.1211575,34.49243131,3.62872619
F24_y32.69_Vol573.5_Am450_rho10.575,24.0,32.69,573.5,450.0,10.575,4.188507050528616,17.54359131232793,1.3680209241499564,16.492925982888806,38.12115751,34.50228127,3.61887624
F24_y32.69_Vol573.5_Am450_rho10.616,24.0,32.69,573.5,450.0,10.616,4.188507050528616,17.54359131232793,1.3680209241499564,16.492925982888806,38.12115752,34.51188368,3.60927383
F24_y32.69_Vol573.5_Am500_rho10.493,24.0,32.69,573.5,500.0,10.493,4.188507050528616,17.54359131232793,1.3680209241499564,16.492925982888806,38.12115748,34.50442511,3.61673237
F24_y32.69_Vol573.5_Am500_rho10.534,24.0,32.69,573.5,500.0,10.534,4.188507050528616,17.54359131232793,1.3680209241499564,16.492925982888806,38.12115749,34.51406329,3.6070942
F24_y32.69_Vol573.5_Am500_rho10.575,24.0,32.69,573.5,500.0,10.575,4.188507050528616,17.54359131232793,1.3680209241499564,16.492925982888806,38.1211575,34.52344352,3.59771398
F24_y32.69_Vol573.5_Am500_rho10.616,24.0,32.69,573.5,500.0,10.616,4.188507050528616,17.54359131232793,1.3680209241499564,16.492925982888806,38.12115751,34.53262841,3.5885291
F24_y32.69_Vol573.5_Am550_rho10.493,24.0,32.69,573.5,550.0,10.493,4.188507050528616,17.54359131232793,1.3680209241499564,16.492925982888806,38.12115748,34.52591855,3.59523892
F24_y32.69_Vol573.5_Am550_rho10.534,24.0,32.69,573.5,550.0,10.534,4.188507050528616,17.54359131232793,1.3680209241499564,16.492925982888806,38.12115749,34.53495882,3.58619867
F24_y32.69_Vol573.5_Am550_rho10.575,24.0,32.69,573.5,550.0,10.575,4.188507050528616,17.54359131232793,1.3680209241499564,16.492925982888806,38.12115749,34.54408403,3.57707347
F24_y32.69_Vol573.5_Am550_rho10.616,24.0,32.69,573.5,550.0,10.616,4.188507050528616,17.54359131232793,1.3680209241499564,16.492925982888806,38.1211575,34.5529594,3.5681981
F24_y32.69_Vol632.3_Am450_rho10.493,24.0,32.69,632.3,450.0,10.493,4.397988917193182,19.342306515754053,1.2408034160999526,14.959185594158994,37.46596414,33.96323612,3.50272801
F24_y32.69_Vol632.3_Am450_rho10.534,24.0,32.69,632.3,450.0,10.534,4.397988917193182,19.342306515754053,1.2408034160999526,14.959185594158994,37.46596414,33.97206596,3.49389818
F24_y32.69_Vol632.3_Am450_rho10.575,24.0,32.69,632.3,450.0,10.575,4.397988917193182,19.342306515754053,1.2408034160999526,14.959185594158994,37.46596414,33.98083624,3.4851279
F24_y32.69_Vol632.3_Am450_rho10.616,24.0,32.69,632.3,450.0,10.616,4.397988917193182,19.342306515754053,1.2408034160999526,14.959185594158994,37.46596415,33.98958016,3.47638399
F24_y32.69_Vol632.3_Am500_rho10.493,24.0,32.69,632.3,500.0,10.493,4.397988917193182,19.342306515754053,1.2408034160999526,14.959185594158994,37.46596413,33.97888261,3.48708153
F24_y32.69_Vol632.3_Am500_rho10.534,24.0,32.69,632.3,500.0,10.534,4.397988917193182,19.342306515754053,1.2408034160999526,14.959185594158994,37.46596414,33.98812265,3.47784149
F24_y32.69_Vol632.3_Am500_rho10.575,24.0,32.69,632.3,500.0,10.575,4.397988917193182,19.342306515754053,1.2408034160999526,14.959185594158994,37.46596414,33.99716771,3.46879643
F24_y32.69_Vol632.3_Am500_rho10.616,24.0,32.69,632.3,500.0,10.616,4.397988917193182,19.342306515754053,1.2408034160999526,14.959185594158994,37.46596414,34.00611118,3.45985297
F24_y32.69_Vol632.3_Am550_rho10.493,24.0,32.69,632.3,550.0,10.493,4.397988917193182,19.342306515754053,1.2408034160999526,14.959185594158994,37.46596413,33.99567458,3.47028955
F24_y32.69_Vol632.3_Am550_rho10.534,24.0,32.69,632.3,550.0,10.534,4.397988917193182,19.342306515754053,1.2408034160999526,14.959185594158994,37.46596414,34.00487641,3.46108773
F24_y32.69_Vol632.3_Am550_rho10.575,24.0,32.69,632.3,550.0,10.575,4.397988917193182,19.342306515754053,1.2408034160999526,14.959185594158994,37.46596414,34.01422433,3.45173981
F24_y32.69_Vol632.3_Am550_rho10.616,24.0,32.69,632.3,550.0,10.616,4.397988917193182,19.342306515754053,1.2408034160999526,14.959185594158994,37.46596414,34.02355605,3.44240809
F24_y32.69_Vol691.2_Am450_rho10.493,24.0,32.69,691.2,450.0,10.493,4.598269322108242,21.14408075864179,1.1350694444444442,13.684451752295617,36.95105717,33.69916457,3.2518926
F24_y32.69_Vol691.2_Am450_rho10.534,24.0,32.69,691.2,450.0,10.534,4.598269322108242,21.14408075864179,1.1350694444444442,13.684451752295617,36.95105717,33.7016629,3.24939428
F24_y32.69_Vol691.2_Am450_rho10.575,24.0,32.69,691.2,450.0,10.575,4.598269322108242,21.14408075864179,1.1350694444444442,13.684451752295617,36.95105718,33.70445343,3.24660375
F24_y32.69_Vol691.2_Am450_rho10.616,24.0,32.69,691.2,450.0,10.616,4.598269322108242,21.14408075864179,1.1350694444444442,13.684451752295617,36.95105718,33.70737273,3.24368445
F24_y32.69_Vol691.2_Am500_rho10.493,24.0,32.69,691.2,500.0,10.493,4.598269322108242,21.14408075864179,1.1350694444444442,13.684451752295617,36.95105717,33.69209364,3.25896353
F24_y32.69_Vol691.2_Am500_rho10.534,24.0,32.69,691.2,500.0,10.534,4.598269322108242,21.14408075864179,1.1350694444444442,13.684451752295617,36.95105717,33.69543657,3.2556206
F24_y32.69_Vol691.2_Am500_rho10.575,24.0,32.69,691.2,500.0,10.575,4.598269322108242,21.14408075864179,1.1350694444444442,13.684451752295617,36.95105717,33.69900296,3.25205421
F24_y32.69_Vol691.2_Am500_rho10.616,24.0,32.69,691.2,500.0,10.616,4.598269322108242,21.14408075864179,1.1350694444444442,13.684451752295617,36.95105718,33.70269189,3.24836529
F24_y32.69_Vol691.2_Am550_rho10.493,24.0,32.69,691.2,550.0,10.493,4.598269322108242,21.14408075864179,1.1350694444444442,13.684451752295617,36.95105717,33.68845931,3.26259786
F24_y32.69_Vol691.2_Am550_rho10.534,24.0,32.69,691.2,550.0,10.534,4.598269322108242,21.14408075864179,1.1350694444444442,13.684451752295617,36.95105717,33.69254934,3.25850783
F24_y32.69_Vol691.2_Am550_rho10.575,24.0,32.69,691.2,550.0,10.575,4.598269322108242,21.14408075864179,1.1350694444444442,13.684451752295617,36.95105717,33.69676465,3.25429253
F24_y32.69_Vol691.2_Am550_rho10.616,24.0,32.69,691.2,550.0,10.616,4.598269322108242,21.14408075864179,1.1350694444444442,13.684451752295617,36.95105717,33.7011679,3.24988927
F24_y32.69_Vol738.0_Am450_rho10.493,24.0,32.69,738.0,450.0,10.493,4.751390451928238,22.575711226674827,1.0630894308943089,12.816657250930529,36.61490273,33.61747713,2.99742559
F24_y32.69_Vol738.0_Am450_rho10.534,24.0,32.69,738.0,450.0,10.534,4.751390451928238,22.575711226674827,1.0630894308943089,12.816657250930529,36.61490273,33.61939189,2.99551084
F24_y32.69_Vol738.0_Am450_rho10.575,24.0,32.69,738.0,450.0,10.575,4.751390451928238,22.575711226674827,1.0630894308943089,12.816657250930529,36.61490273,33.62126286,2.99363988
F24_y32.69_Vol738.0_Am450_rho10.616,24.0,32.69,738.0,450.0,10.616,4.751390451928238,22.575711226674827,1.0630894308943089,12.816657250930529,36.61490274,33.62318386,2.99171887
F24_y32.69_Vol738.0_Am500_rho10.493,24.0,32.69,738.0,500.0,10.493,4.751390451928238,22.575711226674827,1.0630894308943089,12.816657250930529,36.61490273,33.61089317,3.00400955
F24_y32.69_Vol738.0_Am500_rho10.534,24.0,32.69,738.0,500.0,10.534,4.751390451928238,22.575711226674827,1.0630894308943089,12.816657250930529,36.61490273,33.61290698,3.00199574
F24_y32.69_Vol738.0_Am500_rho10.575,24.0,32.69,738.0,500.0,10.575,4.751390451928238,22.575711226674827,1.0630894308943089,12.816657250930529,36.61490273,33.61479513,3.00010761
F24_y32.69_Vol738.0_Am500_rho10.616,24.0,32.69,738.0,500.0,10.616,4.751390451928238,22.575711226674827,1.0630894308943089,12.816657250930529,36.61490273,33.61672519,2.99817755
F24_y32.69_Vol738.0_Am550_rho10.493,24.0,32.69,738.0,550.0,10.493,4.751390451928238,22.575711226674827,1.0630894308943089,12.816657250930529,36.61490273,33.60480544,3.01009728
F24_y32.69_Vol738.0_Am550_rho10.534,24.0,32.69,738.0,550.0,10.534,4.751390451928238,22.575711226674827,1.0630894308943089,12.816657250930529,36.61490273,33.60664705,3.00825567
F24_y32.69_Vol738.0_Am550_rho10.575,24.0,32.69,738.0,550.0,10.575,4.751390451928238,22.575711226674827,1.0630894308943089,12.816657250930529,36.61490273,33.60847527,3.00642746
F24_y32.69_Vol738.0_Am550_rho10.616,24.0,32.69,738.0,550.0,10.616,4.751390451928238,22.575711226674827,1.0630894308943089,12.816657250930529,36.61490273,33.61031345,3.00458928
F24_y33.19_Vol421.6_Am450_rho10.493,24.0,33.19,421.6,450.0,10.493,3.564073690521467,12.702621271467311,1.8893738140417455,22.77838146983128,41.91325042,38.78570895,3.12754147
F24_y33.19_Vol421.6_Am450_rho10.534,24.0,33.19,421.6,450.0,10.534,3.564073690521467,12.702621271467311,1.8893738140417455,22.77838146983128,41.91325045,38.80502326,3.10822719
F24_y33.19_Vol421.6_Am450_rho10.575,24.0,33.19,421.6,450.0,10.575,3.564073690521467,12.702621271467311,1.8893738140417455,22.77838146983128,41.91325048,38.82413106,3.08911942
F24_y33.19_Vol421.6_Am450_rho10.616,24.0,33.19,421.6,450.0,10.616,3.564073690521467,12.702621271467311,1.8893738140417455,22.77838146983128,41.91325051,38.84307021,3.0701803
F24_y33.19_Vol421.6_Am500_rho10.493,24.0,33.19,421.6,500.0,10.493,3.564073690521467,12.702621271467311,1.8893738140417455,22.77838146983128,41.91325039,38.83789203,3.07535837
F24_y33.19_Vol421.6_Am500_rho10.534,24.0,33.19,421.6,500.0,10.534,3.564073690521467,12.702621271467311,1.8893738140417455,22.77838146983128,41.91325041,38.85690204,3.05634837
F24_y33.19_Vol421.6_Am500_rho10.575,24.0,33.19,421.6,500.0,10.575,3.564073690521467,12.702621271467311,1.8893738140417455,22.77838146983128,41.91325044,38.87560837,3.03764207
F24_y33.19_Vol421.6_Am500_rho10.616,24.0,33.19,421.6,500.0,10.616,3.564073690521467,12.702621271467311,1.8893738140417455,22.77838146983128,41.91325047,38.89408729,3.01916317
F24_y33.19_Vol421.6_Am550_rho10.493,24.0,33.19,421.6,550.0,10.493,3.564073690521467,12.702621271467311,1.8893738140417455,22.77838146983128,41.91325037,38.88974016,3.02351022
F24_y33.19_Vol421.6_Am550_rho10.534,24.0,33.19,421.6,550.0,10.534,3.564073690521467,12.702621271467311,1.8893738140417455,22.77838146983128,41.91325039,38.90837382,3.00487657
F24_y33.19_Vol421.6_Am550_rho10.575,24.0,33.19,421.6,550.0,10.575,3.564073690521467,12.702621271467311,1.8893738140417455,22.77838146983128,41.91325041,38.92677803,2.98647238
F24_y33.19_Vol421.6_Am550_rho10.616,24.0,33.19,421.6,550.0,10.616,3.564073690521467,12.702621271467311,1.8893738140417455,22.77838146983128,41.91325044,38.94492116,2.96832928
F24_y33.19_Vol455.9_Am450_rho10.493,24.0,33.19,455.9,450.0,10.493,3.7062197829922776,13.736065079843327,1.7472252686992762,21.06463177819888,40.95424132,37.37546609,3.57877523
F24_y33.19_Vol455.9_Am450_rho10.534,24.0,33.19,455.9,450.0,10.534,3.7062197829922776,13.736065079843327,1.7472252686992762,21.06463177819888,40.95424133,37.39470605,3.55953528
F24_y33.19_Vol455.9_Am450_rho10.575,24.0,33.19,455.9,450.0,10.575,3.7062197829922776,13.736065079843327,1.7472252686992762,21.06463177819888,40.95424135,37.41389532,3.54034603
F24_y33.19_Vol455.9_Am450_rho10.616,24.0,33.19,455.9,450.0,10.616,3.7062197829922776,13.736065079843327,1.7472252686992762,21.06463177819888,40.95424136,37.43291812,3.52132324
F24_y33.19_Vol455.9_Am500_rho10.493,24.0,33.19,455.9,500.0,10.493,3.7062197829922776,13.736065079843327,1.7472252686992762,21.06463177819888,40.95424129,37.41905789,3.5351834
F24_y33.19_Vol455.9_Am500_rho10.534,24.0,33.19,455.9,500.0,10.534,3.7062197829922776,13.736065079843327,1.7472252686992762,21.06463177819888,40.95424131,37.43835482,3.51588649
F24_y33.19_Vol455.9_Am500_rho10.575,24.0,33.19,455.9,500.0,10.575,3.7062197829922776,13.736065079843327,1.7472252686992762,21.06463177819888,40.95424132,37.45745603,3.49678529
F24_y33.19_Vol455.9_Am500_rho10.616,24.0,33.19,455.9,500.0,10.616,3.7062197829922776,13.736065079843327,1.7472252686992762,21.06463177819888,40.95424134,37.47659077,3.47765057
F24_y33.19_Vol455.9_Am550_rho10.493,24.0,33.19,455.9,550.0,10.493,3.7062197829922776,13.736065079843327,1.7472252686992762,21.06463177819888,40.95424128,37.46634139,3.48789989
F24_y33.19_Vol455.9_Am550_rho10.534,24.0,33.19,455.9,550.0,10.534,3.7062197829922776,13.736065079843327,1.7472252686992762,21.06463177819888,40.95424129,37.48557673,3.46866456
F24_y33.19_Vol455.9_Am550_rho10.575,24.0,33.19,455.9,550.0,10.575,3.7062197829922776,13.736065079843327,1.7472252686992762,21.06463177819888,40.95424131,37.50466752,3.44957379
F24_y33.19_Vol455.9_Am550_rho10.616,24.0,33.19,455.9,550.0,10.616,3.7062197829922776,13.736065079843327,1.7472252686992762,21.06463177819888,40.95424132,37.52368558,3.43055574
F24_y33.19_Vol514.7_Am450_rho10.493,24.0,33.19,514.7,450.0,10.493,3.9379795628036667,15.507683037059358,1.5476199727996889,18.658180741559875,39.71697214,35.91255568,3.80441646
F24_y33.19_Vol514.7_Am450_rho10.534,24.0,33.19,514.7,450.0,10.534,3.9379795628036667,15.507683037059358,1.5476199727996889,18.658180741559875,39.71697215,35.92373068,3.79324146
F24_y33.19_Vol514.7_Am450_rho10.575,24.0,33.19,514.7,450.0,10.575,3.9379795628036667,15.507683037059358,1.5476199727996889,18.658180741559875,39.71697216,35.93495943,3.78201273
F24_y33.19_Vol514.7_Am450_rho10.616,24.0,33.19,514.7,450.0,10.616,3.9379795628036667,15.507683037059358,1.5476199727996889,18.658180741559875,39.71697216,35.94625485,3.77071732
F24_y33.19_Vol514.7_Am500_rho10.493,24.0,33.19,514.7,500.0,10.493,3.9379795628036667,15.507683037059358,1.5476199727996889,18.658180741559875,39.71697212,35.93071153,3.78626059
F24_y33.19_Vol514.7_Am500_rho10.534,24.0,33.19,514.7,500.0,10.534,3.9379795628036667,15.507683037059358,1.5476199727996889,18.658180741559875,39.71697213,35.9421117,3.77486043
F24_y33.19_Vol514.7_Am500_rho10.575,24.0,33.19,514.7,500.0,10.575,3.9379795628036667,15.507683037059358,1.5476199727996889,18.658180741559875,39.71697214,35.9537192,3.76325294
F24_y33.19_Vol514.7_Am500_rho10.616,24.0,33.19,514.7,500.0,10.616,3.9379795628036667,15.507683037059358,1.5476199727996889,18.658180741559875,39.71697215,35.96524376,3.75172839
F24_y33.19_Vol514.7_Am550_rho10.493,24.0,33.19,514.7,550.0,10.493,3.9379795628036667,15.507683037059358,1.5476199727996889,18.658180741559875,39.71697211,35.95594913,3.76102298
F24_y33.19_Vol514.7_Am550_rho10.534,24.0,33.19,514.7,550.0,10.534,3.9379795628036667,15.507683037059358,1.5476199727996889,18.658180741559875,39.71697212,35.9676191,3.74935303
F24_y33.19_Vol514.7_Am550_rho10.575,24.0,33.19,514.7,550.0,10.575,3.9379795628036667,15.507683037059358,1.5476199727996889,18.658180741559875,39.71697213,39.06695937,0.65001276
F24_y33.19_Vol514.7_Am550_rho10.616,24.0,33.19,514.7,550.0,10.616,3.9379795628036667,15.507683037059358,1.5476199727996889,18.658180741559875,39.71697214,35.99107271,3.72589943
F24_y33.19_Vol573.5_Am450_rho10.493,24.0,33.19,573.5,450.0,10.493,4.156837859993505,17.279300994275385,1.3889450741063645,16.74518853998408,38.8176465,35.18837991,3.62926659
F24_y33.19_Vol573.5_Am450_rho10.534,24.0,33.19,573.5,450.0,10.534,4.156837859993505,17.279300994275385,1.3889450741063645,16.74518853998408,38.81764651,35.19611727,3.62152924
F24_y33.19_Vol573.5_Am450_rho10.575,24.0,33.19,573.5,450.0,10.575,4.156837859993505,17.279300994275385,1.3889450741063645,16.74518853998408,38.81764652,35.20376959,3.61387693
F24_y33.19_Vol573.5_Am450_rho10.616,24.0,33.19,573.5,450.0,10.616,4.156837859993505,17.279300994275385,1.3889450741063645,16.74518853998408,38.81764653,35.21134247,3.60630406
F24_y33.19_Vol573.5_Am500_rho10.493,24.0,33.19,573.5,500.0,10.493,4.156837859993505,17.279300994275385,1.3889450741063645,16.74518853998408,38.81764649,35.20261228,3.61503422
F24_y33.19_Vol573.5_Am500_rho10.534,24.0,33.19,573.5,500.0,10.534,4.156837859993505,17.279300994275385,1.3889450741063645,16.74518853998408,38.8176465,35.21015881,3.60748769
F24_y33.19_Vol573.5_Am500_rho10.575,24.0,33.19,573.5,500.0,10.575,4.156837859993505,17.279300994275385,1.3889450741063645,16.74518853998408,38.81764651,35.21780467,3.59984184
F24_y33.19_Vol573.5_Am500_rho10.616,24.0,33.19,573.5,500.0,10.616,4.156837859993505,17.279300994275385,1.3889450741063645,16.74518853998408,38.81764652,35.22526752,3.592379
F24_y33.19_Vol573.5_Am550_rho10.493,24.0,33.19,573.5,550.0,10.493,4.156837859993505,17.279300994275385,1.3889450741063645,16.74518853998408,38.81764648,35.21853334,3.59911314
F24_y33.19_Vol573.5_Am550_rho10.534,24.0,33.19,573.5,550.0,10.534,4.156837859993505,17.279300994275385,1.3889450741063645,16.74518853998408,38.8176465,35.22591548,3.59173102
F24_y33.19_Vol573.5_Am550_rho10.575,24.0,33.19,573.5,550.0,10.575,4.156837859993505,17.279300994275385,1.3889450741063645,16.74518853998408,38.81764651,35.23333082,3.58431569
F24_y33.19_Vol573.5_Am550_rho10.616,24.0,33.19,573.5,550.0,10.616,4.156837859993505,17.279300994275385,1.3889450741063645,16.74518853998408,38.81764652,35.24053236,3.57711416
F24_y33.19_Vol632.3_Am450_rho10.493,24.0,33.19,632.3,450.0,10.493,4.364735839829417,19.05091895149141,1.259781749169698,15.187989289389327,38.13567084,34.68043134,3.4552395
F24_y33.19_Vol632.3_Am450_rho10.534,24.0,33.19,632.3,450.0,10.534,4.364735839829417,19.05091895149141,1.259781749169698,15.187989289389327,38.13567085,34.68903106,3.44663979
F24_y33.19_Vol632.3_Am450_rho10.575,24.0,33.19,632.3,450.0,10.575,4.364735839829417,19.05091895149141,1.259781749169698,15.187989289389327,38.13567085,34.69752406,3.43814679
F24_y33.19_Vol632.3_Am450_rho10.616,24.0,33.19,632.3,450.0,10.616,4.364735839829417,19.05091895149141,1.259781749169698,15.187989289389327,38.13567086,34.70593298,3.42973787
F24_y33.19_Vol632.3_Am500_rho10.493,24.0,33.19,632.3,500.0,10.493,4.364735839829417,19.05091895149141,1.259781749169698,15.187989289389327,38.13567084,34.69870682,3.43696402
F24_y33.19_Vol632.3_Am500_rho10.534,24.0,33.19,632.3,500.0,10.534,4.364735839829417,19.05091895149141,1.259781749169698,15.187989289389327,38.13567084,34.70713098,3.42853986
F24_y33.19_Vol632.3_Am500_rho10.575,24.0,33.19,632.3,500.0,10.575,4.364735839829417,19.05091895149141,1.259781749169698,15.187989289389327,38.13567085,34.71546413,3.42020672
F24_y33.19_Vol632.3_Am500_rho10.616,24.0,33.19,632.3,500.0,10.616,4.364735839829417,19.05091895149141,1.259781749169698,15.187989289389327,38.13567085,34.72363368,3.41203717
F24_y33.19_Vol632.3_Am550_rho10.493,24.0,33.19,632.3,550.0,10.493,4.364735839829417,19.05091895149141,1.259781749169698,15.187989289389327,38.13567084,34.71566096,3.42000988
F24_y33.19_Vol632.3_Am550_rho10.534,24.0,33.19,632.3,550.0,10.534,4.364735839829417,19.05091895149141,1.259781749169698,15.187989289389327,38.13567084,34.72389684,3.411774
F24_y33.19_Vol632.3_Am550_rho10.575,24.0,33.19,632.3,550.0,10.575,4.364735839829417,19.05091895149141,1.259781749169698,15.187989289389327,38.13567085,34.73195404,3.4037168
F24_y33.19_Vol632.3_Am550_rho10.616,24.0,33.19,632.3,550.0,10.616,4.364735839829417,19.05091895149141,1.259781749169698,15.187989289389327,38.13567085,34.74002168,3.39564917
F24_y33.19_Vol691.2_Am450_rho10.493,24.0,33.19,691.2,450.0,10.493,4.563501929923663,20.825549864416995,1.1524305555555554,13.893758141899404,37.60028478,34.29817662,3.30210816
F24_y33.19_Vol691.2_Am450_rho10.534,24.0,33.19,691.2,450.0,10.534,4.563501929923663,20.825549864416995,1.1524305555555554,13.893758141899404,37.60028478,34.30528847,3.29499631
F24_y33.19_Vol691.2_Am450_rho10.575,24.0,33.19,691.2,450.0,10.575,4.563501929923663,20.825549864416995,1.1524305555555554,13.893758141899404,37.60028478,34.31246284,3.28782195
F24_y33.19_Vol691.2_Am450_rho10.616,24.0,33.19,691.2,450.0,10.616,4.563501929923663,20.825549864416995,1.1524305555555554,13.893758141899404,37.60028479,34.31969862,3.28058617
F24_y33.19_Vol691.2_Am500_rho10.493,24.0,33.19,691.2,500.0,10.493,4.563501929923663,20.825549864416995,1.1524305555555554,13.893758141899404,37.60028477,34.30955309,3.29073169
F24_y33.19_Vol691.2_Am500_rho10.534,24.0,33.19,691.2,500.0,10.534,4.563501929923663,20.825549864416995,1.1524305555555554,13.893758141899404,37.60028478,34.3170751,3.28320968
F24_y33.19_Vol691.2_Am500_rho10.575,24.0,33.19,691.2,500.0,10.575,4.563501929923663,20.825549864416995,1.1524305555555554,13.893758141899404,37.60028478,34.3245507,3.27573408
F24_y33.19_Vol691.2_Am500_rho10.616,24.0,33.19,691.2,500.0,10.616,4.563501929923663,20.825549864416995,1.1524305555555554,13.893758141899404,37.60028478,34.33202753,3.26825726
F24_y33.19_Vol691.2_Am550_rho10.493,24.0,33.19,691.2,550.0,10.493,4.563501929923663,20.825549864416995,1.1524305555555554,13.893758141899404,37.60028477,34.32139058,3.2788942
F24_y33.19_Vol691.2_Am550_rho10.534,24.0,33.19,691.2,550.0,10.534,4.563501929923663,20.825549864416995,1.1524305555555554,13.893758141899404,37.60028478,34.32907581,3.27120897
F24_y33.19_Vol691.2_Am550_rho10.575,24.0,33.19,691.2,550.0,10.575,4.563501929923663,20.825549864416995,1.1524305555555554,13.893758141899404,37.60028478,34.3366926,3.26359218
F24_y33.19_Vol691.2_Am550_rho10.616,24.0,33.19,691.2,550.0,10.616,4.563501929923663,20.825549864416995,1.1524305555555554,13.893758141899404,37.60028478,34.34438816,3.25589662
F24_y33.19_Vol738.0_Am450_rho10.493,24.0,33.19,738.0,450.0,10.493,4.715465314948981,22.235613136486894,1.079349593495935,13.012690552413103,37.2510387,34.13120115,3.11983755
F24_y33.19_Vol738.0_Am450_rho10.534,24.0,33.19,738.0,450.0,10.534,4.715465314948981,22.235613136486894,1.079349593495935,13.012690552413103,37.2510387,34.13425582,3.11678288
F24_y33.19_Vol738.0_Am450_rho10.575,24.0,33.19,738.0,450.0,10.575,4.715465314948981,22.235613136486894,1.079349593495935,13.012690552413103,37.2510387,34.13745619,3.11358251
F24_y33.19_Vol738.0_Am450_rho10.616,24.0,33.19,738.0,450.0,10.616,4.715465314948981,22.235613136486894,1.079349593495935,13.012690552413103,37.2510387,34.14077216,3.11026654
F24_y33.19_Vol738.0_Am500_rho10.493,24.0,33.19,738.0,500.0,10.493,4.715465314948981,22.235613136486894,1.079349593495935,13.012690552413103,37.2510387,34.12993095,3.12110775
F24_y33.19_Vol738.0_Am500_rho10.534,24.0,33.19,738.0,500.0,10.534,4.715465314948981,22.235613136486894,1.079349593495935,13.012690552413103,37.2510387,34.13350753,3.11753116
F24_y33.19_Vol738.0_Am500_rho10.575,24.0,33.19,738.0,500.0,10.575,4.715465314948981,22.235613136486894,1.079349593495935,13.012690552413103,37.2510387,34.13729605,3.11374265
F24_y33.19_Vol738.0_Am500_rho10.616,24.0,33.19,738.0,500.0,10.616,4.715465314948981,22.235613136486894,1.079349593495935,13.012690552413103,37.2510387,34.14124007,3.10979864
F24_y33.19_Vol738.0_Am550_rho10.493,24.0,33.19,738.0,550.0,10.493,4.715465314948981,22.235613136486894,1.079349593495935,13.012690552413103,37.2510387,34.13080827,3.12023042
F24_y33.19_Vol738.0_Am550_rho10.534,24.0,33.19,738.0,550.0,10.534,4.715465314948981,22.235613136486894,1.079349593495935,13.012690552413103,37.2510387,34.1349076,3.1161311
F24_y33.19_Vol738.0_Am550_rho10.575,24.0,33.19,738.0,550.0,10.575,4.715465314948981,22.235613136486894,1.079349593495935,13.012690552413103,37.2510387,34.13924454,3.11179416
F24_y33.19_Vol738.0_Am550_rho10.616,24.0,33.19,738.0,550.0,10.616,4.715465314948981,22.235613136486894,1.079349593495935,13.012690552413103,37.2510387,34.1436273,3.1074114
F24_y33.69_Vol421.6_Am450_rho10.493,24.0,33.69,421.6,450.0,10.493,3.537527263387584,12.51409913921045,1.9178368121442124,23.121532742350585,42.74781446,39.97531773,2.77249673
F24_y33.69_Vol421.6_Am450_rho10.534,24.0,33.69,421.6,450.0,10.534,3.537527263387584,12.51409913921045,1.9178368121442124,23.121532742350585,42.74781448,39.99211086,2.75570363
F24_y33.69_Vol421.6_Am450_rho10.575,24.0,33.69,421.6,450.0,10.575,3.537527263387584,12.51409913921045,1.9178368121442124,23.121532742350585,42.74781451,40.00865003,2.73916448
F24_y33.69_Vol421.6_Am450_rho10.616,24.0,33.69,421.6,450.0,10.616,3.537527263387584,12.51409913921045,1.9178368121442124,23.121532742350585,42.74781455,40.02494582,2.72286873
F24_y33.69_Vol421.6_Am500_rho10.493,24.0,33.69,421.6,500.0,10.493,3.537527263387584,12.51409913921045,1.9178368121442124,23.121532742350585,42.74781443,40.02774835,2.72006608
F24_y33.69_Vol421.6_Am500_rho10.534,24.0,33.69,421.6,500.0,10.534,3.537527263387584,12.51409913921045,1.9178368121442124,23.121532742350585,42.74781445,40.04408127,2.70373318
F24_y33.69_Vol421.6_Am500_rho10.575,24.0,33.69,421.6,500.0,10.575,3.537527263387584,12.51409913921045,1.9178368121442124,23.121532742350585,42.74781447,40.06017259,2.68764188
F24_y33.69_Vol421.6_Am500_rho10.616,24.0,33.69,421.6,500.0,10.616,3.537527263387584,12.51409913921045,1.9178368121442124,23.121532742350585,42.7478145,40.07606857,2.67174593
F24_y33.69_Vol421.6_Am550_rho10.493,24.0,33.69,421.6,550.0,10.493,3.537527263387584,12.51409913921045,1.9178368121442124,23.121532742350585,42.74781441,40.0793764,2.66843801
F24_y33.69_Vol421.6_Am550_rho10.534,24.0,33.69,421.6,550.0,10.534,3.537527263387584,12.51409913921045,1.9178368121442124,23.121532742350585,42.74781443,40.09529454,2.6525199
F24_y33.69_Vol421.6_Am550_rho10.575,24.0,33.69,421.6,550.0,10.575,3.537527263387584,12.51409913921045,1.9178368121442124,23.121532742350585,42.74781445,40.11097451,2.63683994
F24_y33.69_Vol421.6_Am550_rho10.616,24.0,33.69,421.6,550.0,10.616,3.537527263387584,12.51409913921045,1.9178368121442124,23.121532742350585,42.74781447,40.12644764,2.62136683
F24_y33.69_Vol455.9_Am450_rho10.493,24.0,33.69,455.9,450.0,10.493,3.6786146036512846,13.532205402196498,1.773546830445273,21.381965791127456,41.74635631,38.47777483,3.26858147
F24_y33.69_Vol455.9_Am450_rho10.534,24.0,33.69,455.9,450.0,10.534,3.6786146036512846,13.532205402196498,1.773546830445273,21.381965791127456,41.74635632,38.49799038,3.24836595
F24_y33.69_Vol455.9_Am450_rho10.575,24.0,33.69,455.9,450.0,10.575,3.6786146036512846,13.532205402196498,1.773546830445273,21.381965791127456,41.74635634,38.51793106,3.22842528
F24_y33.69_Vol455.9_Am450_rho10.616,24.0,33.69,455.9,450.0,10.616,3.6786146036512846,13.532205402196498,1.773546830445273,21.381965791127456,41.74635636,38.53774335,3.20861301
F24_y33.69_Vol455.9_Am500_rho10.493,24.0,33.69,455.9,500.0,10.493,3.6786146036512846,13.532205402196498,1.773546830445273,21.381965791127456,41.74635628,38.53350465,3.21285163
F24_y33.69_Vol455.9_Am500_rho10.534,24.0,33.69,455.9,500.0,10.534,3.6786146036512846,13.532205402196498,1.773546830445273,21.381965791127456,41.7463563,38.55335952,3.19299677
F24_y33.69_Vol455.9_Am500_rho10.575,24.0,33.69,455.9,500.0,10.575,3.6786146036512846,13.532205402196498,1.773546830445273,21.381965791127456,41.74635631,38.573036,3.17332032
F24_y33.69_Vol455.9_Am500_rho10.616,24.0,33.69,455.9,500.0,10.616,3.6786146036512846,13.532205402196498,1.773546830445273,21.381965791127456,41.74635633,38.59249641,3.15385992
F24_y33.69_Vol455.9_Am550_rho10.493,24.0,33.69,455.9,550.0,10.493,3.6786146036512846,13.532205402196498,1.773546830445273,21.381965791127456,41.74635626,38.59012514,3.15623112
F24_y33.69_Vol455.9_Am550_rho10.534,24.0,33.69,455.9,550.0,10.534,3.6786146036512846,13.532205402196498,1.773546830445273,21.381965791127456,41.74635628,38.60972097,3.13663531
F24_y33.69_Vol455.9_Am550_rho10.575,24.0,33.69,455.9,550.0,10.575,3.6786146036512846,13.532205402196498,1.773546830445273,21.381965791127456,41.7463563,38.62901616,3.11734014
F24_y33.69_Vol455.9_Am550_rho10.616,24.0,33.69,455.9,550.0,10.616,3.6786146036512846,13.532205402196498,1.773546830445273,21.381965791127456,41.74635631,38.64811548,3.09824084
F24_y33.69_Vol514.7_Am450_rho10.493,24.0,33.69,514.7,450.0,10.493,3.908648158181841,15.277530424458298,1.5709345249659994,18.93926210253547,40.45560818,36.70025464,3.75535354
F24_y33.69_Vol514.7_Am450_rho10.534,24.0,33.69,514.7,450.0,10.534,3.908648158181841,15.277530424458298,1.5709345249659994,18.93926210253547,40.45560819,36.71509968,3.74050851
F24_y33.69_Vol514.7_Am450_rho10.575,24.0,33.69,514.7,450.0,10.575,3.908648158181841,15.277530424458298,1.5709345249659994,18.93926210253547,40.4556082,36.72987227,3.72573594
F24_y33.69_Vol514.7_Am450_rho10.616,24.0,33.69,514.7,450.0,10.616,3.908648158181841,15.277530424458298,1.5709345249659994,18.93926210253547,40.45560822,36.74471451,3.71089371
F24_y33.69_Vol514.7_Am500_rho10.493,24.0,33.69,514.7,500.0,10.493,3.908648158181841,15.277530424458298,1.5709345249659994,18.93926210253547,40.45560816,36.73285574,3.72275242
F24_y33.69_Vol514.7_Am500_rho10.534,24.0,33.69,514.7,500.0,10.534,3.908648158181841,15.277530424458298,1.5709345249659994,18.93926210253547,40.45560817,36.74796298,3.70764519
F24_y33.69_Vol514.7_Am500_rho10.575,24.0,33.69,514.7,500.0,10.575,3.908648158181841,15.277530424458298,1.5709345249659994,18.93926210253547,40.45560819,36.76311182,3.69249637
F24_y33.69_Vol514.7_Am500_rho10.616,24.0,33.69,514.7,500.0,10.616,3.908648158181841,15.277530424458298,1.5709345249659994,18.93926210253547,40.4556082,36.77828516,3.67732303
F24_y33.69_Vol514.7_Am550_rho10.493,24.0,33.69,514.7,550.0,10.493,3.908648158181841,15.277530424458298,1.5709345249659994,18.93926210253547,40.45560815,36.77147945,3.6841287
F24_y33.69_Vol514.7_Am550_rho10.534,24.0,33.69,514.7,550.0,10.534,3.908648158181841,15.277530424458298,1.5709345249659994,18.93926210253547,40.45560816,36.78682967,3.6687785
F24_y33.69_Vol514.7_Am550_rho10.575,24.0,33.69,514.7,550.0,10.575,3.908648158181841,15.277530424458298,1.5709345249659994,18.93926210253547,40.45560818,40.25288237,0.2027258
F24_y33.69_Vol514.7_Am550_rho10.616,24.0,33.69,514.7,550.0,10.616,3.908648158181841,15.277530424458298,1.5709345249659994,18.93926210253547,40.45560819,36.81767763,3.63793056
F24_y33.69_Vol573.5_Am450_rho10.493,24.0,33.69,573.5,450.0,10.493,4.125876324700014,17.022855446720097,1.4098692240627724,16.99745109707935,39.51873784,35.83880233,3.67993551
F24_y33.69_Vol573.5_Am450_rho10.534,24.0,33.69,573.5,450.0,10.534,4.125876324700014,17.022855446720097,1.4098692240627724,16.99745109707935,39.51873786,35.84659888,3.67213897
F24_y33.69_Vol573.5_Am450_rho10.575,24.0,33.69,573.5,450.0,10.575,4.125876324700014,17.022855446720097,1.4098692240627724,16.99745109707935,39.51873787,35.85431952,3.66441835
F24_y33.69_Vol573.5_Am450_rho10.616,24.0,33.69,573.5,450.0,10.616,4.125876324700014,17.022855446720097,1.4098692240627724,16.99745109707935,39.51873788,35.86225318,3.65648471
F24_y33.69_Vol573.5_Am500_rho10.493,24.0,33.69,573.5,500.0,10.493,4.125876324700014,17.022855446720097,1.4098692240627724,16.99745109707935,39.51873783,35.85281697,3.66592086
F24_y33.69_Vol573.5_Am500_rho10.534,24.0,33.69,573.5,500.0,10.534,4.125876324700014,17.022855446720097,1.4098692240627724,16.99745109707935,39.51873784,35.86069068,3.65804716
F24_y33.69_Vol573.5_Am500_rho10.575,24.0,33.69,573.5,500.0,10.575,4.125876324700014,17.022855446720097,1.4098692240627724,16.99745109707935,39.51873786,35.86858397,3.65015388
F24_y33.69_Vol573.5_Am500_rho10.616,24.0,33.69,573.5,500.0,10.616,4.125876324700014,17.022855446720097,1.4098692240627724,16.99745109707935,39.51873787,35.87654523,3.64219263
F24_y33.69_Vol573.5_Am550_rho10.493,24.0,33.69,573.5,550.0,10.493,4.125876324700014,17.022855446720097,1.4098692240627724,16.99745109707935,39.51873782,35.87076126,3.64797657
F24_y33.69_Vol573.5_Am550_rho10.534,24.0,33.69,573.5,550.0,10.534,4.125876324700014,17.022855446720097,1.4098692240627724,16.99745109707935,39.51873783,35.87883733,3.6399005
F24_y33.69_Vol573.5_Am550_rho10.575,24.0,33.69,573.5,550.0,10.575,4.125876324700014,17.022855446720097,1.4098692240627724,16.99745109707935,39.51873785,35.88704949,3.63168836
F24_y33.69_Vol573.5_Am550_rho10.616,24.0,33.69,573.5,550.0,10.616,4.125876324700014,17.022855446720097,1.4098692240627724,16.99745109707935,39.51873786,35.89527407,3.62346379
F24_y33.69_Vol632.3_Am450_rho10.493,24.0,33.69,632.3,450.0,10.493,4.332225810017513,18.768180468981893,1.2787600822394434,15.416792984619654,38.80919009,35.34479737,3.46439272
F24_y33.69_Vol632.3_Am450_rho10.534,24.0,33.69,632.3,450.0,10.534,4.332225810017513,18.768180468981893,1.2787600822394434,15.416792984619654,38.80919009,35.3517865,3.45740359
F24_y33.69_Vol632.3_Am450_rho10.575,24.0,33.69,632.3,450.0,10.575,4.332225810017513,18.768180468981893,1.2787600822394434,15.416792984619654,38.8091901,35.3586177,3.4505724
F24_y33.69_Vol632.3_Am450_rho10.616,24.0,33.69,632.3,450.0,10.616,4.332225810017513,18.768180468981893,1.2787600822394434,15.416792984619654,38.8091901,35.36550298,3.44368712
F24_y33.69_Vol632.3_Am500_rho10.493,24.0,33.69,632.3,500.0,10.493,4.332225810017513,18.768180468981893,1.2787600822394434,15.416792984619654,38.80919008,35.35900529,3.45018479
F24_y33.69_Vol632.3_Am500_rho10.534,24.0,33.69,632.3,500.0,10.534,4.332225810017513,18.768180468981893,1.2787600822394434,15.416792984619654,38.80919009,35.36578676,3.44340332
F24_y33.69_Vol632.3_Am500_rho10.575,24.0,33.69,632.3,500.0,10.575,4.332225810017513,18.768180468981893,1.2787600822394434,15.416792984619654,38.80919009,35.372461,3.43672909
F24_y33.69_Vol632.3_Am500_rho10.616,24.0,33.69,632.3,500.0,10.616,4.332225810017513,18.768180468981893,1.2787600822394434,15.416792984619654,38.8091901,35.37904569,3.43014441
F24_y33.69_Vol632.3_Am550_rho10.493,24.0,33.69,632.3,550.0,10.493,4.332225810017513,18.768180468981893,1.2787600822394434,15.416792984619654,38.80919008,35.37256756,3.43662251
F24_y33.69_Vol632.3_Am550_rho10.534,24.0,33.69,632.3,550.0,10.534,4.332225810017513,18.768180468981893,1.2787600822394434,15.416792984619654,38.80919008,35.37910346,3.43008662
F24_y33.69_Vol632.3_Am550_rho10.575,24.0,33.69,632.3,550.0,10.575,4.332225810017513,18.768180468981893,1.2787600822394434,15.416792984619654,38.80919009,35.38566225,3.42352783
F24_y33.69_Vol632.3_Am550_rho10.616,24.0,33.69,632.3,550.0,10.616,4.332225810017513,18.768180468981893,1.2787600822394434,15.416792984619654,38.80919009,35.39207506,3.41711503
F24_y33.69_Vol691.2_Am450_rho10.493,24.0,33.69,691.2,450.0,10.493,4.529511422998895,20.516473731077475,1.1697916666666663,14.10306453150319,38.25274311,34.94476424,3.30797887
F24_y33.69_Vol691.2_Am450_rho10.534,24.0,33.69,691.2,450.0,10.534,4.529511422998895,20.516473731077475,1.1697916666666663,14.10306453150319,38.25274311,34.95277796,3.29996515
F24_y33.69_Vol691.2_Am450_rho10.575,24.0,33.69,691.2,450.0,10.575,4.529511422998895,20.516473731077475,1.1697916666666663,14.10306453150319,38.25274311,34.96072367,3.29201944
F24_y33.69_Vol691.2_Am450_rho10.616,24.0,33.69,691.2,450.0,10.616,4.529511422998895,20.516473731077475,1.1697916666666663,14.10306453150319,38.25274312,34.9685391,3.28420402
F24_y33.69_Vol691.2_Am500_rho10.493,24.0,33.69,691.2,500.0,10.493,4.529511422998895,20.516473731077475,1.1697916666666663,14.10306453150319,38.2527431,34.96178059,3.29096251
F24_y33.69_Vol691.2_Am500_rho10.534,24.0,33.69,691.2,500.0,10.534,4.529511422998895,20.516473731077475,1.1697916666666663,14.10306453150319,38.25274311,34.96972154,3.28302157
F24_y33.69_Vol691.2_Am500_rho10.575,24.0,33.69,691.2,500.0,10.575,4.529511422998895,20.516473731077475,1.1697916666666663,14.10306453150319,38.25274311,34.97761798,3.27512513
F24_y33.69_Vol691.2_Am500_rho10.616,24.0,33.69,691.2,500.0,10.616,4.529511422998895,20.516473731077475,1.1697916666666663,14.10306453150319,38.25274311,34.985279,3.26746411
F24_y33.69_Vol691.2_Am550_rho10.493,24.0,33.69,691.2,550.0,10.493,4.529511422998895,20.516473731077475,1.1697916666666663,14.10306453150319,38.2527431,34.97722407,3.27551903
F24_y33.69_Vol691.2_Am550_rho10.534,24.0,33.69,691.2,550.0,10.534,4.529511422998895,20.516473731077475,1.1697916666666663,14.10306453150319,38.2527431,34.98496858,3.26777452
F24_y33.69_Vol691.2_Am550_rho10.575,24.0,33.69,691.2,550.0,10.575,4.529511422998895,20.516473731077475,1.1697916666666663,14.10306453150319,38.25274311,34.99257332,3.26016979
F24_y33.69_Vol691.2_Am550_rho10.616,24.0,33.69,691.2,550.0,10.616,4.529511422998895,20.516473731077475,1.1697916666666663,14.10306453150319,38.25274311,35.00013717,3.25260594
F24_y33.69_Vol738.0_Am450_rho10.493,24.0,33.69,738.0,450.0,10.493,4.680342933299422,21.90560997328584,1.095609756097561,13.208723853895675,37.89005114,34.69751518,3.19253596
F24_y33.69_Vol738.0_Am450_rho10.534,24.0,33.69,738.0,450.0,10.534,4.680342933299422,21.90560997328584,1.095609756097561,13.208723853895675,37.89005114,34.7043034,3.18574774
F24_y33.69_Vol738.0_Am450_rho10.575,24.0,33.69,738.0,450.0,10.575,4.680342933299422,21.90560997328584,1.095609756097561,13.208723853895675,37.89005114,34.71114968,3.17890147
F24_y33.69_Vol738.0_Am450_rho10.616,24.0,33.69,738.0,450.0,10.616,4.680342933299422,21.90560997328584,1.095609756097561,13.208723853895675,37.89005114,34.71803656,3.17201458
F24_y33.69_Vol738.0_Am500_rho10.493,24.0,33.69,738.0,500.0,10.493,4.680342933299422,21.90560997328584,1.095609756097561,13.208723853895675,37.89005113,34.70991969,3.18013144
F24_y33.69_Vol738.0_Am500_rho10.534,24.0,33.69,738.0,500.0,10.534,4.680342933299422,21.90560997328584,1.095609756097561,13.208723853895675,37.89005114,34.7169476,3.17310353
F24_y33.69_Vol738.0_Am500_rho10.575,24.0,33.69,738.0,500.0,10.575,4.680342933299422,21.90560997328584,1.095609756097561,13.208723853895675,37.89005114,34.72392922,3.16612192
F24_y33.69_Vol738.0_Am500_rho10.616,24.0,33.69,738.0,500.0,10.616,4.680342933299422,21.90560997328584,1.095609756097561,13.208723853895675,37.89005114,34.73100864,3.1590425
F24_y33.69_Vol738.0_Am550_rho10.493,24.0,33.69,738.0,550.0,10.493,4.680342933299422,21.90560997328584,1.095609756097561,13.208723853895675,37.89005113,34.72234422,3.16770691
F24_y33.69_Vol738.0_Am550_rho10.534,24.0,33.69,738.0,550.0,10.534,4.680342933299422,21.90560997328584,1.095609756097561,13.208723853895675,37.89005114,34.72957213,3.16047901
F24_y33.69_Vol738.0_Am550_rho10.575,24.0,33.69,738.0,550.0,10.575,4.680342933299422,21.90560997328584,1.095609756097561,13.208723853895675,37.89005114,34.73668685,3.15336429
F24_y33.69_Vol738.0_Am550_rho10.616,24.0,33.69,738.0,550.0,10.616,4.680342933299422,21.90560997328584,1.095609756097561,13.208723853895675,37.89005114,34.74386068,3.14619046
F24_y34.19_Vol421.6_Am450_rho10.493,24.0,34.19,421.6,450.0,10.493,3.5115653151080175,12.331090962269672,1.946299810246679,23.464684014869885,43.59123287,41.09628997,2.4949429
F24_y34.19_Vol421.6_Am450_rho10.534,24.0,34.19,421.6,450.0,10.534,3.5115653151080175,12.331090962269672,1.946299810246679,23.464684014869885,43.5912329,41.11032663,2.48090627
F24_y34.19_Vol421.6_Am450_rho10.575,24.0,34.19,421.6,450.0,10.575,3.5115653151080175,12.331090962269672,1.946299810246679,23.464684014869885,43.59123292,41.12419723,2.46703569
F24_y34.19_Vol421.6_Am450_rho10.616,24.0,34.19,421.6,450.0,10.616,3.5115653151080175,12.331090962269672,1.946299810246679,23.464684014869885,43.59123294,41.13786384,2.45336911
F24_y34.19_Vol421.6_Am500_rho10.493,24.0,34.19,421.6,500.0,10.493,3.5115653151080175,12.331090962269672,1.946299810246679,23.464684014869885,43.59123284,41.1444424,2.44679044
F24_y34.19_Vol421.6_Am500_rho10.534,24.0,34.19,421.6,500.0,10.534,3.5115653151080175,12.331090962269672,1.946299810246679,23.464684014869885,43.59123286,41.15800139,2.43323148
F24_y34.19_Vol421.6_Am500_rho10.575,24.0,34.19,421.6,500.0,10.575,3.5115653151080175,12.331090962269672,1.946299810246679,23.464684014869885,43.59123289,41.17145377,2.41977912
F24_y34.19_Vol421.6_Am500_rho10.616,24.0,34.19,421.6,500.0,10.616,3.5115653151080175,12.331090962269672,1.946299810246679,23.464684014869885,43.59123291,41.18474564,2.40648727
F24_y34.19_Vol421.6_Am550_rho10.493,24.0,34.19,421.6,550.0,10.493,3.5115653151080175,12.331090962269672,1.946299810246679,23.464684014869885,43.59123282,41.19153653,2.39969629
F24_y34.19_Vol421.6_Am550_rho10.534,24.0,34.19,421.6,550.0,10.534,3.5115653151080175,12.331090962269672,1.946299810246679,23.464684014869885,43.59123284,41.20473991,2.38649294
F24_y34.19_Vol421.6_Am550_rho10.575,24.0,34.19,421.6,550.0,10.575,3.5115653151080175,12.331090962269672,1.946299810246679,23.464684014869885,43.59123287,41.21781521,2.37341766
F24_y34.19_Vol421.6_Am550_rho10.616,24.0,34.19,421.6,550.0,10.616,3.5115653151080175,12.331090962269672,1.946299810246679,23.464684014869885,43.59123289,41.23070438,2.36052851
F24_y34.19_Vol455.9_Am450_rho10.493,24.0,34.19,455.9,450.0,10.493,3.651617213957955,13.334308277274056,1.7998683921912701,21.699299804056036,42.54600381,39.59759246,2.94841135
F24_y34.19_Vol455.9_Am450_rho10.534,24.0,34.19,455.9,450.0,10.534,3.651617213957955,13.334308277274056,1.7998683921912701,21.699299804056036,42.54600384,39.61630616,2.92969767
F24_y34.19_Vol455.9_Am450_rho10.575,24.0,34.19,455.9,450.0,10.575,3.651617213957955,13.334308277274056,1.7998683921912701,21.699299804056036,42.54600386,39.63470525,2.91129861
F24_y34.19_Vol455.9_Am450_rho10.616,24.0,34.19,455.9,450.0,10.616,3.651617213957955,13.334308277274056,1.7998683921912701,21.699299804056036,42.54600388,39.65293828,2.8930656
F24_y34.19_Vol455.9_Am500_rho10.493,24.0,34.19,455.9,500.0,10.493,3.651617213957955,13.334308277274056,1.7998683921912701,21.699299804056036,42.54600378,39.65534741,2.89065636
F24_y34.19_Vol455.9_Am500_rho10.534,24.0,34.19,455.9,500.0,10.534,3.651617213957955,13.334308277274056,1.7998683921912701,21.699299804056036,42.5460038,39.67355377,2.87245003
F24_y34.19_Vol455.9_Am500_rho10.575,24.0,34.19,455.9,500.0,10.575,3.651617213957955,13.334308277274056,1.7998683921912701,21.699299804056036,42.54600383,39.69156996,2.85443387
F24_y34.19_Vol455.9_Am500_rho10.616,24.0,34.19,455.9,500.0,10.616,3.651617213957955,13.334308277274056,1.7998683921912701,21.699299804056036,42.54600385,39.70933981,2.83666403
F24_y34.19_Vol455.9_Am550_rho10.493,24.0,34.19,455.9,550.0,10.493,3.651617213957955,13.334308277274056,1.7998683921912701,21.699299804056036,42.54600376,39.71283727,2.83316649
F24_y34.19_Vol455.9_Am550_rho10.534,24.0,34.19,455.9,550.0,10.534,3.651617213957955,13.334308277274056,1.7998683921912701,21.699299804056036,42.54600378,39.73063323,2.81537055
F24_y34.19_Vol455.9_Am550_rho10.575,24.0,34.19,455.9,550.0,10.575,3.651617213957955,13.334308277274056,1.7998683921912701,21.699299804056036,42.54600381,39.74825912,2.79774469
F24_y34.19_Vol455.9_Am550_rho10.616,24.0,34.19,455.9,550.0,10.616,3.651617213957955,13.334308277274056,1.7998683921912701,21.699299804056036,42.54600383,39.76560652,2.78039731
F24_y34.19_Vol514.7_Am450_rho10.493,24.0,34.19,514.7,450.0,10.493,3.8799625499107786,15.05410938871015,1.59424907713231,19.220343463511064,41.20008141,37.5855944,3.61448701
F24_y34.19_Vol514.7_Am450_rho10.534,24.0,34.19,514.7,450.0,10.534,3.8799625499107786,15.05410938871015,1.59424907713231,19.220343463511064,41.20008142,37.60377911,3.59630231
F24_y34.19_Vol514.7_Am450_rho10.575,24.0,34.19,514.7,450.0,10.575,3.8799625499107786,15.05410938871015,1.59424907713231,19.220343463511064,41.20008144,37.62181857,3.57826286
F24_y34.19_Vol514.7_Am450_rho10.616,24.0,34.19,514.7,450.0,10.616,3.8799625499107786,15.05410938871015,1.59424907713231,19.220343463511064,41.20008145,37.63988713,3.56019432
F24_y34.19_Vol514.7_Am500_rho10.493,24.0,34.19,514.7,500.0,10.493,3.8799625499107786,15.05410938871015,1.59424907713231,19.220343463511064,41.20008138,37.63222807,3.56785332
F24_y34.19_Vol514.7_Am500_rho10.534,24.0,34.19,514.7,500.0,10.534,3.8799625499107786,15.05410938871015,1.59424907713231,19.220343463511064,41.2000814,37.65035815,3.54972325
F24_y34.19_Vol514.7_Am500_rho10.575,24.0,34.19,514.7,500.0,10.575,3.8799625499107786,15.05410938871015,1.59424907713231,19.220343463511064,41.20008141,37.66853223,3.53154918
F24_y34.19_Vol514.7_Am500_rho10.616,24.0,34.19,514.7,500.0,10.616,3.8799625499107786,15.05410938871015,1.59424907713231,19.220343463511064,41.20008143,37.68671329,3.51336814
F24_y34.19_Vol514.7_Am550_rho10.493,24.0,34.19,514.7,550.0,10.493,3.8799625499107786,15.05410938871015,1.59424907713231,19.220343463511064,41.20008137,37.68324574,3.51683564
F24_y34.19_Vol514.7_Am550_rho10.534,24.0,34.19,514.7,550.0,10.534,3.8799625499107786,15.05410938871015,1.59424907713231,19.220343463511064,41.20008139,37.70158898,3.49849241
F24_y34.19_Vol514.7_Am550_rho10.575,24.0,34.19,514.7,550.0,10.575,3.8799625499107786,15.05410938871015,1.59424907713231,19.220343463511064,41.2000814,37.71974098,3.48034042
F24_y34.19_Vol514.7_Am550_rho10.616,24.0,34.19,514.7,550.0,10.616,3.8799625499107786,15.05410938871015,1.59424907713231,19.220343463511064,41.20008142,37.73784043,3.46224098
F24_y34.19_Vol573.5_Am450_rho10.493,24.0,34.19,573.5,450.0,10.493,4.095596476723048,16.773910500146243,1.4307933740191803,17.24971365417462,40.22450851,36.50245076,3.72205775
F24_y34.19_Vol573.5_Am450_rho10.534,24.0,34.19,573.5,450.0,10.534,4.095596476723048,16.773910500146243,1.4307933740191803,17.24971365417462,40.22450852,36.51243978,3.71206874
F24_y34.19_Vol573.5_Am450_rho10.575,24.0,34.19,573.5,450.0,10.575,4.095596476723048,16.773910500146243,1.4307933740191803,17.24971365417462,40.22450854,36.52245819,3.70205035
F24_y34.19_Vol573.5_Am450_rho10.616,24.0,34.19,573.5,450.0,10.616,4.095596476723048,16.773910500146243,1.4307933740191803,17.24971365417462,40.22450855,36.53263688,3.69187167
F24_y34.19_Vol573.5_Am500_rho10.493,24.0,34.19,573.5,500.0,10.493,4.095596476723048,16.773910500146243,1.4307933740191803,17.24971365417462,40.2245085,36.52370844,3.70080006
F24_y34.19_Vol573.5_Am500_rho10.534,24.0,34.19,573.5,500.0,10.534,4.095596476723048,16.773910500146243,1.4307933740191803,17.24971365417462,40.22450851,36.53399114,3.69051737
F24_y34.19_Vol573.5_Am500_rho10.575,24.0,34.19,573.5,500.0,10.575,4.095596476723048,16.773910500146243,1.4307933740191803,17.24971365417462,40.22450852,36.54451351,3.679995
F24_y34.19_Vol573.5_Am500_rho10.616,24.0,34.19,573.5,500.0,10.616,4.095596476723048,16.773910500146243,1.4307933740191803,17.24971365417462,40.22450853,36.55490145,3.66960709
F24_y34.19_Vol573.5_Am550_rho10.493,24.0,34.19,573.5,550.0,10.493,4.095596476723048,16.773910500146243,1.4307933740191803,17.24971365417462,40.22450849,36.55014452,3.67436397
F24_y34.19_Vol573.5_Am550_rho10.534,24.0,34.19,573.5,550.0,10.534,4.095596476723048,16.773910500146243,1.4307933740191803,17.24971365417462,40.2245085,36.56079752,3.66371098
F24_y34.19_Vol573.5_Am550_rho10.575,24.0,34.19,573.5,550.0,10.575,4.095596476723048,16.773910500146243,1.4307933740191803,17.24971365417462,40.22450851,36.57152197,3.65298654
F24_y34.19_Vol573.5_Am550_rho10.616,24.0,34.19,573.5,550.0,10.616,4.095596476723048,16.773910500146243,1.4307933740191803,17.24971365417462,40.22450852,36.58232557,3.64218296
F24_y34.19_Vol632.3_Am450_rho10.493,24.0,34.19,632.3,450.0,10.493,4.30043156108574,18.493711611582334,1.2977384153091887,15.645596679849984,39.48657336,35.96655001,3.52002335
F24_y34.19_Vol632.3_Am450_rho10.534,24.0,34.19,632.3,450.0,10.534,4.30043156108574,18.493711611582334,1.2977384153091887,15.645596679849984,39.48657336,35.97271179,3.51386157
F24_y34.19_Vol632.3_Am450_rho10.575,24.0,34.19,632.3,450.0,10.575,4.30043156108574,18.493711611582334,1.2977384153091887,15.645596679849984,39.48657337,35.97889715,3.50767622
F24_y34.19_Vol632.3_Am450_rho10.616,24.0,34.19,632.3,450.0,10.616,4.30043156108574,18.493711611582334,1.2977384153091887,15.645596679849984,39.48657338,35.98506195,3.50151143
F24_y34.19_Vol632.3_Am500_rho10.493,24.0,34.19,632.3,500.0,10.493,4.30043156108574,18.493711611582334,1.2977384153091887,15.645596679849984,39.48657335,35.97788769,3.50868566
F24_y34.19_Vol632.3_Am500_rho10.534,24.0,34.19,632.3,500.0,10.534,4.30043156108574,18.493711611582334,1.2977384153091887,15.645596679849984,39.48657336,35.98403822,3.50253514
F24_y34.19_Vol632.3_Am500_rho10.575,24.0,34.19,632.3,500.0,10.575,4.30043156108574,18.493711611582334,1.2977384153091887,15.645596679849984,39.48657336,35.99025009,3.49632327
F24_y34.19_Vol632.3_Am500_rho10.616,24.0,34.19,632.3,500.0,10.616,4.30043156108574,18.493711611582334,1.2977384153091887,15.645596679849984,39.48657337,35.99633487,3.4902385
F24_y34.19_Vol632.3_Am550_rho10.493,24.0,34.19,632.3,550.0,10.493,4.30043156108574,18.493711611582334,1.2977384153091887,15.645596679849984,39.48657334,35.99055457,3.49601877
F24_y34.19_Vol632.3_Am550_rho10.534,24.0,34.19,632.3,550.0,10.534,4.30043156108574,18.493711611582334,1.2977384153091887,15.645596679849984,39.48657335,35.99678924,3.48978411
F24_y34.19_Vol632.3_Am550_rho10.575,24.0,34.19,632.3,550.0,10.575,4.30043156108574,18.493711611582334,1.2977384153091887,15.645596679849984,39.48657336,36.00302645,3.48354691
F24_y34.19_Vol632.3_Am550_rho10.616,24.0,34.19,632.3,550.0,10.616,4.30043156108574,18.493711611582334,1.2977384153091887,15.645596679849984,39.48657337,36.00926719,3.47730617
F24_y34.19_Vol691.2_Am450_rho10.493,24.0,34.19,691.2,450.0,10.493,4.496269292962845,20.2164375548406,1.1871527777777777,14.31237092110698,38.90847556,35.58320286,3.3252727
F24_y34.19_Vol691.2_Am450_rho10.534,24.0,34.19,691.2,450.0,10.534,4.496269292962845,20.2164375548406,1.1871527777777777,14.31237092110698,38.90847557,35.59021582,3.31825975
F24_y34.19_Vol691.2_Am450_rho10.575,24.0,34.19,691.2,450.0,10.575,4.496269292962845,20.2164375548406,1.1871527777777777,14.31237092110698,38.90847557,35.59709826,3.31137732
F24_y34.19_Vol691.2_Am450_rho10.616,24.0,34.19,691.2,450.0,10.616,4.496269292962845,20.2164375548406,1.1871527777777777,14.31237092110698,38.90847558,35.81818527,3.09029031
F24_y34.19_Vol691.2_Am500_rho10.493,24.0,34.19,691.2,500.0,10.493,4.496269292962845,20.2164375548406,1.1871527777777777,14.31237092110698,38.90847556,35.59827382,3.31020174
F24_y34.19_Vol691.2_Am500_rho10.534,24.0,34.19,691.2,500.0,10.534,4.496269292962845,20.2164375548406,1.1871527777777777,14.31237092110698,38.90847556,35.60505816,3.30341741
F24_y34.19_Vol691.2_Am500_rho10.575,24.0,34.19,691.2,500.0,10.575,4.496269292962845,20.2164375548406,1.1871527777777777,14.31237092110698,38.90847557,35.61167278,3.29680279
F24_y34.19_Vol691.2_Am500_rho10.616,24.0,34.19,691.2,500.0,10.616,4.496269292962845,20.2164375548406,1.1871527777777777,14.31237092110698,38.90847558,35.61820828,3.2902673
F24_y34.19_Vol691.2_Am550_rho10.493,24.0,34.19,691.2,550.0,10.493,4.496269292962845,20.2164375548406,1.1871527777777777,14.31237092110698,38.90847556,35.61135968,3.29711588
F24_y34.19_Vol691.2_Am550_rho10.534,24.0,34.19,691.2,550.0,10.534,4.496269292962845,20.2164375548406,1.1871527777777777,14.31237092110698,38.90847556,35.61785639,3.29061917
F24_y34.19_Vol691.2_Am550_rho10.575,24.0,34.19,691.2,550.0,10.575,4.496269292962845,20.2164375548406,1.1871527777777777,14.31237092110698,38.90847557,35.62422289,3.28425268
F24_y34.19_Vol691.2_Am550_rho10.616,24.0,34.19,691.2,550.0,10.616,4.496269292962845,20.2164375548406,1.1871527777777777,14.31237092110698,38.90847557,35.63044719,3.27802838
F24_y34.19_Vol738.0_Am450_rho10.493,24.0,34.19,738.0,450.0,10.493,4.6459938492873905,21.585258847616263,1.111869918699187,13.404757155378245,38.53197299,35.31493206,3.21704094
F24_y34.19_Vol738.0_Am450_rho10.534,24.0,34.19,738.0,450.0,10.534,4.6459938492873905,21.585258847616263,1.111869918699187,13.404757155378245,38.53197299,35.32269035,3.20928265
F24_y34.19_Vol738.0_Am450_rho10.575,24.0,34.19,738.0,450.0,10.575,4.6459938492873905,21.585258847616263,1.111869918699187,13.404757155378245,38.531973,35.33036151,3.20161149
F24_y34.19_Vol738.0_Am450_rho10.616,24.0,34.19,738.0,450.0,10.616,4.6459938492873905,21.585258847616263,1.111869918699187,13.404757155378245,38.531973,35.33780653,3.19416648
F24_y34.19_Vol738.0_Am500_rho10.493,24.0,34.19,738.0,500.0,10.493,4.6459938492873905,21.585258847616263,1.111869918699187,13.404757155378245,38.53197299,35.33214532,3.19982767
F24_y34.19_Vol738.0_Am500_rho10.534,24.0,34.19,738.0,500.0,10.534,4.6459938492873905,21.585258847616263,1.111869918699187,13.404757155378245,38.53197299,36.54357613,1.98839686
F24_y34.19_Vol738.0_Am500_rho10.575,24.0,34.19,738.0,500.0,10.575,4.6459938492873905,21.585258847616263,1.111869918699187,13.404757155378245,38.531973,35.3472233,3.1847497
F24_y34.19_Vol738.0_Am500_rho10.616,24.0,34.19,738.0,500.0,10.616,4.6459938492873905,21.585258847616263,1.111869918699187,13.404757155378245,38.531973,35.35456969,3.17740331
F24_y34.19_Vol738.0_Am550_rho10.493,24.0,34.19,738.0,550.0,10.493,4.6459938492873905,21.585258847616263,1.111869918699187,13.404757155378245,38.53197299,35.34732751,3.18464548
F24_y34.19_Vol738.0_Am550_rho10.534,24.0,34.19,738.0,550.0,10.534,4.6459938492873905,21.585258847616263,1.111869918699187,13.404757155378245,38.53197299,35.35473711,3.17723588
F24_y34.19_Vol738.0_Am550_rho10.575,24.0,34.19,738.0,550.0,10.575,4.6459938492873905,21.585258847616263,1.111869918699187,13.404757155378245,38.53197299,35.36205224,3.16992075
F24_y34.19_Vol738.0_Am550_rho10.616,24.0,34.19,738.0,550.0,10.616,4.6459938492873905,21.585258847616263,1.111869918699187,13.404757155378245,38.531973,35.36928293,3.16269007
F24_y34.97_Vol421.6_Am450_rho10.493,24.0,34.97,421.6,450.0,10.493,3.4721820288081315,12.056048041178153,1.9907020872865275,24.0,44.92494567,42.71898339,2.20596228
F24_y34.97_Vol421.6_Am450_rho10.534,24.0,34.97,421.6,450.0,10.534,3.4721820288081315,12.056048041178153,1.9907020872865275,24.0,44.92494572,42.72941231,2.19553341
F24_y34.97_Vol421.6_Am450_rho10.575,24.0,34.97,421.6,450.0,10.575,3.4721820288081315,12.056048041178153,1.9907020872865275,24.0,44.92494576,42.73973699,2.18520877
F24_y34.97_Vol421.6_Am450_rho10.616,24.0,34.97,421.6,450.0,10.616,3.4721820288081315,12.056048041178153,1.9907020872865275,24.0,44.9249458,42.74996587,2.17497993
F24_y34.97_Vol421.6_Am500_rho10.493,24.0,34.97,421.6,500.0,10.493,3.4721820288081315,12.056048041178153,1.9907020872865275,24.0,44.92494562,42.75786001,2.16708561
F24_y34.97_Vol421.6_Am500_rho10.534,24.0,34.97,421.6,500.0,10.534,3.4721820288081315,12.056048041178153,1.9907020872865275,24.0,44.92494567,42.76795606,2.1569896
F24_y34.97_Vol421.6_Am500_rho10.575,24.0,34.97,421.6,500.0,10.575,3.4721820288081315,12.056048041178153,1.9907020872865275,24.0,44.92494571,42.77797894,2.14696677
F24_y34.97_Vol421.6_Am500_rho10.616,24.0,34.97,421.6,500.0,10.616,3.4721820288081315,12.056048041178153,1.9907020872865275,24.0,44.92494575,42.78787182,2.13707393
F24_y34.97_Vol421.6_Am550_rho10.493,24.0,34.97,421.6,550.0,10.493,3.4721820288081315,12.056048041178153,1.9907020872865275,24.0,44.92494559,42.79511757,2.12982803
F24_y34.97_Vol421.6_Am550_rho10.534,24.0,34.97,421.6,550.0,10.534,3.4721820288081315,12.056048041178153,1.9907020872865275,24.0,44.92494564,42.80482809,2.12011755
F24_y34.97_Vol421.6_Am550_rho10.575,24.0,34.97,421.6,550.0,10.575,3.4721820288081315,12.056048041178153,1.9907020872865275,24.0,44.92494568,42.81450408,2.1104416
F24_y34.97_Vol421.6_Am550_rho10.616,24.0,34.97,421.6,550.0,10.616,3.4721820288081315,12.056048041178153,1.9907020872865275,24.0,44.92494572,42.82409116,2.10085456
F24_y34.97_Vol455.9_Am450_rho10.493,24.0,34.97,455.9,450.0,10.493,3.610663202487297,13.036888761795824,1.8409300285150254,22.194340864224614,43.80878546,41.28236581,2.52641966
F24_y34.97_Vol455.9_Am450_rho10.534,24.0,34.97,455.9,450.0,10.534,3.610663202487297,13.036888761795824,1.8409300285150254,22.194340864224614,43.80878549,41.29724995,2.51153553
F24_y34.97_Vol455.9_Am450_rho10.575,24.0,34.97,455.9,450.0,10.575,3.610663202487297,13.036888761795824,1.8409300285150254,22.194340864224614,43.80878551,41.31196578,2.49681972
F24_y34.97_Vol455.9_Am450_rho10.616,24.0,34.97,455.9,450.0,10.616,3.610663202487297,13.036888761795824,1.8409300285150254,22.194340864224614,43.80878554,41.32654504,2.4822405
F24_y34.97_Vol455.9_Am500_rho10.493,24.0,34.97,455.9,500.0,10.493,3.610663202487297,13.036888761795824,1.8409300285150254,22.194340864224614,43.80878543,41.3343099,2.47447553
F24_y34.97_Vol455.9_Am500_rho10.534,24.0,34.97,455.9,500.0,10.534,3.610663202487297,13.036888761795824,1.8409300285150254,22.194340864224614,43.80878545,41.34883295,2.4599525
F24_y34.97_Vol455.9_Am500_rho10.575,24.0,34.97,455.9,500.0,10.575,3.610663202487297,13.036888761795824,1.8409300285150254,22.194340864224614,43.80878548,41.36309619,2.44568929
F24_y34.97_Vol455.9_Am500_rho10.616,24.0,34.97,455.9,500.0,10.616,3.610663202487297,13.036888761795824,1.8409300285150254,22.194340864224614,43.8087855,41.37721996,2.43156554
F24_y34.97_Vol455.9_Am550_rho10.493,24.0,34.97,455.9,550.0,10.493,3.610663202487297,13.036888761795824,1.8409300285150254,22.194340864224614,43.80878541,41.38552552,2.42325989
F24_y34.97_Vol455.9_Am550_rho10.534,24.0,34.97,455.9,550.0,10.534,3.610663202487297,13.036888761795824,1.8409300285150254,22.194340864224614,43.80878544,41.3996229,2.40916253
F24_y34.97_Vol455.9_Am550_rho10.575,24.0,34.97,455.9,550.0,10.575,3.610663202487297,13.036888761795824,1.8409300285150254,22.194340864224614,43.80878546,41.41356222,2.39522324
F24_y34.97_Vol455.9_Am550_rho10.616,24.0,34.97,455.9,550.0,10.616,3.610663202487297,13.036888761795824,1.8409300285150254,22.194340864224614,43.80878548,41.42733067,2.38145481
F24_y34.97_Vol514.7_Am450_rho10.493,24.0,34.97,514.7,450.0,10.493,3.8364475751846796,14.718329997140408,1.6306197785117542,19.65883038663299,42.37333433,39.12734084,3.24599349
F24_y34.97_Vol514.7_Am450_rho10.534,24.0,34.97,514.7,450.0,10.534,3.8364475751846796,14.718329997140408,1.6306197785117542,19.65883038663299,42.37333435,39.14726699,3.22606736
F24_y34.97_Vol514.7_Am450_rho10.575,24.0,34.97,514.7,450.0,10.575,3.8364475751846796,14.718329997140408,1.6306197785117542,19.65883038663299,42.37333438,39.16711585,3.20621853
F24_y34.97_Vol514.7_Am450_rho10.616,24.0,34.97,514.7,450.0,10.616,3.8364475751846796,14.718329997140408,1.6306197785117542,19.65883038663299,42.3733344,39.1866788,3.1866556
F24_y34.97_Vol514.7_Am500_rho10.493,24.0,34.97,514.7,500.0,10.493,3.8364475751846796,14.718329997140408,1.6306197785117542,19.65883038663299,42.37333431,39.18663646,3.18669785
F24_y34.97_Vol514.7_Am500_rho10.534,24.0,34.97,514.7,500.0,10.534,3.8364475751846796,14.718329997140408,1.6306197785117542,19.65883038663299,42.37333433,39.20629008,3.16704424
F24_y34.97_Vol514.7_Am500_rho10.575,24.0,34.97,514.7,500.0,10.575,3.8364475751846796,14.718329997140408,1.6306197785117542,19.65883038663299,42.37333434,39.22587825,3.14745609
F24_y34.97_Vol514.7_Am500_rho10.616,24.0,34.97,514.7,500.0,10.616,3.8364475751846796,14.718329997140408,1.6306197785117542,19.65883038663299,42.37333437,39.24522226,3.12811211
F24_y34.97_Vol514.7_Am550_rho10.493,24.0,34.97,514.7,550.0,10.493,3.8364475751846796,14.718329997140408,1.6306197785117542,19.65883038663299,42.3733343,39.24796085,3.12537345
F24_y34.97_Vol514.7_Am550_rho10.534,24.0,34.97,514.7,550.0,10.534,3.8364475751846796,14.718329997140408,1.6306197785117542,19.65883038663299,42.37333431,39.26736062,3.10597369
F24_y34.97_Vol514.7_Am550_rho10.575,24.0,34.97,514.7,550.0,10.575,3.8364475751846796,14.718329997140408,1.6306197785117542,19.65883038663299,42.37333433,39.2866318,3.08670253
F24_y34.97_Vol514.7_Am550_rho10.616,24.0,34.97,514.7,550.0,10.616,3.8364475751846796,14.718329997140408,1.6306197785117542,19.65883038663299,42.37333435,39.30576797,3.06756637
F24_y34.97_Vol573.5_Am450_rho10.493,24.0,34.97,573.5,450.0,10.493,4.049663101109151,16.399771232484987,1.463435047951177,17.643243243243244,41.33501071,37.66969387,3.66531684
F24_y34.97_Vol573.5_Am450_rho10.534,24.0,34.97,573.5,450.0,10.534,4.049663101109151,16.399771232484987,1.463435047951177,17.643243243243244,41.33501072,37.68476011,3.65025062
F24_y34.97_Vol573.5_Am450_rho10.575,24.0,34.97,573.5,450.0,10.575,4.049663101109151,16.399771232484987,1.463435047951177,17.643243243243244,41.33501074,37.69987608,3.63513466
F24_y34.97_Vol573.5_Am450_rho10.616,24.0,34.97,573.5,450.0,10.616,4.049663101109151,16.399771232484987,1.463435047951177,17.643243243243244,41.33501076,37.71502334,3.61998741
F24_y34.97_Vol573.5_Am500_rho10.493,24.0,34.97,573.5,500.0,10.493,4.049663101109151,16.399771232484987,1.463435047951177,17.643243243243244,41.33501069,37.70887875,3.62613194
F24_y34.97_Vol573.5_Am500_rho10.534,24.0,34.97,573.5,500.0,10.534,4.049663101109151,16.399771232484987,1.463435047951177,17.643243243243244,41.33501071,37.72431647,3.61069423
F24_y34.97_Vol573.5_Am500_rho10.575,24.0,34.97,573.5,500.0,10.575,4.049663101109151,16.399771232484987,1.463435047951177,17.643243243243244,41.33501072,37.73967369,3.59533703
F24_y34.97_Vol573.5_Am500_rho10.616,24.0,34.97,573.5,500.0,10.616,4.049663101109151,16.399771232484987,1.463435047951177,17.643243243243244,41.33501074,37.75507922,3.57993151
F24_y34.97_Vol573.5_Am550_rho10.493,24.0,34.97,573.5,550.0,10.493,4.049663101109151,16.399771232484987,1.463435047951177,17.643243243243244,41.33501068,37.75233724,3.58267344
F24_y34.97_Vol573.5_Am550_rho10.534,24.0,34.97,573.5,550.0,10.534,4.049663101109151,16.399771232484987,1.463435047951177,17.643243243243244,41.33501069,37.76792143,3.56708926
F24_y34.97_Vol573.5_Am550_rho10.575,24.0,34.97,573.5,550.0,10.575,4.049663101109151,16.399771232484987,1.463435047951177,17.643243243243244,41.33501071,37.78351315,3.55149756
F24_y34.97_Vol573.5_Am550_rho10.616,24.0,34.97,573.5,550.0,10.616,4.049663101109151,16.399771232484987,1.463435047951177,17.643243243243244,41.33501073,37.79906369,3.53594704
F24_y34.97_Vol632.3_Am450_rho10.493,24.0,34.97,632.3,450.0,10.493,4.252200896927327,18.081212467829566,1.3273446148979917,16.002530444409302,40.55113329,36.92267423,3.62845906
F24_y34.97_Vol632.3_Am450_rho10.534,24.0,34.97,632.3,450.0,10.534,4.252200896927327,18.081212467829566,1.3273446148979917,16.002530444409302,40.5511333,36.93077837,3.62035493
F24_y34.97_Vol632.3_Am450_rho10.575,24.0,34.97,632.3,450.0,10.575,4.252200896927327,18.081212467829566,1.3273446148979917,16.002530444409302,40.55113332,36.93896344,3.61216988
F24_y34.97_Vol632.3_Am450_rho10.616,24.0,34.97,632.3,450.0,10.616,4.252200896927327,18.081212467829566,1.3273446148979917,16.002530444409302,40.55113333,36.9472164,3.60391694
F24_y34.97_Vol632.3_Am500_rho10.493,24.0,34.97,632.3,500.0,10.493,4.252200896927327,18.081212467829566,1.3273446148979917,16.002530444409302,40.55113328,36.94050102,3.61063226
F24_y34.97_Vol632.3_Am500_rho10.534,24.0,34.97,632.3,500.0,10.534,4.252200896927327,18.081212467829566,1.3273446148979917,16.002530444409302,40.55113329,36.94896312,3.60217017
F24_y34.97_Vol632.3_Am500_rho10.575,24.0,34.97,632.3,500.0,10.575,4.252200896927327,18.081212467829566,1.3273446148979917,16.002530444409302,40.5511333,36.95741248,3.59372082
F24_y34.97_Vol632.3_Am500_rho10.616,24.0,34.97,632.3,500.0,10.616,4.252200896927327,18.081212467829566,1.3273446148979917,16.002530444409302,40.55113332,36.96598382,3.5851495
F24_y34.97_Vol632.3_Am550_rho10.493,24.0,34.97,632.3,550.0,10.493,4.252200896927327,18.081212467829566,1.3273446148979917,16.002530444409302,40.55113328,36.96151809,3.58961519
F24_y34.97_Vol632.3_Am550_rho10.534,24.0,34.97,632.3,550.0,10.534,4.252200896927327,18.081212467829566,1.3273446148979917,16.002530444409302,40.55113328,36.97026595,3.58086733
F24_y34.97_Vol632.3_Am550_rho10.575,24.0,34.97,632.3,550.0,10.575,4.252200896927327,18.081212467829566,1.3273446148979917,16.002530444409302,40.5511333,36.97910897,3.57202433
F24_y34.97_Vol632.3_Am550_rho10.616,24.0,34.97,632.3,550.0,10.616,4.252200896927327,18.081212467829566,1.3273446148979917,16.002530444409302,40.55113331,36.98800112,3.5631322
F24_y34.97_Vol691.2_Am450_rho10.493,24.0,34.97,691.2,450.0,10.493,4.445842248338532,19.765513297111813,1.2142361111111108,14.638888888888886,39.93804973,36.5209883,3.41706143
F24_y34.97_Vol691.2_Am450_rho10.534,24.0,34.97,691.2,450.0,10.534,4.445842248338532,19.765513297111813,1.2142361111111108,14.638888888888886,39.93804973,36.52654423,3.4115055
F24_y34.97_Vol691.2_Am450_rho10.575,24.0,34.97,691.2,450.0,10.575,4.445842248338532,19.765513297111813,1.2142361111111108,14.638888888888886,39.93804974,36.53211607,3.40593366
F24_y34.97_Vol691.2_Am450_rho10.616,24.0,34.97,691.2,450.0,10.616,4.445842248338532,19.765513297111813,1.2142361111111108,14.638888888888886,39.93804974,37.38920478,2.54884496
F24_y34.97_Vol691.2_Am500_rho10.493,24.0,34.97,691.2,500.0,10.493,4.445842248338532,19.765513297111813,1.2142361111111108,14.638888888888886,39.93804972,36.53134905,3.40670067
F24_y34.97_Vol691.2_Am500_rho10.534,24.0,34.97,691.2,500.0,10.534,4.445842248338532,19.765513297111813,1.2142361111111108,14.638888888888886,39.93804973,36.53693007,3.40111965
F24_y34.97_Vol691.2_Am500_rho10.575,24.0,34.97,691.2,500.0,10.575,4.445842248338532,19.765513297111813,1.2142361111111108,14.638888888888886,39.93804973,36.54249977,3.39554996
F24_y34.97_Vol691.2_Am500_rho10.616,24.0,34.97,691.2,500.0,10.616,4.445842248338532,19.765513297111813,1.2142361111111108,14.638888888888886,39.93804974,36.54808091,3.38996882
F24_y34.97_Vol691.2_Am550_rho10.493,24.0,34.97,691.2,550.0,10.493,4.445842248338532,19.765513297111813,1.2142361111111108,14.638888888888886,39.93804972,36.5421113,3.39593842
F24_y34.97_Vol691.2_Am550_rho10.534,24.0,34.97,691.2,550.0,10.534,4.445842248338532,19.765513297111813,1.2142361111111108,14.638888888888886,39.93804972,36.54770171,3.39034801
F24_y34.97_Vol691.2_Am550_rho10.575,24.0,34.97,691.2,550.0,10.575,4.445842248338532,19.765513297111813,1.2142361111111108,14.638888888888886,39.93804973,36.553306,3.38474373
F24_y34.97_Vol691.2_Am550_rho10.616,24.0,34.97,691.2,550.0,10.616,4.445842248338532,19.765513297111813,1.2142361111111108,14.638888888888886,39.93804973,36.55892819,3.37912154
F24_y34.97_Vol738.0_Am450_rho10.493,24.0,34.97,738.0,450.0,10.493,4.593887597660296,21.103803259937088,1.1372357723577236,13.710569105691057,39.53926126,36.27089591,3.26836535
F24_y34.97_Vol738.0_Am450_rho10.534,24.0,34.97,738.0,450.0,10.534,4.593887597660296,21.103803259937088,1.1372357723577236,13.710569105691057,39.53926127,36.27710394,3.26215733
F24_y34.97_Vol738.0_Am450_rho10.575,24.0,34.97,738.0,450.0,10.575,4.593887597660296,21.103803259937088,1.1372357723577236,13.710569105691057,39.53926128,36.28318536,3.25607592
F24_y34.97_Vol738.0_Am450_rho10.616,24.0,34.97,738.0,450.0,10.616,4.593887597660296,21.103803259937088,1.1372357723577236,13.710569105691057,39.53926129,36.28918324,3.25007804
F24_y34.97_Vol738.0_Am500_rho10.493,24.0,34.97,738.0,500.0,10.493,4.593887597660296,21.103803259937088,1.1372357723577236,13.710569105691057,39.53926125,36.28413119,3.25513006
F24_y34.97_Vol738.0_Am500_rho10.534,24.0,34.97,738.0,500.0,10.534,4.593887597660296,21.103803259937088,1.1372357723577236,13.710569105691057,39.53926126,36.28999995,3.24926131
F24_y34.97_Vol738.0_Am500_rho10.575,24.0,34.97,738.0,500.0,10.575,4.593887597660296,21.103803259937088,1.1372357723577236,13.710569105691057,39.53926127,36.29580633,3.24345494
F24_y34.97_Vol738.0_Am500_rho10.616,24.0,34.97,738.0,500.0,10.616,4.593887597660296,21.103803259937088,1.1372357723577236,13.710569105691057,39.53926128,36.30145923,3.23780205
F24_y34.97_Vol738.0_Am550_rho10.493,24.0,34.97,738.0,550.0,10.493,4.593887597660296,21.103803259937088,1.1372357723577236,13.710569105691057,39.53926125,36.29521378,3.24404748
F24_y34.97_Vol738.0_Am550_rho10.534,24.0,34.97,738.0,550.0,10.534,4.593887597660296,21.103803259937088,1.1372357723577236,13.710569105691057,39.53926126,36.30094003,3.23832123
F24_y34.97_Vol738.0_Am550_rho10.575,24.0,34.97,738.0,550.0,10.575,4.593887597660296,21.103803259937088,1.1372357723577236,13.710569105691057,39.53926127,36.30669381,3.23256746
F24_y34.97_Vol738.0_Am550_rho10.616,24.0,34.97,738.0,550.0,10.616,4.593887597660296,21.103803259937088,1.1372357723577236,13.710569105691057,39.53926128,36.31231183,3.22694944
F27_y32.69_Vol421.6_Am450_rho10.493,27.0,32.69,421.6,450.0,10.493,3.591226861414324,12.896910370143777,2.0935246679316886,25.239633971975977,42.75542025,39.7094979,3.04592235
F27_y32.69_Vol421.6_Am450_rho10.534,27.0,32.69,421.6,450.0,10.534,3.591226861414324,12.896910370143777,2.0935246679316886,25.239633971975977,42.75542028,39.72776893,3.02765134
F27_y32.69_Vol421.6_Am450_rho10.575,27.0,32.69,421.6,450.0,10.575,3.591226861414324,12.896910370143777,2.0935246679316886,25.239633971975977,42.7554203,39.74582495,3.00959535
F27_y32.69_Vol421.6_Am450_rho10.616,27.0,32.69,421.6,450.0,10.616,3.591226861414324,12.896910370143777,2.0935246679316886,25.239633971975977,42.75542032,39.76369359,2.99172672
F27_y32.69_Vol421.6_Am500_rho10.493,27.0,32.69,421.6,500.0,10.493,3.591226861414324,12.896910370143777,2.0935246679316886,25.239633971975977,42.75542022,39.75830633,2.99711389
F27_y32.69_Vol421.6_Am500_rho10.534,27.0,32.69,421.6,500.0,10.534,3.591226861414324,12.896910370143777,2.0935246679316886,25.239633971975977,42.75542024,39.77630808,2.97911217
F27_y32.69_Vol421.6_Am500_rho10.575,27.0,32.69,421.6,500.0,10.575,3.591226861414324,12.896910370143777,2.0935246679316886,25.239633971975977,42.75542026,39.79403936,2.9613809
F27_y32.69_Vol421.6_Am500_rho10.616,27.0,32.69,421.6,500.0,10.616,3.591226861414324,12.896910370143777,2.0935246679316886,25.239633971975977,42.75542028,39.81163657,2.94378372
F27_y32.69_Vol421.6_Am550_rho10.493,27.0,32.69,421.6,550.0,10.493,3.591226861414324,12.896910370143777,2.0935246679316886,25.239633971975977,42.7554202,39.80761918,2.94780101
F27_y32.69_Vol421.6_Am550_rho10.534,27.0,32.69,421.6,550.0,10.534,3.591226861414324,12.896910370143777,2.0935246679316886,25.239633971975977,42.75542022,39.8254533,2.92996691
F27_y32.69_Vol421.6_Am550_rho10.575,27.0,32.69,421.6,550.0,10.575,3.591226861414324,12.896910370143777,2.0935246679316886,25.239633971975977,42.75542024,39.84306252,2.91235772
F27_y32.69_Vol421.6_Am550_rho10.616,27.0,32.69,421.6,550.0,10.616,3.591226861414324,12.896910370143777,2.0935246679316886,25.239633971975977,42.75542026,39.86052042,2.89489984
F27_y32.69_Vol455.9_Am450_rho10.493,27.0,32.69,455.9,450.0,10.493,3.734455904877668,13.946160905475681,1.936016670322439,23.34070998592909,41.60627743,38.07351749,3.53275994
F27_y32.69_Vol455.9_Am450_rho10.534,27.0,32.69,455.9,450.0,10.534,3.734455904877668,13.946160905475681,1.936016670322439,23.34070998592909,41.60627745,38.092392,3.51388545
F27_y32.69_Vol455.9_Am450_rho10.575,27.0,32.69,455.9,450.0,10.575,3.734455904877668,13.946160905475681,1.936016670322439,23.34070998592909,41.60627748,40.97898743,0.62729004
F27_y32.69_Vol455.9_Am450_rho10.616,27.0,32.69,455.9,450.0,10.616,3.734455904877668,13.946160905475681,1.936016670322439,23.34070998592909,41.6062775,38.12976114,3.47651636
F27_y32.69_Vol455.9_Am500_rho10.493,27.0,32.69,455.9,500.0,10.493,3.734455904877668,13.946160905475681,1.936016670322439,23.34070998592909,41.60627739,38.111182,3.49509539
F27_y32.69_Vol455.9_Am500_rho10.534,27.0,32.69,455.9,500.0,10.534,3.734455904877668,13.946160905475681,1.936016670322439,23.34070998592909,41.60627742,38.13011778,3.47615964
F27_y32.69_Vol455.9_Am500_rho10.575,27.0,32.69,455.9,500.0,10.575,3.734455904877668,13.946160905475681,1.936016670322439,23.34070998592909,41.60627744,38.14883147,3.45744597
F27_y32.69_Vol455.9_Am500_rho10.616,27.0,32.69,455.9,500.0,10.616,3.734455904877668,13.946160905475681,1.936016670322439,23.34070998592909,41.60627746,38.16760071,3.43867675
F27_y32.69_Vol455.9_Am550_rho10.493,27.0,32.69,455.9,550.0,10.493,3.734455904877668,13.946160905475681,1.936016670322439,23.34070998592909,41.60627737,38.15086641,3.45541096
F27_y32.69_Vol455.9_Am550_rho10.534,27.0,32.69,455.9,550.0,10.534,3.734455904877668,13.946160905475681,1.936016670322439,23.34070998592909,41.6062774,38.16977516,3.43650224
F27_y32.69_Vol455.9_Am550_rho10.575,27.0,32.69,455.9,550.0,10.575,3.734455904877668,13.946160905475681,1.936016670322439,23.34070998592909,41.60627742,38.18851287,3.41776455
F27_y32.69_Vol455.9_Am550_rho10.616,27.0,32.69,455.9,550.0,10.616,3.734455904877668,13.946160905475681,1.936016670322439,23.34070998592909,41.60627744,38.20718084,3.3990966
F27_y32.69_Vol514.7_Am450_rho10.493,27.0,32.69,514.7,450.0,10.493,3.967981364485197,15.744876108901808,1.7148435982125507,20.674236803157317,40.13122274,36.31700793,3.81421481
F27_y32.69_Vol514.7_Am450_rho10.534,27.0,32.69,514.7,450.0,10.534,3.967981364485197,15.744876108901808,1.7148435982125507,20.674236803157317,40.13122276,36.32898791,3.80223484
F27_y32.69_Vol514.7_Am450_rho10.575,27.0,32.69,514.7,450.0,10.575,3.967981364485197,15.744876108901808,1.7148435982125507,20.674236803157317,40.13122278,36.34098788,3.7902349
F27_y32.69_Vol514.7_Am450_rho10.616,27.0,32.69,514.7,450.0,10.616,3.967981364485197,15.744876108901808,1.7148435982125507,20.674236803157317,40.13122279,36.35299885,3.77822395
F27_y32.69_Vol514.7_Am500_rho10.493,27.0,32.69,514.7,500.0,10.493,3.967981364485197,15.744876108901808,1.7148435982125507,20.674236803157317,40.13122273,36.32967666,3.80154607
F27_y32.69_Vol514.7_Am500_rho10.534,27.0,32.69,514.7,500.0,10.534,3.967981364485197,15.744876108901808,1.7148435982125507,20.674236803157317,40.13122274,36.3417686,3.78945413
F27_y32.69_Vol514.7_Am500_rho10.575,27.0,32.69,514.7,500.0,10.575,3.967981364485197,15.744876108901808,1.7148435982125507,20.674236803157317,40.13122275,36.35390831,3.77731444
F27_y32.69_Vol514.7_Am500_rho10.616,27.0,32.69,514.7,500.0,10.616,3.967981364485197,15.744876108901808,1.7148435982125507,20.674236803157317,40.13122277,36.36606672,3.76515605
F27_y32.69_Vol514.7_Am550_rho10.493,27.0,32.69,514.7,550.0,10.493,3.967981364485197,15.744876108901808,1.7148435982125507,20.674236803157317,40.13122272,36.34960827,3.78161445
F27_y32.69_Vol514.7_Am550_rho10.534,27.0,32.69,514.7,550.0,10.534,3.967981364485197,15.744876108901808,1.7148435982125507,20.674236803157317,40.13122273,36.36194981,3.76927291
F27_y32.69_Vol514.7_Am550_rho10.575,27.0,32.69,514.7,550.0,10.575,3.967981364485197,15.744876108901808,1.7148435982125507,20.674236803157317,40.13122274,36.3743351,3.75688764
F27_y32.69_Vol514.7_Am550_rho10.616,27.0,32.69,514.7,550.0,10.616,3.967981364485197,15.744876108901808,1.7148435982125507,20.674236803157317,40.13122276,36.38674591,3.74447684
F27_y32.69_Vol573.5_Am450_rho10.493,27.0,32.69,573.5,450.0,10.493,4.188507050528616,17.54359131232793,1.5390235396687009,18.554541730749907,39.06884324,35.38879912,3.68004412
F27_y32.69_Vol573.5_Am450_rho10.534,27.0,32.69,573.5,450.0,10.534,4.188507050528616,17.54359131232793,1.5390235396687009,18.554541730749907,39.06884325,35.39777424,3.67106901
F27_y32.69_Vol573.5_Am450_rho10.575,27.0,32.69,573.5,450.0,10.575,4.188507050528616,17.54359131232793,1.5390235396687009,18.554541730749907,39.06884326,35.40678119,3.66206207
F27_y32.69_Vol573.5_Am450_rho10.616,27.0,32.69,573.5,450.0,10.616,4.188507050528616,17.54359131232793,1.5390235396687009,18.554541730749907,39.06884327,35.41569306,3.65315021
F27_y32.69_Vol573.5_Am500_rho10.493,27.0,32.69,573.5,500.0,10.493,4.188507050528616,17.54359131232793,1.5390235396687009,18.554541730749907,39.06884323,35.40354574,3.66529749
F27_y32.69_Vol573.5_Am500_rho10.534,27.0,32.69,573.5,500.0,10.534,4.188507050528616,17.54359131232793,1.5390235396687009,18.554541730749907,39.06884324,35.41216996,3.65667328
F27_y32.69_Vol573.5_Am500_rho10.575,27.0,32.69,573.5,500.0,10.575,4.188507050528616,17.54359131232793,1.5390235396687009,18.554541730749907,39.06884325,35.42085405,3.6479892
F27_y32.69_Vol573.5_Am500_rho10.616,27.0,32.69,573.5,500.0,10.616,4.188507050528616,17.54359131232793,1.5390235396687009,18.554541730749907,39.06884326,35.42938805,3.63945521
F27_y32.69_Vol573.5_Am550_rho10.493,27.0,32.69,573.5,550.0,10.493,4.188507050528616,17.54359131232793,1.5390235396687009,18.554541730749907,39.06884322,35.42153282,3.6473104
F27_y32.69_Vol573.5_Am550_rho10.534,27.0,32.69,573.5,550.0,10.534,4.188507050528616,17.54359131232793,1.5390235396687009,18.554541730749907,39.06884323,35.4300303,3.63881293
F27_y32.69_Vol573.5_Am550_rho10.575,27.0,32.69,573.5,550.0,10.575,4.188507050528616,17.54359131232793,1.5390235396687009,18.554541730749907,39.06884324,35.43833025,3.63051299
F27_y32.69_Vol573.5_Am550_rho10.616,27.0,32.69,573.5,550.0,10.616,4.188507050528616,17.54359131232793,1.5390235396687009,18.554541730749907,39.06884325,35.4468425,3.62200075
F27_y32.69_Vol632.3_Am450_rho10.493,27.0,32.69,632.3,450.0,10.493,4.397988917193182,19.342306515754053,1.3959038431124466,16.829083793428868,38.27027283,34.72833649,3.54193634
F27_y32.69_Vol632.3_Am450_rho10.534,27.0,32.69,632.3,450.0,10.534,4.397988917193182,19.342306515754053,1.3959038431124466,16.829083793428868,38.27027284,34.73796627,3.53230656
F27_y32.69_Vol632.3_Am450_rho10.575,27.0,32.69,632.3,450.0,10.575,4.397988917193182,19.342306515754053,1.3959038431124466,16.829083793428868,38.27027284,34.74759769,3.52267515
F27_y32.69_Vol632.3_Am450_rho10.616,27.0,32.69,632.3,450.0,10.616,4.397988917193182,19.342306515754053,1.3959038431124466,16.829083793428868,38.27027284,34.75700566,3.51326719
F27_y32.69_Vol632.3_Am500_rho10.493,27.0,32.69,632.3,500.0,10.493,4.397988917193182,19.342306515754053,1.3959038431124466,16.829083793428868,38.27027283,34.74955558,3.52071725
F27_y32.69_Vol632.3_Am500_rho10.534,27.0,32.69,632.3,500.0,10.534,4.397988917193182,19.342306515754053,1.3959038431124466,16.829083793428868,38.27027283,34.75905876,3.51121407
F27_y32.69_Vol632.3_Am500_rho10.575,27.0,32.69,632.3,500.0,10.575,4.397988917193182,19.342306515754053,1.3959038431124466,16.829083793428868,38.27027284,34.76829848,3.50197435
F27_y32.69_Vol632.3_Am500_rho10.616,27.0,32.69,632.3,500.0,10.616,4.397988917193182,19.342306515754053,1.3959038431124466,16.829083793428868,38.27027284,34.77758093,3.49269191
F27_y32.69_Vol632.3_Am550_rho10.493,27.0,32.69,632.3,550.0,10.493,4.397988917193182,19.342306515754053,1.3959038431124466,16.829083793428868,38.27027282,34.77144136,3.49883146
F27_y32.69_Vol632.3_Am550_rho10.534,27.0,32.69,632.3,550.0,10.534,4.397988917193182,19.342306515754053,1.3959038431124466,16.829083793428868,38.27027283,34.7806991,3.48957373
F27_y32.69_Vol632.3_Am550_rho10.575,27.0,32.69,632.3,550.0,10.575,4.397988917193182,19.342306515754053,1.3959038431124466,16.829083793428868,38.27027283,34.7898661,3.48040673
F27_y32.69_Vol632.3_Am550_rho10.616,27.0,32.69,632.3,550.0,10.616,4.397988917193182,19.342306515754053,1.3959038431124466,16.829083793428868,38.27027284,34.79883855,3.47143429
F27_y32.69_Vol691.2_Am450_rho10.493,27.0,32.69,691.2,450.0,10.493,4.598269322108242,21.14408075864179,1.276953125,15.39500822133257,37.64805331,34.26244834,3.38560497
F27_y32.69_Vol691.2_Am450_rho10.534,27.0,32.69,691.2,450.0,10.534,4.598269322108242,21.14408075864179,1.276953125,15.39500822133257,37.64805332,34.26938433,3.37866898
F27_y32.69_Vol691.2_Am450_rho10.575,27.0,32.69,691.2,450.0,10.575,4.598269322108242,21.14408075864179,1.276953125,15.39500822133257,37.64805332,34.27644146,3.37161186
F27_y32.69_Vol691.2_Am450_rho10.616,27.0,32.69,691.2,450.0,10.616,4.598269322108242,21.14408075864179,1.276953125,15.39500822133257,37.64805332,34.28354297,3.36451035
F27_y32.69_Vol691.2_Am500_rho10.493,27.0,32.69,691.2,500.0,10.493,4.598269322108242,21.14408075864179,1.276953125,15.39500822133257,37.64805331,34.27097111,3.3770822
F27_y32.69_Vol691.2_Am500_rho10.534,27.0,32.69,691.2,500.0,10.534,4.598269322108242,21.14408075864179,1.276953125,15.39500822133257,37.64805331,34.278444,3.36960931
F27_y32.69_Vol691.2_Am500_rho10.575,27.0,32.69,691.2,500.0,10.575,4.598269322108242,21.14408075864179,1.276953125,15.39500822133257,37.64805332,34.28602374,3.36202958
F27_y32.69_Vol691.2_Am500_rho10.616,27.0,32.69,691.2,500.0,10.616,4.598269322108242,21.14408075864179,1.276953125,15.39500822133257,37.64805332,34.29357956,3.35447376
F27_y32.69_Vol691.2_Am550_rho10.493,27.0,32.69,691.2,550.0,10.493,4.598269322108242,21.14408075864179,1.276953125,15.39500822133257,37.64805331,34.28258371,3.3654696
F27_y32.69_Vol691.2_Am550_rho10.534,27.0,32.69,691.2,550.0,10.534,4.598269322108242,21.14408075864179,1.276953125,15.39500822133257,37.64805331,34.29053973,3.35751358
F27_y32.69_Vol691.2_Am550_rho10.575,27.0,32.69,691.2,550.0,10.575,4.598269322108242,21.14408075864179,1.276953125,15.39500822133257,37.64805331,34.29835706,3.34969625
F27_y32.69_Vol691.2_Am550_rho10.616,27.0,32.69,691.2,550.0,10.616,4.598269322108242,21.14408075864179,1.276953125,15.39500822133257,37.64805332,34.30627045,3.34178287
F27_y32.69_Vol738.0_Am450_rho10.493,27.0,32.69,738.0,450.0,10.493,4.751390451928238,22.575711226674827,1.1959756097560974,14.418739407296846,37.24449768,34.08213137,3.16236631
F27_y32.69_Vol738.0_Am450_rho10.534,27.0,32.69,738.0,450.0,10.534,4.751390451928238,22.575711226674827,1.1959756097560974,14.418739407296846,37.24449768,34.08443783,3.16005985
F27_y32.69_Vol738.0_Am450_rho10.575,27.0,32.69,738.0,450.0,10.575,4.751390451928238,22.575711226674827,1.1959756097560974,14.418739407296846,37.24449768,34.08648559,3.15801209
F27_y32.69_Vol738.0_Am450_rho10.616,27.0,32.69,738.0,450.0,10.616,4.751390451928238,22.575711226674827,1.1959756097560974,14.418739407296846,37.24449768,34.08866418,3.1558335
F27_y32.69_Vol738.0_Am500_rho10.493,27.0,32.69,738.0,500.0,10.493,4.751390451928238,22.575711226674827,1.1959756097560974,14.418739407296846,37.24449767,34.07354859,3.17094909
F27_y32.69_Vol738.0_Am500_rho10.534,27.0,32.69,738.0,500.0,10.534,4.751390451928238,22.575711226674827,1.1959756097560974,14.418739407296846,37.24449768,34.07586667,3.16863101
F27_y32.69_Vol738.0_Am500_rho10.575,27.0,32.69,738.0,500.0,10.575,4.751390451928238,22.575711226674827,1.1959756097560974,14.418739407296846,37.24449768,34.0784318,3.16606588
F27_y32.69_Vol738.0_Am500_rho10.616,27.0,32.69,738.0,500.0,10.616,4.751390451928238,22.575711226674827,1.1959756097560974,14.418739407296846,37.24449768,34.0811276,3.16337008
F27_y32.69_Vol738.0_Am550_rho10.493,27.0,32.69,738.0,550.0,10.493,4.751390451928238,22.575711226674827,1.1959756097560974,14.418739407296846,37.24449767,34.067915,3.17658267
F27_y32.69_Vol738.0_Am550_rho10.534,27.0,32.69,738.0,550.0,10.534,4.751390451928238,22.575711226674827,1.1959756097560974,14.418739407296846,37.24449768,34.07087332,3.17362435
F27_y32.69_Vol738.0_Am550_rho10.575,27.0,32.69,738.0,550.0,10.575,4.751390451928238,22.575711226674827,1.1959756097560974,14.418739407296846,37.24449768,34.07417834,3.17031934
F27_y32.69_Vol738.0_Am550_rho10.616,27.0,32.69,738.0,550.0,10.616,4.751390451928238,22.575711226674827,1.1959756097560974,14.418739407296846,37.24449768,34.07757977,3.16691791
F27_y33.19_Vol421.6_Am450_rho10.493,27.0,33.19,421.6,450.0,10.493,3.564073690521467,12.702621271467311,2.1255455407969635,25.62567915356019,43.65671122,41.04141281,2.61529841
F27_y33.19_Vol421.6_Am450_rho10.534,27.0,33.19,421.6,450.0,10.534,3.564073690521467,12.702621271467311,2.1255455407969635,25.62567915356019,43.65671124,41.05622103,2.60049021
F27_y33.19_Vol421.6_Am450_rho10.575,27.0,33.19,421.6,450.0,10.575,3.564073690521467,12.702621271467311,2.1255455407969635,25.62567915356019,43.65671127,41.0709091,2.58580217
F27_y33.19_Vol421.6_Am450_rho10.616,27.0,33.19,421.6,450.0,10.616,3.564073690521467,12.702621271467311,2.1255455407969635,25.62567915356019,43.65671129,41.0853988,2.5713125
F27_y33.19_Vol421.6_Am500_rho10.493,27.0,33.19,421.6,500.0,10.493,3.564073690521467,12.702621271467311,2.1255455407969635,25.62567915356019,43.65671118,41.08904072,2.56767046
F27_y33.19_Vol421.6_Am500_rho10.534,27.0,33.19,421.6,500.0,10.534,3.564073690521467,12.702621271467311,2.1255455407969635,25.62567915356019,43.65671121,41.10350222,2.55320899
F27_y33.19_Vol421.6_Am500_rho10.575,27.0,33.19,421.6,500.0,10.575,3.564073690521467,12.702621271467311,2.1255455407969635,25.62567915356019,43.65671123,41.11781966,2.53889157
F27_y33.19_Vol421.6_Am500_rho10.616,27.0,33.19,421.6,500.0,10.616,3.564073690521467,12.702621271467311,2.1255455407969635,25.62567915356019,43.65671126,41.13201068,2.52470057
F27_y33.19_Vol421.6_Am550_rho10.493,27.0,33.19,421.6,550.0,10.493,3.564073690521467,12.702621271467311,2.1255455407969635,25.62567915356019,43.65671116,41.1362705,2.52044065
F27_y33.19_Vol421.6_Am550_rho10.534,27.0,33.19,421.6,550.0,10.534,3.564073690521467,12.702621271467311,2.1255455407969635,25.62567915356019,43.65671118,41.15053413,2.50617705
F27_y33.19_Vol421.6_Am550_rho10.575,27.0,33.19,421.6,550.0,10.575,3.564073690521467,12.702621271467311,2.1255455407969635,25.62567915356019,43.65671121,41.16450737,2.49220384
F27_y33.19_Vol421.6_Am550_rho10.616,27.0,33.19,421.6,550.0,10.616,3.564073690521467,12.702621271467311,2.1255455407969635,25.62567915356019,43.65671123,41.1784046,2.47830663
F27_y33.19_Vol455.9_Am450_rho10.493,27.0,33.19,455.9,450.0,10.493,3.7062197829922776,13.736065079843327,1.9656284272866857,23.697710750473743,42.45560029,39.34489606,3.11070423
F27_y33.19_Vol455.9_Am450_rho10.534,27.0,33.19,455.9,450.0,10.534,3.7062197829922776,13.736065079843327,1.9656284272866857,23.697710750473743,42.45560032,39.36376309,3.09183723
F27_y33.19_Vol455.9_Am450_rho10.575,27.0,33.19,455.9,450.0,10.575,3.7062197829922776,13.736065079843327,1.9656284272866857,23.697710750473743,42.45560035,39.38249578,3.07310457
F27_y33.19_Vol455.9_Am450_rho10.616,27.0,33.19,455.9,450.0,10.616,3.7062197829922776,13.736065079843327,1.9656284272866857,23.697710750473743,42.45560037,39.40092587,3.05467451
F27_y33.19_Vol455.9_Am500_rho10.493,27.0,33.19,455.9,500.0,10.493,3.7062197829922776,13.736065079843327,1.9656284272866857,23.697710750473743,42.45560025,39.39665548,3.05894477
F27_y33.19_Vol455.9_Am500_rho10.534,27.0,33.19,455.9,500.0,10.534,3.7062197829922776,13.736065079843327,1.9656284272866857,23.697710750473743,42.45560028,39.41514905,3.04045124
F27_y33.19_Vol455.9_Am500_rho10.575,27.0,33.19,455.9,500.0,10.575,3.7062197829922776,13.736065079843327,1.9656284272866857,23.697710750473743,42.45560031,39.43337948,3.02222083
F27_y33.19_Vol455.9_Am500_rho10.616,27.0,33.19,455.9,500.0,10.616,3.7062197829922776,13.736065079843327,1.9656284272866857,23.697710750473743,42.45560034,39.45138546,3.00421488
F27_y33.19_Vol455.9_Am550_rho10.493,27.0,33.19,455.9,550.0,10.493,3.7062197829922776,13.736065079843327,1.9656284272866857,23.697710750473743,42.45560023,39.44791335,3.00768688
F27_y33.19_Vol455.9_Am550_rho10.534,27.0,33.19,455.9,550.0,10.534,3.7062197829922776,13.736065079843327,1.9656284272866857,23.697710750473743,42.45560026,39.46607285,2.98952741
F27_y33.19_Vol455.9_Am550_rho10.575,27.0,33.19,455.9,550.0,10.575,3.7062197829922776,13.736065079843327,1.9656284272866857,23.697710750473743,42.45560029,39.48405904,2.97154124
F27_y33.19_Vol455.9_Am550_rho10.616,27.0,33.19,455.9,550.0,10.616,3.7062197829922776,13.736065079843327,1.9656284272866857,23.697710750473743,42.45560031,39.50178489,2.95381543
F27_y33.19_Vol514.7_Am450_rho10.493,27.0,33.19,514.7,450.0,10.493,3.9379795628036667,15.507683037059358,1.74107246939965,20.99045333425486,40.91422951,37.20758674,3.70664277
F27_y33.19_Vol514.7_Am450_rho10.534,27.0,33.19,514.7,450.0,10.534,3.9379795628036667,15.507683037059358,1.74107246939965,20.99045333425486,40.91422953,37.22349597,3.69073356
F27_y33.19_Vol514.7_Am450_rho10.575,27.0,33.19,514.7,450.0,10.575,3.9379795628036667,15.507683037059358,1.74107246939965,20.99045333425486,40.91422955,37.23945679,3.67477275
F27_y33.19_Vol514.7_Am450_rho10.616,27.0,33.19,514.7,450.0,10.616,3.9379795628036667,15.507683037059358,1.74107246939965,20.99045333425486,40.91422957,37.25532833,3.65890123
F27_y33.19_Vol514.7_Am500_rho10.493,27.0,33.19,514.7,500.0,10.493,3.9379795628036667,15.507683037059358,1.74107246939965,20.99045333425486,40.91422949,37.24177669,3.6724528
F27_y33.19_Vol514.7_Am500_rho10.534,27.0,33.19,514.7,500.0,10.534,3.9379795628036667,15.507683037059358,1.74107246939965,20.99045333425486,40.9142295,37.25793823,3.65629127
F27_y33.19_Vol514.7_Am500_rho10.575,27.0,33.19,514.7,500.0,10.575,3.9379795628036667,15.507683037059358,1.74107246939965,20.99045333425486,40.91422952,37.2741227,3.64010682
F27_y33.19_Vol514.7_Am500_rho10.616,27.0,33.19,514.7,500.0,10.616,3.9379795628036667,15.507683037059358,1.74107246939965,20.99045333425486,40.91422954,37.29030549,3.62392405
F27_y33.19_Vol514.7_Am550_rho10.493,27.0,33.19,514.7,550.0,10.493,3.9379795628036667,15.507683037059358,1.74107246939965,20.99045333425486,40.91422948,37.28114278,3.6330867
F27_y33.19_Vol514.7_Am550_rho10.534,27.0,33.19,514.7,550.0,10.534,3.9379795628036667,15.507683037059358,1.74107246939965,20.99045333425486,40.91422949,37.29743431,3.61679518
F27_y33.19_Vol514.7_Am550_rho10.575,27.0,33.19,514.7,550.0,10.575,3.9379795628036667,15.507683037059358,1.74107246939965,20.99045333425486,40.9142295,40.24451036,0.66971914
F27_y33.19_Vol514.7_Am550_rho10.616,27.0,33.19,514.7,550.0,10.616,3.9379795628036667,15.507683037059358,1.74107246939965,20.99045333425486,40.91422952,37.32978754,3.58444199
F27_y33.19_Vol573.5_Am450_rho10.493,27.0,33.19,573.5,450.0,10.493,4.156837859993505,17.279300994275385,1.56256320836966,18.83833710748209,39.80538411,36.0980369,3.70734721
F27_y33.19_Vol573.5_Am450_rho10.534,27.0,33.19,573.5,450.0,10.534,4.156837859993505,17.279300994275385,1.56256320836966,18.83833710748209,39.80538413,36.10702547,3.69835866
F27_y33.19_Vol573.5_Am450_rho10.575,27.0,33.19,573.5,450.0,10.575,4.156837859993505,17.279300994275385,1.56256320836966,18.83833710748209,39.80538414,36.11605479,3.68932935
F27_y33.19_Vol573.5_Am450_rho10.616,27.0,33.19,573.5,450.0,10.616,4.156837859993505,17.279300994275385,1.56256320836966,18.83833710748209,39.80538415,36.12496682,3.68041733
F27_y33.19_Vol573.5_Am500_rho10.493,27.0,33.19,573.5,500.0,10.493,4.156837859993505,17.279300994275385,1.56256320836966,18.83833710748209,39.8053841,36.11318609,3.69219801
F27_y33.19_Vol573.5_Am500_rho10.534,27.0,33.19,573.5,500.0,10.534,4.156837859993505,17.279300994275385,1.56256320836966,18.83833710748209,39.80538411,36.12220697,3.68317714
F27_y33.19_Vol573.5_Am500_rho10.575,27.0,33.19,573.5,500.0,10.575,4.156837859993505,17.279300994275385,1.56256320836966,18.83833710748209,39.80538412,36.13132249,3.67406163
F27_y33.19_Vol573.5_Am500_rho10.616,27.0,33.19,573.5,500.0,10.616,4.156837859993505,17.279300994275385,1.56256320836966,18.83833710748209,39.80538414,36.14050605,3.66487809
F27_y33.19_Vol573.5_Am550_rho10.493,27.0,33.19,573.5,550.0,10.493,4.156837859993505,17.279300994275385,1.56256320836966,18.83833710748209,39.80538409,36.13488156,3.67050253
F27_y33.19_Vol573.5_Am550_rho10.534,27.0,33.19,573.5,550.0,10.534,4.156837859993505,17.279300994275385,1.56256320836966,18.83833710748209,39.8053841,36.14394057,3.66144353
F27_y33.19_Vol573.5_Am550_rho10.575,27.0,33.19,573.5,550.0,10.575,4.156837859993505,17.279300994275385,1.56256320836966,18.83833710748209,39.80538412,36.15316309,3.65222102
F27_y33.19_Vol573.5_Am550_rho10.616,27.0,33.19,573.5,550.0,10.616,4.156837859993505,17.279300994275385,1.56256320836966,18.83833710748209,39.80538413,36.16247835,3.64290578
F27_y33.19_Vol632.3_Am450_rho10.493,27.0,33.19,632.3,450.0,10.493,4.364735839829417,19.05091895149141,1.4172544678159102,17.08648795056299,38.97296115,35.4596137,3.51334745
F27_y33.19_Vol632.3_Am450_rho10.534,27.0,33.19,632.3,450.0,10.534,4.364735839829417,19.05091895149141,1.4172544678159102,17.08648795056299,38.97296116,35.46723327,3.50572789
F27_y33.19_Vol632.3_Am450_rho10.575,27.0,33.19,632.3,450.0,10.575,4.364735839829417,19.05091895149141,1.4172544678159102,17.08648795056299,38.97296116,35.47481944,3.49814172
F27_y33.19_Vol632.3_Am450_rho10.616,27.0,33.19,632.3,450.0,10.616,4.364735839829417,19.05091895149141,1.4172544678159102,17.08648795056299,38.97296117,35.48228199,3.49067917
F27_y33.19_Vol632.3_Am500_rho10.493,27.0,33.19,632.3,500.0,10.493,4.364735839829417,19.05091895149141,1.4172544678159102,17.08648795056299,38.97296114,35.47480889,3.49815225
F27_y33.19_Vol632.3_Am500_rho10.534,27.0,33.19,632.3,500.0,10.534,4.364735839829417,19.05091895149141,1.4172544678159102,17.08648795056299,38.97296115,35.48219043,3.49077072
F27_y33.19_Vol632.3_Am500_rho10.575,27.0,33.19,632.3,500.0,10.575,4.364735839829417,19.05091895149141,1.4172544678159102,17.08648795056299,38.97296115,35.48939621,3.48356495
F27_y33.19_Vol632.3_Am500_rho10.616,27.0,33.19,632.3,500.0,10.616,4.364735839829417,19.05091895149141,1.4172544678159102,17.08648795056299,38.97296116,35.49666755,3.47629361
F27_y33.19_Vol632.3_Am550_rho10.493,27.0,33.19,632.3,550.0,10.493,4.364735839829417,19.05091895149141,1.4172544678159102,17.08648795056299,38.97296114,35.49128524,3.4816759
F27_y33.19_Vol632.3_Am550_rho10.534,27.0,33.19,632.3,550.0,10.534,4.364735839829417,19.05091895149141,1.4172544678159102,17.08648795056299,38.97296115,35.49863591,3.47432523
F27_y33.19_Vol632.3_Am550_rho10.575,27.0,33.19,632.3,550.0,10.575,4.364735839829417,19.05091895149141,1.4172544678159102,17.08648795056299,38.97296115,35.5057888,3.46717235
F27_y33.19_Vol632.3_Am550_rho10.616,27.0,33.19,632.3,550.0,10.616,4.364735839829417,19.05091895149141,1.4172544678159102,17.08648795056299,38.97296116,35.51296164,3.45999952
F27_y33.19_Vol691.2_Am450_rho10.493,27.0,33.19,691.2,450.0,10.493,4.563501929923663,20.825549864416995,1.296484375,15.63047790963683,38.32512527,34.96504142,3.36008385
F27_y33.19_Vol691.2_Am450_rho10.534,27.0,33.19,691.2,450.0,10.534,4.563501929923663,20.825549864416995,1.296484375,15.63047790963683,38.32512527,34.97333276,3.35179252
F27_y33.19_Vol691.2_Am450_rho10.575,27.0,33.19,691.2,450.0,10.575,4.563501929923663,20.825549864416995,1.296484375,15.63047790963683,38.32512528,34.98158017,3.34354511
F27_y33.19_Vol691.2_Am450_rho10.616,27.0,33.19,691.2,450.0,10.616,4.563501929923663,20.825549864416995,1.296484375,15.63047790963683,38.32512528,34.98971929,3.33540599
F27_y33.19_Vol691.2_Am500_rho10.493,27.0,33.19,691.2,500.0,10.493,4.563501929923663,20.825549864416995,1.296484375,15.63047790963683,38.32512527,34.98171024,3.34341503
F27_y33.19_Vol691.2_Am500_rho10.534,27.0,33.19,691.2,500.0,10.534,4.563501929923663,20.825549864416995,1.296484375,15.63047790963683,38.32512527,34.98993938,3.33518589
F27_y33.19_Vol691.2_Am500_rho10.575,27.0,33.19,691.2,500.0,10.575,4.563501929923663,20.825549864416995,1.296484375,15.63047790963683,38.32512528,34.99792347,3.3272018
F27_y33.19_Vol691.2_Am500_rho10.616,27.0,33.19,691.2,500.0,10.616,4.563501929923663,20.825549864416995,1.296484375,15.63047790963683,38.32512528,35.00596508,3.3191602
F27_y33.19_Vol691.2_Am550_rho10.493,27.0,33.19,691.2,550.0,10.493,4.563501929923663,20.825549864416995,1.296484375,15.63047790963683,38.32512526,34.9979956,3.32712966
F27_y33.19_Vol691.2_Am550_rho10.534,27.0,33.19,691.2,550.0,10.534,4.563501929923663,20.825549864416995,1.296484375,15.63047790963683,38.32512527,35.00619832,3.31892695
F27_y33.19_Vol691.2_Am550_rho10.575,27.0,33.19,691.2,550.0,10.575,4.563501929923663,20.825549864416995,1.296484375,15.63047790963683,38.32512527,35.01431349,3.31081178
F27_y33.19_Vol691.2_Am550_rho10.616,27.0,33.19,691.2,550.0,10.616,4.563501929923663,20.825549864416995,1.296484375,15.63047790963683,38.32512528,35.0221424,3.30298288
F27_y33.19_Vol738.0_Am450_rho10.493,27.0,33.19,738.0,450.0,10.493,4.715465314948981,22.235613136486894,1.214268292682927,14.639276871464741,37.90533296,34.67191391,3.23341905
F27_y33.19_Vol738.0_Am450_rho10.534,27.0,33.19,738.0,450.0,10.534,4.715465314948981,22.235613136486894,1.214268292682927,14.639276871464741,37.90533296,34.67829973,3.22703324
F27_y33.19_Vol738.0_Am450_rho10.575,27.0,33.19,738.0,450.0,10.575,4.715465314948981,22.235613136486894,1.214268292682927,14.639276871464741,37.90533297,34.68482099,3.22051198
F27_y33.19_Vol738.0_Am450_rho10.616,27.0,33.19,738.0,450.0,10.616,4.715465314948981,22.235613136486894,1.214268292682927,14.639276871464741,37.90533297,34.69144312,3.21388985
F27_y33.19_Vol738.0_Am500_rho10.493,27.0,33.19,738.0,500.0,10.493,4.715465314948981,22.235613136486894,1.214268292682927,14.639276871464741,37.90533296,34.68147546,3.2238575
F27_y33.19_Vol738.0_Am500_rho10.534,27.0,33.19,738.0,500.0,10.534,4.715465314948981,22.235613136486894,1.214268292682927,14.639276871464741,37.90533296,34.68827802,3.21705495
F27_y33.19_Vol738.0_Am500_rho10.575,27.0,33.19,738.0,500.0,10.575,4.715465314948981,22.235613136486894,1.214268292682927,14.639276871464741,37.90533297,34.69519426,3.21013871
F27_y33.19_Vol738.0_Am500_rho10.616,27.0,33.19,738.0,500.0,10.616,4.715465314948981,22.235613136486894,1.214268292682927,14.639276871464741,37.90533297,34.70211113,3.20322184
F27_y33.19_Vol738.0_Am550_rho10.493,27.0,33.19,738.0,550.0,10.493,4.715465314948981,22.235613136486894,1.214268292682927,14.639276871464741,37.90533296,34.69211755,3.21321541
F27_y33.19_Vol738.0_Am550_rho10.534,27.0,33.19,738.0,550.0,10.534,4.715465314948981,22.235613136486894,1.214268292682927,14.639276871464741,37.90533296,34.69921405,3.20611891
F27_y33.19_Vol738.0_Am550_rho10.575,27.0,33.19,738.0,550.0,10.575,4.715465314948981,22.235613136486894,1.214268292682927,14.639276871464741,37.90533296,34.7063214,3.19901157
F27_y33.19_Vol738.0_Am550_rho10.616,27.0,33.19,738.0,550.0,10.616,4.715465314948981,22.235613136486894,1.214268292682927,14.639276871464741,37.90533297,34.71344754,3.19188543
F27_y33.69_Vol421.6_Am450_rho10.493,27.0,33.69,421.6,450.0,10.493,3.537527263387584,12.51409913921045,2.157566413662239,26.011724335144407,44.56884728,42.22546149,2.34338579
F27_y33.69_Vol421.6_Am450_rho10.534,27.0,33.69,421.6,450.0,10.534,3.537527263387584,12.51409913921045,2.157566413662239,26.011724335144407,44.56884731,42.23741963,2.33142768
F27_y33.69_Vol421.6_Am450_rho10.575,27.0,33.69,421.6,450.0,10.575,3.537527263387584,12.51409913921045,2.157566413662239,26.011724335144407,44.56884734,42.24918065,2.31966669
F27_y33.69_Vol421.6_Am450_rho10.616,27.0,33.69,421.6,450.0,10.616,3.537527263387584,12.51409913921045,2.157566413662239,26.011724335144407,44.56884737,42.26085332,2.30799404
F27_y33.69_Vol421.6_Am500_rho10.493,27.0,33.69,421.6,500.0,10.493,3.537527263387584,12.51409913921045,2.157566413662239,26.011724335144407,44.56884724,42.26807111,2.30077613
F27_y33.69_Vol421.6_Am500_rho10.534,27.0,33.69,421.6,500.0,10.534,3.537527263387584,12.51409913921045,2.157566413662239,26.011724335144407,44.56884727,42.27967364,2.28917363
F27_y33.69_Vol421.6_Am500_rho10.575,27.0,33.69,421.6,500.0,10.575,3.537527263387584,12.51409913921045,2.157566413662239,26.011724335144407,44.5688473,42.29121809,2.27762921
F27_y33.69_Vol421.6_Am500_rho10.616,27.0,33.69,421.6,500.0,10.616,3.537527263387584,12.51409913921045,2.157566413662239,26.011724335144407,44.56884733,42.30255537,2.26629196
F27_y33.69_Vol421.6_Am550_rho10.493,27.0,33.69,421.6,550.0,10.493,3.537527263387584,12.51409913921045,2.157566413662239,26.011724335144407,44.56884721,42.3096493,2.25919791
F27_y33.69_Vol421.6_Am550_rho10.534,27.0,33.69,421.6,550.0,10.534,3.537527263387584,12.51409913921045,2.157566413662239,26.011724335144407,44.56884724,42.32096992,2.24787733
F27_y33.69_Vol421.6_Am550_rho10.575,27.0,33.69,421.6,550.0,10.575,3.537527263387584,12.51409913921045,2.157566413662239,26.011724335144407,44.56884727,42.3321489,2.23669837
F27_y33.69_Vol421.6_Am550_rho10.616,27.0,33.69,421.6,550.0,10.616,3.537527263387584,12.51409913921045,2.157566413662239,26.011724335144407,44.5688473,42.34326042,2.22558688
F27_y33.69_Vol455.9_Am450_rho10.493,27.0,33.69,455.9,450.0,10.493,3.6786146036512846,13.532205402196498,1.9952401842509322,24.054711515018386,43.3143536,40.55564203,2.75871157
F27_y33.69_Vol455.9_Am450_rho10.534,27.0,33.69,455.9,450.0,10.534,3.6786146036512846,13.532205402196498,1.9952401842509322,24.054711515018386,43.31435363,40.57226364,2.74208999
F27_y33.69_Vol455.9_Am450_rho10.575,27.0,33.69,455.9,450.0,10.575,3.6786146036512846,13.532205402196498,1.9952401842509322,24.054711515018386,43.31435367,40.58863895,2.72571472
F27_y33.69_Vol455.9_Am450_rho10.616,27.0,33.69,455.9,450.0,10.616,3.6786146036512846,13.532205402196498,1.9952401842509322,24.054711515018386,43.3143537,40.60485624,2.70949746
F27_y33.69_Vol455.9_Am500_rho10.493,27.0,33.69,455.9,500.0,10.493,3.6786146036512846,13.532205402196498,1.9952401842509322,24.054711515018386,43.31435356,40.60874323,2.70561033
F27_y33.69_Vol455.9_Am500_rho10.534,27.0,33.69,455.9,500.0,10.534,3.6786146036512846,13.532205402196498,1.9952401842509322,24.054711515018386,43.31435359,40.62491886,2.68943473
F27_y33.69_Vol455.9_Am500_rho10.575,27.0,33.69,455.9,500.0,10.575,3.6786146036512846,13.532205402196498,1.9952401842509322,24.054711515018386,43.31435362,40.64092066,2.67343296
F27_y33.69_Vol455.9_Am500_rho10.616,27.0,33.69,455.9,500.0,10.616,3.6786146036512846,13.532205402196498,1.9952401842509322,24.054711515018386,43.31435366,40.65672532,2.65762833
F27_y33.69_Vol455.9_Am550_rho10.493,27.0,33.69,455.9,550.0,10.493,3.6786146036512846,13.532205402196498,1.9952401842509322,24.054711515018386,43.31435353,40.66097116,2.65338237
F27_y33.69_Vol455.9_Am550_rho10.534,27.0,33.69,455.9,550.0,10.534,3.6786146036512846,13.532205402196498,1.9952401842509322,24.054711515018386,43.31435357,40.67682721,2.63752636
F27_y33.69_Vol455.9_Am550_rho10.575,27.0,33.69,455.9,550.0,10.575,3.6786146036512846,13.532205402196498,1.9952401842509322,24.054711515018386,43.3143536,40.69246045,2.62189315
F27_y33.69_Vol455.9_Am550_rho10.616,27.0,33.69,455.9,550.0,10.616,3.6786146036512846,13.532205402196498,1.9952401842509322,24.054711515018386,43.31435363,40.70794524,2.60640839
F27_y33.69_Vol514.7_Am450_rho10.493,27.0,33.69,514.7,450.0,10.493,3.908648158181841,15.277530424458298,1.7673013405867493,21.3066698653524,41.70458736,38.20302185,3.50156551
F27_y33.69_Vol514.7_Am450_rho10.534,27.0,33.69,514.7,450.0,10.534,3.908648158181841,15.277530424458298,1.7673013405867493,21.3066698653524,41.70458737,38.22181636,3.48277101
F27_y33.69_Vol514.7_Am450_rho10.575,27.0,33.69,514.7,450.0,10.575,3.908648158181841,15.277530424458298,1.7673013405867493,21.3066698653524,41.7045874,38.24054038,3.46404701
F27_y33.69_Vol514.7_Am450_rho10.616,27.0,33.69,514.7,450.0,10.616,3.908648158181841,15.277530424458298,1.7673013405867493,21.3066698653524,41.70458742,38.25914959,3.44543783
F27_y33.69_Vol514.7_Am500_rho10.493,27.0,33.69,514.7,500.0,10.493,3.908648158181841,15.277530424458298,1.7673013405867493,21.3066698653524,41.70458734,38.25274911,3.45183822
F27_y33.69_Vol514.7_Am500_rho10.534,27.0,33.69,514.7,500.0,10.534,3.908648158181841,15.277530424458298,1.7673013405867493,21.3066698653524,41.70458735,38.27144043,3.43314692
F27_y33.69_Vol514.7_Am500_rho10.575,27.0,33.69,514.7,500.0,10.575,3.908648158181841,15.277530424458298,1.7673013405867493,21.3066698653524,41.70458737,38.29012674,3.41446063
F27_y33.69_Vol514.7_Am500_rho10.616,27.0,33.69,514.7,500.0,10.616,3.908648158181841,15.277530424458298,1.7673013405867493,21.3066698653524,41.70458739,38.30861315,3.39597424
F27_y33.69_Vol514.7_Am550_rho10.493,27.0,33.69,514.7,550.0,10.493,3.908648158181841,15.277530424458298,1.7673013405867493,21.3066698653524,41.70458732,38.30504513,3.39954219
F27_y33.69_Vol514.7_Am550_rho10.534,27.0,33.69,514.7,550.0,10.534,3.908648158181841,15.277530424458298,1.7673013405867493,21.3066698653524,41.70458734,38.32360592,3.38098142
F27_y33.69_Vol514.7_Am550_rho10.575,27.0,33.69,514.7,550.0,10.575,3.908648158181841,15.277530424458298,1.7673013405867493,21.3066698653524,41.70458735,41.59649775,0.1080896
F27_y33.69_Vol514.7_Am550_rho10.616,27.0,33.69,514.7,550.0,10.616,3.908648158181841,15.277530424458298,1.7673013405867493,21.3066698653524,41.70458737,38.36067036,3.34391701
F27_y33.69_Vol573.5_Am450_rho10.493,27.0,33.69,573.5,450.0,10.493,4.125876324700014,17.022855446720097,1.5861028770706187,19.122132484214266,40.54777597,36.82428908,3.72348689
F27_y33.69_Vol573.5_Am450_rho10.534,27.0,33.69,573.5,450.0,10.534,4.125876324700014,17.022855446720097,1.5861028770706187,19.122132484214266,40.54777599,36.83571956,3.71205642
F27_y33.69_Vol573.5_Am450_rho10.575,27.0,33.69,573.5,450.0,10.575,4.125876324700014,17.022855446720097,1.5861028770706187,19.122132484214266,40.547776,36.84720347,3.70057254
F27_y33.69_Vol573.5_Am450_rho10.616,27.0,33.69,573.5,450.0,10.616,4.125876324700014,17.022855446720097,1.5861028770706187,19.122132484214266,40.54777602,36.85875202,3.689024
F27_y33.69_Vol573.5_Am500_rho10.493,27.0,33.69,573.5,500.0,10.493,4.125876324700014,17.022855446720097,1.5861028770706187,19.122132484214266,40.54777596,36.84939529,3.69838066
F27_y33.69_Vol573.5_Am500_rho10.534,27.0,33.69,573.5,500.0,10.534,4.125876324700014,17.022855446720097,1.5861028770706187,19.122132484214266,40.54777597,36.86123406,3.68654191
F27_y33.69_Vol573.5_Am500_rho10.575,27.0,33.69,573.5,500.0,10.575,4.125876324700014,17.022855446720097,1.5861028770706187,19.122132484214266,40.54777599,36.87300148,3.67477451
F27_y33.69_Vol573.5_Am500_rho10.616,27.0,33.69,573.5,500.0,10.616,4.125876324700014,17.022855446720097,1.5861028770706187,19.122132484214266,40.547776,36.88475746,3.66301854
F27_y33.69_Vol573.5_Am550_rho10.493,27.0,33.69,573.5,550.0,10.493,4.125876324700014,17.022855446720097,1.5861028770706187,19.122132484214266,40.54777594,36.8809085,3.66686744
F27_y33.69_Vol573.5_Am550_rho10.534,27.0,33.69,573.5,550.0,10.534,4.125876324700014,17.022855446720097,1.5861028770706187,19.122132484214266,40.54777596,36.89288291,3.65489305
F27_y33.69_Vol573.5_Am550_rho10.575,27.0,33.69,573.5,550.0,10.575,4.125876324700014,17.022855446720097,1.5861028770706187,19.122132484214266,40.54777597,36.90483395,3.64294202
F27_y33.69_Vol573.5_Am550_rho10.616,27.0,33.69,573.5,550.0,10.616,4.125876324700014,17.022855446720097,1.5861028770706187,19.122132484214266,40.54777599,36.91692436,3.63085163
F27_y33.69_Vol632.3_Am450_rho10.493,27.0,33.69,632.3,450.0,10.493,4.332225810017513,18.768180468981893,1.4386050925193739,17.343892107697112,39.68044642,36.1237198,3.55672661
F27_y33.69_Vol632.3_Am450_rho10.534,27.0,33.69,632.3,450.0,10.534,4.332225810017513,18.768180468981893,1.4386050925193739,17.343892107697112,39.68044642,36.1304591,3.54998732
F27_y33.69_Vol632.3_Am450_rho10.575,27.0,33.69,632.3,450.0,10.575,4.332225810017513,18.768180468981893,1.4386050925193739,17.343892107697112,39.68044643,36.13725969,3.54318674
F27_y33.69_Vol632.3_Am450_rho10.616,27.0,33.69,632.3,450.0,10.616,4.332225810017513,18.768180468981893,1.4386050925193739,17.343892107697112,39.68044644,36.14413736,3.53630908
F27_y33.69_Vol632.3_Am500_rho10.493,27.0,33.69,632.3,500.0,10.493,4.332225810017513,18.768180468981893,1.4386050925193739,17.343892107697112,39.68044641,36.13606276,3.54438365
F27_y33.69_Vol632.3_Am500_rho10.534,27.0,33.69,632.3,500.0,10.534,4.332225810017513,18.768180468981893,1.4386050925193739,17.343892107697112,39.68044642,36.14294913,3.53749729
F27_y33.69_Vol632.3_Am500_rho10.575,27.0,33.69,632.3,500.0,10.575,4.332225810017513,18.768180468981893,1.4386050925193739,17.343892107697112,39.68044642,36.14983054,3.53061588
F27_y33.69_Vol632.3_Am500_rho10.616,27.0,33.69,632.3,500.0,10.616,4.332225810017513,18.768180468981893,1.4386050925193739,17.343892107697112,39.68044643,36.15672014,3.52372629
F27_y33.69_Vol632.3_Am550_rho10.493,27.0,33.69,632.3,550.0,10.493,4.332225810017513,18.768180468981893,1.4386050925193739,17.343892107697112,39.6804464,36.15232947,3.52811693
F27_y33.69_Vol632.3_Am550_rho10.534,27.0,33.69,632.3,550.0,10.534,4.332225810017513,18.768180468981893,1.4386050925193739,17.343892107697112,39.68044641,36.15919858,3.52124784
F27_y33.69_Vol632.3_Am550_rho10.575,27.0,33.69,632.3,550.0,10.575,4.332225810017513,18.768180468981893,1.4386050925193739,17.343892107697112,39.68044642,36.16622681,3.51421961
F27_y33.69_Vol632.3_Am550_rho10.616,27.0,33.69,632.3,550.0,10.616,4.332225810017513,18.768180468981893,1.4386050925193739,17.343892107697112,39.68044643,36.1732172,3.50722922
F27_y33.69_Vol691.2_Am450_rho10.493,27.0,33.69,691.2,450.0,10.493,4.529511422998895,20.516473731077475,1.3160156249999997,15.865947597941089,39.00622139,35.64391139,3.36231
F27_y33.69_Vol691.2_Am450_rho10.534,27.0,33.69,691.2,450.0,10.534,4.529511422998895,20.516473731077475,1.3160156249999997,15.865947597941089,39.00622139,35.65111411,3.35510728
F27_y33.69_Vol691.2_Am450_rho10.575,27.0,33.69,691.2,450.0,10.575,4.529511422998895,20.516473731077475,1.3160156249999997,15.865947597941089,39.0062214,35.65826317,3.34795823
F27_y33.69_Vol691.2_Am450_rho10.616,27.0,33.69,691.2,450.0,10.616,4.529511422998895,20.516473731077475,1.3160156249999997,15.865947597941089,39.00622141,35.66528644,3.34093496
F27_y33.69_Vol691.2_Am500_rho10.493,27.0,33.69,691.2,500.0,10.493,4.529511422998895,20.516473731077475,1.3160156249999997,15.865947597941089,39.00622138,35.65864516,3.34757622
F27_y33.69_Vol691.2_Am500_rho10.534,27.0,33.69,691.2,500.0,10.534,4.529511422998895,20.516473731077475,1.3160156249999997,15.865947597941089,39.00622139,35.66552185,3.34069954
F27_y33.69_Vol691.2_Am500_rho10.575,27.0,33.69,691.2,500.0,10.575,4.529511422998895,20.516473731077475,1.3160156249999997,15.865947597941089,39.00622139,35.67247889,3.33374251
F27_y33.69_Vol691.2_Am500_rho10.616,27.0,33.69,691.2,500.0,10.616,4.529511422998895,20.516473731077475,1.3160156249999997,15.865947597941089,39.0062214,35.67919581,3.32702559
F27_y33.69_Vol691.2_Am550_rho10.493,27.0,33.69,691.2,550.0,10.493,4.529511422998895,20.516473731077475,1.3160156249999997,15.865947597941089,39.00622138,35.67295787,3.33326351
F27_y33.69_Vol691.2_Am550_rho10.534,27.0,33.69,691.2,550.0,10.534,4.529511422998895,20.516473731077475,1.3160156249999997,15.865947597941089,39.00622139,35.67972335,3.32649803
F27_y33.69_Vol691.2_Am550_rho10.575,27.0,33.69,691.2,550.0,10.575,4.529511422998895,20.516473731077475,1.3160156249999997,15.865947597941089,39.00622139,35.68642106,3.31980033
F27_y33.69_Vol691.2_Am550_rho10.616,27.0,33.69,691.2,550.0,10.616,4.529511422998895,20.516473731077475,1.3160156249999997,15.865947597941089,39.0062214,35.69297548,3.31324592
F27_y33.69_Vol738.0_Am450_rho10.493,27.0,33.69,738.0,450.0,10.493,4.680342933299422,21.90560997328584,1.2325609756097562,14.859814335632635,38.56972838,35.32069587,3.24903251
F27_y33.69_Vol738.0_Am450_rho10.534,27.0,33.69,738.0,450.0,10.534,4.680342933299422,21.90560997328584,1.2325609756097562,14.859814335632635,38.56972838,35.32835824,3.24137014
F27_y33.69_Vol738.0_Am450_rho10.575,27.0,33.69,738.0,450.0,10.575,4.680342933299422,21.90560997328584,1.2325609756097562,14.859814335632635,38.56972839,35.33593432,3.23379406
F27_y33.69_Vol738.0_Am450_rho10.616,27.0,33.69,738.0,450.0,10.616,4.680342933299422,21.90560997328584,1.2325609756097562,14.859814335632635,38.56972839,35.34356642,3.22616197
F27_y33.69_Vol738.0_Am500_rho10.493,27.0,33.69,738.0,500.0,10.493,4.680342933299422,21.90560997328584,1.2325609756097562,14.859814335632635,38.56972838,35.33671119,3.23301718
F27_y33.69_Vol738.0_Am500_rho10.534,27.0,33.69,738.0,500.0,10.534,4.680342933299422,21.90560997328584,1.2325609756097562,14.859814335632635,38.56972838,35.34436855,3.22535983
F27_y33.69_Vol738.0_Am500_rho10.575,27.0,33.69,738.0,500.0,10.575,4.680342933299422,21.90560997328584,1.2325609756097562,14.859814335632635,38.56972838,35.35183038,3.217898
F27_y33.69_Vol738.0_Am500_rho10.616,27.0,33.69,738.0,500.0,10.616,4.680342933299422,21.90560997328584,1.2325609756097562,14.859814335632635,38.56972839,35.35927025,3.21045814
F27_y33.69_Vol738.0_Am550_rho10.493,27.0,33.69,738.0,550.0,10.493,4.680342933299422,21.90560997328584,1.2325609756097562,14.859814335632635,38.56972837,35.35152659,3.21820179
F27_y33.69_Vol738.0_Am550_rho10.534,27.0,33.69,738.0,550.0,10.534,4.680342933299422,21.90560997328584,1.2325609756097562,14.859814335632635,38.56972838,35.35906071,3.21066767
F27_y33.69_Vol738.0_Am550_rho10.575,27.0,33.69,738.0,550.0,10.575,4.680342933299422,21.90560997328584,1.2325609756097562,14.859814335632635,38.56972838,35.3665519,3.20317649
F27_y33.69_Vol738.0_Am550_rho10.616,27.0,33.69,738.0,550.0,10.616,4.680342933299422,21.90560997328584,1.2325609756097562,14.859814335632635,38.56972839,35.37386121,3.19586717
F27_y34.19_Vol421.6_Am450_rho10.493,27.0,34.19,421.6,450.0,10.493,3.5115653151080175,12.331090962269672,2.1895872865275137,26.39776951672862,45.49191514,43.32300177,2.16891337
F27_y34.19_Vol421.6_Am450_rho10.534,27.0,34.19,421.6,450.0,10.534,3.5115653151080175,12.331090962269672,2.1895872865275137,26.39776951672862,45.49191518,43.33263542,2.15927976
F27_y34.19_Vol421.6_Am450_rho10.575,27.0,34.19,421.6,450.0,10.575,3.5115653151080175,12.331090962269672,2.1895872865275137,26.39776951672862,45.49191522,43.34224203,2.14967319
F27_y34.19_Vol421.6_Am450_rho10.616,27.0,34.19,421.6,450.0,10.616,3.5115653151080175,12.331090962269672,2.1895872865275137,26.39776951672862,45.49191525,43.35174485,2.1401704
F27_y34.19_Vol421.6_Am500_rho10.493,27.0,34.19,421.6,500.0,10.493,3.5115653151080175,12.331090962269672,2.1895872865275137,26.39776951672862,45.4919151,43.36032957,2.13158553
F27_y34.19_Vol421.6_Am500_rho10.534,27.0,34.19,421.6,500.0,10.534,3.5115653151080175,12.331090962269672,2.1895872865275137,26.39776951672862,45.49191514,43.36978509,2.12213005
F27_y34.19_Vol421.6_Am500_rho10.575,27.0,34.19,421.6,500.0,10.575,3.5115653151080175,12.331090962269672,2.1895872865275137,26.39776951672862,45.49191518,43.3790943,2.11282088
F27_y34.19_Vol421.6_Am500_rho10.616,27.0,34.19,421.6,500.0,10.616,3.5115653151080175,12.331090962269672,2.1895872865275137,26.39776951672862,45.49191521,43.38840956,2.10350565
F27_y34.19_Vol421.6_Am550_rho10.493,27.0,34.19,421.6,550.0,10.493,3.5115653151080175,12.331090962269672,2.1895872865275137,26.39776951672862,45.49191508,43.39569929,2.09621579
F27_y34.19_Vol421.6_Am550_rho10.534,27.0,34.19,421.6,550.0,10.534,3.5115653151080175,12.331090962269672,2.1895872865275137,26.39776951672862,45.49191512,43.40490557,2.08700955
F27_y34.19_Vol421.6_Am550_rho10.575,27.0,34.19,421.6,550.0,10.575,3.5115653151080175,12.331090962269672,2.1895872865275137,26.39776951672862,45.49191515,43.4139596,2.07795555
F27_y34.19_Vol421.6_Am550_rho10.616,27.0,34.19,421.6,550.0,10.616,3.5115653151080175,12.331090962269672,2.1895872865275137,26.39776951672862,45.49191519,43.42294418,2.06897101
F27_y34.19_Vol455.9_Am450_rho10.493,27.0,34.19,455.9,450.0,10.493,3.651617213957955,13.334308277274056,2.0248519412151786,24.411712279563034,44.1826687,41.70460137,2.47806733
F27_y34.19_Vol455.9_Am450_rho10.534,27.0,34.19,455.9,450.0,10.534,3.651617213957955,13.334308277274056,2.0248519412151786,24.411712279563034,44.18266873,41.71870207,2.46396667
F27_y34.19_Vol455.9_Am450_rho10.575,27.0,34.19,455.9,450.0,10.575,3.651617213957955,13.334308277274056,2.0248519412151786,24.411712279563034,44.18266877,41.73267921,2.44998957
F27_y34.19_Vol455.9_Am450_rho10.616,27.0,34.19,455.9,450.0,10.616,3.651617213957955,13.334308277274056,2.0248519412151786,24.411712279563034,44.18266881,41.74651224,2.43615657
F27_y34.19_Vol455.9_Am500_rho10.493,27.0,34.19,455.9,500.0,10.493,3.651617213957955,13.334308277274056,2.0248519412151786,24.411712279563034,44.18266865,41.75418394,2.42848471
F27_y34.19_Vol455.9_Am500_rho10.534,27.0,34.19,455.9,500.0,10.534,3.651617213957955,13.334308277274056,2.0248519412151786,24.411712279563034,44.18266869,41.76790963,2.41475906
F27_y34.19_Vol455.9_Am500_rho10.575,27.0,34.19,455.9,500.0,10.575,3.651617213957955,13.334308277274056,2.0248519412151786,24.411712279563034,44.18266873,41.78150798,2.40116074
F27_y34.19_Vol455.9_Am500_rho10.616,27.0,34.19,455.9,500.0,10.616,3.651617213957955,13.334308277274056,2.0248519412151786,24.411712279563034,44.18266876,41.79492114,2.38774762
F27_y34.19_Vol455.9_Am550_rho10.493,27.0,34.19,455.9,550.0,10.493,3.651617213957955,13.334308277274056,2.0248519412151786,24.411712279563034,44.18266862,41.80242933,2.38023929
F27_y34.19_Vol455.9_Am550_rho10.534,27.0,34.19,455.9,550.0,10.534,3.651617213957955,13.334308277274056,2.0248519412151786,24.411712279563034,44.18266866,41.81578709,2.36688157
F27_y34.19_Vol455.9_Am550_rho10.575,27.0,34.19,455.9,550.0,10.575,3.651617213957955,13.334308277274056,2.0248519412151786,24.411712279563034,44.1826687,41.82900246,2.35366624
F27_y34.19_Vol455.9_Am550_rho10.616,27.0,34.19,455.9,550.0,10.616,3.651617213957955,13.334308277274056,2.0248519412151786,24.411712279563034,44.18266874,41.84215494,2.3405138
F27_y34.19_Vol514.7_Am450_rho10.493,27.0,34.19,514.7,450.0,10.493,3.8799625499107786,15.05410938871015,1.7935302117738487,21.622886396449946,42.50243003,39.27352895,3.22890108
F27_y34.19_Vol514.7_Am450_rho10.534,27.0,34.19,514.7,450.0,10.534,3.8799625499107786,15.05410938871015,1.7935302117738487,21.622886396449946,42.50243005,39.29318432,3.20924573
F27_y34.19_Vol514.7_Am450_rho10.575,27.0,34.19,514.7,450.0,10.575,3.8799625499107786,15.05410938871015,1.7935302117738487,21.622886396449946,42.50243007,39.31255414,3.18987593
F27_y34.19_Vol514.7_Am450_rho10.616,27.0,34.19,514.7,450.0,10.616,3.8799625499107786,15.05410938871015,1.7935302117738487,21.622886396449946,42.5024301,39.33167987,3.17075022
F27_y34.19_Vol514.7_Am500_rho10.493,27.0,34.19,514.7,500.0,10.493,3.8799625499107786,15.05410938871015,1.7935302117738487,21.622886396449946,42.50243001,39.33171131,3.1707187
F27_y34.19_Vol514.7_Am500_rho10.534,27.0,34.19,514.7,500.0,10.534,3.8799625499107786,15.05410938871015,1.7935302117738487,21.622886396449946,42.50243002,39.35095852,3.1514715
F27_y34.19_Vol514.7_Am500_rho10.575,27.0,34.19,514.7,500.0,10.575,3.8799625499107786,15.05410938871015,1.7935302117738487,21.622886396449946,42.50243004,39.37001791,3.13241213
F27_y34.19_Vol514.7_Am500_rho10.616,27.0,34.19,514.7,500.0,10.616,3.8799625499107786,15.05410938871015,1.7935302117738487,21.622886396449946,42.50243006,39.38895805,3.11347201
F27_y34.19_Vol514.7_Am550_rho10.493,27.0,34.19,514.7,550.0,10.493,3.8799625499107786,15.05410938871015,1.7935302117738487,21.622886396449946,42.50242999,39.39101522,3.11141477
F27_y34.19_Vol514.7_Am550_rho10.534,27.0,34.19,514.7,550.0,10.534,3.8799625499107786,15.05410938871015,1.7935302117738487,21.622886396449946,42.50243001,39.41007577,3.09235424
F27_y34.19_Vol514.7_Am550_rho10.575,27.0,34.19,514.7,550.0,10.575,3.8799625499107786,15.05410938871015,1.7935302117738487,21.622886396449946,42.50243002,39.42886767,3.07356235
F27_y34.19_Vol514.7_Am550_rho10.616,27.0,34.19,514.7,550.0,10.616,3.8799625499107786,15.05410938871015,1.7935302117738487,21.622886396449946,42.50243004,39.44748825,3.0549418
F27_y34.19_Vol573.5_Am450_rho10.493,27.0,34.19,573.5,450.0,10.493,4.095596476723048,16.773910500146243,1.609642545771578,19.40592786094645,41.29612215,37.62587436,3.67024779
F27_y34.19_Vol573.5_Am450_rho10.534,27.0,34.19,573.5,450.0,10.534,4.095596476723048,16.773910500146243,1.609642545771578,19.40592786094645,41.29612217,37.64059264,3.65552953
F27_y34.19_Vol573.5_Am450_rho10.575,27.0,34.19,573.5,450.0,10.575,4.095596476723048,16.773910500146243,1.609642545771578,19.40592786094645,41.29612219,37.65530574,3.64081645
F27_y34.19_Vol573.5_Am450_rho10.616,27.0,34.19,573.5,450.0,10.616,4.095596476723048,16.773910500146243,1.609642545771578,19.40592786094645,41.29612221,37.67002437,3.62609784
F27_y34.19_Vol573.5_Am500_rho10.493,27.0,34.19,573.5,500.0,10.493,4.095596476723048,16.773910500146243,1.609642545771578,19.40592786094645,41.29612213,37.66334515,3.63277698
F27_y34.19_Vol573.5_Am500_rho10.534,27.0,34.19,573.5,500.0,10.534,4.095596476723048,16.773910500146243,1.609642545771578,19.40592786094645,41.29612215,37.67842381,3.61769834
F27_y34.19_Vol573.5_Am500_rho10.575,27.0,34.19,573.5,500.0,10.575,4.095596476723048,16.773910500146243,1.609642545771578,19.40592786094645,41.29612217,37.69338186,3.60274031
F27_y34.19_Vol573.5_Am500_rho10.616,27.0,34.19,573.5,500.0,10.616,4.095596476723048,16.773910500146243,1.609642545771578,19.40592786094645,41.29612219,37.70839663,3.58772556
F27_y34.19_Vol573.5_Am550_rho10.493,27.0,34.19,573.5,550.0,10.493,4.095596476723048,16.773910500146243,1.609642545771578,19.40592786094645,41.29612212,37.70621431,3.58990781
F27_y34.19_Vol573.5_Am550_rho10.534,27.0,34.19,573.5,550.0,10.534,4.095596476723048,16.773910500146243,1.609642545771578,19.40592786094645,41.29612214,37.72140148,3.57472065
F27_y34.19_Vol573.5_Am550_rho10.575,27.0,34.19,573.5,550.0,10.575,4.095596476723048,16.773910500146243,1.609642545771578,19.40592786094645,41.29612216,37.73648601,3.55963614
F27_y34.19_Vol573.5_Am550_rho10.616,27.0,34.19,573.5,550.0,10.616,4.095596476723048,16.773910500146243,1.609642545771578,19.40592786094645,41.29612217,37.75158589,3.54453628
F27_y34.19_Vol632.3_Am450_rho10.493,27.0,34.19,632.3,450.0,10.493,4.30043156108574,18.493711611582334,1.4599557172228372,17.601296264831234,40.39280121,36.77421566,3.61858555
F27_y34.19_Vol632.3_Am450_rho10.534,27.0,34.19,632.3,450.0,10.534,4.30043156108574,18.493711611582334,1.4599557172228372,17.601296264831234,40.39280122,36.78210946,3.61069176
F27_y34.19_Vol632.3_Am450_rho10.575,27.0,34.19,632.3,450.0,10.575,4.30043156108574,18.493711611582334,1.4599557172228372,17.601296264831234,40.39280123,36.7900014,3.60279983
F27_y34.19_Vol632.3_Am450_rho10.616,27.0,34.19,632.3,450.0,10.616,4.30043156108574,18.493711611582334,1.4599557172228372,17.601296264831234,40.39280124,36.79807218,3.59472906
F27_y34.19_Vol632.3_Am500_rho10.493,27.0,34.19,632.3,500.0,10.493,4.30043156108574,18.493711611582334,1.4599557172228372,17.601296264831234,40.3928012,36.79051792,3.60228329
F27_y34.19_Vol632.3_Am500_rho10.534,27.0,34.19,632.3,500.0,10.534,4.30043156108574,18.493711611582334,1.4599557172228372,17.601296264831234,40.39280121,36.79865059,3.59415062
F27_y34.19_Vol632.3_Am500_rho10.575,27.0,34.19,632.3,500.0,10.575,4.30043156108574,18.493711611582334,1.4599557172228372,17.601296264831234,40.39280122,36.80693928,3.58586195
F27_y34.19_Vol632.3_Am500_rho10.616,27.0,34.19,632.3,500.0,10.616,4.30043156108574,18.493711611582334,1.4599557172228372,17.601296264831234,40.39280123,36.81527033,3.5775309
F27_y34.19_Vol632.3_Am550_rho10.493,27.0,34.19,632.3,550.0,10.493,4.30043156108574,18.493711611582334,1.4599557172228372,17.601296264831234,40.3928012,36.81198683,3.58081437
F27_y34.19_Vol632.3_Am550_rho10.534,27.0,34.19,632.3,550.0,10.534,4.30043156108574,18.493711611582334,1.4599557172228372,17.601296264831234,40.39280121,36.82044621,3.572355
F27_y34.19_Vol632.3_Am550_rho10.575,27.0,34.19,632.3,550.0,10.575,4.30043156108574,18.493711611582334,1.4599557172228372,17.601296264831234,40.39280122,36.82891195,3.56388926
F27_y34.19_Vol632.3_Am550_rho10.616,27.0,34.19,632.3,550.0,10.616,4.30043156108574,18.493711611582334,1.4599557172228372,17.601296264831234,40.39280122,36.83750935,3.55529187
F27_y34.19_Vol691.2_Am450_rho10.493,27.0,34.19,691.2,450.0,10.493,4.496269292962845,20.2164375548406,1.335546875,16.101417286245354,39.69140116,36.28534072,3.40606044
F27_y34.19_Vol691.2_Am450_rho10.534,27.0,34.19,691.2,450.0,10.534,4.496269292962845,20.2164375548406,1.335546875,16.101417286245354,39.69140117,36.29139784,3.40000333
F27_y34.19_Vol691.2_Am450_rho10.575,27.0,34.19,691.2,450.0,10.575,4.496269292962845,20.2164375548406,1.335546875,16.101417286245354,39.69140117,36.29741442,3.39398676
F27_y34.19_Vol691.2_Am450_rho10.616,27.0,34.19,691.2,450.0,10.616,4.496269292962845,20.2164375548406,1.335546875,16.101417286245354,39.69140118,36.64535316,3.04604802
F27_y34.19_Vol691.2_Am500_rho10.493,27.0,34.19,691.2,500.0,10.493,4.496269292962845,20.2164375548406,1.335546875,16.101417286245354,39.69140115,36.29665736,3.39474379
F27_y34.19_Vol691.2_Am500_rho10.534,27.0,34.19,691.2,500.0,10.534,4.496269292962845,20.2164375548406,1.335546875,16.101417286245354,39.69140116,36.30257962,3.38882154
F27_y34.19_Vol691.2_Am500_rho10.575,27.0,34.19,691.2,500.0,10.575,4.496269292962845,20.2164375548406,1.335546875,16.101417286245354,39.69140117,36.30856849,3.38283268
F27_y34.19_Vol691.2_Am500_rho10.616,27.0,34.19,691.2,500.0,10.616,4.496269292962845,20.2164375548406,1.335546875,16.101417286245354,39.69140118,36.31450094,3.37690024
F27_y34.19_Vol691.2_Am550_rho10.493,27.0,34.19,691.2,550.0,10.493,4.496269292962845,20.2164375548406,1.335546875,16.101417286245354,39.69140115,36.30922274,3.3821784
F27_y34.19_Vol691.2_Am550_rho10.534,27.0,34.19,691.2,550.0,10.534,4.496269292962845,20.2164375548406,1.335546875,16.101417286245354,39.69140116,36.31516373,3.37623742
F27_y34.19_Vol691.2_Am550_rho10.575,27.0,34.19,691.2,550.0,10.575,4.496269292962845,20.2164375548406,1.335546875,16.101417286245354,39.69140116,36.32110989,3.37029127
F27_y34.19_Vol691.2_Am550_rho10.616,27.0,34.19,691.2,550.0,10.616,4.496269292962845,20.2164375548406,1.335546875,16.101417286245354,39.69140117,36.32707522,3.36432595
F27_y34.19_Vol738.0_Am450_rho10.493,27.0,34.19,738.0,450.0,10.493,4.6459938492873905,21.585258847616263,1.2508536585365853,15.080351799800525,39.2377272,35.96974959,3.26797761
F27_y34.19_Vol738.0_Am450_rho10.534,27.0,34.19,738.0,450.0,10.534,4.6459938492873905,21.585258847616263,1.2508536585365853,15.080351799800525,39.23772721,35.97667723,3.26104998
F27_y34.19_Vol738.0_Am450_rho10.575,27.0,34.19,738.0,450.0,10.575,4.6459938492873905,21.585258847616263,1.2508536585365853,15.080351799800525,39.23772721,35.98339101,3.2543362
F27_y34.19_Vol738.0_Am450_rho10.616,27.0,34.19,738.0,450.0,10.616,4.6459938492873905,21.585258847616263,1.2508536585365853,15.080351799800525,39.23772722,35.99011323,3.24761399
F27_y34.19_Vol738.0_Am500_rho10.493,27.0,34.19,738.0,500.0,10.493,4.6459938492873905,21.585258847616263,1.2508536585365853,15.080351799800525,39.2377272,35.98436081,3.25336639
F27_y34.19_Vol738.0_Am500_rho10.534,27.0,34.19,738.0,500.0,10.534,4.6459938492873905,21.585258847616263,1.2508536585365853,15.080351799800525,39.2377272,37.54265223,1.69507498
F27_y34.19_Vol738.0_Am500_rho10.575,27.0,34.19,738.0,500.0,10.575,4.6459938492873905,21.585258847616263,1.2508536585365853,15.080351799800525,39.23772721,35.9975462,3.24018101
F27_y34.19_Vol738.0_Am500_rho10.616,27.0,34.19,738.0,500.0,10.616,4.6459938492873905,21.585258847616263,1.2508536585365853,15.080351799800525,39.23772721,36.00399005,3.23373716
F27_y34.19_Vol738.0_Am550_rho10.493,27.0,34.19,738.0,550.0,10.493,4.6459938492873905,21.585258847616263,1.2508536585365853,15.080351799800525,39.2377272,35.99768139,3.2400458
F27_y34.19_Vol738.0_Am550_rho10.534,27.0,34.19,738.0,550.0,10.534,4.6459938492873905,21.585258847616263,1.2508536585365853,15.080351799800525,39.2377272,36.00415288,3.23357432
F27_y34.19_Vol738.0_Am550_rho10.575,27.0,34.19,738.0,550.0,10.575,4.6459938492873905,21.585258847616263,1.2508536585365853,15.080351799800525,39.23772721,36.01049523,3.22723198
F27_y34.19_Vol738.0_Am550_rho10.616,27.0,34.19,738.0,550.0,10.616,4.6459938492873905,21.585258847616263,1.2508536585365853,15.080351799800525,39.23772721,36.01675924,3.22096797
F27_y34.97_Vol421.6_Am450_rho10.493,27.0,34.97,421.6,450.0,10.493,3.4721820288081315,12.056048041178153,2.239539848197343,26.999999999999996,46.95388169,44.93132795,2.02255374
F27_y34.97_Vol421.6_Am450_rho10.534,27.0,34.97,421.6,450.0,10.534,3.4721820288081315,12.056048041178153,2.239539848197343,26.999999999999996,46.95388175,44.93843624,2.01544551
F27_y34.97_Vol421.6_Am450_rho10.575,27.0,34.97,421.6,450.0,10.575,3.4721820288081315,12.056048041178153,2.239539848197343,26.999999999999996,46.95388181,44.94540608,2.00847573
F27_y34.97_Vol421.6_Am450_rho10.616,27.0,34.97,421.6,450.0,10.616,3.4721820288081315,12.056048041178153,2.239539848197343,26.999999999999996,46.95388187,44.95228128,2.00160059
F27_y34.97_Vol421.6_Am500_rho10.493,27.0,34.97,421.6,500.0,10.493,3.4721820288081315,12.056048041178153,2.239539848197343,26.999999999999996,46.95388165,44.95908501,1.99479664
F27_y34.97_Vol421.6_Am500_rho10.534,27.0,34.97,421.6,500.0,10.534,3.4721820288081315,12.056048041178153,2.239539848197343,26.999999999999996,46.95388169,44.96577617,1.98810552
F27_y34.97_Vol421.6_Am500_rho10.575,27.0,34.97,421.6,500.0,10.575,3.4721820288081315,12.056048041178153,2.239539848197343,26.999999999999996,46.95388175,44.97234145,1.9815403
F27_y34.97_Vol421.6_Am500_rho10.616,27.0,34.97,421.6,500.0,10.616,3.4721820288081315,12.056048041178153,2.239539848197343,26.999999999999996,46.95388181,44.97878168,1.97510013
F27_y34.97_Vol421.6_Am550_rho10.493,27.0,34.97,421.6,550.0,10.493,3.4721820288081315,12.056048041178153,2.239539848197343,26.999999999999996,46.95388164,44.98251214,1.9713695
F27_y34.97_Vol421.6_Am550_rho10.534,27.0,34.97,421.6,550.0,10.534,3.4721820288081315,12.056048041178153,2.239539848197343,26.999999999999996,46.95388167,44.9887459,1.96513577
F27_y34.97_Vol421.6_Am550_rho10.575,27.0,34.97,421.6,550.0,10.575,3.4721820288081315,12.056048041178153,2.239539848197343,26.999999999999996,46.95388172,44.99483654,1.95904518
F27_y34.97_Vol421.6_Am550_rho10.616,27.0,34.97,421.6,550.0,10.616,3.4721820288081315,12.056048041178153,2.239539848197343,26.999999999999996,46.95388178,45.00080137,1.95308041
F27_y34.97_Vol455.9_Am450_rho10.493,27.0,34.97,455.9,450.0,10.493,3.610663202487297,13.036888761795824,2.0710462820794033,24.968633472252687,45.55662797,43.37681885,2.17980912
F27_y34.97_Vol455.9_Am450_rho10.534,27.0,34.97,455.9,450.0,10.534,3.610663202487297,13.036888761795824,2.0710462820794033,24.968633472252687,45.55662801,43.38744243,2.16918558
F27_y34.97_Vol455.9_Am450_rho10.575,27.0,34.97,455.9,450.0,10.575,3.610663202487297,13.036888761795824,2.0710462820794033,24.968633472252687,45.55662805,43.39794103,2.15868701
F27_y34.97_Vol455.9_Am450_rho10.616,27.0,34.97,455.9,450.0,10.616,3.610663202487297,13.036888761795824,2.0710462820794033,24.968633472252687,45.55662808,43.40832829,2.14829979
F27_y34.97_Vol455.9_Am500_rho10.493,27.0,34.97,455.9,500.0,10.493,3.610663202487297,13.036888761795824,2.0710462820794033,24.968633472252687,45.55662793,43.4170862,2.13954173
F27_y34.97_Vol455.9_Am500_rho10.534,27.0,34.97,455.9,500.0,10.534,3.610663202487297,13.036888761795824,2.0710462820794033,24.968633472252687,45.55662797,43.42738993,2.12923804
F27_y34.97_Vol455.9_Am500_rho10.575,27.0,34.97,455.9,500.0,10.575,3.610663202487297,13.036888761795824,2.0710462820794033,24.968633472252687,45.556628,43.43757463,2.11905337
F27_y34.97_Vol455.9_Am500_rho10.616,27.0,34.97,455.9,500.0,10.616,3.610663202487297,13.036888761795824,2.0710462820794033,24.968633472252687,45.55662804,43.44757928,2.10904876
F27_y34.97_Vol455.9_Am550_rho10.493,27.0,34.97,455.9,550.0,10.493,3.610663202487297,13.036888761795824,2.0710462820794033,24.968633472252687,45.55662791,43.45479497,2.10183293
F27_y34.97_Vol455.9_Am550_rho10.534,27.0,34.97,455.9,550.0,10.534,3.610663202487297,13.036888761795824,2.0710462820794033,24.968633472252687,45.55662794,43.46470466,2.09192328
F27_y34.97_Vol455.9_Am550_rho10.575,27.0,34.97,455.9,550.0,10.575,3.610663202487297,13.036888761795824,2.0710462820794033,24.968633472252687,45.55662798,43.47448798,2.08214
F27_y34.97_Vol455.9_Am550_rho10.616,27.0,34.97,455.9,550.0,10.616,3.610663202487297,13.036888761795824,2.0710462820794033,24.968633472252687,45.55662802,43.48414045,2.07248757
F27_y34.97_Vol514.7_Am450_rho10.493,27.0,34.97,514.7,450.0,10.493,3.8364475751846796,14.718329997140408,1.8344472508257235,22.116184184962112,43.76226907,40.98367438,2.77859469
F27_y34.97_Vol514.7_Am450_rho10.534,27.0,34.97,514.7,450.0,10.534,3.8364475751846796,14.718329997140408,1.8344472508257235,22.116184184962112,43.7622691,41.00114366,2.76112543
F27_y34.97_Vol514.7_Am450_rho10.575,27.0,34.97,514.7,450.0,10.575,3.8364475751846796,14.718329997140408,1.8344472508257235,22.116184184962112,43.76226912,41.01846726,2.74380186
F27_y34.97_Vol514.7_Am450_rho10.616,27.0,34.97,514.7,450.0,10.616,3.8364475751846796,14.718329997140408,1.8344472508257235,22.116184184962112,43.76226915,41.03557799,2.72669116
F27_y34.97_Vol514.7_Am500_rho10.493,27.0,34.97,514.7,500.0,10.493,3.8364475751846796,14.718329997140408,1.8344472508257235,22.116184184962112,43.76226903,41.04310059,2.71916844
F27_y34.97_Vol514.7_Am500_rho10.534,27.0,34.97,514.7,500.0,10.534,3.8364475751846796,14.718329997140408,1.8344472508257235,22.116184184962112,43.76226906,41.06013998,2.70212908
F27_y34.97_Vol514.7_Am500_rho10.575,27.0,34.97,514.7,500.0,10.575,3.8364475751846796,14.718329997140408,1.8344472508257235,22.116184184962112,43.76226909,41.0770761,2.68519299
F27_y34.97_Vol514.7_Am500_rho10.616,27.0,34.97,514.7,500.0,10.616,3.8364475751846796,14.718329997140408,1.8344472508257235,22.116184184962112,43.76226911,41.09379334,2.66847577
F27_y34.97_Vol514.7_Am550_rho10.493,27.0,34.97,514.7,550.0,10.493,3.8364475751846796,14.718329997140408,1.8344472508257235,22.116184184962112,43.76226901,41.10272665,2.65954236
F27_y34.97_Vol514.7_Am550_rho10.534,27.0,34.97,514.7,550.0,10.534,3.8364475751846796,14.718329997140408,1.8344472508257235,22.116184184962112,43.76226904,41.11946596,2.64280308
F27_y34.97_Vol514.7_Am550_rho10.575,27.0,34.97,514.7,550.0,10.575,3.8364475751846796,14.718329997140408,1.8344472508257235,22.116184184962112,43.76226907,41.13600731,2.62626175
F27_y34.97_Vol514.7_Am550_rho10.616,27.0,34.97,514.7,550.0,10.616,3.8364475751846796,14.718329997140408,1.8344472508257235,22.116184184962112,43.76226909,41.15245283,2.60981627
F27_y34.97_Vol573.5_Am450_rho10.493,27.0,34.97,573.5,450.0,10.493,4.049663101109151,16.399771232484987,1.646364428945074,19.84864864864865,42.47565826,39.05637403,3.41928423
F27_y34.97_Vol573.5_Am450_rho10.534,27.0,34.97,573.5,450.0,10.534,4.049663101109151,16.399771232484987,1.646364428945074,19.84864864864865,42.47565827,39.07485497,3.40080331
F27_y34.97_Vol573.5_Am450_rho10.575,27.0,34.97,573.5,450.0,10.575,4.049663101109151,16.399771232484987,1.646364428945074,19.84864864864865,42.47565829,39.09331926,3.38233903
F27_y34.97_Vol573.5_Am450_rho10.616,27.0,34.97,573.5,450.0,10.616,4.049663101109151,16.399771232484987,1.646364428945074,19.84864864864865,42.47565831,39.11161763,3.36404068
F27_y34.97_Vol573.5_Am500_rho10.493,27.0,34.97,573.5,500.0,10.493,4.049663101109151,16.399771232484987,1.646364428945074,19.84864864864865,42.47565823,39.11013905,3.36551918
F27_y34.97_Vol573.5_Am500_rho10.534,27.0,34.97,573.5,500.0,10.534,4.049663101109151,16.399771232484987,1.646364428945074,19.84864864864865,42.47565825,39.12865292,3.34700533
F27_y34.97_Vol573.5_Am500_rho10.575,27.0,34.97,573.5,500.0,10.575,4.049663101109151,16.399771232484987,1.646364428945074,19.84864864864865,42.47565827,39.14702781,3.32863046
F27_y34.97_Vol573.5_Am500_rho10.616,27.0,34.97,573.5,500.0,10.616,4.049663101109151,16.399771232484987,1.646364428945074,19.84864864864865,42.47565828,39.165253,3.31040528
F27_y34.97_Vol573.5_Am550_rho10.493,27.0,34.97,573.5,550.0,10.493,4.049663101109151,16.399771232484987,1.646364428945074,19.84864864864865,42.47565822,39.16724426,3.30841396
F27_y34.97_Vol573.5_Am550_rho10.534,27.0,34.97,573.5,550.0,10.534,4.049663101109151,16.399771232484987,1.646364428945074,19.84864864864865,42.47565824,39.18563781,3.29002042
F27_y34.97_Vol573.5_Am550_rho10.575,27.0,34.97,573.5,550.0,10.575,4.049663101109151,16.399771232484987,1.646364428945074,19.84864864864865,42.47565826,39.20390931,3.27174894
F27_y34.97_Vol573.5_Am550_rho10.616,27.0,34.97,573.5,550.0,10.616,4.049663101109151,16.399771232484987,1.646364428945074,19.84864864864865,42.47565827,39.22215643,3.25350185
F27_y34.97_Vol632.3_Am450_rho10.493,27.0,34.97,632.3,450.0,10.493,4.252200896927327,18.081212467829566,1.4932626917602405,18.002846749960465,41.51397429,37.86805521,3.64591908
F27_y34.97_Vol632.3_Am450_rho10.534,27.0,34.97,632.3,450.0,10.534,4.252200896927327,18.081212467829566,1.4932626917602405,18.002846749960465,41.51397431,37.88024327,3.63373104
F27_y34.97_Vol632.3_Am450_rho10.575,27.0,34.97,632.3,450.0,10.575,4.252200896927327,18.081212467829566,1.4932626917602405,18.002846749960465,41.51397432,37.89238479,3.62158954
F27_y34.97_Vol632.3_Am450_rho10.616,27.0,34.97,632.3,450.0,10.616,4.252200896927327,18.081212467829566,1.4932626917602405,18.002846749960465,41.51397434,37.90457421,3.60940013
F27_y34.97_Vol632.3_Am500_rho10.493,27.0,34.97,632.3,500.0,10.493,4.252200896927327,18.081212467829566,1.4932626917602405,18.002846749960465,41.51397427,37.89947171,3.61450257
F27_y34.97_Vol632.3_Am500_rho10.534,27.0,34.97,632.3,500.0,10.534,4.252200896927327,18.081212467829566,1.4932626917602405,18.002846749960465,41.51397429,37.91184599,3.6021283
F27_y34.97_Vol632.3_Am500_rho10.575,27.0,34.97,632.3,500.0,10.575,4.252200896927327,18.081212467829566,1.4932626917602405,18.002846749960465,41.51397431,37.92428051,3.5896938
F27_y34.97_Vol632.3_Am500_rho10.616,27.0,34.97,632.3,500.0,10.616,4.252200896927327,18.081212467829566,1.4932626917602405,18.002846749960465,41.51397432,37.93674173,3.5772326
F27_y34.97_Vol632.3_Am550_rho10.493,27.0,34.97,632.3,550.0,10.493,4.252200896927327,18.081212467829566,1.4932626917602405,18.002846749960465,41.51397427,37.93533239,3.57864188
F27_y34.97_Vol632.3_Am550_rho10.534,27.0,34.97,632.3,550.0,10.534,4.252200896927327,18.081212467829566,1.4932626917602405,18.002846749960465,41.51397428,37.94790294,3.56607134
F27_y34.97_Vol632.3_Am550_rho10.575,27.0,34.97,632.3,550.0,10.575,4.252200896927327,18.081212467829566,1.4932626917602405,18.002846749960465,41.5139743,37.96043401,3.55354029
F27_y34.97_Vol632.3_Am550_rho10.616,27.0,34.97,632.3,550.0,10.616,4.252200896927327,18.081212467829566,1.4932626917602405,18.002846749960465,41.51397431,37.97305427,3.54092004
F27_y34.97_Vol691.2_Am450_rho10.493,27.0,34.97,691.2,450.0,10.493,4.445842248338532,19.765513297111813,1.3660156249999997,16.468749999999996,40.7685723,37.24756606,3.52100625
F27_y34.97_Vol691.2_Am450_rho10.534,27.0,34.97,691.2,450.0,10.534,4.445842248338532,19.765513297111813,1.3660156249999997,16.468749999999996,40.76857231,37.2544294,3.51414291
F27_y34.97_Vol691.2_Am450_rho10.575,27.0,34.97,691.2,450.0,10.575,4.445842248338532,19.765513297111813,1.3660156249999997,16.468749999999996,40.76857232,37.26116973,3.50740259
F27_y34.97_Vol691.2_Am450_rho10.616,27.0,34.97,691.2,450.0,10.616,4.445842248338532,19.765513297111813,1.3660156249999997,16.468749999999996,40.76857233,38.39025861,2.37831371
F27_y34.97_Vol691.2_Am500_rho10.493,27.0,34.97,691.2,500.0,10.493,4.445842248338532,19.765513297111813,1.3660156249999997,16.468749999999996,40.7685723,37.26158626,3.50698604
F27_y34.97_Vol691.2_Am500_rho10.534,27.0,34.97,691.2,500.0,10.534,4.445842248338532,19.765513297111813,1.3660156249999997,16.468749999999996,40.7685723,37.26852767,3.50004464
F27_y34.97_Vol691.2_Am500_rho10.575,27.0,34.97,691.2,500.0,10.575,4.445842248338532,19.765513297111813,1.3660156249999997,16.468749999999996,40.76857231,37.27561331,3.492959
F27_y34.97_Vol691.2_Am500_rho10.616,27.0,34.97,691.2,500.0,10.616,4.445842248338532,19.765513297111813,1.3660156249999997,16.468749999999996,40.76857232,37.28281963,3.48575269
F27_y34.97_Vol691.2_Am550_rho10.493,27.0,34.97,691.2,550.0,10.493,4.445842248338532,19.765513297111813,1.3660156249999997,16.468749999999996,40.76857229,37.27901436,3.48955794
F27_y34.97_Vol691.2_Am550_rho10.534,27.0,34.97,691.2,550.0,10.534,4.445842248338532,19.765513297111813,1.3660156249999997,16.468749999999996,40.7685723,37.28623128,3.48234102
F27_y34.97_Vol691.2_Am550_rho10.575,27.0,34.97,691.2,550.0,10.575,4.445842248338532,19.765513297111813,1.3660156249999997,16.468749999999996,40.76857231,37.29356518,3.47500713
F27_y34.97_Vol691.2_Am550_rho10.616,27.0,34.97,691.2,550.0,10.616,4.445842248338532,19.765513297111813,1.3660156249999997,16.468749999999996,40.76857231,37.30084381,3.46772851
F27_y34.97_Vol738.0_Am450_rho10.493,27.0,34.97,738.0,450.0,10.493,4.593887597660296,21.103803259937088,1.2793902439024392,15.42439024390244,40.28711425,36.93144052,3.35567373
F27_y34.97_Vol738.0_Am450_rho10.534,27.0,34.97,738.0,450.0,10.534,4.593887597660296,21.103803259937088,1.2793902439024392,15.42439024390244,40.28711426,36.93708715,3.35002711
F27_y34.97_Vol738.0_Am450_rho10.575,27.0,34.97,738.0,450.0,10.575,4.593887597660296,21.103803259937088,1.2793902439024392,15.42439024390244,40.28711426,36.94261304,3.34450122
F27_y34.97_Vol738.0_Am450_rho10.616,27.0,34.97,738.0,450.0,10.616,4.593887597660296,21.103803259937088,1.2793902439024392,15.42439024390244,40.28711427,36.94810046,3.33901381
F27_y34.97_Vol738.0_Am500_rho10.493,27.0,34.97,738.0,500.0,10.493,4.593887597660296,21.103803259937088,1.2793902439024392,15.42439024390244,40.28711425,36.94174193,3.34537232
F27_y34.97_Vol738.0_Am500_rho10.534,27.0,34.97,738.0,500.0,10.534,4.593887597660296,21.103803259937088,1.2793902439024392,15.42439024390244,40.28711425,36.94731626,3.339798
F27_y34.97_Vol738.0_Am500_rho10.575,27.0,34.97,738.0,500.0,10.575,4.593887597660296,21.103803259937088,1.2793902439024392,15.42439024390244,40.28711426,36.95287809,3.33423617
F27_y34.97_Vol738.0_Am500_rho10.616,27.0,34.97,738.0,500.0,10.616,4.593887597660296,21.103803259937088,1.2793902439024392,15.42439024390244,40.28711426,36.95844163,3.32867264
F27_y34.97_Vol738.0_Am550_rho10.493,27.0,34.97,738.0,550.0,10.493,4.593887597660296,21.103803259937088,1.2793902439024392,15.42439024390244,40.28711425,36.9529727,3.33414155
F27_y34.97_Vol738.0_Am550_rho10.534,27.0,34.97,738.0,550.0,10.534,4.593887597660296,21.103803259937088,1.2793902439024392,15.42439024390244,40.28711425,36.95862374,3.32849052
F27_y34.97_Vol738.0_Am550_rho10.575,27.0,34.97,738.0,550.0,10.575,4.593887597660296,21.103803259937088,1.2793902439024392,15.42439024390244,40.28711426,36.96417414,3.32294012
F27_y34.97_Vol738.0_Am550_rho10.616,27.0,34.97,738.0,550.0,10.616,4.593887597660296,21.103803259937088,1.2793902439024392,15.42439024390244,40.28711426,36.96977991,3.31733435
F30_y32.69_Vol421.6_Am450_rho10.493,30.0,32.69,421.6,450.0,10.493,3.591226861414324,12.896910370143777,2.3261385199240983,28.044037746639972,44.59694673,42.04831473,2.54863201
F30_y32.69_Vol421.6_Am450_rho10.534,30.0,32.69,421.6,450.0,10.534,3.591226861414324,12.896910370143777,2.3261385199240983,28.044037746639972,44.59694677,42.06257563,2.53437113
F30_y32.69_Vol421.6_Am450_rho10.575,30.0,32.69,421.6,450.0,10.575,3.591226861414324,12.896910370143777,2.3261385199240983,28.044037746639972,44.5969468,42.07673669,2.52021011
F30_y32.69_Vol421.6_Am450_rho10.616,30.0,32.69,421.6,450.0,10.616,3.591226861414324,12.896910370143777,2.3261385199240983,28.044037746639972,44.59694683,42.09071965,2.50622719
F30_y32.69_Vol421.6_Am500_rho10.493,30.0,32.69,421.6,500.0,10.493,3.591226861414324,12.896910370143777,2.3261385199240983,28.044037746639972,44.59694669,42.10060921,2.49633748
F30_y32.69_Vol421.6_Am500_rho10.534,30.0,32.69,421.6,500.0,10.534,3.591226861414324,12.896910370143777,2.3261385199240983,28.044037746639972,44.59694672,42.11487859,2.48206813
F30_y32.69_Vol421.6_Am500_rho10.575,30.0,32.69,421.6,500.0,10.575,3.591226861414324,12.896910370143777,2.3261385199240983,28.044037746639972,44.59694675,42.12895358,2.46799317
F30_y32.69_Vol421.6_Am500_rho10.616,30.0,32.69,421.6,500.0,10.616,3.591226861414324,12.896910370143777,2.3261385199240983,28.044037746639972,44.59694679,42.14282195,2.45412483
F30_y32.69_Vol421.6_Am550_rho10.493,30.0,32.69,421.6,550.0,10.493,3.591226861414324,12.896910370143777,2.3261385199240983,28.044037746639972,44.59694666,42.15453979,2.44240686
F30_y32.69_Vol421.6_Am550_rho10.534,30.0,32.69,421.6,550.0,10.534,3.591226861414324,12.896910370143777,2.3261385199240983,28.044037746639972,44.59694669,42.16863452,2.42831217
F30_y32.69_Vol421.6_Am550_rho10.575,30.0,32.69,421.6,550.0,10.575,3.591226861414324,12.896910370143777,2.3261385199240983,28.044037746639972,44.59694673,42.18260575,2.41434097
F30_y32.69_Vol421.6_Am550_rho10.616,30.0,32.69,421.6,550.0,10.616,3.591226861414324,12.896910370143777,2.3261385199240983,28.044037746639972,44.59694676,42.19647074,2.40047602
F30_y32.69_Vol455.9_Am450_rho10.493,30.0,32.69,455.9,450.0,10.493,3.734455904877668,13.946160905475681,2.151129633691599,25.934122206587876,43.19604571,40.13150637,3.06453935
F30_y32.69_Vol455.9_Am450_rho10.534,30.0,32.69,455.9,450.0,10.534,3.734455904877668,13.946160905475681,2.151129633691599,25.934122206587876,43.19604573,40.14965743,3.0463883
F30_y32.69_Vol455.9_Am450_rho10.575,30.0,32.69,455.9,450.0,10.575,3.734455904877668,13.946160905475681,2.151129633691599,25.934122206587876,43.19604575,42.55730452,0.63874123
F30_y32.69_Vol455.9_Am450_rho10.616,30.0,32.69,455.9,450.0,10.616,3.734455904877668,13.946160905475681,2.151129633691599,25.934122206587876,43.19604579,40.18547741,3.01056837
F30_y32.69_Vol455.9_Am500_rho10.493,30.0,32.69,455.9,500.0,10.493,3.734455904877668,13.946160905475681,2.151129633691599,25.934122206587876,43.19604568,40.1792433,3.01680238
F30_y32.69_Vol455.9_Am500_rho10.534,30.0,32.69,455.9,500.0,10.534,3.734455904877668,13.946160905475681,2.151129633691599,25.934122206587876,43.1960457,40.1972297,2.998816
F30_y32.69_Vol455.9_Am500_rho10.575,30.0,32.69,455.9,500.0,10.575,3.734455904877668,13.946160905475681,2.151129633691599,25.934122206587876,43.19604572,40.21502955,2.98101617
F30_y32.69_Vol455.9_Am500_rho10.616,30.0,32.69,455.9,500.0,10.616,3.734455904877668,13.946160905475681,2.151129633691599,25.934122206587876,43.19604574,40.23266127,2.96338447
F30_y32.69_Vol455.9_Am550_rho10.493,30.0,32.69,455.9,550.0,10.493,3.734455904877668,13.946160905475681,2.151129633691599,25.934122206587876,43.19604566,40.22827753,2.96776813
F30_y32.69_Vol455.9_Am550_rho10.534,30.0,32.69,455.9,550.0,10.534,3.734455904877668,13.946160905475681,2.151129633691599,25.934122206587876,43.19604568,40.24623862,2.94980706
F30_y32.69_Vol455.9_Am550_rho10.575,30.0,32.69,455.9,550.0,10.575,3.734455904877668,13.946160905475681,2.151129633691599,25.934122206587876,43.1960457,40.26393022,2.93211548
F30_y32.69_Vol455.9_Am550_rho10.616,30.0,32.69,455.9,550.0,10.616,3.734455904877668,13.946160905475681,2.151129633691599,25.934122206587876,43.19604572,40.28150307,2.91454265
F30_y32.69_Vol514.7_Am450_rho10.493,30.0,32.69,514.7,450.0,10.493,3.967981364485197,15.744876108901808,1.9053817757917229,22.97137422573035,41.39236631,37.6905702,3.70179611
F30_y32.69_Vol514.7_Am450_rho10.534,30.0,32.69,514.7,450.0,10.534,3.967981364485197,15.744876108901808,1.9053817757917229,22.97137422573035,41.39236632,37.70639806,3.68596826
F30_y32.69_Vol514.7_Am450_rho10.575,30.0,32.69,514.7,450.0,10.575,3.967981364485197,15.744876108901808,1.9053817757917229,22.97137422573035,41.39236634,37.72218281,3.67018353
F30_y32.69_Vol514.7_Am450_rho10.616,30.0,32.69,514.7,450.0,10.616,3.967981364485197,15.744876108901808,1.9053817757917229,22.97137422573035,41.39236636,37.73800241,3.65436395
F30_y32.69_Vol514.7_Am500_rho10.493,30.0,32.69,514.7,500.0,10.493,3.967981364485197,15.744876108901808,1.9053817757917229,22.97137422573035,41.39236628,37.71687191,3.67549437
F30_y32.69_Vol514.7_Am500_rho10.534,30.0,32.69,514.7,500.0,10.534,3.967981364485197,15.744876108901808,1.9053817757917229,22.97137422573035,41.3923663,37.73296939,3.65939691
F30_y32.69_Vol514.7_Am500_rho10.575,30.0,32.69,514.7,500.0,10.575,3.967981364485197,15.744876108901808,1.9053817757917229,22.97137422573035,41.39236632,37.74920479,3.64316153
F30_y32.69_Vol514.7_Am500_rho10.616,30.0,32.69,514.7,500.0,10.616,3.967981364485197,15.744876108901808,1.9053817757917229,22.97137422573035,41.39236633,37.76524629,3.62712004
F30_y32.69_Vol514.7_Am550_rho10.493,30.0,32.69,514.7,550.0,10.493,3.967981364485197,15.744876108901808,1.9053817757917229,22.97137422573035,41.39236627,37.74670163,3.64566463
F30_y32.69_Vol514.7_Am550_rho10.534,30.0,32.69,514.7,550.0,10.534,3.967981364485197,15.744876108901808,1.9053817757917229,22.97137422573035,41.39236628,37.76283882,3.62952746
F30_y32.69_Vol514.7_Am550_rho10.575,30.0,32.69,514.7,550.0,10.575,3.967981364485197,15.744876108901808,1.9053817757917229,22.97137422573035,41.3923663,37.77895964,3.61340666
F30_y32.69_Vol514.7_Am550_rho10.616,30.0,32.69,514.7,550.0,10.616,3.967981364485197,15.744876108901808,1.9053817757917229,22.97137422573035,41.39236632,37.795011,3.59735532
F30_y32.69_Vol573.5_Am450_rho10.493,30.0,32.69,573.5,450.0,10.493,4.188507050528616,17.54359131232793,1.7100261551874454,20.616157478611008,40.1008498,36.36884753,3.73200227
F30_y32.69_Vol573.5_Am450_rho10.534,30.0,32.69,573.5,450.0,10.534,4.188507050528616,17.54359131232793,1.7100261551874454,20.616157478611008,40.10084981,36.37864192,3.72220789
F30_y32.69_Vol573.5_Am450_rho10.575,30.0,32.69,573.5,450.0,10.575,4.188507050528616,17.54359131232793,1.7100261551874454,20.616157478611008,40.10084982,36.3883227,3.71252712
F30_y32.69_Vol573.5_Am450_rho10.616,30.0,32.69,573.5,450.0,10.616,4.188507050528616,17.54359131232793,1.7100261551874454,20.616157478611008,40.10084983,36.39805311,3.70279672
F30_y32.69_Vol573.5_Am500_rho10.493,30.0,32.69,573.5,500.0,10.493,4.188507050528616,17.54359131232793,1.7100261551874454,20.616157478611008,40.10084979,36.38173405,3.71911574
F30_y32.69_Vol573.5_Am500_rho10.534,30.0,32.69,573.5,500.0,10.534,4.188507050528616,17.54359131232793,1.7100261551874454,20.616157478611008,40.1008498,36.39126736,3.70958244
F30_y32.69_Vol573.5_Am500_rho10.575,30.0,32.69,573.5,500.0,10.575,4.188507050528616,17.54359131232793,1.7100261551874454,20.616157478611008,40.10084981,36.40106869,3.69978112
F30_y32.69_Vol573.5_Am500_rho10.616,30.0,32.69,573.5,500.0,10.616,4.188507050528616,17.54359131232793,1.7100261551874454,20.616157478611008,40.10084982,36.41072608,3.69012374
F30_y32.69_Vol573.5_Am550_rho10.493,30.0,32.69,573.5,550.0,10.493,4.188507050528616,17.54359131232793,1.7100261551874454,20.616157478611008,40.10084978,36.40075843,3.70009135
F30_y32.69_Vol573.5_Am550_rho10.534,30.0,32.69,573.5,550.0,10.534,4.188507050528616,17.54359131232793,1.7100261551874454,20.616157478611008,40.10084979,36.41048912,3.69036067
F30_y32.69_Vol573.5_Am550_rho10.575,30.0,32.69,573.5,550.0,10.575,4.188507050528616,17.54359131232793,1.7100261551874454,20.616157478611008,40.1008498,36.42036331,3.68048649
F30_y32.69_Vol573.5_Am550_rho10.616,30.0,32.69,573.5,550.0,10.616,4.188507050528616,17.54359131232793,1.7100261551874454,20.616157478611008,40.10084981,36.43011584,3.67073397
F30_y32.69_Vol632.3_Am450_rho10.493,30.0,32.69,632.3,450.0,10.493,4.397988917193182,19.342306515754053,1.5510042701249407,18.69898199269874,39.138311,35.56219958,3.57611142
F30_y32.69_Vol632.3_Am450_rho10.534,30.0,32.69,632.3,450.0,10.534,4.397988917193182,19.342306515754053,1.5510042701249407,18.69898199269874,39.138311,35.57127344,3.56703756
F30_y32.69_Vol632.3_Am450_rho10.575,30.0,32.69,632.3,450.0,10.575,4.397988917193182,19.342306515754053,1.5510042701249407,18.69898199269874,39.13831101,35.58008238,3.55822863
F30_y32.69_Vol632.3_Am450_rho10.616,30.0,32.69,632.3,450.0,10.616,4.397988917193182,19.342306515754053,1.5510042701249407,18.69898199269874,39.13831102,35.58883511,3.54947591
F30_y32.69_Vol632.3_Am500_rho10.493,30.0,32.69,632.3,500.0,10.493,4.397988917193182,19.342306515754053,1.5510042701249407,18.69898199269874,39.13831099,35.58008542,3.55822558
F30_y32.69_Vol632.3_Am500_rho10.534,30.0,32.69,632.3,500.0,10.534,4.397988917193182,19.342306515754053,1.5510042701249407,18.69898199269874,39.138311,35.58870798,3.54960302
F30_y32.69_Vol632.3_Am500_rho10.575,30.0,32.69,632.3,500.0,10.575,4.397988917193182,19.342306515754053,1.5510042701249407,18.69898199269874,39.138311,35.59730358,3.54100742
F30_y32.69_Vol632.3_Am500_rho10.616,30.0,32.69,632.3,500.0,10.616,4.397988917193182,19.342306515754053,1.5510042701249407,18.69898199269874,39.13831101,35.60575745,3.53255356
F30_y32.69_Vol632.3_Am550_rho10.493,30.0,32.69,632.3,550.0,10.493,4.397988917193182,19.342306515754053,1.5510042701249407,18.69898199269874,39.13831099,35.60089639,3.5374146
F30_y32.69_Vol632.3_Am550_rho10.534,30.0,32.69,632.3,550.0,10.534,4.397988917193182,19.342306515754053,1.5510042701249407,18.69898199269874,39.138311,35.60920714,3.52910386
F30_y32.69_Vol632.3_Am550_rho10.575,30.0,32.69,632.3,550.0,10.575,4.397988917193182,19.342306515754053,1.5510042701249407,18.69898199269874,39.138311,35.61750734,3.52080366
F30_y32.69_Vol632.3_Am550_rho10.616,30.0,32.69,632.3,550.0,10.616,4.397988917193182,19.342306515754053,1.5510042701249407,18.69898199269874,39.13831101,35.62575916,3.51255185
F30_y32.69_Vol691.2_Am450_rho10.493,30.0,32.69,691.2,450.0,10.493,4.598269322108242,21.14408075864179,1.4188368055555554,17.105564690369523,38.39445371,34.94621461,3.4482391
F30_y32.69_Vol691.2_Am450_rho10.534,30.0,32.69,691.2,450.0,10.534,4.598269322108242,21.14408075864179,1.4188368055555554,17.105564690369523,38.39445372,34.95528154,3.43917218
F30_y32.69_Vol691.2_Am450_rho10.575,30.0,32.69,691.2,450.0,10.575,4.598269322108242,21.14408075864179,1.4188368055555554,17.105564690369523,38.39445372,34.96425689,3.43019684
F30_y32.69_Vol691.2_Am450_rho10.616,30.0,32.69,691.2,450.0,10.616,4.598269322108242,21.14408075864179,1.4188368055555554,17.105564690369523,38.39445373,34.97314443,3.4213093
F30_y32.69_Vol691.2_Am500_rho10.493,30.0,32.69,691.2,500.0,10.493,4.598269322108242,21.14408075864179,1.4188368055555554,17.105564690369523,38.39445371,34.96445183,3.43000187
F30_y32.69_Vol691.2_Am500_rho10.534,30.0,32.69,691.2,500.0,10.534,4.598269322108242,21.14408075864179,1.4188368055555554,17.105564690369523,38.39445371,34.97347864,3.42097508
F30_y32.69_Vol691.2_Am500_rho10.575,30.0,32.69,691.2,500.0,10.575,4.598269322108242,21.14408075864179,1.4188368055555554,17.105564690369523,38.39445372,34.98248373,3.41196999
F30_y32.69_Vol691.2_Am500_rho10.616,30.0,32.69,691.2,500.0,10.616,4.598269322108242,21.14408075864179,1.4188368055555554,17.105564690369523,38.39445372,34.99135591,3.40309782
F30_y32.69_Vol691.2_Am550_rho10.493,30.0,32.69,691.2,550.0,10.493,4.598269322108242,21.14408075864179,1.4188368055555554,17.105564690369523,38.3944537,34.98489773,3.40955598
F30_y32.69_Vol691.2_Am550_rho10.534,30.0,32.69,691.2,550.0,10.534,4.598269322108242,21.14408075864179,1.4188368055555554,17.105564690369523,38.39445371,34.99386163,3.40059208
F30_y32.69_Vol691.2_Am550_rho10.575,30.0,32.69,691.2,550.0,10.575,4.598269322108242,21.14408075864179,1.4188368055555554,17.105564690369523,38.39445372,35.00277937,3.39167435
F30_y32.69_Vol691.2_Am550_rho10.616,30.0,32.69,691.2,550.0,10.616,4.598269322108242,21.14408075864179,1.4188368055555554,17.105564690369523,38.39445372,35.0116159,3.38283782
F30_y32.69_Vol738.0_Am450_rho10.493,30.0,32.69,738.0,450.0,10.493,4.751390451928238,22.575711226674827,1.328861788617886,16.020821563663162,37.91515096,34.60833219,3.30681877
F30_y32.69_Vol738.0_Am450_rho10.534,30.0,32.69,738.0,450.0,10.534,4.751390451928238,22.575711226674827,1.328861788617886,16.020821563663162,37.91515096,34.61429579,3.30085517
F30_y32.69_Vol738.0_Am450_rho10.575,30.0,32.69,738.0,450.0,10.575,4.751390451928238,22.575711226674827,1.328861788617886,16.020821563663162,37.91515096,34.62037659,3.29477437
F30_y32.69_Vol738.0_Am450_rho10.616,30.0,32.69,738.0,450.0,10.616,4.751390451928238,22.575711226674827,1.328861788617886,16.020821563663162,37.91515097,34.626522,3.28862897
F30_y32.69_Vol738.0_Am500_rho10.493,30.0,32.69,738.0,500.0,10.493,4.751390451928238,22.575711226674827,1.328861788617886,16.020821563663162,37.91515095,34.61394751,3.30120344
F30_y32.69_Vol738.0_Am500_rho10.534,30.0,32.69,738.0,500.0,10.534,4.751390451928238,22.575711226674827,1.328861788617886,16.020821563663162,37.91515096,34.62050176,3.2946492
F30_y32.69_Vol738.0_Am500_rho10.575,30.0,32.69,738.0,500.0,10.575,4.751390451928238,22.575711226674827,1.328861788617886,16.020821563663162,37.91515096,34.62720326,3.2879477
F30_y32.69_Vol738.0_Am500_rho10.616,30.0,32.69,738.0,500.0,10.616,4.751390451928238,22.575711226674827,1.328861788617886,16.020821563663162,37.91515097,34.63389586,3.28125511
F30_y32.69_Vol738.0_Am550_rho10.493,30.0,32.69,738.0,550.0,10.493,4.751390451928238,22.575711226674827,1.328861788617886,16.020821563663162,37.91515095,34.62332229,3.29182866
F30_y32.69_Vol738.0_Am550_rho10.534,30.0,32.69,738.0,550.0,10.534,4.751390451928238,22.575711226674827,1.328861788617886,16.020821563663162,37.91515096,34.63021651,3.28493445
F30_y32.69_Vol738.0_Am550_rho10.575,30.0,32.69,738.0,550.0,10.575,4.751390451928238,22.575711226674827,1.328861788617886,16.020821563663162,37.91515096,34.63731675,3.27783421
F30_y32.69_Vol738.0_Am550_rho10.616,30.0,32.69,738.0,550.0,10.616,4.751390451928238,22.575711226674827,1.328861788617886,16.020821563663162,37.91515096,34.64440765,3.27074332
F30_y33.19_Vol421.6_Am450_rho10.493,30.0,33.19,421.6,450.0,10.493,3.564073690521467,12.702621271467311,2.361717267552182,28.472976837289103,45.57876341,43.3286935,2.25006991
F30_y33.19_Vol421.6_Am450_rho10.534,30.0,33.19,421.6,450.0,10.534,3.564073690521467,12.702621271467311,2.361717267552182,28.472976837289103,45.57876345,43.33940075,2.2393627
F30_y33.19_Vol421.6_Am450_rho10.575,30.0,33.19,421.6,450.0,10.575,3.564073690521467,12.702621271467311,2.361717267552182,28.472976837289103,45.57876349,43.35000688,2.22875661
F30_y33.19_Vol421.6_Am450_rho10.616,30.0,33.19,421.6,450.0,10.616,3.564073690521467,12.702621271467311,2.361717267552182,28.472976837289103,45.57876352,43.36055793,2.21820559
F30_y33.19_Vol421.6_Am500_rho10.493,30.0,33.19,421.6,500.0,10.493,3.564073690521467,12.702621271467311,2.361717267552182,28.472976837289103,45.57876336,43.37209646,2.20666691
F30_y33.19_Vol421.6_Am500_rho10.534,30.0,33.19,421.6,500.0,10.534,3.564073690521467,12.702621271467311,2.361717267552182,28.472976837289103,45.5787634,43.3827384,2.196025
F30_y33.19_Vol421.6_Am500_rho10.575,30.0,33.19,421.6,500.0,10.575,3.564073690521467,12.702621271467311,2.361717267552182,28.472976837289103,45.57876344,43.39328563,2.18547781
F30_y33.19_Vol421.6_Am500_rho10.616,30.0,33.19,421.6,500.0,10.616,3.564073690521467,12.702621271467311,2.361717267552182,28.472976837289103,45.57876348,43.40365334,2.17511013
F30_y33.19_Vol421.6_Am550_rho10.493,30.0,33.19,421.6,550.0,10.493,3.564073690521467,12.702621271467311,2.361717267552182,28.472976837289103,45.57876334,43.41453371,2.16422962
F30_y33.19_Vol421.6_Am550_rho10.534,30.0,33.19,421.6,550.0,10.534,3.564073690521467,12.702621271467311,2.361717267552182,28.472976837289103,45.57876338,43.42493904,2.15382433
F30_y33.19_Vol421.6_Am550_rho10.575,30.0,33.19,421.6,550.0,10.575,3.564073690521467,12.702621271467311,2.361717267552182,28.472976837289103,45.57876341,43.4353079,2.14345552
F30_y33.19_Vol421.6_Am550_rho10.616,30.0,33.19,421.6,550.0,10.616,3.564073690521467,12.702621271467311,2.361717267552182,28.472976837289103,45.57876345,43.4455193,2.13324415
F30_y33.19_Vol455.9_Am450_rho10.493,30.0,33.19,455.9,450.0,10.493,3.7062197829922776,13.736065079843327,2.184031585874095,26.330789722748598,44.117061,41.48718533,2.62987567
F30_y33.19_Vol455.9_Am450_rho10.534,30.0,33.19,455.9,450.0,10.534,3.7062197829922776,13.736065079843327,2.184031585874095,26.330789722748598,44.11706102,41.50237067,2.61469035
F30_y33.19_Vol455.9_Am450_rho10.575,30.0,33.19,455.9,450.0,10.575,3.7062197829922776,13.736065079843327,2.184031585874095,26.330789722748598,44.11706104,41.51739349,2.59966755
F30_y33.19_Vol455.9_Am450_rho10.616,30.0,33.19,455.9,450.0,10.616,3.7062197829922776,13.736065079843327,2.184031585874095,26.330789722748598,44.11706109,41.53234002,2.58472107
F30_y33.19_Vol455.9_Am500_rho10.493,30.0,33.19,455.9,500.0,10.493,3.7062197829922776,13.736065079843327,2.184031585874095,26.330789722748598,44.11706096,41.53633175,2.58072922
F30_y33.19_Vol455.9_Am500_rho10.534,30.0,33.19,455.9,500.0,10.534,3.7062197829922776,13.736065079843327,2.184031585874095,26.330789722748598,44.11706099,41.55122127,2.56583972
F30_y33.19_Vol455.9_Am500_rho10.575,30.0,33.19,455.9,500.0,10.575,3.7062197829922776,13.736065079843327,2.184031585874095,26.330789722748598,44.11706101,41.56598828,2.55107273
F30_y33.19_Vol455.9_Am500_rho10.616,30.0,33.19,455.9,500.0,10.616,3.7062197829922776,13.736065079843327,2.184031585874095,26.330789722748598,44.11706104,41.58054567,2.53651537
F30_y33.19_Vol455.9_Am550_rho10.493,30.0,33.19,455.9,550.0,10.493,3.7062197829922776,13.736065079843327,2.184031585874095,26.330789722748598,44.11706094,41.58532153,2.53173941
F30_y33.19_Vol455.9_Am550_rho10.534,30.0,33.19,455.9,550.0,10.534,3.7062197829922776,13.736065079843327,2.184031585874095,26.330789722748598,44.11706096,41.6000338,2.51702717
F30_y33.19_Vol455.9_Am550_rho10.575,30.0,33.19,455.9,550.0,10.575,3.7062197829922776,13.736065079843327,2.184031585874095,26.330789722748598,44.11706099,41.61449101,2.50256997
F30_y33.19_Vol455.9_Am550_rho10.616,30.0,33.19,455.9,550.0,10.616,3.7062197829922776,13.736065079843327,2.184031585874095,26.330789722748598,44.11706101,41.62882613,2.48823488
F30_y33.19_Vol514.7_Am450_rho10.493,30.0,33.19,514.7,450.0,10.493,3.9379795628036667,15.507683037059358,1.934524965999611,23.322725926949843,42.23200644,38.8259263,3.40608014
F30_y33.19_Vol514.7_Am450_rho10.534,30.0,33.19,514.7,450.0,10.534,3.9379795628036667,15.507683037059358,1.934524965999611,23.322725926949843,42.23200646,38.84468406,3.3873224
F30_y33.19_Vol514.7_Am450_rho10.575,30.0,33.19,514.7,450.0,10.575,3.9379795628036667,15.507683037059358,1.934524965999611,23.322725926949843,42.23200648,38.86331362,3.36869286
F30_y33.19_Vol514.7_Am450_rho10.616,30.0,33.19,514.7,450.0,10.616,3.9379795628036667,15.507683037059358,1.934524965999611,23.322725926949843,42.2320065,38.88181864,3.35018786
F30_y33.19_Vol514.7_Am500_rho10.493,30.0,33.19,514.7,500.0,10.493,3.9379795628036667,15.507683037059358,1.934524965999611,23.322725926949843,42.23200641,38.87364532,3.3583611
F30_y33.19_Vol514.7_Am500_rho10.534,30.0,33.19,514.7,500.0,10.534,3.9379795628036667,15.507683037059358,1.934524965999611,23.322725926949843,42.23200643,38.89219789,3.33980854
F30_y33.19_Vol514.7_Am500_rho10.575,30.0,33.19,514.7,500.0,10.575,3.9379795628036667,15.507683037059358,1.934524965999611,23.322725926949843,42.23200646,38.91058843,3.32141803
F30_y33.19_Vol514.7_Am500_rho10.616,30.0,33.19,514.7,500.0,10.616,3.9379795628036667,15.507683037059358,1.934524965999611,23.322725926949843,42.23200648,38.92893081,3.30307567
F30_y33.19_Vol514.7_Am550_rho10.493,30.0,33.19,514.7,550.0,10.493,3.9379795628036667,15.507683037059358,1.934524965999611,23.322725926949843,42.2320064,38.92207138,3.30993502
F30_y33.19_Vol514.7_Am550_rho10.534,30.0,33.19,514.7,550.0,10.534,3.9379795628036667,15.507683037059358,1.934524965999611,23.322725926949843,42.23200642,38.94049962,3.29150679
F30_y33.19_Vol514.7_Am550_rho10.575,30.0,33.19,514.7,550.0,10.575,3.9379795628036667,15.507683037059358,1.934524965999611,23.322725926949843,42.23200644,41.55360252,0.67840392
F30_y33.19_Vol514.7_Am550_rho10.616,30.0,33.19,514.7,550.0,10.616,3.9379795628036667,15.507683037059358,1.934524965999611,23.322725926949843,42.23200646,38.97671715,3.25528931
F30_y33.19_Vol573.5_Am450_rho10.493,30.0,33.19,573.5,450.0,10.493,4.156837859993505,17.279300994275385,1.7361813426329555,20.9314856749801,40.88251294,37.16540619,3.71710675
F30_y33.19_Vol573.5_Am450_rho10.534,30.0,33.19,573.5,450.0,10.534,4.156837859993505,17.279300994275385,1.7361813426329555,20.9314856749801,40.88251295,37.17788929,3.70462366
F30_y33.19_Vol573.5_Am450_rho10.575,30.0,33.19,573.5,450.0,10.575,4.156837859993505,17.279300994275385,1.7361813426329555,20.9314856749801,40.88251297,37.19037136,3.69214161
F30_y33.19_Vol573.5_Am450_rho10.616,30.0,33.19,573.5,450.0,10.616,4.156837859993505,17.279300994275385,1.7361813426329555,20.9314856749801,40.88251298,37.20299449,3.6795185
F30_y33.19_Vol573.5_Am500_rho10.493,30.0,33.19,573.5,500.0,10.493,4.156837859993505,17.279300994275385,1.7361813426329555,20.9314856749801,40.88251292,37.19197235,3.69054057
F30_y33.19_Vol573.5_Am500_rho10.534,30.0,33.19,573.5,500.0,10.534,4.156837859993505,17.279300994275385,1.7361813426329555,20.9314856749801,40.88251294,37.20468557,3.67782736
F30_y33.19_Vol573.5_Am500_rho10.575,30.0,33.19,573.5,500.0,10.575,4.156837859993505,17.279300994275385,1.7361813426329555,20.9314856749801,40.88251295,37.21756099,3.66495196
F30_y33.19_Vol573.5_Am500_rho10.616,30.0,33.19,573.5,500.0,10.616,4.156837859993505,17.279300994275385,1.7361813426329555,20.9314856749801,40.88251296,37.23030504,3.65220793
F30_y33.19_Vol573.5_Am550_rho10.493,30.0,33.19,573.5,550.0,10.493,4.156837859993505,17.279300994275385,1.7361813426329555,20.9314856749801,40.88251291,37.22452545,3.65798746
F30_y33.19_Vol573.5_Am550_rho10.534,30.0,33.19,573.5,550.0,10.534,4.156837859993505,17.279300994275385,1.7361813426329555,20.9314856749801,40.88251293,37.23740599,3.64510694
F30_y33.19_Vol573.5_Am550_rho10.575,30.0,33.19,573.5,550.0,10.575,4.156837859993505,17.279300994275385,1.7361813426329555,20.9314856749801,40.88251294,37.25029218,3.63222076
F30_y33.19_Vol573.5_Am550_rho10.616,30.0,33.19,573.5,550.0,10.616,4.156837859993505,17.279300994275385,1.7361813426329555,20.9314856749801,40.88251295,37.26318818,3.61932478
F30_y33.19_Vol632.3_Am450_rho10.493,30.0,33.19,632.3,450.0,10.493,4.364735839829417,19.05091895149141,1.5747271864621226,18.98498661173666,39.87783892,36.28639506,3.59144386
F30_y33.19_Vol632.3_Am450_rho10.534,30.0,33.19,632.3,450.0,10.534,4.364735839829417,19.05091895149141,1.5747271864621226,18.98498661173666,39.87783893,36.29405015,3.58378878
F30_y33.19_Vol632.3_Am450_rho10.575,30.0,33.19,632.3,450.0,10.575,4.364735839829417,19.05091895149141,1.5747271864621226,18.98498661173666,39.87783894,36.30173865,3.57610029
F30_y33.19_Vol632.3_Am450_rho10.616,30.0,33.19,632.3,450.0,10.616,4.364735839829417,19.05091895149141,1.5747271864621226,18.98498661173666,39.87783894,36.30936984,3.5684691
F30_y33.19_Vol632.3_Am500_rho10.493,30.0,33.19,632.3,500.0,10.493,4.364735839829417,19.05091895149141,1.5747271864621226,18.98498661173666,39.87783891,36.30046821,3.5773707
F30_y33.19_Vol632.3_Am500_rho10.534,30.0,33.19,632.3,500.0,10.534,4.364735839829417,19.05091895149141,1.5747271864621226,18.98498661173666,39.87783892,36.30810072,3.5697382
F30_y33.19_Vol632.3_Am500_rho10.575,30.0,33.19,632.3,500.0,10.575,4.364735839829417,19.05091895149141,1.5747271864621226,18.98498661173666,39.87783893,36.31584773,3.5619912
F30_y33.19_Vol632.3_Am500_rho10.616,30.0,33.19,632.3,500.0,10.616,4.364735839829417,19.05091895149141,1.5747271864621226,18.98498661173666,39.87783893,36.32354958,3.55428936
F30_y33.19_Vol632.3_Am550_rho10.493,30.0,33.19,632.3,550.0,10.493,4.364735839829417,19.05091895149141,1.5747271864621226,18.98498661173666,39.87783891,36.31993285,3.55790606
F30_y33.19_Vol632.3_Am550_rho10.534,30.0,33.19,632.3,550.0,10.534,4.364735839829417,19.05091895149141,1.5747271864621226,18.98498661173666,39.87783892,36.32771667,3.55012224
F30_y33.19_Vol632.3_Am550_rho10.575,30.0,33.19,632.3,550.0,10.575,4.364735839829417,19.05091895149141,1.5747271864621226,18.98498661173666,39.87783892,36.33555477,3.54228415
F30_y33.19_Vol632.3_Am550_rho10.616,30.0,33.19,632.3,550.0,10.616,4.364735839829417,19.05091895149141,1.5747271864621226,18.98498661173666,39.87783893,36.34337839,3.53446054
F30_y33.19_Vol691.2_Am450_rho10.493,30.0,33.19,691.2,450.0,10.493,4.563501929923663,20.825549864416995,1.4405381944444442,17.367197677374254,39.10233888,35.6914063,3.41093258
F30_y33.19_Vol691.2_Am450_rho10.534,30.0,33.19,691.2,450.0,10.534,4.563501929923663,20.825549864416995,1.4405381944444442,17.367197677374254,39.10233889,35.69917717,3.40316171
F30_y33.19_Vol691.2_Am450_rho10.575,30.0,33.19,691.2,450.0,10.575,4.563501929923663,20.825549864416995,1.4405381944444442,17.367197677374254,39.10233889,35.70685886,3.39548003
F30_y33.19_Vol691.2_Am450_rho10.616,30.0,33.19,691.2,450.0,10.616,4.563501929923663,20.825549864416995,1.4405381944444442,17.367197677374254,39.1023389,35.71446533,3.38787357
F30_y33.19_Vol691.2_Am500_rho10.493,30.0,33.19,691.2,500.0,10.493,4.563501929923663,20.825549864416995,1.4405381944444442,17.367197677374254,39.10233887,35.70719257,3.3951463
F30_y33.19_Vol691.2_Am500_rho10.534,30.0,33.19,691.2,500.0,10.534,4.563501929923663,20.825549864416995,1.4405381944444442,17.367197677374254,39.10233888,35.71458056,3.38775832
F30_y33.19_Vol691.2_Am500_rho10.575,30.0,33.19,691.2,500.0,10.575,4.563501929923663,20.825549864416995,1.4405381944444442,17.367197677374254,39.10233889,35.72200324,3.38033565
F30_y33.19_Vol691.2_Am500_rho10.616,30.0,33.19,691.2,500.0,10.616,4.563501929923663,20.825549864416995,1.4405381944444442,17.367197677374254,39.10233889,35.72934346,3.37299544
F30_y33.19_Vol691.2_Am550_rho10.493,30.0,33.19,691.2,550.0,10.493,4.563501929923663,20.825549864416995,1.4405381944444442,17.367197677374254,39.10233887,35.72425498,3.37808389
F30_y33.19_Vol691.2_Am550_rho10.534,30.0,33.19,691.2,550.0,10.534,4.563501929923663,20.825549864416995,1.4405381944444442,17.367197677374254,39.10233888,35.73168068,3.3706582
F30_y33.19_Vol691.2_Am550_rho10.575,30.0,33.19,691.2,550.0,10.575,4.563501929923663,20.825549864416995,1.4405381944444442,17.367197677374254,39.10233888,35.73893292,3.36340597
F30_y33.19_Vol691.2_Am550_rho10.616,30.0,33.19,691.2,550.0,10.616,4.563501929923663,20.825549864416995,1.4405381944444442,17.367197677374254,39.10233889,35.74612132,3.35621757
F30_y33.19_Vol738.0_Am450_rho10.493,30.0,33.19,738.0,450.0,10.493,4.715465314948981,22.235613136486894,1.3491869918699186,16.265863190516377,38.6031326,35.3055099,3.2976227
F30_y33.19_Vol738.0_Am450_rho10.534,30.0,33.19,738.0,450.0,10.534,4.715465314948981,22.235613136486894,1.3491869918699186,16.265863190516377,38.6031326,35.31338269,3.28974991
F30_y33.19_Vol738.0_Am450_rho10.575,30.0,33.19,738.0,450.0,10.575,4.715465314948981,22.235613136486894,1.3491869918699186,16.265863190516377,38.60313261,35.32121605,3.28191655
F30_y33.19_Vol738.0_Am450_rho10.616,30.0,33.19,738.0,450.0,10.616,4.715465314948981,22.235613136486894,1.3491869918699186,16.265863190516377,38.60313261,35.32904338,3.27408923
F30_y33.19_Vol738.0_Am500_rho10.493,30.0,33.19,738.0,500.0,10.493,4.715465314948981,22.235613136486894,1.3491869918699186,16.265863190516377,38.60313259,35.32080416,3.28232844
F30_y33.19_Vol738.0_Am500_rho10.534,30.0,33.19,738.0,500.0,10.534,4.715465314948981,22.235613136486894,1.3491869918699186,16.265863190516377,38.6031326,35.32862588,3.27450672
F30_y33.19_Vol738.0_Am500_rho10.575,30.0,33.19,738.0,500.0,10.575,4.715465314948981,22.235613136486894,1.3491869918699186,16.265863190516377,38.6031326,35.33641425,3.26671836
F30_y33.19_Vol738.0_Am500_rho10.616,30.0,33.19,738.0,500.0,10.616,4.715465314948981,22.235613136486894,1.3491869918699186,16.265863190516377,38.60313261,35.3441466,3.25898601
F30_y33.19_Vol738.0_Am550_rho10.493,30.0,33.19,738.0,550.0,10.493,4.715465314948981,22.235613136486894,1.3491869918699186,16.265863190516377,38.60313259,35.33666335,3.26646924
F30_y33.19_Vol738.0_Am550_rho10.534,30.0,33.19,738.0,550.0,10.534,4.715465314948981,22.235613136486894,1.3491869918699186,16.265863190516377,38.6031326,35.34451242,3.25862018
F30_y33.19_Vol738.0_Am550_rho10.575,30.0,33.19,738.0,550.0,10.575,4.715465314948981,22.235613136486894,1.3491869918699186,16.265863190516377,38.6031326,35.35218847,3.25094413
F30_y33.19_Vol738.0_Am550_rho10.616,30.0,33.19,738.0,550.0,10.616,4.715465314948981,22.235613136486894,1.3491869918699186,16.265863190516377,38.60313261,35.35988722,3.24324538
F30_y33.69_Vol421.6_Am450_rho10.493,30.0,33.69,421.6,450.0,10.493,3.537527263387584,12.51409913921045,2.3972960151802654,28.90191592793823,46.57275933,44.48192494,2.09083438
F30_y33.69_Vol421.6_Am450_rho10.534,30.0,33.69,421.6,450.0,10.534,3.537527263387584,12.51409913921045,2.3972960151802654,28.90191592793823,46.57275937,44.49048667,2.0822727
F30_y33.69_Vol421.6_Am450_rho10.575,30.0,33.69,421.6,450.0,10.575,3.537527263387584,12.51409913921045,2.3972960151802654,28.90191592793823,46.57275941,44.49894142,2.07381799
F30_y33.69_Vol421.6_Am450_rho10.616,30.0,33.69,421.6,450.0,10.616,3.537527263387584,12.51409913921045,2.3972960151802654,28.90191592793823,46.57275945,44.50724852,2.06551093
F30_y33.69_Vol421.6_Am500_rho10.493,30.0,33.69,421.6,500.0,10.493,3.537527263387584,12.51409913921045,2.3972960151802654,28.90191592793823,46.57275928,44.51825274,2.05450654
F30_y33.69_Vol421.6_Am500_rho10.534,30.0,33.69,421.6,500.0,10.534,3.537527263387584,12.51409913921045,2.3972960151802654,28.90191592793823,46.57275933,44.52653626,2.04622307
F30_y33.69_Vol421.6_Am500_rho10.575,30.0,33.69,421.6,500.0,10.575,3.537527263387584,12.51409913921045,2.3972960151802654,28.90191592793823,46.57275937,44.53473283,2.03802653
F30_y33.69_Vol421.6_Am500_rho10.616,30.0,33.69,421.6,500.0,10.616,3.537527263387584,12.51409913921045,2.3972960151802654,28.90191592793823,46.57275941,44.54284156,2.02991785
F30_y33.69_Vol421.6_Am550_rho10.493,30.0,33.69,421.6,550.0,10.493,3.537527263387584,12.51409913921045,2.3972960151802654,28.90191592793823,46.57275926,44.55102575,2.0217335
F30_y33.69_Vol421.6_Am550_rho10.534,30.0,33.69,421.6,550.0,10.534,3.537527263387584,12.51409913921045,2.3972960151802654,28.90191592793823,46.5727593,44.55894934,2.01380996
F30_y33.69_Vol421.6_Am550_rho10.575,30.0,33.69,421.6,550.0,10.575,3.537527263387584,12.51409913921045,2.3972960151802654,28.90191592793823,46.57275935,44.56677766,2.00598169
F30_y33.69_Vol421.6_Am550_rho10.616,30.0,33.69,421.6,550.0,10.616,3.537527263387584,12.51409913921045,2.3972960151802654,28.90191592793823,46.57275939,44.57445679,1.9983026
F30_y33.69_Vol455.9_Am450_rho10.493,30.0,33.69,455.9,450.0,10.493,3.6786146036512846,13.532205402196498,2.2169335380565913,26.72745723890932,45.04936677,42.70430785,2.34505892
F30_y33.69_Vol455.9_Am450_rho10.534,30.0,33.69,455.9,450.0,10.534,3.6786146036512846,13.532205402196498,2.2169335380565913,26.72745723890932,45.0493668,42.71670996,2.33265684
F30_y33.69_Vol455.9_Am450_rho10.575,30.0,33.69,455.9,450.0,10.575,3.6786146036512846,13.532205402196498,2.2169335380565913,26.72745723890932,45.04936683,42.72893332,2.32043351
F30_y33.69_Vol455.9_Am450_rho10.616,30.0,33.69,455.9,450.0,10.616,3.6786146036512846,13.532205402196498,2.2169335380565913,26.72745723890932,45.04936687,42.74110429,2.30826258
F30_y33.69_Vol455.9_Am500_rho10.493,30.0,33.69,455.9,500.0,10.493,3.6786146036512846,13.532205402196498,2.2169335380565913,26.72745723890932,45.04936674,42.74917028,2.30019646
F30_y33.69_Vol455.9_Am500_rho10.534,30.0,33.69,455.9,500.0,10.534,3.6786146036512846,13.532205402196498,2.2169335380565913,26.72745723890932,45.04936677,42.76127229,2.28809448
F30_y33.69_Vol455.9_Am500_rho10.575,30.0,33.69,455.9,500.0,10.575,3.6786146036512846,13.532205402196498,2.2169335380565913,26.72745723890932,45.04936679,42.77327793,2.27608887
F30_y33.69_Vol455.9_Am500_rho10.616,30.0,33.69,455.9,500.0,10.616,3.6786146036512846,13.532205402196498,2.2169335380565913,26.72745723890932,45.04936682,42.78514188,2.26422494
F30_y33.69_Vol455.9_Am550_rho10.493,30.0,33.69,455.9,550.0,10.493,3.6786146036512846,13.532205402196498,2.2169335380565913,26.72745723890932,45.04936672,42.79254559,2.25682112
F30_y33.69_Vol455.9_Am550_rho10.534,30.0,33.69,455.9,550.0,10.534,3.6786146036512846,13.532205402196498,2.2169335380565913,26.72745723890932,45.04936674,42.80434275,2.24502399
F30_y33.69_Vol455.9_Am550_rho10.575,30.0,33.69,455.9,550.0,10.575,3.6786146036512846,13.532205402196498,2.2169335380565913,26.72745723890932,45.04936677,42.81605566,2.23331111
F30_y33.69_Vol455.9_Am550_rho10.616,30.0,33.69,455.9,550.0,10.616,3.6786146036512846,13.532205402196498,2.2169335380565913,26.72745723890932,45.0493668,42.82757616,2.22179064
F30_y33.69_Vol514.7_Am450_rho10.493,30.0,33.69,514.7,450.0,10.493,3.908648158181841,15.277530424458298,1.9636681562074993,23.67407762816934,43.08077574,40.00135916,3.07941658
F30_y33.69_Vol514.7_Am450_rho10.534,30.0,33.69,514.7,450.0,10.534,3.908648158181841,15.277530424458298,1.9636681562074993,23.67407762816934,43.08077577,40.02001797,3.0607578
F30_y33.69_Vol514.7_Am450_rho10.575,30.0,33.69,514.7,450.0,10.575,3.908648158181841,15.277530424458298,1.9636681562074993,23.67407762816934,43.08077579,40.03848247,3.04229332
F30_y33.69_Vol514.7_Am450_rho10.616,30.0,33.69,514.7,450.0,10.616,3.908648158181841,15.277530424458298,1.9636681562074993,23.67407762816934,43.08077582,40.05676821,3.0240076
F30_y33.69_Vol514.7_Am500_rho10.493,30.0,33.69,514.7,500.0,10.493,3.908648158181841,15.277530424458298,1.9636681562074993,23.67407762816934,43.08077571,40.05743449,3.02334123
F30_y33.69_Vol514.7_Am500_rho10.534,30.0,33.69,514.7,500.0,10.534,3.908648158181841,15.277530424458298,1.9636681562074993,23.67407762816934,43.08077574,40.07567386,3.00510188
F30_y33.69_Vol514.7_Am500_rho10.575,30.0,33.69,514.7,500.0,10.575,3.908648158181841,15.277530424458298,1.9636681562074993,23.67407762816934,43.08077576,40.09382446,2.9869513
F30_y33.69_Vol514.7_Am500_rho10.616,30.0,33.69,514.7,500.0,10.616,3.908648158181841,15.277530424458298,1.9636681562074993,23.67407762816934,43.08077578,40.11175822,2.96901757
F30_y33.69_Vol514.7_Am550_rho10.493,30.0,33.69,514.7,550.0,10.493,3.908648158181841,15.277530424458298,1.9636681562074993,23.67407762816934,43.08077569,40.11335915,2.96741654
F30_y33.69_Vol514.7_Am550_rho10.534,30.0,33.69,514.7,550.0,10.534,3.908648158181841,15.277530424458298,1.9636681562074993,23.67407762816934,43.08077572,40.1314563,2.94931942
F30_y33.69_Vol514.7_Am550_rho10.575,30.0,33.69,514.7,550.0,10.575,3.908648158181841,15.277530424458298,1.9636681562074993,23.67407762816934,43.08077574,42.9829613,0.09781444
F30_y33.69_Vol514.7_Am550_rho10.616,30.0,33.69,514.7,550.0,10.616,3.908648158181841,15.277530424458298,1.9636681562074993,23.67407762816934,43.08077576,40.1670249,2.91375086
F30_y33.69_Vol573.5_Am450_rho10.493,30.0,33.69,573.5,450.0,10.493,4.125876324700014,17.022855446720097,1.7623365300784652,21.246813871349183,41.67147818,38.0508859,3.62059228
F30_y33.69_Vol573.5_Am450_rho10.534,30.0,33.69,573.5,450.0,10.534,4.125876324700014,17.022855446720097,1.7623365300784652,21.246813871349183,41.6714782,38.06666296,3.60481524
F30_y33.69_Vol573.5_Am450_rho10.575,30.0,33.69,573.5,450.0,10.575,4.125876324700014,17.022855446720097,1.7623365300784652,21.246813871349183,41.67147821,38.08252609,3.58895212
F30_y33.69_Vol573.5_Am450_rho10.616,30.0,33.69,573.5,450.0,10.616,4.125876324700014,17.022855446720097,1.7623365300784652,21.246813871349183,41.67147823,38.09818682,3.5732914
F30_y33.69_Vol573.5_Am500_rho10.493,30.0,33.69,573.5,500.0,10.493,4.125876324700014,17.022855446720097,1.7623365300784652,21.246813871349183,41.67147816,38.09203815,3.57944001
F30_y33.69_Vol573.5_Am500_rho10.534,30.0,33.69,573.5,500.0,10.534,4.125876324700014,17.022855446720097,1.7623365300784652,21.246813871349183,41.67147817,38.10794258,3.5635356
F30_y33.69_Vol573.5_Am500_rho10.575,30.0,33.69,573.5,500.0,10.575,4.125876324700014,17.022855446720097,1.7623365300784652,21.246813871349183,41.67147819,38.1237622,3.54771599
F30_y33.69_Vol573.5_Am500_rho10.616,30.0,33.69,573.5,500.0,10.616,4.125876324700014,17.022855446720097,1.7623365300784652,21.246813871349183,41.67147821,38.13957169,3.53190652
F30_y33.69_Vol573.5_Am550_rho10.493,30.0,33.69,573.5,550.0,10.493,4.125876324700014,17.022855446720097,1.7623365300784652,21.246813871349183,41.67147815,38.13670638,3.53477176
F30_y33.69_Vol573.5_Am550_rho10.534,30.0,33.69,573.5,550.0,10.534,4.125876324700014,17.022855446720097,1.7623365300784652,21.246813871349183,41.67147816,38.15269936,3.5187788
F30_y33.69_Vol573.5_Am550_rho10.575,30.0,33.69,573.5,550.0,10.575,4.125876324700014,17.022855446720097,1.7623365300784652,21.246813871349183,41.67147818,38.16859434,3.50288383
F30_y33.69_Vol573.5_Am550_rho10.616,30.0,33.69,573.5,550.0,10.616,4.125876324700014,17.022855446720097,1.7623365300784652,21.246813871349183,41.67147819,38.18440435,3.48707384
F30_y33.69_Vol632.3_Am450_rho10.493,30.0,33.69,632.3,450.0,10.493,4.332225810017513,18.768180468981893,1.5984501027993043,19.27099123077457,40.62332188,36.98570543,3.63761645
F30_y33.69_Vol632.3_Am450_rho10.534,30.0,33.69,632.3,450.0,10.534,4.332225810017513,18.768180468981893,1.5984501027993043,19.27099123077457,40.62332189,36.99461713,3.62870475
F30_y33.69_Vol632.3_Am450_rho10.575,30.0,33.69,632.3,450.0,10.575,4.332225810017513,18.768180468981893,1.5984501027993043,19.27099123077457,40.62332189,37.00368756,3.61963434
F30_y33.69_Vol632.3_Am450_rho10.616,30.0,33.69,632.3,450.0,10.616,4.332225810017513,18.768180468981893,1.5984501027993043,19.27099123077457,40.6233219,37.01255447,3.61076743
F30_y33.69_Vol632.3_Am500_rho10.493,30.0,33.69,632.3,500.0,10.493,4.332225810017513,18.768180468981893,1.5984501027993043,19.27099123077457,40.62332187,37.00500215,3.61831971
F30_y33.69_Vol632.3_Am500_rho10.534,30.0,33.69,632.3,500.0,10.534,4.332225810017513,18.768180468981893,1.5984501027993043,19.27099123077457,40.62332188,37.01413424,3.60918763
F30_y33.69_Vol632.3_Am500_rho10.575,30.0,33.69,632.3,500.0,10.575,4.332225810017513,18.768180468981893,1.5984501027993043,19.27099123077457,40.62332188,37.02340461,3.59991727
F30_y33.69_Vol632.3_Am500_rho10.616,30.0,33.69,632.3,500.0,10.616,4.332225810017513,18.768180468981893,1.5984501027993043,19.27099123077457,40.62332189,37.03268321,3.59063869
F30_y33.69_Vol632.3_Am550_rho10.493,30.0,33.69,632.3,550.0,10.493,4.332225810017513,18.768180468981893,1.5984501027993043,19.27099123077457,40.62332186,37.03071019,3.59261167
F30_y33.69_Vol632.3_Am550_rho10.534,30.0,33.69,632.3,550.0,10.534,4.332225810017513,18.768180468981893,1.5984501027993043,19.27099123077457,40.62332187,37.04004106,3.58328081
F30_y33.69_Vol632.3_Am550_rho10.575,30.0,33.69,632.3,550.0,10.575,4.332225810017513,18.768180468981893,1.5984501027993043,19.27099123077457,40.62332188,37.04949431,3.57382757
F30_y33.69_Vol632.3_Am550_rho10.616,30.0,33.69,632.3,550.0,10.616,4.332225810017513,18.768180468981893,1.5984501027993043,19.27099123077457,40.62332189,37.05898608,3.56433581
F30_y33.69_Vol691.2_Am450_rho10.493,30.0,33.69,691.2,450.0,10.493,4.529511422998895,20.516473731077475,1.462239583333333,17.628830664378988,39.81517747,36.3748952,3.44028226
F30_y33.69_Vol691.2_Am450_rho10.534,30.0,33.69,691.2,450.0,10.534,4.529511422998895,20.516473731077475,1.462239583333333,17.628830664378988,39.81517748,36.38141896,3.43375852
F30_y33.69_Vol691.2_Am450_rho10.575,30.0,33.69,691.2,450.0,10.575,4.529511422998895,20.516473731077475,1.462239583333333,17.628830664378988,39.81517748,36.38796735,3.42721013
F30_y33.69_Vol691.2_Am450_rho10.616,30.0,33.69,691.2,450.0,10.616,4.529511422998895,20.516473731077475,1.462239583333333,17.628830664378988,39.81517749,36.39442844,3.42074905
F30_y33.69_Vol691.2_Am500_rho10.493,30.0,33.69,691.2,500.0,10.493,4.529511422998895,20.516473731077475,1.462239583333333,17.628830664378988,39.81517746,36.38707237,3.42810509
F30_y33.69_Vol691.2_Am500_rho10.534,30.0,33.69,691.2,500.0,10.534,4.529511422998895,20.516473731077475,1.462239583333333,17.628830664378988,39.81517747,36.39358298,3.42159449
F30_y33.69_Vol691.2_Am500_rho10.575,30.0,33.69,691.2,500.0,10.575,4.529511422998895,20.516473731077475,1.462239583333333,17.628830664378988,39.81517748,36.40001186,3.41516562
F30_y33.69_Vol691.2_Am500_rho10.616,30.0,33.69,691.2,500.0,10.616,4.529511422998895,20.516473731077475,1.462239583333333,17.628830664378988,39.81517748,36.40640403,3.40877346
F30_y33.69_Vol691.2_Am550_rho10.493,30.0,33.69,691.2,550.0,10.493,4.529511422998895,20.516473731077475,1.462239583333333,17.628830664378988,39.81517746,36.40248476,3.4126927
F30_y33.69_Vol691.2_Am550_rho10.534,30.0,33.69,691.2,550.0,10.534,4.529511422998895,20.516473731077475,1.462239583333333,17.628830664378988,39.81517746,36.40900215,3.40617532
F30_y33.69_Vol691.2_Am550_rho10.575,30.0,33.69,691.2,550.0,10.575,4.529511422998895,20.516473731077475,1.462239583333333,17.628830664378988,39.81517747,36.41554868,3.39962879
F30_y33.69_Vol691.2_Am550_rho10.616,30.0,33.69,691.2,550.0,10.616,4.529511422998895,20.516473731077475,1.462239583333333,17.628830664378988,39.81517748,36.42199179,3.39318569
F30_y33.69_Vol738.0_Am450_rho10.493,30.0,33.69,738.0,450.0,10.493,4.680342933299422,21.90560997328584,1.3695121951219513,16.510904817369592,39.29546707,35.9937923,3.30167477
F30_y33.69_Vol738.0_Am450_rho10.534,30.0,33.69,738.0,450.0,10.534,4.680342933299422,21.90560997328584,1.3695121951219513,16.510904817369592,39.29546707,36.0008908,3.29457627
F30_y33.69_Vol738.0_Am450_rho10.575,30.0,33.69,738.0,450.0,10.575,4.680342933299422,21.90560997328584,1.3695121951219513,16.510904817369592,39.29546708,36.00792908,3.287538
F30_y33.69_Vol738.0_Am450_rho10.616,30.0,33.69,738.0,450.0,10.616,4.680342933299422,21.90560997328584,1.3695121951219513,16.510904817369592,39.29546709,36.01484244,3.28062465
F30_y33.69_Vol738.0_Am500_rho10.493,30.0,33.69,738.0,500.0,10.493,4.680342933299422,21.90560997328584,1.3695121951219513,16.510904817369592,39.29546706,36.0080813,3.28738577
F30_y33.69_Vol738.0_Am500_rho10.534,30.0,33.69,738.0,500.0,10.534,4.680342933299422,21.90560997328584,1.3695121951219513,16.510904817369592,39.29546707,36.01507083,3.28039624
F30_y33.69_Vol738.0_Am500_rho10.575,30.0,33.69,738.0,500.0,10.575,4.680342933299422,21.90560997328584,1.3695121951219513,16.510904817369592,39.29546708,36.02188392,3.27358315
F30_y33.69_Vol738.0_Am500_rho10.616,30.0,33.69,738.0,500.0,10.616,4.680342933299422,21.90560997328584,1.3695121951219513,16.510904817369592,39.29546708,36.0286339,3.26683318
F30_y33.69_Vol738.0_Am550_rho10.493,30.0,33.69,738.0,550.0,10.493,4.680342933299422,21.90560997328584,1.3695121951219513,16.510904817369592,39.29546706,36.02274879,3.27271827
F30_y33.69_Vol738.0_Am550_rho10.534,30.0,33.69,738.0,550.0,10.534,4.680342933299422,21.90560997328584,1.3695121951219513,16.510904817369592,39.29546707,36.02948978,3.26597729
F30_y33.69_Vol738.0_Am550_rho10.575,30.0,33.69,738.0,550.0,10.575,4.680342933299422,21.90560997328584,1.3695121951219513,16.510904817369592,39.29546707,36.03616207,3.259305
F30_y33.69_Vol738.0_Am550_rho10.616,30.0,33.69,738.0,550.0,10.616,4.680342933299422,21.90560997328584,1.3695121951219513,16.510904817369592,39.29546708,36.04270712,3.25275995
F30_y34.19_Vol421.6_Am450_rho10.493,30.0,34.19,421.6,450.0,10.493,3.5115653151080175,12.331090962269672,2.432874762808349,29.330855018587357,47.57882568,45.57089936,2.00792632
F30_y34.19_Vol421.6_Am450_rho10.534,30.0,34.19,421.6,450.0,10.534,3.5115653151080175,12.331090962269672,2.432874762808349,29.330855018587357,47.57882573,45.57740949,2.00141624
F30_y34.19_Vol421.6_Am450_rho10.575,30.0,34.19,421.6,450.0,10.575,3.5115653151080175,12.331090962269672,2.432874762808349,29.330855018587357,47.57882578,45.58374869,1.9950771
F30_y34.19_Vol421.6_Am450_rho10.616,30.0,34.19,421.6,450.0,10.616,3.5115653151080175,12.331090962269672,2.432874762808349,29.330855018587357,47.57882583,45.58994173,1.9888841
F30_y34.19_Vol421.6_Am500_rho10.493,30.0,34.19,421.6,500.0,10.493,3.5115653151080175,12.331090962269672,2.432874762808349,29.330855018587357,47.57882564,45.5961794,1.98264624
F30_y34.19_Vol421.6_Am500_rho10.534,30.0,34.19,421.6,500.0,10.534,3.5115653151080175,12.331090962269672,2.432874762808349,29.330855018587357,47.57882569,45.60218819,1.9766375
F30_y34.19_Vol421.6_Am500_rho10.575,30.0,34.19,421.6,500.0,10.575,3.5115653151080175,12.331090962269672,2.432874762808349,29.330855018587357,47.57882574,45.60804008,1.97078566
F30_y34.19_Vol421.6_Am500_rho10.616,30.0,34.19,421.6,500.0,10.616,3.5115653151080175,12.331090962269672,2.432874762808349,29.330855018587357,47.57882579,45.61385546,1.96497033
F30_y34.19_Vol421.6_Am550_rho10.493,30.0,34.19,421.6,550.0,10.493,3.5115653151080175,12.331090962269672,2.432874762808349,29.330855018587357,47.57882562,45.61634939,1.96247623
F30_y34.19_Vol421.6_Am550_rho10.534,30.0,34.19,421.6,550.0,10.534,3.5115653151080175,12.331090962269672,2.432874762808349,29.330855018587357,47.57882567,45.62182848,1.95699719
F30_y34.19_Vol421.6_Am550_rho10.575,30.0,34.19,421.6,550.0,10.575,3.5115653151080175,12.331090962269672,2.432874762808349,29.330855018587357,47.57882572,45.62725152,1.9515742
F30_y34.19_Vol421.6_Am550_rho10.616,30.0,34.19,421.6,550.0,10.616,3.5115653151080175,12.331090962269672,2.432874762808349,29.330855018587357,47.57882577,45.6325149,1.94631087
F30_y34.19_Vol455.9_Am450_rho10.493,30.0,34.19,455.9,450.0,10.493,3.651617213957955,13.334308277274056,2.2498354902390876,27.124124755070042,45.99301315,43.83515666,2.15785649
F30_y34.19_Vol455.9_Am450_rho10.534,30.0,34.19,455.9,450.0,10.534,3.651617213957955,13.334308277274056,2.2498354902390876,27.124124755070042,45.99301318,43.84520058,2.1478126
F30_y34.19_Vol455.9_Am450_rho10.575,30.0,34.19,455.9,450.0,10.575,3.651617213957955,13.334308277274056,2.2498354902390876,27.124124755070042,45.99301321,43.85505678,2.13795643
F30_y34.19_Vol455.9_Am450_rho10.616,30.0,34.19,455.9,450.0,10.616,3.651617213957955,13.334308277274056,2.2498354902390876,27.124124755070042,45.99301325,43.86481258,2.12820068
F30_y34.19_Vol455.9_Am500_rho10.493,30.0,34.19,455.9,500.0,10.493,3.651617213957955,13.334308277274056,2.2498354902390876,27.124124755070042,45.99301311,43.87416935,2.11884376
F30_y34.19_Vol455.9_Am500_rho10.534,30.0,34.19,455.9,500.0,10.534,3.651617213957955,13.334308277274056,2.2498354902390876,27.124124755070042,45.99301314,43.88389746,2.10911568
F30_y34.19_Vol455.9_Am500_rho10.575,30.0,34.19,455.9,500.0,10.575,3.651617213957955,13.334308277274056,2.2498354902390876,27.124124755070042,45.99301318,43.89354343,2.09946975
F30_y34.19_Vol455.9_Am500_rho10.616,30.0,34.19,455.9,500.0,10.616,3.651617213957955,13.334308277274056,2.2498354902390876,27.124124755070042,45.9930132,43.90301465,2.08999856
F30_y34.19_Vol455.9_Am550_rho10.493,30.0,34.19,455.9,550.0,10.493,3.651617213957955,13.334308277274056,2.2498354902390876,27.124124755070042,45.99301309,43.91059453,2.08241856
F30_y34.19_Vol455.9_Am550_rho10.534,30.0,34.19,455.9,550.0,10.534,3.651617213957955,13.334308277274056,2.2498354902390876,27.124124755070042,45.99301312,43.91999666,2.07301647
F30_y34.19_Vol455.9_Am550_rho10.575,30.0,34.19,455.9,550.0,10.575,3.651617213957955,13.334308277274056,2.2498354902390876,27.124124755070042,45.99301316,43.92926984,2.06374332
F30_y34.19_Vol455.9_Am550_rho10.616,30.0,34.19,455.9,550.0,10.616,3.651617213957955,13.334308277274056,2.2498354902390876,27.124124755070042,45.99301319,43.93847397,2.05453921
F30_y34.19_Vol514.7_Am450_rho10.493,30.0,34.19,514.7,450.0,10.493,3.8799625499107786,15.05410938871015,1.9928113464153874,24.025429329388828,43.93883361,41.1736831,2.76515051
F30_y34.19_Vol514.7_Am450_rho10.534,30.0,34.19,514.7,450.0,10.534,3.8799625499107786,15.05410938871015,1.9928113464153874,24.025429329388828,43.93883364,41.19065779,2.74817585
F30_y34.19_Vol514.7_Am450_rho10.575,30.0,34.19,514.7,450.0,10.575,3.8799625499107786,15.05410938871015,1.9928113464153874,24.025429329388828,43.93883366,41.20762729,2.73120637
F30_y34.19_Vol514.7_Am450_rho10.616,30.0,34.19,514.7,450.0,10.616,3.8799625499107786,15.05410938871015,1.9928113464153874,24.025429329388828,43.93883369,41.22434176,2.71449193
F30_y34.19_Vol514.7_Am500_rho10.493,30.0,34.19,514.7,500.0,10.493,3.8799625499107786,15.05410938871015,1.9928113464153874,24.025429329388828,43.93883357,41.23121914,2.70761443
F30_y34.19_Vol514.7_Am500_rho10.534,30.0,34.19,514.7,500.0,10.534,3.8799625499107786,15.05410938871015,1.9928113464153874,24.025429329388828,43.9388336,41.24800704,2.69082656
F30_y34.19_Vol514.7_Am500_rho10.575,30.0,34.19,514.7,500.0,10.575,3.8799625499107786,15.05410938871015,1.9928113464153874,24.025429329388828,43.93883363,41.26448499,2.67434864
F30_y34.19_Vol514.7_Am500_rho10.616,30.0,34.19,514.7,500.0,10.616,3.8799625499107786,15.05410938871015,1.9928113464153874,24.025429329388828,43.93883365,41.2809291,2.65790455
F30_y34.19_Vol514.7_Am550_rho10.493,30.0,34.19,514.7,550.0,10.493,3.8799625499107786,15.05410938871015,1.9928113464153874,24.025429329388828,43.93883355,41.28832491,2.65050864
F30_y34.19_Vol514.7_Am550_rho10.534,30.0,34.19,514.7,550.0,10.534,3.8799625499107786,15.05410938871015,1.9928113464153874,24.025429329388828,43.93883358,41.30468937,2.63414421
F30_y34.19_Vol514.7_Am550_rho10.575,30.0,34.19,514.7,550.0,10.575,3.8799625499107786,15.05410938871015,1.9928113464153874,24.025429329388828,43.93883361,41.32084488,2.61798873
F30_y34.19_Vol514.7_Am550_rho10.616,30.0,34.19,514.7,550.0,10.616,3.8799625499107786,15.05410938871015,1.9928113464153874,24.025429329388828,43.93883363,41.33688192,2.60195171
F30_y34.19_Vol573.5_Am450_rho10.493,30.0,34.19,573.5,450.0,10.493,4.095596476723048,16.773910500146243,1.7884917175239754,21.562142067718273,42.46788003,39.03319739,3.43468264
F30_y34.19_Vol573.5_Am450_rho10.534,30.0,34.19,573.5,450.0,10.534,4.095596476723048,16.773910500146243,1.7884917175239754,21.562142067718273,42.46788005,39.05134388,3.41653617
F30_y34.19_Vol573.5_Am450_rho10.575,30.0,34.19,573.5,450.0,10.575,4.095596476723048,16.773910500146243,1.7884917175239754,21.562142067718273,42.46788007,39.06938128,3.39849879
F30_y34.19_Vol573.5_Am450_rho10.616,30.0,34.19,573.5,450.0,10.616,4.095596476723048,16.773910500146243,1.7884917175239754,21.562142067718273,42.46788009,39.08740442,3.38047567
F30_y34.19_Vol573.5_Am500_rho10.493,30.0,34.19,573.5,500.0,10.493,4.095596476723048,16.773910500146243,1.7884917175239754,21.562142067718273,42.46788001,39.08564483,3.38223517
F30_y34.19_Vol573.5_Am500_rho10.534,30.0,34.19,573.5,500.0,10.534,4.095596476723048,16.773910500146243,1.7884917175239754,21.562142067718273,42.46788003,39.10376755,3.36411248
F30_y34.19_Vol573.5_Am500_rho10.575,30.0,34.19,573.5,500.0,10.575,4.095596476723048,16.773910500146243,1.7884917175239754,21.562142067718273,42.46788005,39.12168487,3.34619517
F30_y34.19_Vol573.5_Am500_rho10.616,30.0,34.19,573.5,500.0,10.616,4.095596476723048,16.773910500146243,1.7884917175239754,21.562142067718273,42.46788007,39.13948493,3.32839513
F30_y34.19_Vol573.5_Am550_rho10.493,30.0,34.19,573.5,550.0,10.493,4.095596476723048,16.773910500146243,1.7884917175239754,21.562142067718273,42.46787999,39.14065274,3.32722725
F30_y34.19_Vol573.5_Am550_rho10.534,30.0,34.19,573.5,550.0,10.534,4.095596476723048,16.773910500146243,1.7884917175239754,21.562142067718273,42.46788001,39.15859203,3.30928799
F30_y34.19_Vol573.5_Am550_rho10.575,30.0,34.19,573.5,550.0,10.575,4.095596476723048,16.773910500146243,1.7884917175239754,21.562142067718273,42.46788003,39.17650949,3.29137055
F30_y34.19_Vol573.5_Am550_rho10.616,30.0,34.19,573.5,550.0,10.616,4.095596476723048,16.773910500146243,1.7884917175239754,21.562142067718273,42.46788005,39.19428132,3.27359873
F30_y34.19_Vol632.3_Am450_rho10.493,30.0,34.19,632.3,450.0,10.493,4.30043156108574,18.493711611582334,1.6221730191364858,19.55699584981248,41.37485243,37.72587526,3.64897718
F30_y34.19_Vol632.3_Am450_rho10.534,30.0,34.19,632.3,450.0,10.534,4.30043156108574,18.493711611582334,1.6221730191364858,19.55699584981248,41.37485245,37.73745352,3.63739893
F30_y34.19_Vol632.3_Am450_rho10.575,30.0,34.19,632.3,450.0,10.575,4.30043156108574,18.493711611582334,1.6221730191364858,19.55699584981248,41.37485246,37.74908111,3.62577135
F30_y34.19_Vol632.3_Am450_rho10.616,30.0,34.19,632.3,450.0,10.616,4.30043156108574,18.493711611582334,1.6221730191364858,19.55699584981248,41.37485247,37.76064342,3.61420905
F30_y34.19_Vol632.3_Am500_rho10.493,30.0,34.19,632.3,500.0,10.493,4.30043156108574,18.493711611582334,1.6221730191364858,19.55699584981248,41.37485242,37.75538104,3.61947138
F30_y34.19_Vol632.3_Am500_rho10.534,30.0,34.19,632.3,500.0,10.534,4.30043156108574,18.493711611582334,1.6221730191364858,19.55699584981248,41.37485243,37.76719472,3.60765771
F30_y34.19_Vol632.3_Am500_rho10.575,30.0,34.19,632.3,500.0,10.575,4.30043156108574,18.493711611582334,1.6221730191364858,19.55699584981248,41.37485244,37.77901027,3.59584217
F30_y34.19_Vol632.3_Am500_rho10.616,30.0,34.19,632.3,500.0,10.616,4.30043156108574,18.493711611582334,1.6221730191364858,19.55699584981248,41.37485245,37.79083616,3.5840163
F30_y34.19_Vol632.3_Am550_rho10.493,30.0,34.19,632.3,550.0,10.493,4.30043156108574,18.493711611582334,1.6221730191364858,19.55699584981248,41.37485241,37.79025318,3.58459924
F30_y34.19_Vol632.3_Am550_rho10.534,30.0,34.19,632.3,550.0,10.534,4.30043156108574,18.493711611582334,1.6221730191364858,19.55699584981248,41.37485243,37.80220785,3.57264458
F30_y34.19_Vol632.3_Am550_rho10.575,30.0,34.19,632.3,550.0,10.575,4.30043156108574,18.493711611582334,1.6221730191364858,19.55699584981248,41.37485244,37.8141995,3.56065294
F30_y34.19_Vol632.3_Am550_rho10.616,30.0,34.19,632.3,550.0,10.616,4.30043156108574,18.493711611582334,1.6221730191364858,19.55699584981248,41.37485245,37.82625396,3.54859849
F30_y34.19_Vol691.2_Am450_rho10.493,30.0,34.19,691.2,450.0,10.493,4.496269292962845,20.2164375548406,1.483940972222222,17.890463651383726,40.53304865,37.02891187,3.50413679
F30_y34.19_Vol691.2_Am450_rho10.534,30.0,34.19,691.2,450.0,10.534,4.496269292962845,20.2164375548406,1.483940972222222,17.890463651383726,40.53304866,37.03556968,3.49747899
F30_y34.19_Vol691.2_Am450_rho10.575,30.0,34.19,691.2,450.0,10.575,4.496269292962845,20.2164375548406,1.483940972222222,17.890463651383726,40.53304868,37.04238904,3.49065964
F30_y34.19_Vol691.2_Am450_rho10.616,30.0,34.19,691.2,450.0,10.616,4.496269292962845,20.2164375548406,1.483940972222222,17.890463651383726,40.53304868,37.37571108,3.15733761
F30_y34.19_Vol691.2_Am500_rho10.493,30.0,34.19,691.2,500.0,10.493,4.496269292962845,20.2164375548406,1.483940972222222,17.890463651383726,40.53304865,37.04221676,3.49083189
F30_y34.19_Vol691.2_Am500_rho10.534,30.0,34.19,691.2,500.0,10.534,4.496269292962845,20.2164375548406,1.483940972222222,17.890463651383726,40.53304866,37.04909798,3.48395067
F30_y34.19_Vol691.2_Am500_rho10.575,30.0,34.19,691.2,500.0,10.575,4.496269292962845,20.2164375548406,1.483940972222222,17.890463651383726,40.53304867,37.05602493,3.47702374
F30_y34.19_Vol691.2_Am500_rho10.616,30.0,34.19,691.2,500.0,10.616,4.496269292962845,20.2164375548406,1.483940972222222,17.890463651383726,40.53304868,37.06289075,3.47015793
F30_y34.19_Vol691.2_Am550_rho10.493,30.0,34.19,691.2,550.0,10.493,4.496269292962845,20.2164375548406,1.483940972222222,17.890463651383726,40.53304864,37.06036604,3.4726826
F30_y34.19_Vol691.2_Am550_rho10.534,30.0,34.19,691.2,550.0,10.534,4.496269292962845,20.2164375548406,1.483940972222222,17.890463651383726,40.53304865,37.06735699,3.46569166
F30_y34.19_Vol691.2_Am550_rho10.575,30.0,34.19,691.2,550.0,10.575,4.496269292962845,20.2164375548406,1.483940972222222,17.890463651383726,40.53304866,37.0744338,3.45861486
F30_y34.19_Vol691.2_Am550_rho10.616,30.0,34.19,691.2,550.0,10.616,4.496269292962845,20.2164375548406,1.483940972222222,17.890463651383726,40.53304867,37.08155977,3.4514889
F30_y34.19_Vol738.0_Am450_rho10.493,30.0,34.19,738.0,450.0,10.493,4.6459938492873905,21.585258847616263,1.3898373983739836,16.755946444222804,39.99221371,36.65022134,3.34199236
F30_y34.19_Vol738.0_Am450_rho10.534,30.0,34.19,738.0,450.0,10.534,4.6459938492873905,21.585258847616263,1.3898373983739836,16.755946444222804,39.99221372,36.65634338,3.33587034
F30_y34.19_Vol738.0_Am450_rho10.575,30.0,34.19,738.0,450.0,10.575,4.6459938492873905,21.585258847616263,1.3898373983739836,16.755946444222804,39.99221372,36.66233631,3.32987741
F30_y34.19_Vol738.0_Am450_rho10.616,30.0,34.19,738.0,450.0,10.616,4.6459938492873905,21.585258847616263,1.3898373983739836,16.755946444222804,39.99221373,36.66837355,3.32384018
F30_y34.19_Vol738.0_Am500_rho10.493,30.0,34.19,738.0,500.0,10.493,4.6459938492873905,21.585258847616263,1.3898373983739836,16.755946444222804,39.9922137,36.66173142,3.33048229
F30_y34.19_Vol738.0_Am500_rho10.534,30.0,34.19,738.0,500.0,10.534,4.6459938492873905,21.585258847616263,1.3898373983739836,16.755946444222804,39.99221371,38.56307767,1.42913604
F30_y34.19_Vol738.0_Am500_rho10.575,30.0,34.19,738.0,500.0,10.575,4.6459938492873905,21.585258847616263,1.3898373983739836,16.755946444222804,39.99221372,36.67362547,3.31858825
F30_y34.19_Vol738.0_Am500_rho10.616,30.0,34.19,738.0,500.0,10.616,4.6459938492873905,21.585258847616263,1.3898373983739836,16.755946444222804,39.99221373,36.67956165,3.31265207
F30_y34.19_Vol738.0_Am550_rho10.493,30.0,34.19,738.0,550.0,10.493,4.6459938492873905,21.585258847616263,1.3898373983739836,16.755946444222804,39.9922137,36.67484841,3.31736529
F30_y34.19_Vol738.0_Am550_rho10.534,30.0,34.19,738.0,550.0,10.534,4.6459938492873905,21.585258847616263,1.3898373983739836,16.755946444222804,39.99221371,36.68085469,3.31135902
F30_y34.19_Vol738.0_Am550_rho10.575,30.0,34.19,738.0,550.0,10.575,4.6459938492873905,21.585258847616263,1.3898373983739836,16.755946444222804,39.99221371,36.68679666,3.30541705
F30_y34.19_Vol738.0_Am550_rho10.616,30.0,34.19,738.0,550.0,10.616,4.6459938492873905,21.585258847616263,1.3898373983739836,16.755946444222804,39.99221372,36.69268648,3.29952724
F30_y34.97_Vol421.6_Am450_rho10.493,30.0,34.97,421.6,450.0,10.493,3.4721820288081315,12.056048041178153,2.4883776091081593,30.0,49.17198128,47.17737912,1.99460216
F30_y34.97_Vol421.6_Am450_rho10.534,30.0,34.97,421.6,450.0,10.534,3.4721820288081315,12.056048041178153,2.4883776091081593,30.0,49.17198134,47.18145125,1.9905301
F30_y34.97_Vol421.6_Am450_rho10.575,30.0,34.97,421.6,450.0,10.575,3.4721820288081315,12.056048041178153,2.4883776091081593,30.0,49.17198142,47.18544415,1.98653728
F30_y34.97_Vol421.6_Am450_rho10.616,30.0,34.97,421.6,450.0,10.616,3.4721820288081315,12.056048041178153,2.4883776091081593,30.0,49.1719815,47.18942703,1.98255447
F30_y34.97_Vol421.6_Am500_rho10.493,30.0,34.97,421.6,500.0,10.493,3.4721820288081315,12.056048041178153,2.4883776091081593,30.0,49.17198125,47.18152146,1.99045978
F30_y34.97_Vol421.6_Am500_rho10.534,30.0,34.97,421.6,500.0,10.534,3.4721820288081315,12.056048041178153,2.4883776091081593,30.0,49.17198129,47.18525778,1.98672351
F30_y34.97_Vol421.6_Am500_rho10.575,30.0,34.97,421.6,500.0,10.575,3.4721820288081315,12.056048041178153,2.4883776091081593,30.0,49.17198136,47.18899682,1.98298454
F30_y34.97_Vol421.6_Am500_rho10.616,30.0,34.97,421.6,500.0,10.616,3.4721820288081315,12.056048041178153,2.4883776091081593,30.0,49.17198144,47.19268292,1.97929852
F30_y34.97_Vol421.6_Am550_rho10.493,30.0,34.97,421.6,550.0,10.493,3.4721820288081315,12.056048041178153,2.4883776091081593,30.0,49.17198124,47.18487049,1.98711075
F30_y34.97_Vol421.6_Am550_rho10.534,30.0,34.97,421.6,550.0,10.534,3.4721820288081315,12.056048041178153,2.4883776091081593,30.0,49.17198129,47.18849863,1.98348266
F30_y34.97_Vol421.6_Am550_rho10.575,30.0,34.97,421.6,550.0,10.575,3.4721820288081315,12.056048041178153,2.4883776091081593,30.0,49.17198134,47.19211058,1.97987076
F30_y34.97_Vol421.6_Am550_rho10.616,30.0,34.97,421.6,550.0,10.616,3.4721820288081315,12.056048041178153,2.4883776091081593,30.0,49.17198142,47.19573901,1.97624241
F30_y34.97_Vol455.9_Am450_rho10.493,30.0,34.97,455.9,450.0,10.493,3.610663202487297,13.036888761795824,2.301162535643782,27.742926080280768,47.48781752,45.4856202,2.00219732
F30_y34.97_Vol455.9_Am450_rho10.534,30.0,34.97,455.9,450.0,10.534,3.610663202487297,13.036888761795824,2.301162535643782,27.742926080280768,47.48781757,45.49256047,1.9952571
F30_y34.97_Vol455.9_Am450_rho10.575,30.0,34.97,455.9,450.0,10.575,3.610663202487297,13.036888761795824,2.301162535643782,27.742926080280768,47.48781762,45.49938608,1.98843155
F30_y34.97_Vol455.9_Am450_rho10.616,30.0,34.97,455.9,450.0,10.616,3.610663202487297,13.036888761795824,2.301162535643782,27.742926080280768,47.48781767,45.50603168,1.98178599
F30_y34.97_Vol455.9_Am500_rho10.493,30.0,34.97,455.9,500.0,10.493,3.610663202487297,13.036888761795824,2.301162535643782,27.742926080280768,47.48781746,45.51350242,1.97431504
F30_y34.97_Vol455.9_Am500_rho10.534,30.0,34.97,455.9,500.0,10.534,3.610663202487297,13.036888761795824,2.301162535643782,27.742926080280768,47.48781752,45.52003725,1.96778027
F30_y34.97_Vol455.9_Am500_rho10.575,30.0,34.97,455.9,500.0,10.575,3.610663202487297,13.036888761795824,2.301162535643782,27.742926080280768,47.48781757,45.52637763,1.96143994
F30_y34.97_Vol455.9_Am500_rho10.616,30.0,34.97,455.9,500.0,10.616,3.610663202487297,13.036888761795824,2.301162535643782,27.742926080280768,47.48781762,45.5325618,1.95525583
F30_y34.97_Vol455.9_Am550_rho10.493,30.0,34.97,455.9,550.0,10.493,3.610663202487297,13.036888761795824,2.301162535643782,27.742926080280768,47.48781744,45.53663136,1.95118608
F30_y34.97_Vol455.9_Am550_rho10.534,30.0,34.97,455.9,550.0,10.534,3.610663202487297,13.036888761795824,2.301162535643782,27.742926080280768,47.48781749,45.5426277,1.94518979
F30_y34.97_Vol455.9_Am550_rho10.575,30.0,34.97,455.9,550.0,10.575,3.610663202487297,13.036888761795824,2.301162535643782,27.742926080280768,47.48781755,45.54849318,1.93932437
F30_y34.97_Vol455.9_Am550_rho10.616,30.0,34.97,455.9,550.0,10.616,3.610663202487297,13.036888761795824,2.301162535643782,27.742926080280768,47.4878176,45.55422767,1.93358993
F30_y34.97_Vol514.7_Am450_rho10.493,30.0,34.97,514.7,450.0,10.493,3.8364475751846796,14.718329997140408,2.038274723139693,24.57353798329124,45.29620912,42.93162181,2.36458731
F30_y34.97_Vol514.7_Am450_rho10.534,30.0,34.97,514.7,450.0,10.534,3.8364475751846796,14.718329997140408,2.038274723139693,24.57353798329124,45.29620914,42.94558219,2.35062695
F30_y34.97_Vol514.7_Am450_rho10.575,30.0,34.97,514.7,450.0,10.575,3.8364475751846796,14.718329997140408,2.038274723139693,24.57353798329124,45.29620917,42.95936266,2.33684651
F30_y34.97_Vol514.7_Am450_rho10.616,30.0,34.97,514.7,450.0,10.616,3.8364475751846796,14.718329997140408,2.038274723139693,24.57353798329124,45.2962092,42.97297842,2.32323078
F30_y34.97_Vol514.7_Am500_rho10.493,30.0,34.97,514.7,500.0,10.493,3.8364475751846796,14.718329997140408,2.038274723139693,24.57353798329124,45.29620908,42.98337802,2.31283106
F30_y34.97_Vol514.7_Am500_rho10.534,30.0,34.97,514.7,500.0,10.534,3.8364475751846796,14.718329997140408,2.038274723139693,24.57353798329124,45.29620911,42.9969251,2.29928401
F30_y34.97_Vol514.7_Am500_rho10.575,30.0,34.97,514.7,500.0,10.575,3.8364475751846796,14.718329997140408,2.038274723139693,24.57353798329124,45.29620913,43.01031074,2.28589839
F30_y34.97_Vol514.7_Am500_rho10.616,30.0,34.97,514.7,500.0,10.616,3.8364475751846796,14.718329997140408,2.038274723139693,24.57353798329124,45.29620916,43.02349746,2.2727117
F30_y34.97_Vol514.7_Am550_rho10.493,30.0,34.97,514.7,550.0,10.493,3.8364475751846796,14.718329997140408,2.038274723139693,24.57353798329124,45.29620906,43.03264917,2.2635599
F30_y34.97_Vol514.7_Am550_rho10.534,30.0,34.97,514.7,550.0,10.534,3.8364475751846796,14.718329997140408,2.038274723139693,24.57353798329124,45.29620909,43.04576904,2.25044005
F30_y34.97_Vol514.7_Am550_rho10.575,30.0,34.97,514.7,550.0,10.575,3.8364475751846796,14.718329997140408,2.038274723139693,24.57353798329124,45.29620912,43.05865936,2.23754976
F30_y34.97_Vol514.7_Am550_rho10.616,30.0,34.97,514.7,550.0,10.616,3.8364475751846796,14.718329997140408,2.038274723139693,24.57353798329124,45.29620914,43.07135031,2.22485883
F30_y34.97_Vol573.5_Am450_rho10.493,30.0,34.97,573.5,450.0,10.493,4.049663101109151,16.399771232484987,1.8292938099389713,22.054054054054056,43.72539217,40.69582444,3.02956774
F30_y34.97_Vol573.5_Am450_rho10.534,30.0,34.97,573.5,450.0,10.534,4.049663101109151,16.399771232484987,1.8292938099389713,22.054054054054056,43.72539219,40.71458649,3.0108057
F30_y34.97_Vol573.5_Am450_rho10.575,30.0,34.97,573.5,450.0,10.575,4.049663101109151,16.399771232484987,1.8292938099389713,22.054054054054056,43.72539221,40.73320329,2.99218891
F30_y34.97_Vol573.5_Am450_rho10.616,30.0,34.97,573.5,450.0,10.616,4.049663101109151,16.399771232484987,1.8292938099389713,22.054054054054056,43.72539223,40.75171373,2.9736785
F30_y34.97_Vol573.5_Am500_rho10.493,30.0,34.97,573.5,500.0,10.493,4.049663101109151,16.399771232484987,1.8292938099389713,22.054054054054056,43.72539215,40.75776177,2.96763038
F30_y34.97_Vol573.5_Am500_rho10.534,30.0,34.97,573.5,500.0,10.534,4.049663101109151,16.399771232484987,1.8292938099389713,22.054054054054056,43.72539217,40.77632793,2.94906424
F30_y34.97_Vol573.5_Am500_rho10.575,30.0,34.97,573.5,500.0,10.575,4.049663101109151,16.399771232484987,1.8292938099389713,22.054054054054056,43.72539218,40.79472845,2.93066374
F30_y34.97_Vol573.5_Am500_rho10.616,30.0,34.97,573.5,500.0,10.616,4.049663101109151,16.399771232484987,1.8292938099389713,22.054054054054056,43.7253922,40.8129845,2.9124077
F30_y34.97_Vol573.5_Am550_rho10.493,30.0,34.97,573.5,550.0,10.493,4.049663101109151,16.399771232484987,1.8292938099389713,22.054054054054056,43.72539214,40.82120772,2.90418441
F30_y34.97_Vol573.5_Am550_rho10.534,30.0,34.97,573.5,550.0,10.534,4.049663101109151,16.399771232484987,1.8292938099389713,22.054054054054056,43.72539215,40.83951348,2.88587867
F30_y34.97_Vol573.5_Am550_rho10.575,30.0,34.97,573.5,550.0,10.575,4.049663101109151,16.399771232484987,1.8292938099389713,22.054054054054056,43.72539217,40.85768668,2.86770549
F30_y34.97_Vol573.5_Am550_rho10.616,30.0,34.97,573.5,550.0,10.616,4.049663101109151,16.399771232484987,1.8292938099389713,22.054054054054056,43.72539219,40.87578648,2.84960571
F30_y34.97_Vol632.3_Am450_rho10.493,30.0,34.97,632.3,450.0,10.493,4.252200896927327,18.081212467829566,1.6591807686224895,20.003163055511628,42.55955452,39.03917276,3.52038176
F30_y34.97_Vol632.3_Am450_rho10.534,30.0,34.97,632.3,450.0,10.534,4.252200896927327,18.081212467829566,1.6591807686224895,20.003163055511628,42.55955454,39.05515334,3.5044012
F30_y34.97_Vol632.3_Am450_rho10.575,30.0,34.97,632.3,450.0,10.575,4.252200896927327,18.081212467829566,1.6591807686224895,20.003163055511628,42.55955456,39.07117621,3.48837836
F30_y34.97_Vol632.3_Am450_rho10.616,30.0,34.97,632.3,450.0,10.616,4.252200896927327,18.081212467829566,1.6591807686224895,20.003163055511628,42.55955458,39.08708431,3.47247027
F30_y34.97_Vol632.3_Am500_rho10.493,30.0,34.97,632.3,500.0,10.493,4.252200896927327,18.081212467829566,1.6591807686224895,20.003163055511628,42.5595545,39.08499003,3.47456447
F30_y34.97_Vol632.3_Am500_rho10.534,30.0,34.97,632.3,500.0,10.534,4.252200896927327,18.081212467829566,1.6591807686224895,20.003163055511628,42.55955452,39.10113626,3.45841826
F30_y34.97_Vol632.3_Am500_rho10.575,30.0,34.97,632.3,500.0,10.575,4.252200896927327,18.081212467829566,1.6591807686224895,20.003163055511628,42.55955454,39.11719435,3.44236019
F30_y34.97_Vol632.3_Am500_rho10.616,30.0,34.97,632.3,500.0,10.616,4.252200896927327,18.081212467829566,1.6591807686224895,20.003163055511628,42.55955456,39.13321416,3.4263404
F30_y34.97_Vol632.3_Am550_rho10.493,30.0,34.97,632.3,550.0,10.493,4.252200896927327,18.081212467829566,1.6591807686224895,20.003163055511628,42.55955449,39.13519705,3.42435744
F30_y34.97_Vol632.3_Am550_rho10.534,30.0,34.97,632.3,550.0,10.534,4.252200896927327,18.081212467829566,1.6591807686224895,20.003163055511628,42.55955451,39.15133027,3.40822424
F30_y34.97_Vol632.3_Am550_rho10.575,30.0,34.97,632.3,550.0,10.575,4.252200896927327,18.081212467829566,1.6591807686224895,20.003163055511628,42.55955453,39.16733614,3.39221839
F30_y34.97_Vol632.3_Am550_rho10.616,30.0,34.97,632.3,550.0,10.616,4.252200896927327,18.081212467829566,1.6591807686224895,20.003163055511628,42.55955455,39.18341843,3.37613612
F30_y34.97_Vol691.2_Am450_rho10.493,30.0,34.97,691.2,450.0,10.493,4.445842248338532,19.765513297111813,1.5177951388888886,18.298611111111107,41.66316444,38.07816347,3.58500097
F30_y34.97_Vol691.2_Am450_rho10.534,30.0,34.97,691.2,450.0,10.534,4.445842248338532,19.765513297111813,1.5177951388888886,18.298611111111107,41.66316445,38.08781409,3.57535036
F30_y34.97_Vol691.2_Am450_rho10.575,30.0,34.97,691.2,450.0,10.575,4.445842248338532,19.765513297111813,1.5177951388888886,18.298611111111107,41.66316446,38.09731787,3.56584659
F30_y34.97_Vol691.2_Am450_rho10.616,30.0,34.97,691.2,450.0,10.616,4.445842248338532,19.765513297111813,1.5177951388888886,18.298611111111107,41.66316447,39.49987104,2.16329343
F30_y34.97_Vol691.2_Am500_rho10.493,30.0,34.97,691.2,500.0,10.493,4.445842248338532,19.765513297111813,1.5177951388888886,18.298611111111107,41.66316443,38.10267739,3.56048704
F30_y34.97_Vol691.2_Am500_rho10.534,30.0,34.97,691.2,500.0,10.534,4.445842248338532,19.765513297111813,1.5177951388888886,18.298611111111107,41.66316444,38.11251692,3.55064752
F30_y34.97_Vol691.2_Am500_rho10.575,30.0,34.97,691.2,500.0,10.575,4.445842248338532,19.765513297111813,1.5177951388888886,18.298611111111107,41.66316445,38.12237128,3.54079317
F30_y34.97_Vol691.2_Am500_rho10.616,30.0,34.97,691.2,500.0,10.616,4.445842248338532,19.765513297111813,1.5177951388888886,18.298611111111107,41.66316446,38.13219481,3.53096965
F30_y34.97_Vol691.2_Am550_rho10.493,30.0,34.97,691.2,550.0,10.493,4.445842248338532,19.765513297111813,1.5177951388888886,18.298611111111107,41.66316443,38.13205665,3.53110778
F30_y34.97_Vol691.2_Am550_rho10.534,30.0,34.97,691.2,550.0,10.534,4.445842248338532,19.765513297111813,1.5177951388888886,18.298611111111107,41.66316444,38.14200874,3.5211557
F30_y34.97_Vol691.2_Am550_rho10.575,30.0,34.97,691.2,550.0,10.575,4.445842248338532,19.765513297111813,1.5177951388888886,18.298611111111107,41.66316445,38.15205578,3.51110866
F30_y34.97_Vol691.2_Am550_rho10.616,30.0,34.97,691.2,550.0,10.616,4.445842248338532,19.765513297111813,1.5177951388888886,18.298611111111107,41.66316446,38.16206357,3.50110088
F30_y34.97_Vol738.0_Am450_rho10.493,30.0,34.97,738.0,450.0,10.493,4.593887597660296,21.103803259937088,1.4215447154471545,17.138211382113823,41.0881037,37.63322898,3.45487472
F30_y34.97_Vol738.0_Am450_rho10.534,30.0,34.97,738.0,450.0,10.534,4.593887597660296,21.103803259937088,1.4215447154471545,17.138211382113823,41.08810371,37.63965766,3.44844605
F30_y34.97_Vol738.0_Am450_rho10.575,30.0,34.97,738.0,450.0,10.575,4.593887597660296,21.103803259937088,1.4215447154471545,17.138211382113823,41.08810371,37.64607206,3.44203165
F30_y34.97_Vol738.0_Am450_rho10.616,30.0,34.97,738.0,450.0,10.616,4.593887597660296,21.103803259937088,1.4215447154471545,17.138211382113823,41.08810372,37.65252165,3.43558207
F30_y34.97_Vol738.0_Am500_rho10.493,30.0,34.97,738.0,500.0,10.493,4.593887597660296,21.103803259937088,1.4215447154471545,17.138211382113823,41.08810369,37.6464386,3.44166509
F30_y34.97_Vol738.0_Am500_rho10.534,30.0,34.97,738.0,500.0,10.534,4.593887597660296,21.103803259937088,1.4215447154471545,17.138211382113823,41.0881037,37.65302295,3.43508075
F30_y34.97_Vol738.0_Am500_rho10.575,30.0,34.97,738.0,500.0,10.575,4.593887597660296,21.103803259937088,1.4215447154471545,17.138211382113823,41.08810371,37.65959726,3.42850644
F30_y34.97_Vol738.0_Am500_rho10.616,30.0,34.97,738.0,500.0,10.616,4.593887597660296,21.103803259937088,1.4215447154471545,17.138211382113823,41.08810371,37.66633364,3.42177007
F30_y34.97_Vol738.0_Am550_rho10.493,30.0,34.97,738.0,550.0,10.493,4.593887597660296,21.103803259937088,1.4215447154471545,17.138211382113823,41.08810369,37.66348961,3.42461408
F30_y34.97_Vol738.0_Am550_rho10.534,30.0,34.97,738.0,550.0,10.534,4.593887597660296,21.103803259937088,1.4215447154471545,17.138211382113823,41.0881037,37.6702261,3.4178776
F30_y34.97_Vol738.0_Am550_rho10.575,30.0,34.97,738.0,550.0,10.575,4.593887597660296,21.103803259937088,1.4215447154471545,17.138211382113823,41.0881037,37.67708352,3.41102018
F30_y34.97_Vol738.0_Am550_rho10.616,30.0,34.97,738.0,550.0,10.616,4.593887597660296,21.103803259937088,1.4215447154471545,17.138211382113823,41.08810371,37.68392036,3.40418335
F31_y32.69_Vol421.6_Am450_rho10.493,31.0,32.69,421.6,450.0,10.493,3.591226861414324,12.896910370143777,2.403676470588235,28.978839004861307,45.24416297,42.83198926,2.41217371
F31_y32.69_Vol421.6_Am450_rho10.534,31.0,32.69,421.6,450.0,10.534,3.591226861414324,12.896910370143777,2.403676470588235,28.978839004861307,45.24416302,42.84502243,2.39914059
F31_y32.69_Vol421.6_Am450_rho10.575,31.0,32.69,421.6,450.0,10.575,3.591226861414324,12.896910370143777,2.403676470588235,28.978839004861307,45.24416306,42.85786669,2.38629637
F31_y32.69_Vol421.6_Am450_rho10.616,31.0,32.69,421.6,450.0,10.616,3.591226861414324,12.896910370143777,2.403676470588235,28.978839004861307,45.24416311,42.87059468,2.37356843
F31_y32.69_Vol421.6_Am500_rho10.493,31.0,32.69,421.6,500.0,10.493,3.591226861414324,12.896910370143777,2.403676470588235,28.978839004861307,45.24416291,42.886087,2.35807591
F31_y32.69_Vol421.6_Am500_rho10.534,31.0,32.69,421.6,500.0,10.534,3.591226861414324,12.896910370143777,2.403676470588235,28.978839004861307,45.24416296,42.89901853,2.34514443
F31_y32.69_Vol421.6_Am500_rho10.575,31.0,32.69,421.6,500.0,10.575,3.591226861414324,12.896910370143777,2.403676470588235,28.978839004861307,45.24416301,42.91190475,2.33225825
F31_y32.69_Vol421.6_Am500_rho10.616,31.0,32.69,421.6,500.0,10.616,3.591226861414324,12.896910370143777,2.403676470588235,28.978839004861307,45.24416305,42.92454542,2.31961764
F31_y32.69_Vol421.6_Am550_rho10.493,31.0,32.69,421.6,550.0,10.493,3.591226861414324,12.896910370143777,2.403676470588235,28.978839004861307,45.24416288,42.94059948,2.3035634
F31_y32.69_Vol421.6_Am550_rho10.534,31.0,32.69,421.6,550.0,10.534,3.591226861414324,12.896910370143777,2.403676470588235,28.978839004861307,45.24416293,42.95338793,2.29077499
F31_y32.69_Vol421.6_Am550_rho10.575,31.0,32.69,421.6,550.0,10.575,3.591226861414324,12.896910370143777,2.403676470588235,28.978839004861307,45.24416297,42.96596111,2.27820187
F31_y32.69_Vol421.6_Am550_rho10.616,31.0,32.69,421.6,550.0,10.616,3.591226861414324,12.896910370143777,2.403676470588235,28.978839004861307,45.24416302,42.97839428,2.26576874
F31_y32.69_Vol455.9_Am450_rho10.493,31.0,32.69,455.9,450.0,10.493,3.734455904877668,13.946160905475681,2.2228339548146523,26.798592946807474,43.75913267,40.85954042,2.89959225
F31_y32.69_Vol455.9_Am450_rho10.534,31.0,32.69,455.9,450.0,10.534,3.734455904877668,13.946160905475681,2.2228339548146523,26.798592946807474,43.7591327,40.87687373,2.88225898
F31_y32.69_Vol455.9_Am450_rho10.575,31.0,32.69,455.9,450.0,10.575,3.734455904877668,13.946160905475681,2.2228339548146523,26.798592946807474,43.75913273,43.19292821,0.56620452
F31_y32.69_Vol455.9_Am450_rho10.616,31.0,32.69,455.9,450.0,10.616,3.734455904877668,13.946160905475681,2.2228339548146523,26.798592946807474,43.75913276,40.91080892,2.84832384
F31_y32.69_Vol455.9_Am500_rho10.493,31.0,32.69,455.9,500.0,10.493,3.734455904877668,13.946160905475681,2.2228339548146523,26.798592946807474,43.75913263,40.90954822,2.84958441
F31_y32.69_Vol455.9_Am500_rho10.534,31.0,32.69,455.9,500.0,10.534,3.734455904877668,13.946160905475681,2.2228339548146523,26.798592946807474,43.75913266,40.92653786,2.8325948
F31_y32.69_Vol455.9_Am500_rho10.575,31.0,32.69,455.9,500.0,10.575,3.734455904877668,13.946160905475681,2.2228339548146523,26.798592946807474,43.75913269,40.94351396,2.81561874
F31_y32.69_Vol455.9_Am500_rho10.616,31.0,32.69,455.9,500.0,10.616,3.734455904877668,13.946160905475681,2.2228339548146523,26.798592946807474,43.75913272,40.96033695,2.79879576
F31_y32.69_Vol455.9_Am550_rho10.493,31.0,32.69,455.9,550.0,10.493,3.734455904877668,13.946160905475681,2.2228339548146523,26.798592946807474,43.7591326,40.96136433,2.79776827
F31_y32.69_Vol455.9_Am550_rho10.534,31.0,32.69,455.9,550.0,10.534,3.734455904877668,13.946160905475681,2.2228339548146523,26.798592946807474,43.75913263,40.97837069,2.78076194
F31_y32.69_Vol455.9_Am550_rho10.575,31.0,32.69,455.9,550.0,10.575,3.734455904877668,13.946160905475681,2.2228339548146523,26.798592946807474,43.75913266,40.99527777,2.7638549
F31_y32.69_Vol455.9_Am550_rho10.616,31.0,32.69,455.9,550.0,10.616,3.734455904877668,13.946160905475681,2.2228339548146523,26.798592946807474,43.75913269,41.01208535,2.74704734
F31_y32.69_Vol514.7_Am450_rho10.493,31.0,32.69,514.7,450.0,10.493,3.967981364485197,15.744876108901808,1.968894501651447,23.737086699921363,41.8393249,38.21702336,3.62230154
F31_y32.69_Vol514.7_Am450_rho10.534,31.0,32.69,514.7,450.0,10.534,3.967981364485197,15.744876108901808,1.968894501651447,23.737086699921363,41.83932491,38.23410377,3.60522115
F31_y32.69_Vol514.7_Am450_rho10.575,31.0,32.69,514.7,450.0,10.575,3.967981364485197,15.744876108901808,1.968894501651447,23.737086699921363,41.83932493,38.25115867,3.58816626
F31_y32.69_Vol514.7_Am450_rho10.616,31.0,32.69,514.7,450.0,10.616,3.967981364485197,15.744876108901808,1.968894501651447,23.737086699921363,41.83932494,38.26797907,3.57134587
F31_y32.69_Vol514.7_Am500_rho10.493,31.0,32.69,514.7,500.0,10.493,3.967981364485197,15.744876108901808,1.968894501651447,23.737086699921363,41.83932488,38.24847466,3.59085022
F31_y32.69_Vol514.7_Am500_rho10.534,31.0,32.69,514.7,500.0,10.534,3.967981364485197,15.744876108901808,1.968894501651447,23.737086699921363,41.83932489,38.26564581,3.57367908
F31_y32.69_Vol514.7_Am500_rho10.575,31.0,32.69,514.7,500.0,10.575,3.967981364485197,15.744876108901808,1.968894501651447,23.737086699921363,41.83932491,38.28266403,3.55666088
F31_y32.69_Vol514.7_Am500_rho10.616,31.0,32.69,514.7,500.0,10.616,3.967981364485197,15.744876108901808,1.968894501651447,23.737086699921363,41.83932492,38.29965145,3.53967347
F31_y32.69_Vol514.7_Am550_rho10.493,31.0,32.69,514.7,550.0,10.493,3.967981364485197,15.744876108901808,1.968894501651447,23.737086699921363,41.83932486,38.28147479,3.55785007
F31_y32.69_Vol514.7_Am550_rho10.534,31.0,32.69,514.7,550.0,10.534,3.967981364485197,15.744876108901808,1.968894501651447,23.737086699921363,41.83932488,38.29859569,3.54072919
F31_y32.69_Vol514.7_Am550_rho10.575,31.0,32.69,514.7,550.0,10.575,3.967981364485197,15.744876108901808,1.968894501651447,23.737086699921363,41.83932489,38.31566031,3.52366458
F31_y32.69_Vol514.7_Am550_rho10.616,31.0,32.69,514.7,550.0,10.616,3.967981364485197,15.744876108901808,1.968894501651447,23.737086699921363,41.83932491,38.33260537,3.50671953
F31_y32.69_Vol573.5_Am450_rho10.493,31.0,32.69,573.5,450.0,10.493,4.188507050528616,17.54359131232793,1.767027027027027,21.303362727898044,40.46491651,36.72329962,3.74161689
F31_y32.69_Vol573.5_Am450_rho10.534,31.0,32.69,573.5,450.0,10.534,4.188507050528616,17.54359131232793,1.767027027027027,21.303362727898044,40.46491652,36.73382941,3.73108711
F31_y32.69_Vol573.5_Am450_rho10.575,31.0,32.69,573.5,450.0,10.575,4.188507050528616,17.54359131232793,1.767027027027027,21.303362727898044,40.46491653,36.7442372,3.72067933
F31_y32.69_Vol573.5_Am450_rho10.616,31.0,32.69,573.5,450.0,10.616,4.188507050528616,17.54359131232793,1.767027027027027,21.303362727898044,40.46491654,36.75475616,3.71016038
F31_y32.69_Vol573.5_Am500_rho10.493,31.0,32.69,573.5,500.0,10.493,4.188507050528616,17.54359131232793,1.767027027027027,21.303362727898044,40.4649165,36.73770605,3.72721045
F31_y32.69_Vol573.5_Am500_rho10.534,31.0,32.69,573.5,500.0,10.534,4.188507050528616,17.54359131232793,1.767027027027027,21.303362727898044,40.46491651,36.74841376,3.71650275
F31_y32.69_Vol573.5_Am500_rho10.575,31.0,32.69,573.5,500.0,10.575,4.188507050528616,17.54359131232793,1.767027027027027,21.303362727898044,40.46491652,36.75898451,3.70593201
F31_y32.69_Vol573.5_Am500_rho10.616,31.0,32.69,573.5,500.0,10.616,4.188507050528616,17.54359131232793,1.767027027027027,21.303362727898044,40.46491653,36.76958895,3.69532757
F31_y32.69_Vol573.5_Am550_rho10.493,31.0,32.69,573.5,550.0,10.493,4.188507050528616,17.54359131232793,1.767027027027027,21.303362727898044,40.46491649,36.75809147,3.70682502
F31_y32.69_Vol573.5_Am550_rho10.534,31.0,32.69,573.5,550.0,10.534,4.188507050528616,17.54359131232793,1.767027027027027,21.303362727898044,40.4649165,36.76894075,3.69597575
F31_y32.69_Vol573.5_Am550_rho10.575,31.0,32.69,573.5,550.0,10.575,4.188507050528616,17.54359131232793,1.767027027027027,21.303362727898044,40.46491651,36.7796345,3.68528201
F31_y32.69_Vol573.5_Am550_rho10.616,31.0,32.69,573.5,550.0,10.616,4.188507050528616,17.54359131232793,1.767027027027027,21.303362727898044,40.46491652,36.79031037,3.67460615
F31_y32.69_Vol632.3_Am450_rho10.493,31.0,32.69,632.3,450.0,10.493,4.397988917193182,19.342306515754053,1.6027044124624388,19.322281392455366,39.44288355,35.85113265,3.5917509
F31_y32.69_Vol632.3_Am450_rho10.534,31.0,32.69,632.3,450.0,10.534,4.397988917193182,19.342306515754053,1.6027044124624388,19.322281392455366,39.44288356,35.85994757,3.58293598
F31_y32.69_Vol632.3_Am450_rho10.575,31.0,32.69,632.3,450.0,10.575,4.397988917193182,19.342306515754053,1.6027044124624388,19.322281392455366,39.44288357,35.86862557,3.574258
F31_y32.69_Vol632.3_Am450_rho10.616,31.0,32.69,632.3,450.0,10.616,4.397988917193182,19.342306515754053,1.6027044124624388,19.322281392455366,39.44288358,35.87733767,3.56554591
F31_y32.69_Vol632.3_Am500_rho10.493,31.0,32.69,632.3,500.0,10.493,4.397988917193182,19.342306515754053,1.6027044124624388,19.322281392455366,39.44288354,35.86777469,3.57510885
F31_y32.69_Vol632.3_Am500_rho10.534,31.0,32.69,632.3,500.0,10.534,4.397988917193182,19.342306515754053,1.6027044124624388,19.322281392455366,39.44288355,35.87615796,3.56672559
F31_y32.69_Vol632.3_Am500_rho10.575,31.0,32.69,632.3,500.0,10.575,4.397988917193182,19.342306515754053,1.6027044124624388,19.322281392455366,39.44288356,35.88432515,3.55855841
F31_y32.69_Vol632.3_Am500_rho10.616,31.0,32.69,632.3,500.0,10.616,4.397988917193182,19.342306515754053,1.6027044124624388,19.322281392455366,39.44288357,35.89277494,3.55010863
F31_y32.69_Vol632.3_Am550_rho10.493,31.0,32.69,632.3,550.0,10.493,4.397988917193182,19.342306515754053,1.6027044124624388,19.322281392455366,39.44288353,35.88779086,3.55509267
F31_y32.69_Vol632.3_Am550_rho10.534,31.0,32.69,632.3,550.0,10.534,4.397988917193182,19.342306515754053,1.6027044124624388,19.322281392455366,39.44288354,35.89614023,3.54674331
F31_y32.69_Vol632.3_Am550_rho10.575,31.0,32.69,632.3,550.0,10.575,4.397988917193182,19.342306515754053,1.6027044124624388,19.322281392455366,39.44288355,35.90458474,3.53829882
F31_y32.69_Vol632.3_Am550_rho10.616,31.0,32.69,632.3,550.0,10.616,4.397988917193182,19.342306515754053,1.6027044124624388,19.322281392455366,39.44288356,35.91273321,3.53015035
F31_y32.69_Vol691.2_Am450_rho10.493,31.0,32.69,691.2,450.0,10.493,4.598269322108242,21.14408075864179,1.4661313657407407,17.675750180048507,38.65504074,35.1942287,3.46081204
F31_y32.69_Vol691.2_Am450_rho10.534,31.0,32.69,691.2,450.0,10.534,4.598269322108242,21.14408075864179,1.4661313657407407,17.675750180048507,38.65504075,35.20332068,3.45172007
F31_y32.69_Vol691.2_Am450_rho10.575,31.0,32.69,691.2,450.0,10.575,4.598269322108242,21.14408075864179,1.4661313657407407,17.675750180048507,38.65504075,35.2124232,3.44261755
F31_y32.69_Vol691.2_Am450_rho10.616,31.0,32.69,691.2,450.0,10.616,4.598269322108242,21.14408075864179,1.4661313657407407,17.675750180048507,38.65504076,35.2214983,3.43354246
F31_y32.69_Vol691.2_Am500_rho10.493,31.0,32.69,691.2,500.0,10.493,4.598269322108242,21.14408075864179,1.4661313657407407,17.675750180048507,38.65504074,35.21364703,3.44139371
F31_y32.69_Vol691.2_Am500_rho10.534,31.0,32.69,691.2,500.0,10.534,4.598269322108242,21.14408075864179,1.4661313657407407,17.675750180048507,38.65504075,35.22288852,3.43215222
F31_y32.69_Vol691.2_Am500_rho10.575,31.0,32.69,691.2,500.0,10.575,4.598269322108242,21.14408075864179,1.4661313657407407,17.675750180048507,38.65504075,35.231885,3.42315575
F31_y32.69_Vol691.2_Am500_rho10.616,31.0,32.69,691.2,500.0,10.616,4.598269322108242,21.14408075864179,1.4661313657407407,17.675750180048507,38.65504075,35.24077987,3.41426089
F31_y32.69_Vol691.2_Am550_rho10.493,31.0,32.69,691.2,550.0,10.493,4.598269322108242,21.14408075864179,1.4661313657407407,17.675750180048507,38.65504074,35.23531683,3.41972391
F31_y32.69_Vol691.2_Am550_rho10.534,31.0,32.69,691.2,550.0,10.534,4.598269322108242,21.14408075864179,1.4661313657407407,17.675750180048507,38.65504074,35.244197,3.41084374
F31_y32.69_Vol691.2_Am550_rho10.575,31.0,32.69,691.2,550.0,10.575,4.598269322108242,21.14408075864179,1.4661313657407407,17.675750180048507,38.65504075,35.25300427,3.40203648
F31_y32.69_Vol691.2_Am550_rho10.616,31.0,32.69,691.2,550.0,10.616,4.598269322108242,21.14408075864179,1.4661313657407407,17.675750180048507,38.65504075,35.26169082,3.39334994
F31_y32.69_Vol738.0_Am450_rho10.493,31.0,32.69,738.0,450.0,10.493,4.751390451928238,22.575711226674827,1.3731571815718155,16.5548489491186,38.14847292,34.81031506,3.33815786
F31_y32.69_Vol738.0_Am450_rho10.534,31.0,32.69,738.0,450.0,10.534,4.751390451928238,22.575711226674827,1.3731571815718155,16.5548489491186,38.14847292,34.81732547,3.33114745
F31_y32.69_Vol738.0_Am450_rho10.575,31.0,32.69,738.0,450.0,10.575,4.751390451928238,22.575711226674827,1.3731571815718155,16.5548489491186,38.14847292,34.82442083,3.3240521
F31_y32.69_Vol738.0_Am450_rho10.616,31.0,32.69,738.0,450.0,10.616,4.751390451928238,22.575711226674827,1.3731571815718155,16.5548489491186,38.14847293,34.83148177,3.31699115
F31_y32.69_Vol738.0_Am500_rho10.493,31.0,32.69,738.0,500.0,10.493,4.751390451928238,22.575711226674827,1.3731571815718155,16.5548489491186,38.14847292,34.8202708,3.32820212
F31_y32.69_Vol738.0_Am500_rho10.534,31.0,32.69,738.0,500.0,10.534,4.751390451928238,22.575711226674827,1.3731571815718155,16.5548489491186,38.14847292,34.82775151,3.32072141
F31_y32.69_Vol738.0_Am500_rho10.575,31.0,32.69,738.0,500.0,10.575,4.751390451928238,22.575711226674827,1.3731571815718155,16.5548489491186,38.14847292,34.83523782,3.3132351
F31_y32.69_Vol738.0_Am500_rho10.616,31.0,32.69,738.0,500.0,10.616,4.751390451928238,22.575711226674827,1.3731571815718155,16.5548489491186,38.14847293,34.84272898,3.30574395
F31_y32.69_Vol738.0_Am550_rho10.493,31.0,32.69,738.0,550.0,10.493,4.751390451928238,22.575711226674827,1.3731571815718155,16.5548489491186,38.14847291,34.83358076,3.31489216
F31_y32.69_Vol738.0_Am550_rho10.534,31.0,32.69,738.0,550.0,10.534,4.751390451928238,22.575711226674827,1.3731571815718155,16.5548489491186,38.14847292,34.84134831,3.30712461
F31_y32.69_Vol738.0_Am550_rho10.575,31.0,32.69,738.0,550.0,10.575,4.751390451928238,22.575711226674827,1.3731571815718155,16.5548489491186,38.14847292,34.84921155,3.29926137
F31_y32.69_Vol738.0_Am550_rho10.616,31.0,32.69,738.0,550.0,10.616,4.751390451928238,22.575711226674827,1.3731571815718155,16.5548489491186,38.14847292,34.85700183,3.2914711
F31_y33.19_Vol421.6_Am450_rho10.493,31.0,33.19,421.6,450.0,10.493,3.564073690521467,12.702621271467311,2.440441176470588,29.422076065198738,46.25256923,44.08965422,2.16291501
F31_y33.19_Vol421.6_Am450_rho10.534,31.0,33.19,421.6,450.0,10.534,3.564073690521467,12.702621271467311,2.440441176470588,29.422076065198738,46.25256929,44.09943281,2.15313648
F31_y33.19_Vol421.6_Am450_rho10.575,31.0,33.19,421.6,450.0,10.575,3.564073690521467,12.702621271467311,2.440441176470588,29.422076065198738,46.25256934,44.10911468,2.14345466
F31_y33.19_Vol421.6_Am450_rho10.616,31.0,33.19,421.6,450.0,10.616,3.564073690521467,12.702621271467311,2.440441176470588,29.422076065198738,46.25256939,44.11861125,2.13395814
F31_y33.19_Vol421.6_Am500_rho10.493,31.0,33.19,421.6,500.0,10.493,3.564073690521467,12.702621271467311,2.440441176470588,29.422076065198738,46.25256918,44.13271184,2.11985734
F31_y33.19_Vol421.6_Am500_rho10.534,31.0,33.19,421.6,500.0,10.534,3.564073690521467,12.702621271467311,2.440441176470588,29.422076065198738,46.25256924,44.14233379,2.11023544
F31_y33.19_Vol421.6_Am500_rho10.575,31.0,33.19,421.6,500.0,10.575,3.564073690521467,12.702621271467311,2.440441176470588,29.422076065198738,46.25256929,44.15182499,2.1007443
F31_y33.19_Vol421.6_Am500_rho10.616,31.0,33.19,421.6,500.0,10.616,3.564073690521467,12.702621271467311,2.440441176470588,29.422076065198738,46.25256934,44.1611367,2.09143264
F31_y33.19_Vol421.6_Am550_rho10.493,31.0,33.19,421.6,550.0,10.493,3.564073690521467,12.702621271467311,2.440441176470588,29.422076065198738,46.25256915,44.17304255,2.0795266
F31_y33.19_Vol421.6_Am550_rho10.534,31.0,33.19,421.6,550.0,10.534,3.564073690521467,12.702621271467311,2.440441176470588,29.422076065198738,46.2525692,44.18236307,2.07020613
F31_y33.19_Vol421.6_Am550_rho10.575,31.0,33.19,421.6,550.0,10.575,3.564073690521467,12.702621271467311,2.440441176470588,29.422076065198738,46.25256926,44.19154493,2.06102433
F31_y33.19_Vol421.6_Am550_rho10.616,31.0,33.19,421.6,550.0,10.616,3.564073690521467,12.702621271467311,2.440441176470588,29.422076065198738,46.25256931,44.20055557,2.05201374
F31_y33.19_Vol455.9_Am450_rho10.493,31.0,33.19,455.9,450.0,10.493,3.7062197829922776,13.736065079843327,2.256832638736565,27.20848271350689,44.70499797,42.21345556,2.49154241
F31_y33.19_Vol455.9_Am450_rho10.534,31.0,33.19,455.9,450.0,10.534,3.7062197829922776,13.736065079843327,2.256832638736565,27.20848271350689,44.704998,42.22732361,2.47767439
F31_y33.19_Vol455.9_Am450_rho10.575,31.0,33.19,455.9,450.0,10.575,3.7062197829922776,13.736065079843327,2.256832638736565,27.20848271350689,44.70499804,42.24104325,2.46395479
F31_y33.19_Vol455.9_Am450_rho10.616,31.0,33.19,455.9,450.0,10.616,3.7062197829922776,13.736065079843327,2.256832638736565,27.20848271350689,44.70499807,42.25461892,2.45037915
F31_y33.19_Vol455.9_Am500_rho10.493,31.0,33.19,455.9,500.0,10.493,3.7062197829922776,13.736065079843327,2.256832638736565,27.20848271350689,44.70499792,42.26112058,2.44387735
F31_y33.19_Vol455.9_Am500_rho10.534,31.0,33.19,455.9,500.0,10.534,3.7062197829922776,13.736065079843327,2.256832638736565,27.20848271350689,44.70499796,42.27477002,2.43022794
F31_y33.19_Vol455.9_Am500_rho10.575,31.0,33.19,455.9,500.0,10.575,3.7062197829922776,13.736065079843327,2.256832638736565,27.20848271350689,44.70499799,42.2882609,2.41673709
F31_y33.19_Vol455.9_Am500_rho10.616,31.0,33.19,455.9,500.0,10.616,3.7062197829922776,13.736065079843327,2.256832638736565,27.20848271350689,44.70499803,42.30160262,2.40339541
F31_y33.19_Vol455.9_Am550_rho10.493,31.0,33.19,455.9,550.0,10.493,3.7062197829922776,13.736065079843327,2.256832638736565,27.20848271350689,44.7049979,42.30854166,2.39645624
F31_y33.19_Vol455.9_Am550_rho10.534,31.0,33.19,455.9,550.0,10.534,3.7062197829922776,13.736065079843327,2.256832638736565,27.20848271350689,44.70499793,42.32197901,2.38301892
F31_y33.19_Vol455.9_Am550_rho10.575,31.0,33.19,455.9,550.0,10.575,3.7062197829922776,13.736065079843327,2.256832638736565,27.20848271350689,44.70499797,42.33524571,2.36975226
F31_y33.19_Vol455.9_Am550_rho10.616,31.0,33.19,455.9,550.0,10.616,3.7062197829922776,13.736065079843327,2.256832638736565,27.20848271350689,44.704998,42.34834257,2.35665543
F31_y33.19_Vol514.7_Am450_rho10.493,31.0,33.19,514.7,450.0,10.493,3.9379795628036667,15.507683037059358,1.9990091315329315,24.10015012451484,42.69921079,39.42858367,3.27062712
F31_y33.19_Vol514.7_Am450_rho10.534,31.0,33.19,514.7,450.0,10.534,3.9379795628036667,15.507683037059358,1.9990091315329315,24.10015012451484,42.69921081,39.44737813,3.25183268
F31_y33.19_Vol514.7_Am450_rho10.575,31.0,33.19,514.7,450.0,10.575,3.9379795628036667,15.507683037059358,1.9990091315329315,24.10015012451484,42.69921082,39.46604033,3.2331705
F31_y33.19_Vol514.7_Am450_rho10.616,31.0,33.19,514.7,450.0,10.616,3.9379795628036667,15.507683037059358,1.9990091315329315,24.10015012451484,42.69921085,39.48442987,3.21478098
F31_y33.19_Vol514.7_Am500_rho10.493,31.0,33.19,514.7,500.0,10.493,3.9379795628036667,15.507683037059358,1.9990091315329315,24.10015012451484,42.69921077,39.47834877,3.22086199
F31_y33.19_Vol514.7_Am500_rho10.534,31.0,33.19,514.7,500.0,10.534,3.9379795628036667,15.507683037059358,1.9990091315329315,24.10015012451484,42.69921078,39.49687659,3.20233419
F31_y33.19_Vol514.7_Am500_rho10.575,31.0,33.19,514.7,500.0,10.575,3.9379795628036667,15.507683037059358,1.9990091315329315,24.10015012451484,42.6992108,39.51522908,3.18398171
F31_y33.19_Vol514.7_Am500_rho10.616,31.0,33.19,514.7,500.0,10.616,3.9379795628036667,15.507683037059358,1.9990091315329315,24.10015012451484,42.69921081,39.53341498,3.16579583
F31_y33.19_Vol514.7_Am550_rho10.493,31.0,33.19,514.7,550.0,10.493,3.9379795628036667,15.507683037059358,1.9990091315329315,24.10015012451484,42.69921075,39.52816098,3.17104977
F31_y33.19_Vol514.7_Am550_rho10.534,31.0,33.19,514.7,550.0,10.534,3.9379795628036667,15.507683037059358,1.9990091315329315,24.10015012451484,42.69921077,39.54643329,3.15277748
F31_y33.19_Vol514.7_Am550_rho10.575,31.0,33.19,514.7,550.0,10.575,3.9379795628036667,15.507683037059358,1.9990091315329315,24.10015012451484,42.69921078,42.00969253,0.68951825
F31_y33.19_Vol514.7_Am550_rho10.616,31.0,33.19,514.7,550.0,10.616,3.9379795628036667,15.507683037059358,1.9990091315329315,24.10015012451484,42.6992108,39.58249214,3.11671866
F31_y33.19_Vol573.5_Am450_rho10.493,31.0,33.19,573.5,450.0,10.493,4.156837859993505,17.279300994275385,1.794054054054054,21.6292018641461,41.26279487,37.57291661,3.68987826
F31_y33.19_Vol573.5_Am450_rho10.534,31.0,33.19,573.5,450.0,10.534,4.156837859993505,17.279300994275385,1.794054054054054,21.6292018641461,41.26279488,37.58678793,3.67600695
F31_y33.19_Vol573.5_Am450_rho10.575,31.0,33.19,573.5,450.0,10.575,4.156837859993505,17.279300994275385,1.794054054054054,21.6292018641461,41.26279489,37.60048949,3.6623054
F31_y33.19_Vol573.5_Am450_rho10.616,31.0,33.19,573.5,450.0,10.616,4.156837859993505,17.279300994275385,1.794054054054054,21.6292018641461,41.2627949,37.61437415,3.64842075
F31_y33.19_Vol573.5_Am500_rho10.493,31.0,33.19,573.5,500.0,10.493,4.156837859993505,17.279300994275385,1.794054054054054,21.6292018641461,41.26279485,37.60464583,3.65814902
F31_y33.19_Vol573.5_Am500_rho10.534,31.0,33.19,573.5,500.0,10.534,4.156837859993505,17.279300994275385,1.794054054054054,21.6292018641461,41.26279486,37.61864282,3.64415204
F31_y33.19_Vol573.5_Am500_rho10.575,31.0,33.19,573.5,500.0,10.575,4.156837859993505,17.279300994275385,1.794054054054054,21.6292018641461,41.26279487,37.632738,3.63005687
F31_y33.19_Vol573.5_Am500_rho10.616,31.0,33.19,573.5,500.0,10.616,4.156837859993505,17.279300994275385,1.794054054054054,21.6292018641461,41.26279488,37.64669198,3.6161029
F31_y33.19_Vol573.5_Am550_rho10.493,31.0,33.19,573.5,550.0,10.493,4.156837859993505,17.279300994275385,1.794054054054054,21.6292018641461,41.26279484,37.64036143,3.62243341
F31_y33.19_Vol573.5_Am550_rho10.534,31.0,33.19,573.5,550.0,10.534,4.156837859993505,17.279300994275385,1.794054054054054,21.6292018641461,41.26279485,37.65438004,3.60841481
F31_y33.19_Vol573.5_Am550_rho10.575,31.0,33.19,573.5,550.0,10.575,4.156837859993505,17.279300994275385,1.794054054054054,21.6292018641461,41.26279486,37.66854728,3.59424758
F31_y33.19_Vol573.5_Am550_rho10.616,31.0,33.19,573.5,550.0,10.616,4.156837859993505,17.279300994275385,1.794054054054054,21.6292018641461,41.26279487,37.68261859,3.58017628
F31_y33.19_Vol632.3_Am450_rho10.493,31.0,33.19,632.3,450.0,10.493,4.364735839829417,19.05091895149141,1.6272180926775266,19.617819498794546,40.19561189,36.57899398,3.61661791
F31_y33.19_Vol632.3_Am450_rho10.534,31.0,33.19,632.3,450.0,10.534,4.364735839829417,19.05091895149141,1.6272180926775266,19.617819498794546,40.19561191,36.58718055,3.60843136
F31_y33.19_Vol632.3_Am450_rho10.575,31.0,33.19,632.3,450.0,10.575,4.364735839829417,19.05091895149141,1.6272180926775266,19.617819498794546,40.19561192,36.59531879,3.60029313
F31_y33.19_Vol632.3_Am450_rho10.616,31.0,33.19,632.3,450.0,10.616,4.364735839829417,19.05091895149141,1.6272180926775266,19.617819498794546,40.19561193,36.60351195,3.59209998
F31_y33.19_Vol632.3_Am500_rho10.493,31.0,33.19,632.3,500.0,10.493,4.364735839829417,19.05091895149141,1.6272180926775266,19.617819498794546,40.19561188,36.59467224,3.60093964
F31_y33.19_Vol632.3_Am500_rho10.534,31.0,33.19,632.3,500.0,10.534,4.364735839829417,19.05091895149141,1.6272180926775266,19.617819498794546,40.19561189,36.60290769,3.59270421
F31_y33.19_Vol632.3_Am500_rho10.575,31.0,33.19,632.3,500.0,10.575,4.364735839829417,19.05091895149141,1.6272180926775266,19.617819498794546,40.19561191,36.61123946,3.58437245
F31_y33.19_Vol632.3_Am500_rho10.616,31.0,33.19,632.3,500.0,10.616,4.364735839829417,19.05091895149141,1.6272180926775266,19.617819498794546,40.19561192,36.61956053,3.57605138
F31_y33.19_Vol632.3_Am550_rho10.493,31.0,33.19,632.3,550.0,10.493,4.364735839829417,19.05091895149141,1.6272180926775266,19.617819498794546,40.19561187,36.61653694,3.57907494
F31_y33.19_Vol632.3_Am550_rho10.534,31.0,33.19,632.3,550.0,10.534,4.364735839829417,19.05091895149141,1.6272180926775266,19.617819498794546,40.19561189,36.62494868,3.57066321
F31_y33.19_Vol632.3_Am550_rho10.575,31.0,33.19,632.3,550.0,10.575,4.364735839829417,19.05091895149141,1.6272180926775266,19.617819498794546,40.1956119,36.63334146,3.56227044
F31_y33.19_Vol632.3_Am550_rho10.616,31.0,33.19,632.3,550.0,10.616,4.364735839829417,19.05091895149141,1.6272180926775266,19.617819498794546,40.19561191,36.64172752,3.5538844
F31_y33.19_Vol691.2_Am450_rho10.493,31.0,33.19,691.2,450.0,10.493,4.563501929923663,20.825549864416995,1.488556134259259,17.946104266620065,39.37391103,35.94267048,3.43124054
F31_y33.19_Vol691.2_Am450_rho10.534,31.0,33.19,691.2,450.0,10.534,4.563501929923663,20.825549864416995,1.488556134259259,17.946104266620065,39.37391103,35.95014734,3.4237637
F31_y33.19_Vol691.2_Am450_rho10.575,31.0,33.19,691.2,450.0,10.575,4.563501929923663,20.825549864416995,1.488556134259259,17.946104266620065,39.37391104,35.95759033,3.41632071
F31_y33.19_Vol691.2_Am450_rho10.616,31.0,33.19,691.2,450.0,10.616,4.563501929923663,20.825549864416995,1.488556134259259,17.946104266620065,39.37391104,35.96495538,3.40895567
F31_y33.19_Vol691.2_Am500_rho10.493,31.0,33.19,691.2,500.0,10.493,4.563501929923663,20.825549864416995,1.488556134259259,17.946104266620065,39.37391102,35.95749281,3.41641821
F31_y33.19_Vol691.2_Am500_rho10.534,31.0,33.19,691.2,500.0,10.534,4.563501929923663,20.825549864416995,1.488556134259259,17.946104266620065,39.37391103,35.96474964,3.40916139
F31_y33.19_Vol691.2_Am500_rho10.575,31.0,33.19,691.2,500.0,10.575,4.563501929923663,20.825549864416995,1.488556134259259,17.946104266620065,39.37391103,35.97187245,3.40203858
F31_y33.19_Vol691.2_Am500_rho10.616,31.0,33.19,691.2,500.0,10.616,4.563501929923663,20.825549864416995,1.488556134259259,17.946104266620065,39.37391104,35.97910627,3.39480477
F31_y33.19_Vol691.2_Am550_rho10.493,31.0,33.19,691.2,550.0,10.493,4.563501929923663,20.825549864416995,1.488556134259259,17.946104266620065,39.37391102,35.97475098,3.39916004
F31_y33.19_Vol691.2_Am550_rho10.534,31.0,33.19,691.2,550.0,10.534,4.563501929923663,20.825549864416995,1.488556134259259,17.946104266620065,39.37391102,35.98193418,3.39197684
F31_y33.19_Vol691.2_Am550_rho10.575,31.0,33.19,691.2,550.0,10.575,4.563501929923663,20.825549864416995,1.488556134259259,17.946104266620065,39.37391103,35.98902516,3.38488586
F31_y33.19_Vol691.2_Am550_rho10.616,31.0,33.19,691.2,550.0,10.616,4.563501929923663,20.825549864416995,1.488556134259259,17.946104266620065,39.37391103,35.99607052,3.37784051
F31_y33.19_Vol738.0_Am450_rho10.493,31.0,33.19,738.0,450.0,10.493,4.715465314948981,22.235613136486894,1.394159891598916,16.808058630200257,38.84609176,35.53197128,3.31412048
F31_y33.19_Vol738.0_Am450_rho10.534,31.0,33.19,738.0,450.0,10.534,4.715465314948981,22.235613136486894,1.394159891598916,16.808058630200257,38.84609176,35.53985959,3.30623217
F31_y33.19_Vol738.0_Am450_rho10.575,31.0,33.19,738.0,450.0,10.575,4.715465314948981,22.235613136486894,1.394159891598916,16.808058630200257,38.84609176,35.54769462,3.29839714
F31_y33.19_Vol738.0_Am450_rho10.616,31.0,33.19,738.0,450.0,10.616,4.715465314948981,22.235613136486894,1.394159891598916,16.808058630200257,38.84609177,35.55541896,3.29067281
F31_y33.19_Vol738.0_Am500_rho10.493,31.0,33.19,738.0,500.0,10.493,4.715465314948981,22.235613136486894,1.394159891598916,16.808058630200257,38.84609175,35.54758425,3.2985075
F31_y33.19_Vol738.0_Am500_rho10.534,31.0,33.19,738.0,500.0,10.534,4.715465314948981,22.235613136486894,1.394159891598916,16.808058630200257,38.84609176,35.55540065,3.29069111
F31_y33.19_Vol738.0_Am500_rho10.575,31.0,33.19,738.0,500.0,10.575,4.715465314948981,22.235613136486894,1.394159891598916,16.808058630200257,38.84609176,35.56315138,3.28294038
F31_y33.19_Vol738.0_Am500_rho10.616,31.0,33.19,738.0,500.0,10.616,4.715465314948981,22.235613136486894,1.394159891598916,16.808058630200257,38.84609176,35.57081092,3.27528084
F31_y33.19_Vol738.0_Am550_rho10.493,31.0,33.19,738.0,550.0,10.493,4.715465314948981,22.235613136486894,1.394159891598916,16.808058630200257,38.84609175,35.56426119,3.28183056
F31_y33.19_Vol738.0_Am550_rho10.534,31.0,33.19,738.0,550.0,10.534,4.715465314948981,22.235613136486894,1.394159891598916,16.808058630200257,38.84609175,35.57191822,3.27417354
F31_y33.19_Vol738.0_Am550_rho10.575,31.0,33.19,738.0,550.0,10.575,4.715465314948981,22.235613136486894,1.394159891598916,16.808058630200257,38.84609176,35.57950649,3.26658527
F31_y33.19_Vol738.0_Am550_rho10.616,31.0,33.19,738.0,550.0,10.616,4.715465314948981,22.235613136486894,1.394159891598916,16.808058630200257,38.84609176,35.58703378,3.25905798
F31_y33.69_Vol421.6_Am450_rho10.493,31.0,33.69,421.6,450.0,10.493,3.537527263387584,12.51409913921045,2.477205882352941,29.865313125536172,47.27324238,45.23660143,2.03664095
F31_y33.69_Vol421.6_Am450_rho10.534,31.0,33.69,421.6,450.0,10.534,3.537527263387584,12.51409913921045,2.477205882352941,29.865313125536172,47.27324244,45.24413639,2.02910605
F31_y33.69_Vol421.6_Am450_rho10.575,31.0,33.69,421.6,450.0,10.575,3.537527263387584,12.51409913921045,2.477205882352941,29.865313125536172,47.2732425,45.25150099,2.02174151
F31_y33.69_Vol421.6_Am450_rho10.616,31.0,33.69,421.6,450.0,10.616,3.537527263387584,12.51409913921045,2.477205882352941,29.865313125536172,47.27324255,45.25872074,2.01452181
F31_y33.69_Vol421.6_Am500_rho10.493,31.0,33.69,421.6,500.0,10.493,3.537527263387584,12.51409913921045,2.477205882352941,29.865313125536172,47.27324232,45.26871235,2.00452998
F31_y33.69_Vol421.6_Am500_rho10.534,31.0,33.69,421.6,500.0,10.534,3.537527263387584,12.51409913921045,2.477205882352941,29.865313125536172,47.27324239,45.27577427,1.99746812
F31_y33.69_Vol421.6_Am500_rho10.575,31.0,33.69,421.6,500.0,10.575,3.537527263387584,12.51409913921045,2.477205882352941,29.865313125536172,47.27324245,45.28273579,1.99050665
F31_y33.69_Vol421.6_Am500_rho10.616,31.0,33.69,421.6,500.0,10.616,3.537527263387584,12.51409913921045,2.477205882352941,29.865313125536172,47.2732425,45.28955904,1.98368346
F31_y33.69_Vol421.6_Am550_rho10.493,31.0,33.69,421.6,550.0,10.493,3.537527263387584,12.51409913921045,2.477205882352941,29.865313125536172,47.2732423,45.29562871,1.97761358
F31_y33.69_Vol421.6_Am550_rho10.534,31.0,33.69,421.6,550.0,10.534,3.537527263387584,12.51409913921045,2.477205882352941,29.865313125536172,47.27324236,45.30226791,1.97097445
F31_y33.69_Vol421.6_Am550_rho10.575,31.0,33.69,421.6,550.0,10.575,3.537527263387584,12.51409913921045,2.477205882352941,29.865313125536172,47.27324242,45.3087348,1.96450762
F31_y33.69_Vol421.6_Am550_rho10.616,31.0,33.69,421.6,550.0,10.616,3.537527263387584,12.51409913921045,2.477205882352941,29.865313125536172,47.27324248,45.31509957,1.95814291
F31_y33.69_Vol455.9_Am450_rho10.493,31.0,33.69,455.9,450.0,10.493,3.6786146036512846,13.532205402196498,2.2908313226584776,27.618372480206297,45.66263047,43.42018564,2.24244484
F31_y33.69_Vol455.9_Am450_rho10.534,31.0,33.69,455.9,450.0,10.534,3.6786146036512846,13.532205402196498,2.2908313226584776,27.618372480206297,45.66263051,43.43125811,2.23137241
F31_y33.69_Vol455.9_Am450_rho10.575,31.0,33.69,455.9,450.0,10.575,3.6786146036512846,13.532205402196498,2.2908313226584776,27.618372480206297,45.66263055,43.4422428,2.22038775
F31_y33.69_Vol455.9_Am450_rho10.616,31.0,33.69,455.9,450.0,10.616,3.6786146036512846,13.532205402196498,2.2908313226584776,27.618372480206297,45.66263059,43.45304631,2.20958428
F31_y33.69_Vol455.9_Am500_rho10.493,31.0,33.69,455.9,500.0,10.493,3.6786146036512846,13.532205402196498,2.2908313226584776,27.618372480206297,45.66263043,43.46247935,2.20015107
F31_y33.69_Vol455.9_Am500_rho10.534,31.0,33.69,455.9,500.0,10.534,3.6786146036512846,13.532205402196498,2.2908313226584776,27.618372480206297,45.66263047,43.47329166,2.1893388
F31_y33.69_Vol455.9_Am500_rho10.575,31.0,33.69,455.9,500.0,10.575,3.6786146036512846,13.532205402196498,2.2908313226584776,27.618372480206297,45.66263051,43.48406097,2.17856954
F31_y33.69_Vol455.9_Am500_rho10.616,31.0,33.69,455.9,500.0,10.616,3.6786146036512846,13.532205402196498,2.2908313226584776,27.618372480206297,45.66263054,43.49464989,2.16798065
F31_y33.69_Vol455.9_Am550_rho10.493,31.0,33.69,455.9,550.0,10.493,3.6786146036512846,13.532205402196498,2.2908313226584776,27.618372480206297,45.6626304,43.50287305,2.15975735
F31_y33.69_Vol455.9_Am550_rho10.534,31.0,33.69,455.9,550.0,10.534,3.6786146036512846,13.532205402196498,2.2908313226584776,27.618372480206297,45.66263044,43.51339741,2.14923303
F31_y33.69_Vol455.9_Am550_rho10.575,31.0,33.69,455.9,550.0,10.575,3.6786146036512846,13.532205402196498,2.2908313226584776,27.618372480206297,45.66263048,43.52389159,2.13873889
F31_y33.69_Vol455.9_Am550_rho10.616,31.0,33.69,455.9,550.0,10.616,3.6786146036512846,13.532205402196498,2.2908313226584776,27.618372480206297,45.66263052,43.53421179,2.12841873
F31_y33.69_Vol514.7_Am450_rho10.493,31.0,33.69,514.7,450.0,10.493,3.908648158181841,15.277530424458298,2.0291237614144157,24.463213549108314,43.56883322,40.64258883,2.92624439
F31_y33.69_Vol514.7_Am450_rho10.534,31.0,33.69,514.7,450.0,10.534,3.908648158181841,15.277530424458298,2.0291237614144157,24.463213549108314,43.56883323,40.66038405,2.90844918
F31_y33.69_Vol514.7_Am450_rho10.575,31.0,33.69,514.7,450.0,10.575,3.908648158181841,15.277530424458298,2.0291237614144157,24.463213549108314,43.56883326,40.67807909,2.89075417
F31_y33.69_Vol514.7_Am450_rho10.616,31.0,33.69,514.7,450.0,10.616,3.908648158181841,15.277530424458298,2.0291237614144157,24.463213549108314,43.56883329,40.69550488,2.87332842
F31_y33.69_Vol514.7_Am500_rho10.493,31.0,33.69,514.7,500.0,10.493,3.908648158181841,15.277530424458298,2.0291237614144157,24.463213549108314,43.56883319,40.69840968,2.87042351
F31_y33.69_Vol514.7_Am500_rho10.534,31.0,33.69,514.7,500.0,10.534,3.908648158181841,15.277530424458298,2.0291237614144157,24.463213549108314,43.56883321,40.71586791,2.85296529
F31_y33.69_Vol514.7_Am500_rho10.575,31.0,33.69,514.7,500.0,10.575,3.908648158181841,15.277530424458298,2.0291237614144157,24.463213549108314,43.56883322,40.73314509,2.83568814
F31_y33.69_Vol514.7_Am500_rho10.616,31.0,33.69,514.7,500.0,10.616,3.908648158181841,15.277530424458298,2.0291237614144157,24.463213549108314,43.56883325,40.75026434,2.81856891
F31_y33.69_Vol514.7_Am550_rho10.493,31.0,33.69,514.7,550.0,10.493,3.908648158181841,15.277530424458298,2.0291237614144157,24.463213549108314,43.56883317,40.75391674,2.81491643
F31_y33.69_Vol514.7_Am550_rho10.534,31.0,33.69,514.7,550.0,10.534,3.908648158181841,15.277530424458298,2.0291237614144157,24.463213549108314,43.56883319,40.77111257,2.79772062
F31_y33.69_Vol514.7_Am550_rho10.575,31.0,33.69,514.7,550.0,10.575,3.908648158181841,15.277530424458298,2.0291237614144157,24.463213549108314,43.56883321,40.78810325,2.78072995
F31_y33.69_Vol514.7_Am550_rho10.616,31.0,33.69,514.7,550.0,10.616,3.908648158181841,15.277530424458298,2.0291237614144157,24.463213549108314,43.56883323,40.80502208,2.76381115
F31_y33.69_Vol573.5_Am450_rho10.493,31.0,33.69,573.5,450.0,10.493,4.125876324700014,17.022855446720097,1.821081081081081,21.955041000394157,42.06849504,38.52257673,3.5459183
F31_y33.69_Vol573.5_Am450_rho10.534,31.0,33.69,573.5,450.0,10.534,4.125876324700014,17.022855446720097,1.821081081081081,21.955041000394157,42.06849505,38.53947357,3.52902148
F31_y33.69_Vol573.5_Am450_rho10.575,31.0,33.69,573.5,450.0,10.575,4.125876324700014,17.022855446720097,1.821081081081081,21.955041000394157,42.06849506,38.55640509,3.51208997
F31_y33.69_Vol573.5_Am450_rho10.616,31.0,33.69,573.5,450.0,10.616,4.125876324700014,17.022855446720097,1.821081081081081,21.955041000394157,42.06849508,38.5732381,3.49525698
F31_y33.69_Vol573.5_Am500_rho10.493,31.0,33.69,573.5,500.0,10.493,4.125876324700014,17.022855446720097,1.821081081081081,21.955041000394157,42.06849502,38.56831808,3.50017694
F31_y33.69_Vol573.5_Am500_rho10.534,31.0,33.69,573.5,500.0,10.534,4.125876324700014,17.022855446720097,1.821081081081081,21.955041000394157,42.06849503,38.58528381,3.48321122
F31_y33.69_Vol573.5_Am500_rho10.575,31.0,33.69,573.5,500.0,10.575,4.125876324700014,17.022855446720097,1.821081081081081,21.955041000394157,42.06849505,38.60212081,3.46637424
F31_y33.69_Vol573.5_Am500_rho10.616,31.0,33.69,573.5,500.0,10.616,4.125876324700014,17.022855446720097,1.821081081081081,21.955041000394157,42.06849506,38.61889261,3.44960244
F31_y33.69_Vol573.5_Am550_rho10.493,31.0,33.69,573.5,550.0,10.493,4.125876324700014,17.022855446720097,1.821081081081081,21.955041000394157,42.06849501,38.61676196,3.45173305
F31_y33.69_Vol573.5_Am550_rho10.534,31.0,33.69,573.5,550.0,10.534,4.125876324700014,17.022855446720097,1.821081081081081,21.955041000394157,42.06849502,38.63361693,3.43487809
F31_y33.69_Vol573.5_Am550_rho10.575,31.0,33.69,573.5,550.0,10.575,4.125876324700014,17.022855446720097,1.821081081081081,21.955041000394157,42.06849504,38.65046424,3.41803079
F31_y33.69_Vol573.5_Am550_rho10.616,31.0,33.69,573.5,550.0,10.616,4.125876324700014,17.022855446720097,1.821081081081081,21.955041000394157,42.06849505,38.66715082,3.40134423
F31_y33.69_Vol632.3_Am450_rho10.493,31.0,33.69,632.3,450.0,10.493,4.332225810017513,18.768180468981893,1.6517317728926144,19.913357605133722,40.95471757,37.30451235,3.65020522
F31_y33.69_Vol632.3_Am450_rho10.534,31.0,33.69,632.3,450.0,10.534,4.332225810017513,18.768180468981893,1.6517317728926144,19.913357605133722,40.95471758,37.31455946,3.64015812
F31_y33.69_Vol632.3_Am450_rho10.575,31.0,33.69,632.3,450.0,10.575,4.332225810017513,18.768180468981893,1.6517317728926144,19.913357605133722,40.9547176,37.32465299,3.63006461
F31_y33.69_Vol632.3_Am450_rho10.616,31.0,33.69,632.3,450.0,10.616,4.332225810017513,18.768180468981893,1.6517317728926144,19.913357605133722,40.95471761,37.33474843,3.61996918
F31_y33.69_Vol632.3_Am500_rho10.493,31.0,33.69,632.3,500.0,10.493,4.332225810017513,18.768180468981893,1.6517317728926144,19.913357605133722,40.95471755,37.32806713,3.62665042
F31_y33.69_Vol632.3_Am500_rho10.534,31.0,33.69,632.3,500.0,10.534,4.332225810017513,18.768180468981893,1.6517317728926144,19.913357605133722,40.95471757,37.33832468,3.61639289
F31_y33.69_Vol632.3_Am500_rho10.575,31.0,33.69,632.3,500.0,10.575,4.332225810017513,18.768180468981893,1.6517317728926144,19.913357605133722,40.95471758,37.3486295,3.60608809
F31_y33.69_Vol632.3_Am500_rho10.616,31.0,33.69,632.3,500.0,10.616,4.332225810017513,18.768180468981893,1.6517317728926144,19.913357605133722,40.9547176,37.35893908,3.59577852
F31_y33.69_Vol632.3_Am550_rho10.493,31.0,33.69,632.3,550.0,10.493,4.332225810017513,18.768180468981893,1.6517317728926144,19.913357605133722,40.95471754,37.35760529,3.59711225
F31_y33.69_Vol632.3_Am550_rho10.534,31.0,33.69,632.3,550.0,10.534,4.332225810017513,18.768180468981893,1.6517317728926144,19.913357605133722,40.95471756,37.36811226,3.5866053
F31_y33.69_Vol632.3_Am550_rho10.575,31.0,33.69,632.3,550.0,10.575,4.332225810017513,18.768180468981893,1.6517317728926144,19.913357605133722,40.95471757,37.37866045,3.57605713
F31_y33.69_Vol632.3_Am550_rho10.616,31.0,33.69,632.3,550.0,10.616,4.332225810017513,18.768180468981893,1.6517317728926144,19.913357605133722,40.95471759,37.38917148,3.5655461
F31_y33.69_Vol691.2_Am450_rho10.493,31.0,33.69,691.2,450.0,10.493,4.529511422998895,20.516473731077475,1.5109809027777774,18.21645835319162,40.09807659,36.62792539,3.4701512
F31_y33.69_Vol691.2_Am450_rho10.534,31.0,33.69,691.2,450.0,10.534,4.529511422998895,20.516473731077475,1.5109809027777774,18.21645835319162,40.0980766,36.63450592,3.46357068
F31_y33.69_Vol691.2_Am450_rho10.575,31.0,33.69,691.2,450.0,10.575,4.529511422998895,20.516473731077475,1.5109809027777774,18.21645835319162,40.09807661,36.64110865,3.45696795
F31_y33.69_Vol691.2_Am450_rho10.616,31.0,33.69,691.2,450.0,10.616,4.529511422998895,20.516473731077475,1.5109809027777774,18.21645835319162,40.09807661,36.64776331,3.45031331
F31_y33.69_Vol691.2_Am500_rho10.493,31.0,33.69,691.2,500.0,10.493,4.529511422998895,20.516473731077475,1.5109809027777774,18.21645835319162,40.09807659,36.64051077,3.45756581
F31_y33.69_Vol691.2_Am500_rho10.534,31.0,33.69,691.2,500.0,10.534,4.529511422998895,20.516473731077475,1.5109809027777774,18.21645835319162,40.09807659,36.6472179,3.45085869
F31_y33.69_Vol691.2_Am500_rho10.575,31.0,33.69,691.2,500.0,10.575,4.529511422998895,20.516473731077475,1.5109809027777774,18.21645835319162,40.0980766,36.65390624,3.44417036
F31_y33.69_Vol691.2_Am500_rho10.616,31.0,33.69,691.2,500.0,10.616,4.529511422998895,20.516473731077475,1.5109809027777774,18.21645835319162,40.09807661,36.66044265,3.43763396
F31_y33.69_Vol691.2_Am550_rho10.493,31.0,33.69,691.2,550.0,10.493,4.529511422998895,20.516473731077475,1.5109809027777774,18.21645835319162,40.09807658,36.65721,3.44086659
F31_y33.69_Vol691.2_Am550_rho10.534,31.0,33.69,691.2,550.0,10.534,4.529511422998895,20.516473731077475,1.5109809027777774,18.21645835319162,40.09807659,36.66392026,3.43415633
F31_y33.69_Vol691.2_Am550_rho10.575,31.0,33.69,691.2,550.0,10.575,4.529511422998895,20.516473731077475,1.5109809027777774,18.21645835319162,40.0980766,36.6706009,3.42747569
F31_y33.69_Vol691.2_Am550_rho10.616,31.0,33.69,691.2,550.0,10.616,4.529511422998895,20.516473731077475,1.5109809027777774,18.21645835319162,40.0980766,36.67736562,3.42071098
F31_y33.69_Vol738.0_Am450_rho10.493,31.0,33.69,738.0,450.0,10.493,4.680342933299422,21.90560997328584,1.4151626016260164,17.061268311281914,39.5483551,36.22528891,3.32306619
F31_y33.69_Vol738.0_Am450_rho10.534,31.0,33.69,738.0,450.0,10.534,4.680342933299422,21.90560997328584,1.4151626016260164,17.061268311281914,39.54835511,36.23220488,3.31615023
F31_y33.69_Vol738.0_Am450_rho10.575,31.0,33.69,738.0,450.0,10.575,4.680342933299422,21.90560997328584,1.4151626016260164,17.061268311281914,39.54835511,36.23897953,3.30937559
F31_y33.69_Vol738.0_Am450_rho10.616,31.0,33.69,738.0,450.0,10.616,4.680342933299422,21.90560997328584,1.4151626016260164,17.061268311281914,39.54835512,36.24562006,3.30273506
F31_y33.69_Vol738.0_Am500_rho10.493,31.0,33.69,738.0,500.0,10.493,4.680342933299422,21.90560997328584,1.4151626016260164,17.061268311281914,39.5483551,36.23870274,3.30965235
F31_y33.69_Vol738.0_Am500_rho10.534,31.0,33.69,738.0,500.0,10.534,4.680342933299422,21.90560997328584,1.4151626016260164,17.061268311281914,39.5483551,36.24545302,3.30290209
F31_y33.69_Vol738.0_Am500_rho10.575,31.0,33.69,738.0,500.0,10.575,4.680342933299422,21.90560997328584,1.4151626016260164,17.061268311281914,39.54835511,36.25200416,3.29635095
F31_y33.69_Vol738.0_Am500_rho10.616,31.0,33.69,738.0,500.0,10.616,4.680342933299422,21.90560997328584,1.4151626016260164,17.061268311281914,39.54835511,36.25852332,3.2898318
F31_y33.69_Vol738.0_Am550_rho10.493,31.0,33.69,738.0,550.0,10.493,4.680342933299422,21.90560997328584,1.4151626016260164,17.061268311281914,39.5483551,36.25344124,3.29491385
F31_y33.69_Vol738.0_Am550_rho10.534,31.0,33.69,738.0,550.0,10.534,4.680342933299422,21.90560997328584,1.4151626016260164,17.061268311281914,39.5483551,36.25995366,3.28840145
F31_y33.69_Vol738.0_Am550_rho10.575,31.0,33.69,738.0,550.0,10.575,4.680342933299422,21.90560997328584,1.4151626016260164,17.061268311281914,39.54835511,36.26636102,3.28199409
F31_y33.69_Vol738.0_Am550_rho10.616,31.0,33.69,738.0,550.0,10.616,4.680342933299422,21.90560997328584,1.4151626016260164,17.061268311281914,39.54835511,36.27271513,3.27563998
F31_y34.19_Vol421.6_Am450_rho10.493,31.0,34.19,421.6,450.0,10.493,3.5115653151080175,12.331090962269672,2.513970588235294,30.308550185873603,48.30595503,46.31865121,1.98730382
F31_y34.19_Vol421.6_Am450_rho10.534,31.0,34.19,421.6,450.0,10.534,3.5115653151080175,12.331090962269672,2.513970588235294,30.308550185873603,48.3059551,46.32402929,1.98192581
F31_y34.19_Vol421.6_Am450_rho10.575,31.0,34.19,421.6,450.0,10.575,3.5115653151080175,12.331090962269672,2.513970588235294,30.308550185873603,48.30595517,46.32925632,1.97669885
F31_y34.19_Vol421.6_Am450_rho10.616,31.0,34.19,421.6,450.0,10.616,3.5115653151080175,12.331090962269672,2.513970588235294,30.308550185873603,48.30595523,46.33438307,1.97157217
F31_y34.19_Vol421.6_Am500_rho10.493,31.0,34.19,421.6,500.0,10.493,3.5115653151080175,12.331090962269672,2.513970588235294,30.308550185873603,48.30595498,46.33598736,1.96996762
F31_y34.19_Vol421.6_Am500_rho10.534,31.0,34.19,421.6,500.0,10.534,3.5115653151080175,12.331090962269672,2.513970588235294,30.308550185873603,48.30595505,46.34086695,1.9650881
F31_y34.19_Vol421.6_Am500_rho10.575,31.0,34.19,421.6,500.0,10.575,3.5115653151080175,12.331090962269672,2.513970588235294,30.308550185873603,48.30595512,46.34559958,1.96035554
F31_y34.19_Vol421.6_Am500_rho10.616,31.0,34.19,421.6,500.0,10.616,3.5115653151080175,12.331090962269672,2.513970588235294,30.308550185873603,48.30595518,46.35027218,1.955683
F31_y34.19_Vol421.6_Am550_rho10.493,31.0,34.19,421.6,550.0,10.493,3.5115653151080175,12.331090962269672,2.513970588235294,30.308550185873603,48.30595496,46.3490231,1.95693186
F31_y34.19_Vol421.6_Am550_rho10.534,31.0,34.19,421.6,550.0,10.534,3.5115653151080175,12.331090962269672,2.513970588235294,30.308550185873603,48.30595503,46.35350451,1.95245052
F31_y34.19_Vol421.6_Am550_rho10.575,31.0,34.19,421.6,550.0,10.575,3.5115653151080175,12.331090962269672,2.513970588235294,30.308550185873603,48.30595509,46.35793545,1.94801964
F31_y34.19_Vol421.6_Am550_rho10.616,31.0,34.19,421.6,550.0,10.616,3.5115653151080175,12.331090962269672,2.513970588235294,30.308550185873603,48.30595516,46.36227873,1.94367644
F31_y34.19_Vol455.9_Am450_rho10.493,31.0,34.19,455.9,450.0,10.493,3.651617213957955,13.334308277274056,2.3248300065803904,28.028262246905708,46.63200857,44.54340544,2.08860313
F31_y34.19_Vol455.9_Am450_rho10.534,31.0,34.19,455.9,450.0,10.534,3.651617213957955,13.334308277274056,2.3248300065803904,28.028262246905708,46.63200861,44.55222074,2.07978787
F31_y34.19_Vol455.9_Am450_rho10.575,31.0,34.19,455.9,450.0,10.575,3.651617213957955,13.334308277274056,2.3248300065803904,28.028262246905708,46.63200866,44.56096127,2.07104738
F31_y34.19_Vol455.9_Am450_rho10.616,31.0,34.19,455.9,450.0,10.616,3.651617213957955,13.334308277274056,2.3248300065803904,28.028262246905708,46.6320087,44.56955818,2.06245051
F31_y34.19_Vol455.9_Am500_rho10.493,31.0,34.19,455.9,500.0,10.493,3.651617213957955,13.334308277274056,2.3248300065803904,28.028262246905708,46.63200852,44.57943056,2.05257796
F31_y34.19_Vol455.9_Am500_rho10.534,31.0,34.19,455.9,500.0,10.534,3.651617213957955,13.334308277274056,2.3248300065803904,28.028262246905708,46.63200857,44.58798632,2.04402224
F31_y34.19_Vol455.9_Am500_rho10.575,31.0,34.19,455.9,500.0,10.575,3.651617213957955,13.334308277274056,2.3248300065803904,28.028262246905708,46.63200861,44.59645135,2.03555726
F31_y34.19_Vol455.9_Am500_rho10.616,31.0,34.19,455.9,500.0,10.616,3.651617213957955,13.334308277274056,2.3248300065803904,28.028262246905708,46.63200865,44.60475087,2.02725778
F31_y34.19_Vol455.9_Am550_rho10.493,31.0,34.19,455.9,550.0,10.493,3.651617213957955,13.334308277274056,2.3248300065803904,28.028262246905708,46.63200849,44.61207433,2.01993416
F31_y34.19_Vol455.9_Am550_rho10.534,31.0,34.19,455.9,550.0,10.534,3.651617213957955,13.334308277274056,2.3248300065803904,28.028262246905708,46.63200854,44.62031702,2.01169153
F31_y34.19_Vol455.9_Am550_rho10.575,31.0,34.19,455.9,550.0,10.575,3.651617213957955,13.334308277274056,2.3248300065803904,28.028262246905708,46.63200859,44.62841744,2.00359115
F31_y34.19_Vol455.9_Am550_rho10.616,31.0,34.19,455.9,550.0,10.616,3.651617213957955,13.334308277274056,2.3248300065803904,28.028262246905708,46.63200863,44.63635051,1.99565812
F31_y34.19_Vol514.7_Am450_rho10.493,31.0,34.19,514.7,450.0,10.493,3.8799625499107786,15.05410938871015,2.0592383912959003,24.826276973701788,44.44834087,41.82923923,2.61910164
F31_y34.19_Vol514.7_Am450_rho10.534,31.0,34.19,514.7,450.0,10.534,3.8799625499107786,15.05410938871015,2.0592383912959003,24.826276973701788,44.44834089,41.84519722,2.60314367
F31_y34.19_Vol514.7_Am450_rho10.575,31.0,34.19,514.7,450.0,10.575,3.8799625499107786,15.05410938871015,2.0592383912959003,24.826276973701788,44.44834092,41.86104543,2.58729549
F31_y34.19_Vol514.7_Am450_rho10.616,31.0,34.19,514.7,450.0,10.616,3.8799625499107786,15.05410938871015,2.0592383912959003,24.826276973701788,44.44834096,41.87672141,2.57161955
F31_y34.19_Vol514.7_Am500_rho10.493,31.0,34.19,514.7,500.0,10.493,3.8799625499107786,15.05410938871015,2.0592383912959003,24.826276973701788,44.44834084,41.88499732,2.56334352
F31_y34.19_Vol514.7_Am500_rho10.534,31.0,34.19,514.7,500.0,10.534,3.8799625499107786,15.05410938871015,2.0592383912959003,24.826276973701788,44.44834086,41.90064916,2.5476917
F31_y34.19_Vol514.7_Am500_rho10.575,31.0,34.19,514.7,500.0,10.575,3.8799625499107786,15.05410938871015,2.0592383912959003,24.826276973701788,44.44834088,41.91613969,2.5322012
F31_y34.19_Vol514.7_Am500_rho10.616,31.0,34.19,514.7,500.0,10.616,3.8799625499107786,15.05410938871015,2.0592383912959003,24.826276973701788,44.44834091,41.93141389,2.51692702
F31_y34.19_Vol514.7_Am550_rho10.493,31.0,34.19,514.7,550.0,10.493,3.8799625499107786,15.05410938871015,2.0592383912959003,24.826276973701788,44.44834082,41.93978432,2.5085565
F31_y34.19_Vol514.7_Am550_rho10.534,31.0,34.19,514.7,550.0,10.534,3.8799625499107786,15.05410938871015,2.0592383912959003,24.826276973701788,44.44834084,41.95496446,2.49337639
F31_y34.19_Vol514.7_Am550_rho10.575,31.0,34.19,514.7,550.0,10.575,3.8799625499107786,15.05410938871015,2.0592383912959003,24.826276973701788,44.44834086,41.97007089,2.47826998
F31_y34.19_Vol514.7_Am550_rho10.616,31.0,34.19,514.7,550.0,10.616,3.8799625499107786,15.05410938871015,2.0592383912959003,24.826276973701788,44.44834088,41.9849639,2.46337698
F31_y34.19_Vol573.5_Am450_rho10.493,31.0,34.19,573.5,450.0,10.493,4.095596476723048,16.773910500146243,1.8481081081081079,22.280880136642217,42.88216211,39.5630551,3.31910701
F31_y34.19_Vol573.5_Am450_rho10.534,31.0,34.19,573.5,450.0,10.534,4.095596476723048,16.773910500146243,1.8481081081081079,22.280880136642217,42.88216213,39.58171062,3.3004515
F31_y34.19_Vol573.5_Am450_rho10.575,31.0,34.19,573.5,450.0,10.575,4.095596476723048,16.773910500146243,1.8481081081081079,22.280880136642217,42.88216214,39.60026987,3.28189227
F31_y34.19_Vol573.5_Am450_rho10.616,31.0,34.19,573.5,450.0,10.616,4.095596476723048,16.773910500146243,1.8481081081081079,22.280880136642217,42.88216216,39.61862718,3.26353498
F31_y34.19_Vol573.5_Am500_rho10.493,31.0,34.19,573.5,500.0,10.493,4.095596476723048,16.773910500146243,1.8481081081081079,22.280880136642217,42.88216209,39.61894064,3.26322144
F31_y34.19_Vol573.5_Am500_rho10.534,31.0,34.19,573.5,500.0,10.534,4.095596476723048,16.773910500146243,1.8481081081081079,22.280880136642217,42.8821621,39.63746064,3.24470146
F31_y34.19_Vol573.5_Am500_rho10.575,31.0,34.19,573.5,500.0,10.575,4.095596476723048,16.773910500146243,1.8481081081081079,22.280880136642217,42.88216212,39.6558213,3.22634082
F31_y34.19_Vol573.5_Am500_rho10.616,31.0,34.19,573.5,500.0,10.616,4.095596476723048,16.773910500146243,1.8481081081081079,22.280880136642217,42.88216213,39.67403562,3.20812652
F31_y34.19_Vol573.5_Am550_rho10.493,31.0,34.19,573.5,550.0,10.493,4.095596476723048,16.773910500146243,1.8481081081081079,22.280880136642217,42.88216208,39.67653071,3.20563137
F31_y34.19_Vol573.5_Am550_rho10.534,31.0,34.19,573.5,550.0,10.534,4.095596476723048,16.773910500146243,1.8481081081081079,22.280880136642217,42.88216209,39.69486652,3.18729557
F31_y34.19_Vol573.5_Am550_rho10.575,31.0,34.19,573.5,550.0,10.575,4.095596476723048,16.773910500146243,1.8481081081081079,22.280880136642217,42.88216211,39.71306662,3.16909549
F31_y34.19_Vol573.5_Am550_rho10.616,31.0,34.19,573.5,550.0,10.616,4.095596476723048,16.773910500146243,1.8481081081081079,22.280880136642217,42.88216212,39.73124584,3.15091629
F31_y34.19_Vol632.3_Am450_rho10.493,31.0,34.19,632.3,450.0,10.493,4.30043156108574,18.493711611582334,1.676245453107702,20.208895711472895,41.72030588,38.0887259,3.63157998
F31_y34.19_Vol632.3_Am450_rho10.534,31.0,34.19,632.3,450.0,10.534,4.30043156108574,18.493711611582334,1.676245453107702,20.208895711472895,41.7203059,38.10168681,3.61861909
F31_y34.19_Vol632.3_Am450_rho10.575,31.0,34.19,632.3,450.0,10.575,4.30043156108574,18.493711611582334,1.676245453107702,20.208895711472895,41.72030592,38.11452732,3.6057786
F31_y34.19_Vol632.3_Am450_rho10.616,31.0,34.19,632.3,450.0,10.616,4.30043156108574,18.493711611582334,1.676245453107702,20.208895711472895,41.72030594,38.12743398,3.59287195
F31_y34.19_Vol632.3_Am500_rho10.493,31.0,34.19,632.3,500.0,10.493,4.30043156108574,18.493711611582334,1.676245453107702,20.208895711472895,41.72030586,38.12314599,3.59715988
F31_y34.19_Vol632.3_Am500_rho10.534,31.0,34.19,632.3,500.0,10.534,4.30043156108574,18.493711611582334,1.676245453107702,20.208895711472895,41.72030588,38.13622574,3.58408014
F31_y34.19_Vol632.3_Am500_rho10.575,31.0,34.19,632.3,500.0,10.575,4.30043156108574,18.493711611582334,1.676245453107702,20.208895711472895,41.7203059,38.14930844,3.57099746
F31_y34.19_Vol632.3_Am500_rho10.616,31.0,34.19,632.3,500.0,10.616,4.30043156108574,18.493711611582334,1.676245453107702,20.208895711472895,41.72030592,38.16231782,3.5579881
F31_y34.19_Vol632.3_Am550_rho10.493,31.0,34.19,632.3,550.0,10.493,4.30043156108574,18.493711611582334,1.676245453107702,20.208895711472895,41.72030586,38.16240588,3.55789998
F31_y34.19_Vol632.3_Am550_rho10.534,31.0,34.19,632.3,550.0,10.534,4.30043156108574,18.493711611582334,1.676245453107702,20.208895711472895,41.72030587,38.17560704,3.54469883
F31_y34.19_Vol632.3_Am550_rho10.575,31.0,34.19,632.3,550.0,10.575,4.30043156108574,18.493711611582334,1.676245453107702,20.208895711472895,41.72030589,38.1888317,3.53147419
F31_y34.19_Vol632.3_Am550_rho10.616,31.0,34.19,632.3,550.0,10.616,4.30043156108574,18.493711611582334,1.676245453107702,20.208895711472895,41.72030591,38.20211935,3.51818656
F31_y34.19_Vol691.2_Am450_rho10.493,31.0,34.19,691.2,450.0,10.493,4.496269292962845,20.2164375548406,1.533405671296296,18.48681243976318,40.82762346,37.29377339,3.53385007
F31_y34.19_Vol691.2_Am450_rho10.534,31.0,34.19,691.2,450.0,10.534,4.496269292962845,20.2164375548406,1.533405671296296,18.48681243976318,40.82762347,37.30095852,3.52666495
F31_y34.19_Vol691.2_Am450_rho10.575,31.0,34.19,691.2,450.0,10.575,4.496269292962845,20.2164375548406,1.533405671296296,18.48681243976318,40.82762348,37.30831321,3.51931027
F31_y34.19_Vol691.2_Am450_rho10.616,31.0,34.19,691.2,450.0,10.616,4.496269292962845,20.2164375548406,1.533405671296296,18.48681243976318,40.82762349,37.71238572,3.11523777
F31_y34.19_Vol691.2_Am500_rho10.493,31.0,34.19,691.2,500.0,10.493,4.496269292962845,20.2164375548406,1.533405671296296,18.48681243976318,40.82762345,37.30939274,3.51823072
F31_y34.19_Vol691.2_Am500_rho10.534,31.0,34.19,691.2,500.0,10.534,4.496269292962845,20.2164375548406,1.533405671296296,18.48681243976318,40.82762346,37.31690463,3.51071883
F31_y34.19_Vol691.2_Am500_rho10.575,31.0,34.19,691.2,500.0,10.575,4.496269292962845,20.2164375548406,1.533405671296296,18.48681243976318,40.82762347,37.32442888,3.50319459
F31_y34.19_Vol691.2_Am500_rho10.616,31.0,34.19,691.2,500.0,10.616,4.496269292962845,20.2164375548406,1.533405671296296,18.48681243976318,40.82762348,37.33206813,3.49555535
F31_y34.19_Vol691.2_Am550_rho10.493,31.0,34.19,691.2,550.0,10.493,4.496269292962845,20.2164375548406,1.533405671296296,18.48681243976318,40.82762345,37.33063024,3.49699321
F31_y34.19_Vol691.2_Am550_rho10.534,31.0,34.19,691.2,550.0,10.534,4.496269292962845,20.2164375548406,1.533405671296296,18.48681243976318,40.82762346,37.33836321,3.48926025
F31_y34.19_Vol691.2_Am550_rho10.575,31.0,34.19,691.2,550.0,10.575,4.496269292962845,20.2164375548406,1.533405671296296,18.48681243976318,40.82762347,37.3460793,3.48154417
F31_y34.19_Vol691.2_Am550_rho10.616,31.0,34.19,691.2,550.0,10.616,4.496269292962845,20.2164375548406,1.533405671296296,18.48681243976318,40.82762348,37.35387622,3.47374726
F31_y34.19_Vol738.0_Am450_rho10.493,31.0,34.19,738.0,450.0,10.493,4.6459938492873905,21.585258847616263,1.4361653116531166,17.314477992363567,40.25532731,36.8837056,3.37162171
F31_y34.19_Vol738.0_Am450_rho10.534,31.0,34.19,738.0,450.0,10.534,4.6459938492873905,21.585258847616263,1.4361653116531166,17.314477992363567,40.25532731,36.88979929,3.36552802
F31_y34.19_Vol738.0_Am450_rho10.575,31.0,34.19,738.0,450.0,10.575,4.6459938492873905,21.585258847616263,1.4361653116531166,17.314477992363567,40.25532732,36.89577701,3.35955031
F31_y34.19_Vol738.0_Am450_rho10.616,31.0,34.19,738.0,450.0,10.616,4.6459938492873905,21.585258847616263,1.4361653116531166,17.314477992363567,40.25532733,36.90181679,3.35351053
F31_y34.19_Vol738.0_Am500_rho10.493,31.0,34.19,738.0,500.0,10.493,4.6459938492873905,21.585258847616263,1.4361653116531166,17.314477992363567,40.2553273,36.89488231,3.36044499
F31_y34.19_Vol738.0_Am500_rho10.534,31.0,34.19,738.0,500.0,10.534,4.6459938492873905,21.585258847616263,1.4361653116531166,17.314477992363567,40.25532731,38.91607747,1.33924984
F31_y34.19_Vol738.0_Am500_rho10.575,31.0,34.19,738.0,500.0,10.575,4.6459938492873905,21.585258847616263,1.4361653116531166,17.314477992363567,40.25532732,36.90695312,3.34837419
F31_y34.19_Vol738.0_Am500_rho10.616,31.0,34.19,738.0,500.0,10.616,4.6459938492873905,21.585258847616263,1.4361653116531166,17.314477992363567,40.25532732,36.91303568,3.34229164
F31_y34.19_Vol738.0_Am550_rho10.493,31.0,34.19,738.0,550.0,10.493,4.6459938492873905,21.585258847616263,1.4361653116531166,17.314477992363567,40.2553273,36.90900066,3.34632664
F31_y34.19_Vol738.0_Am550_rho10.534,31.0,34.19,738.0,550.0,10.534,4.6459938492873905,21.585258847616263,1.4361653116531166,17.314477992363567,40.25532731,36.91507505,3.34025225
F31_y34.19_Vol738.0_Am550_rho10.575,31.0,34.19,738.0,550.0,10.575,4.6459938492873905,21.585258847616263,1.4361653116531166,17.314477992363567,40.25532731,36.92111367,3.33421364
F31_y34.19_Vol738.0_Am550_rho10.616,31.0,34.19,738.0,550.0,10.616,4.6459938492873905,21.585258847616263,1.4361653116531166,17.314477992363567,40.25532732,36.92718534,3.32814198
F31_y34.97_Vol421.6_Am450_rho10.493,31.0,34.97,421.6,450.0,10.493,3.4721820288081315,12.056048041178153,2.5713235294117647,31.0,49.94037622,47.92995167,2.01042455
F31_y34.97_Vol421.6_Am450_rho10.534,31.0,34.97,421.6,450.0,10.534,3.4721820288081315,12.056048041178153,2.5713235294117647,31.0,49.94037628,47.9340414,2.00633489
F31_y34.97_Vol421.6_Am450_rho10.575,31.0,34.97,421.6,450.0,10.575,3.4721820288081315,12.056048041178153,2.5713235294117647,31.0,49.94037634,48.97428965,0.96608669
F31_y34.97_Vol421.6_Am450_rho10.616,31.0,34.97,421.6,450.0,10.616,3.4721820288081315,12.056048041178153,2.5713235294117647,31.0,49.9403764,47.94222503,1.99815136
F31_y34.97_Vol421.6_Am500_rho10.493,31.0,34.97,421.6,500.0,10.493,3.4721820288081315,12.056048041178153,2.5713235294117647,31.0,49.94037619,47.93181409,2.0085621
F31_y34.97_Vol421.6_Am500_rho10.534,31.0,34.97,421.6,500.0,10.534,3.4721820288081315,12.056048041178153,2.5713235294117647,31.0,49.94037625,47.93593588,2.00444037
F31_y34.97_Vol421.6_Am500_rho10.575,31.0,34.97,421.6,500.0,10.575,3.4721820288081315,12.056048041178153,2.5713235294117647,31.0,49.94037631,47.94009552,2.00028078
F31_y34.97_Vol421.6_Am500_rho10.616,31.0,34.97,421.6,500.0,10.616,3.4721820288081315,12.056048041178153,2.5713235294117647,31.0,49.94037636,47.94423917,1.99613719
F31_y34.97_Vol421.6_Am550_rho10.493,31.0,34.97,421.6,550.0,10.493,3.4721820288081315,12.056048041178153,2.5713235294117647,31.0,49.94037618,47.93647702,2.00389916
F31_y34.97_Vol421.6_Am550_rho10.534,31.0,34.97,421.6,550.0,10.534,3.4721820288081315,12.056048041178153,2.5713235294117647,31.0,49.94037625,47.94073585,1.99964039
F31_y34.97_Vol421.6_Am550_rho10.575,31.0,34.97,421.6,550.0,10.575,3.4721820288081315,12.056048041178153,2.5713235294117647,31.0,49.94037631,47.94501425,1.99536205
F31_y34.97_Vol421.6_Am550_rho10.616,31.0,34.97,421.6,550.0,10.616,3.4721820288081315,12.056048041178153,2.5713235294117647,31.0,49.94037636,47.9493539,1.99102246
F31_y34.97_Vol455.9_Am450_rho10.493,31.0,34.97,455.9,450.0,10.493,3.610663202487297,13.036888761795824,2.3778679534985745,28.66769028295679,48.16761401,46.19128247,1.97633155
F31_y34.97_Vol455.9_Am450_rho10.534,31.0,34.97,455.9,450.0,10.534,3.610663202487297,13.036888761795824,2.3778679534985745,28.66769028295679,48.16761405,46.19695661,1.97065744
F31_y34.97_Vol455.9_Am450_rho10.575,31.0,34.97,455.9,450.0,10.575,3.610663202487297,13.036888761795824,2.3778679534985745,28.66769028295679,48.16761411,46.20255483,1.96505928
F31_y34.97_Vol455.9_Am450_rho10.616,31.0,34.97,455.9,450.0,10.616,3.610663202487297,13.036888761795824,2.3778679534985745,28.66769028295679,48.16761418,46.20801169,1.95960249
F31_y34.97_Vol455.9_Am500_rho10.493,31.0,34.97,455.9,500.0,10.493,3.610663202487297,13.036888761795824,2.3778679534985745,28.66769028295679,48.16761397,46.21244152,1.95517246
F31_y34.97_Vol455.9_Am500_rho10.534,31.0,34.97,455.9,500.0,10.534,3.610663202487297,13.036888761795824,2.3778679534985745,28.66769028295679,48.16761402,46.21760719,1.95000682
F31_y34.97_Vol455.9_Am500_rho10.575,31.0,34.97,455.9,500.0,10.575,3.610663202487297,13.036888761795824,2.3778679534985745,28.66769028295679,48.16761405,46.22263869,1.94497536
F31_y34.97_Vol455.9_Am500_rho10.616,31.0,34.97,455.9,500.0,10.616,3.610663202487297,13.036888761795824,2.3778679534985745,28.66769028295679,48.16761411,46.22755981,1.9400543
F31_y34.97_Vol455.9_Am550_rho10.493,31.0,34.97,455.9,550.0,10.493,3.610663202487297,13.036888761795824,2.3778679534985745,28.66769028295679,48.16761396,46.22838366,1.9392303
F31_y34.97_Vol455.9_Am550_rho10.534,31.0,34.97,455.9,550.0,10.534,3.610663202487297,13.036888761795824,2.3778679534985745,28.66769028295679,48.167614,46.23309968,1.93451432
F31_y34.97_Vol455.9_Am550_rho10.575,31.0,34.97,455.9,550.0,10.575,3.610663202487297,13.036888761795824,2.3778679534985745,28.66769028295679,48.16761404,46.2376911,1.92992294
F31_y34.97_Vol455.9_Am550_rho10.616,31.0,34.97,455.9,550.0,10.616,3.610663202487297,13.036888761795824,2.3778679534985745,28.66769028295679,48.16761409,46.24213957,1.92547452
F31_y34.97_Vol514.7_Am450_rho10.493,31.0,34.97,514.7,450.0,10.493,3.8364475751846796,14.718329997140408,2.106217213911016,25.39265591606761,45.84031587,43.58766276,2.2526531
F31_y34.97_Vol514.7_Am450_rho10.534,31.0,34.97,514.7,450.0,10.534,3.8364475751846796,14.718329997140408,2.106217213911016,25.39265591606761,45.84031591,43.6002078,2.2401081
F31_y34.97_Vol514.7_Am450_rho10.575,31.0,34.97,514.7,450.0,10.575,3.8364475751846796,14.718329997140408,2.106217213911016,25.39265591606761,45.84031594,43.61261191,2.22770403
F31_y34.97_Vol514.7_Am450_rho10.616,31.0,34.97,514.7,450.0,10.616,3.8364475751846796,14.718329997140408,2.106217213911016,25.39265591606761,45.84031598,43.62486768,2.21544829
F31_y34.97_Vol514.7_Am500_rho10.493,31.0,34.97,514.7,500.0,10.493,3.8364475751846796,14.718329997140408,2.106217213911016,25.39265591606761,45.84031582,43.63503461,2.20528121
F31_y34.97_Vol514.7_Am500_rho10.534,31.0,34.97,514.7,500.0,10.534,3.8364475751846796,14.718329997140408,2.106217213911016,25.39265591606761,45.84031586,43.64719993,2.19311593
F31_y34.97_Vol514.7_Am500_rho10.575,31.0,34.97,514.7,500.0,10.575,3.8364475751846796,14.718329997140408,2.106217213911016,25.39265591606761,45.8403159,43.65920178,2.18111412
F31_y34.97_Vol514.7_Am500_rho10.616,31.0,34.97,514.7,500.0,10.616,3.8364475751846796,14.718329997140408,2.106217213911016,25.39265591606761,45.84031593,43.6710544,2.16926154
F31_y34.97_Vol514.7_Am550_rho10.493,31.0,34.97,514.7,550.0,10.493,3.8364475751846796,14.718329997140408,2.106217213911016,25.39265591606761,45.8403158,43.67915051,2.16116528
F31_y34.97_Vol514.7_Am550_rho10.534,31.0,34.97,514.7,550.0,10.534,3.8364475751846796,14.718329997140408,2.106217213911016,25.39265591606761,45.84031584,43.69083375,2.14948209
F31_y34.97_Vol514.7_Am550_rho10.575,31.0,34.97,514.7,550.0,10.575,3.8364475751846796,14.718329997140408,2.106217213911016,25.39265591606761,45.84031588,43.70230981,2.13800607
F31_y34.97_Vol514.7_Am550_rho10.616,31.0,34.97,514.7,550.0,10.616,3.8364475751846796,14.718329997140408,2.106217213911016,25.39265591606761,45.84031591,43.71361457,2.12670134
F31_y34.97_Vol573.5_Am450_rho10.493,31.0,34.97,573.5,450.0,10.493,4.049663101109151,16.399771232484987,1.8902702702702703,22.78918918918919,44.1676776,41.28192468,2.88575292
F31_y34.97_Vol573.5_Am450_rho10.534,31.0,34.97,573.5,450.0,10.534,4.049663101109151,16.399771232484987,1.8902702702702703,22.78918918918919,44.16767763,41.30021173,2.86746589
F31_y34.97_Vol573.5_Am450_rho10.575,31.0,34.97,573.5,450.0,10.575,4.049663101109151,16.399771232484987,1.8902702702702703,22.78918918918919,44.16767765,41.31834229,2.84933536
F31_y34.97_Vol573.5_Am450_rho10.616,31.0,34.97,573.5,450.0,10.616,4.049663101109151,16.399771232484987,1.8902702702702703,22.78918918918919,44.16767768,41.3362413,2.83143638
F31_y34.97_Vol573.5_Am500_rho10.493,31.0,34.97,573.5,500.0,10.493,4.049663101109151,16.399771232484987,1.8902702702702703,22.78918918918919,44.16767756,41.34448569,2.82319187
F31_y34.97_Vol573.5_Am500_rho10.534,31.0,34.97,573.5,500.0,10.534,4.049663101109151,16.399771232484987,1.8902702702702703,22.78918918918919,44.16767759,41.36245319,2.8052244
F31_y34.97_Vol573.5_Am500_rho10.575,31.0,34.97,573.5,500.0,10.575,4.049663101109151,16.399771232484987,1.8902702702702703,22.78918918918919,44.16767762,41.38031192,2.7873657
F31_y34.97_Vol573.5_Am500_rho10.616,31.0,34.97,573.5,500.0,10.616,4.049663101109151,16.399771232484987,1.8902702702702703,22.78918918918919,44.16767765,41.39798366,2.76969398
F31_y34.97_Vol573.5_Am550_rho10.493,31.0,34.97,573.5,550.0,10.493,4.049663101109151,16.399771232484987,1.8902702702702703,22.78918918918919,44.16767754,41.40788605,2.75979149
F31_y34.97_Vol573.5_Am550_rho10.534,31.0,34.97,573.5,550.0,10.534,4.049663101109151,16.399771232484987,1.8902702702702703,22.78918918918919,44.16767757,41.42559834,2.74207924
F31_y34.97_Vol573.5_Am550_rho10.575,31.0,34.97,573.5,550.0,10.575,4.049663101109151,16.399771232484987,1.8902702702702703,22.78918918918919,44.1676776,41.44314394,2.72453366
F31_y34.97_Vol573.5_Am550_rho10.616,31.0,34.97,573.5,550.0,10.616,4.049663101109151,16.399771232484987,1.8902702702702703,22.78918918918919,44.16767763,41.46061238,2.70706525
F31_y34.97_Vol632.3_Am450_rho10.493,31.0,34.97,632.3,450.0,10.493,4.252200896927327,18.081212467829566,1.7144867942432391,20.669935157362016,42.92781328,39.4849193,3.44289398
F31_y34.97_Vol632.3_Am450_rho10.534,31.0,34.97,632.3,450.0,10.534,4.252200896927327,18.081212467829566,1.7144867942432391,20.669935157362016,42.9278133,39.50195685,3.42585645
F31_y34.97_Vol632.3_Am450_rho10.575,31.0,34.97,632.3,450.0,10.575,4.252200896927327,18.081212467829566,1.7144867942432391,20.669935157362016,42.92781332,39.5189083,3.40890502
F31_y34.97_Vol632.3_Am450_rho10.616,31.0,34.97,632.3,450.0,10.616,4.252200896927327,18.081212467829566,1.7144867942432391,20.669935157362016,42.92781333,39.53573416,3.39207917
F31_y34.97_Vol632.3_Am500_rho10.493,31.0,34.97,632.3,500.0,10.493,4.252200896927327,18.081212467829566,1.7144867942432391,20.669935157362016,42.92781326,39.53525062,3.39256265
F31_y34.97_Vol632.3_Am500_rho10.534,31.0,34.97,632.3,500.0,10.534,4.252200896927327,18.081212467829566,1.7144867942432391,20.669935157362016,42.92781328,39.55231311,3.37550017
F31_y34.97_Vol632.3_Am500_rho10.575,31.0,34.97,632.3,500.0,10.575,4.252200896927327,18.081212467829566,1.7144867942432391,20.669935157362016,42.9278133,39.5693902,3.3584231
F31_y34.97_Vol632.3_Am500_rho10.616,31.0,34.97,632.3,500.0,10.616,4.252200896927327,18.081212467829566,1.7144867942432391,20.669935157362016,42.92781331,39.58629764,3.34151568
F31_y34.97_Vol632.3_Am550_rho10.493,31.0,34.97,632.3,550.0,10.493,4.252200896927327,18.081212467829566,1.7144867942432391,20.669935157362016,42.92781325,39.58979663,3.33801662
F31_y34.97_Vol632.3_Am550_rho10.534,31.0,34.97,632.3,550.0,10.534,4.252200896927327,18.081212467829566,1.7144867942432391,20.669935157362016,42.92781327,39.6068878,3.32092547
F31_y34.97_Vol632.3_Am550_rho10.575,31.0,34.97,632.3,550.0,10.575,4.252200896927327,18.081212467829566,1.7144867942432391,20.669935157362016,42.92781329,39.62385442,3.30395887
F31_y34.97_Vol632.3_Am550_rho10.616,31.0,34.97,632.3,550.0,10.616,4.252200896927327,18.081212467829566,1.7144867942432391,20.669935157362016,42.9278133,39.6407809,3.2870324
F31_y34.97_Vol691.2_Am450_rho10.493,31.0,34.97,691.2,450.0,10.493,4.445842248338532,19.765513297111813,1.568388310185185,18.908564814814813,41.97666909,38.3892592,3.58740989
F31_y34.97_Vol691.2_Am450_rho10.534,31.0,34.97,691.2,450.0,10.534,4.445842248338532,19.765513297111813,1.568388310185185,18.908564814814813,41.97666911,38.39990406,3.57676505
F31_y34.97_Vol691.2_Am450_rho10.575,31.0,34.97,691.2,450.0,10.575,4.445842248338532,19.765513297111813,1.568388310185185,18.908564814814813,41.97666913,38.41071002,3.5659591
F31_y34.97_Vol691.2_Am450_rho10.616,31.0,34.97,691.2,450.0,10.616,4.445842248338532,19.765513297111813,1.568388310185185,18.908564814814813,41.97666758,41.97666758,0.0
F31_y34.97_Vol691.2_Am500_rho10.493,31.0,34.97,691.2,500.0,10.493,4.445842248338532,19.765513297111813,1.568388310185185,18.908564814814813,41.97666908,38.41794536,3.55872372
F31_y34.97_Vol691.2_Am500_rho10.534,31.0,34.97,691.2,500.0,10.534,4.445842248338532,19.765513297111813,1.568388310185185,18.908564814814813,41.97666909,38.42894526,3.54772383
F31_y34.97_Vol691.2_Am500_rho10.575,31.0,34.97,691.2,500.0,10.575,4.445842248338532,19.765513297111813,1.568388310185185,18.908564814814813,41.97666911,38.43984582,3.53682329
F31_y34.97_Vol691.2_Am500_rho10.616,31.0,34.97,691.2,500.0,10.616,4.445842248338532,19.765513297111813,1.568388310185185,18.908564814814813,41.97666913,38.45075756,3.52591157
F31_y34.97_Vol691.2_Am550_rho10.493,31.0,34.97,691.2,550.0,10.493,4.445842248338532,19.765513297111813,1.568388310185185,18.908564814814813,41.97666907,38.45156743,3.52510164
F31_y34.97_Vol691.2_Am550_rho10.534,31.0,34.97,691.2,550.0,10.534,4.445842248338532,19.765513297111813,1.568388310185185,18.908564814814813,41.97666908,38.46267481,3.51399427
F31_y34.97_Vol691.2_Am550_rho10.575,31.0,34.97,691.2,550.0,10.575,4.445842248338532,19.765513297111813,1.568388310185185,18.908564814814813,41.9766691,38.47366505,3.50300405
F31_y34.97_Vol691.2_Am550_rho10.616,31.0,34.97,691.2,550.0,10.616,4.445842248338532,19.765513297111813,1.568388310185185,18.908564814814813,41.97666912,38.48469915,3.49196997
F31_y34.97_Vol738.0_Am450_rho10.493,31.0,34.97,738.0,450.0,10.493,4.593887597660296,21.103803259937088,1.468929539295393,17.709485094850947,41.36777898,37.88322604,3.48455294
F31_y34.97_Vol738.0_Am450_rho10.534,31.0,34.97,738.0,450.0,10.534,4.593887597660296,21.103803259937088,1.468929539295393,17.709485094850947,41.367779,37.89024218,3.47753681
F31_y34.97_Vol738.0_Am450_rho10.575,31.0,34.97,738.0,450.0,10.575,4.593887597660296,21.103803259937088,1.468929539295393,17.709485094850947,41.36777901,37.89722033,3.47055868
F31_y34.97_Vol738.0_Am450_rho10.616,31.0,34.97,738.0,450.0,10.616,4.593887597660296,21.103803259937088,1.468929539295393,17.709485094850947,41.36777903,37.90417955,3.46359947
F31_y34.97_Vol738.0_Am500_rho10.493,31.0,34.97,738.0,500.0,10.493,4.593887597660296,21.103803259937088,1.468929539295393,17.709485094850947,41.36777897,37.89901645,3.46876252
F31_y34.97_Vol738.0_Am500_rho10.534,31.0,34.97,738.0,500.0,10.534,4.593887597660296,21.103803259937088,1.468929539295393,17.709485094850947,41.36777899,37.90624795,3.46153104
F31_y34.97_Vol738.0_Am500_rho10.575,31.0,34.97,738.0,500.0,10.575,4.593887597660296,21.103803259937088,1.468929539295393,17.709485094850947,41.367779,37.91338617,3.45439283
F31_y34.97_Vol738.0_Am500_rho10.616,31.0,34.97,738.0,500.0,10.616,4.593887597660296,21.103803259937088,1.468929539295393,17.709485094850947,41.36777901,37.92061377,3.44716524
F31_y34.97_Vol738.0_Am550_rho10.493,31.0,34.97,738.0,550.0,10.493,4.593887597660296,21.103803259937088,1.468929539295393,17.709485094850947,41.36777897,37.91921215,3.44856682
F31_y34.97_Vol738.0_Am550_rho10.534,31.0,34.97,738.0,550.0,10.534,4.593887597660296,21.103803259937088,1.468929539295393,17.709485094850947,41.36777898,37.92658923,3.44118975
F31_y34.97_Vol738.0_Am550_rho10.575,31.0,34.97,738.0,550.0,10.575,4.593887597660296,21.103803259937088,1.468929539295393,17.709485094850947,41.367779,37.9339613,3.4338177
F31_y34.97_Vol738.0_Am550_rho10.616,31.0,34.97,738.0,550.0,10.616,4.593887597660296,21.103803259937088,1.468929539295393,17.709485094850947,41.36777901,37.94138382,3.42639519
